source_id,state,data_year,url,locator,territory,carrier,profile_id,annual_premium
dc-2024,DC,2024,https://disb.dc.gov/sites/default/files/dc/sites/disb/publication/attachments/2024_auto_premium_comparison_8-15-2024_website.pdf,"PDF p.2 table '2024 AUTOMOBILE INSURANCE PREMIUM COMPARISON SAMPLE PROFILES (6 month policy)', row 'AIG Property Casualty Company' (effective 7/15/2023), column 'MARRIED COUPLE AGE 25' = $680 per 6 months",statewide,AIG Property Casualty Company,dc-married-25,1360
dc-2024,DC,2024,https://disb.dc.gov/sites/default/files/dc/sites/disb/publication/attachments/2024_auto_premium_comparison_8-15-2024_website.pdf,"PDF p.2 table '2024 AUTOMOBILE INSURANCE PREMIUM COMPARISON SAMPLE PROFILES (6 month policy)', row 'AIG Property Casualty Company' (effective 7/15/2023), column 'MARRIED COUPLE AGE 39' = $496 per 6 months",statewide,AIG Property Casualty Company,dc-married-39,992
dc-2024,DC,2024,https://disb.dc.gov/sites/default/files/dc/sites/disb/publication/attachments/2024_auto_premium_comparison_8-15-2024_website.pdf,"PDF p.2 table '2024 AUTOMOBILE INSURANCE PREMIUM COMPARISON SAMPLE PROFILES (6 month policy)', row 'AIG Property Casualty Company' (effective 7/15/2023), column 'MARRIED COUPLE AGE 66' = $371 per 6 months",statewide,AIG Property Casualty Company,dc-married-66,742
dc-2024,DC,2024,https://disb.dc.gov/sites/default/files/dc/sites/disb/publication/attachments/2024_auto_premium_comparison_8-15-2024_website.pdf,"PDF p.2 table '2024 AUTOMOBILE INSURANCE PREMIUM COMPARISON SAMPLE PROFILES (6 month policy)', row 'AIG Property Casualty Company' (effective 7/15/2023), column 'SINGLE FEMALE AGE 25' = $811 per 6 months",statewide,AIG Property Casualty Company,dc-single-female-25,1622
dc-2024,DC,2024,https://disb.dc.gov/sites/default/files/dc/sites/disb/publication/attachments/2024_auto_premium_comparison_8-15-2024_website.pdf,"PDF p.2 table '2024 AUTOMOBILE INSURANCE PREMIUM COMPARISON SAMPLE PROFILES (6 month policy)', row 'AIG Property Casualty Company' (effective 7/15/2023), column 'SINGLE FEMALE AGE 39' = $496 per 6 months",statewide,AIG Property Casualty Company,dc-single-female-39,992
dc-2024,DC,2024,https://disb.dc.gov/sites/default/files/dc/sites/disb/publication/attachments/2024_auto_premium_comparison_8-15-2024_website.pdf,"PDF p.2 table '2024 AUTOMOBILE INSURANCE PREMIUM COMPARISON SAMPLE PROFILES (6 month policy)', row 'AIG Property Casualty Company' (effective 7/15/2023), column 'SINGLE FEMALE AGE 66' = $388 per 6 months",statewide,AIG Property Casualty Company,dc-single-female-66,776
dc-2024,DC,2024,https://disb.dc.gov/sites/default/files/dc/sites/disb/publication/attachments/2024_auto_premium_comparison_8-15-2024_website.pdf,"PDF p.2 table '2024 AUTOMOBILE INSURANCE PREMIUM COMPARISON SAMPLE PROFILES (6 month policy)', row 'AIG Property Casualty Company' (effective 7/15/2023), column 'SINGLE MALE AGE 25' = $1,032 per 6 months",statewide,AIG Property Casualty Company,dc-single-male-25,2064
dc-2024,DC,2024,https://disb.dc.gov/sites/default/files/dc/sites/disb/publication/attachments/2024_auto_premium_comparison_8-15-2024_website.pdf,"PDF p.2 table '2024 AUTOMOBILE INSURANCE PREMIUM COMPARISON SAMPLE PROFILES (6 month policy)', row 'AIG Property Casualty Company' (effective 7/15/2023), column 'SINGLE MALE AGE 39' = $496 per 6 months",statewide,AIG Property Casualty Company,dc-single-male-39,992
dc-2024,DC,2024,https://disb.dc.gov/sites/default/files/dc/sites/disb/publication/attachments/2024_auto_premium_comparison_8-15-2024_website.pdf,"PDF p.2 table '2024 AUTOMOBILE INSURANCE PREMIUM COMPARISON SAMPLE PROFILES (6 month policy)', row 'AIG Property Casualty Company' (effective 7/15/2023), column 'SINGLE MALE AGE 66' = $388 per 6 months",statewide,AIG Property Casualty Company,dc-single-male-66,776
dc-2024,DC,2024,https://disb.dc.gov/sites/default/files/dc/sites/disb/publication/attachments/2024_auto_premium_comparison_8-15-2024_website.pdf,"PDF p.2 table '2024 AUTOMOBILE INSURANCE PREMIUM COMPARISON SAMPLE PROFILES (6 month policy)', row 'Allstate Indemnity Company' (effective 11/13/2023), column 'MARRIED COUPLE AGE 25' = $866 per 6 months",statewide,Allstate Indemnity Company,dc-married-25,1732
dc-2024,DC,2024,https://disb.dc.gov/sites/default/files/dc/sites/disb/publication/attachments/2024_auto_premium_comparison_8-15-2024_website.pdf,"PDF p.2 table '2024 AUTOMOBILE INSURANCE PREMIUM COMPARISON SAMPLE PROFILES (6 month policy)', row 'Allstate Indemnity Company' (effective 11/13/2023), column 'MARRIED COUPLE AGE 39' = $881 per 6 months",statewide,Allstate Indemnity Company,dc-married-39,1762
dc-2024,DC,2024,https://disb.dc.gov/sites/default/files/dc/sites/disb/publication/attachments/2024_auto_premium_comparison_8-15-2024_website.pdf,"PDF p.2 table '2024 AUTOMOBILE INSURANCE PREMIUM COMPARISON SAMPLE PROFILES (6 month policy)', row 'Allstate Indemnity Company' (effective 11/13/2023), column 'MARRIED COUPLE AGE 66' = $910 per 6 months",statewide,Allstate Indemnity Company,dc-married-66,1820
dc-2024,DC,2024,https://disb.dc.gov/sites/default/files/dc/sites/disb/publication/attachments/2024_auto_premium_comparison_8-15-2024_website.pdf,"PDF p.2 table '2024 AUTOMOBILE INSURANCE PREMIUM COMPARISON SAMPLE PROFILES (6 month policy)', row 'Allstate Indemnity Company' (effective 11/13/2023), column 'SINGLE FEMALE AGE 25' = $986 per 6 months",statewide,Allstate Indemnity Company,dc-single-female-25,1972
dc-2024,DC,2024,https://disb.dc.gov/sites/default/files/dc/sites/disb/publication/attachments/2024_auto_premium_comparison_8-15-2024_website.pdf,"PDF p.2 table '2024 AUTOMOBILE INSURANCE PREMIUM COMPARISON SAMPLE PROFILES (6 month policy)', row 'Allstate Indemnity Company' (effective 11/13/2023), column 'SINGLE FEMALE AGE 39' = $972 per 6 months",statewide,Allstate Indemnity Company,dc-single-female-39,1944
dc-2024,DC,2024,https://disb.dc.gov/sites/default/files/dc/sites/disb/publication/attachments/2024_auto_premium_comparison_8-15-2024_website.pdf,"PDF p.2 table '2024 AUTOMOBILE INSURANCE PREMIUM COMPARISON SAMPLE PROFILES (6 month policy)', row 'Allstate Indemnity Company' (effective 11/13/2023), column 'SINGLE FEMALE AGE 66' = $1,019 per 6 months",statewide,Allstate Indemnity Company,dc-single-female-66,2038
dc-2024,DC,2024,https://disb.dc.gov/sites/default/files/dc/sites/disb/publication/attachments/2024_auto_premium_comparison_8-15-2024_website.pdf,"PDF p.2 table '2024 AUTOMOBILE INSURANCE PREMIUM COMPARISON SAMPLE PROFILES (6 month policy)', row 'Allstate Indemnity Company' (effective 11/13/2023), column 'SINGLE MALE AGE 25' = $986 per 6 months",statewide,Allstate Indemnity Company,dc-single-male-25,1972
dc-2024,DC,2024,https://disb.dc.gov/sites/default/files/dc/sites/disb/publication/attachments/2024_auto_premium_comparison_8-15-2024_website.pdf,"PDF p.2 table '2024 AUTOMOBILE INSURANCE PREMIUM COMPARISON SAMPLE PROFILES (6 month policy)', row 'Allstate Indemnity Company' (effective 11/13/2023), column 'SINGLE MALE AGE 39' = $972 per 6 months",statewide,Allstate Indemnity Company,dc-single-male-39,1944
dc-2024,DC,2024,https://disb.dc.gov/sites/default/files/dc/sites/disb/publication/attachments/2024_auto_premium_comparison_8-15-2024_website.pdf,"PDF p.2 table '2024 AUTOMOBILE INSURANCE PREMIUM COMPARISON SAMPLE PROFILES (6 month policy)', row 'Allstate Indemnity Company' (effective 11/13/2023), column 'SINGLE MALE AGE 66' = $1,019 per 6 months",statewide,Allstate Indemnity Company,dc-single-male-66,2038
dc-2024,DC,2024,https://disb.dc.gov/sites/default/files/dc/sites/disb/publication/attachments/2024_auto_premium_comparison_8-15-2024_website.pdf,"PDF p.2 table '2024 AUTOMOBILE INSURANCE PREMIUM COMPARISON SAMPLE PROFILES (6 month policy)', row 'Allstate Property and Casualty Insurance Company' (effective 2/19/2024), column 'MARRIED COUPLE AGE 25' = $808 per 6 months",statewide,Allstate Property and Casualty Insurance Company,dc-married-25,1616
dc-2024,DC,2024,https://disb.dc.gov/sites/default/files/dc/sites/disb/publication/attachments/2024_auto_premium_comparison_8-15-2024_website.pdf,"PDF p.2 table '2024 AUTOMOBILE INSURANCE PREMIUM COMPARISON SAMPLE PROFILES (6 month policy)', row 'Allstate Property and Casualty Insurance Company' (effective 2/19/2024), column 'MARRIED COUPLE AGE 39' = $808 per 6 months",statewide,Allstate Property and Casualty Insurance Company,dc-married-39,1616
dc-2024,DC,2024,https://disb.dc.gov/sites/default/files/dc/sites/disb/publication/attachments/2024_auto_premium_comparison_8-15-2024_website.pdf,"PDF p.2 table '2024 AUTOMOBILE INSURANCE PREMIUM COMPARISON SAMPLE PROFILES (6 month policy)', row 'Allstate Property and Casualty Insurance Company' (effective 2/19/2024), column 'MARRIED COUPLE AGE 66' = $856 per 6 months",statewide,Allstate Property and Casualty Insurance Company,dc-married-66,1712
dc-2024,DC,2024,https://disb.dc.gov/sites/default/files/dc/sites/disb/publication/attachments/2024_auto_premium_comparison_8-15-2024_website.pdf,"PDF p.2 table '2024 AUTOMOBILE INSURANCE PREMIUM COMPARISON SAMPLE PROFILES (6 month policy)', row 'Allstate Property and Casualty Insurance Company' (effective 2/19/2024), column 'SINGLE FEMALE AGE 25' = $855 per 6 months",statewide,Allstate Property and Casualty Insurance Company,dc-single-female-25,1710
dc-2024,DC,2024,https://disb.dc.gov/sites/default/files/dc/sites/disb/publication/attachments/2024_auto_premium_comparison_8-15-2024_website.pdf,"PDF p.2 table '2024 AUTOMOBILE INSURANCE PREMIUM COMPARISON SAMPLE PROFILES (6 month policy)', row 'Allstate Property and Casualty Insurance Company' (effective 2/19/2024), column 'SINGLE FEMALE AGE 39' = $855 per 6 months",statewide,Allstate Property and Casualty Insurance Company,dc-single-female-39,1710
dc-2024,DC,2024,https://disb.dc.gov/sites/default/files/dc/sites/disb/publication/attachments/2024_auto_premium_comparison_8-15-2024_website.pdf,"PDF p.2 table '2024 AUTOMOBILE INSURANCE PREMIUM COMPARISON SAMPLE PROFILES (6 month policy)', row 'Allstate Property and Casualty Insurance Company' (effective 2/19/2024), column 'SINGLE FEMALE AGE 66' = $874 per 6 months",statewide,Allstate Property and Casualty Insurance Company,dc-single-female-66,1748
dc-2024,DC,2024,https://disb.dc.gov/sites/default/files/dc/sites/disb/publication/attachments/2024_auto_premium_comparison_8-15-2024_website.pdf,"PDF p.2 table '2024 AUTOMOBILE INSURANCE PREMIUM COMPARISON SAMPLE PROFILES (6 month policy)', row 'Allstate Property and Casualty Insurance Company' (effective 2/19/2024), column 'SINGLE MALE AGE 25' = $860 per 6 months",statewide,Allstate Property and Casualty Insurance Company,dc-single-male-25,1720
dc-2024,DC,2024,https://disb.dc.gov/sites/default/files/dc/sites/disb/publication/attachments/2024_auto_premium_comparison_8-15-2024_website.pdf,"PDF p.2 table '2024 AUTOMOBILE INSURANCE PREMIUM COMPARISON SAMPLE PROFILES (6 month policy)', row 'Allstate Property and Casualty Insurance Company' (effective 2/19/2024), column 'SINGLE MALE AGE 39' = $860 per 6 months",statewide,Allstate Property and Casualty Insurance Company,dc-single-male-39,1720
dc-2024,DC,2024,https://disb.dc.gov/sites/default/files/dc/sites/disb/publication/attachments/2024_auto_premium_comparison_8-15-2024_website.pdf,"PDF p.2 table '2024 AUTOMOBILE INSURANCE PREMIUM COMPARISON SAMPLE PROFILES (6 month policy)', row 'Allstate Property and Casualty Insurance Company' (effective 2/19/2024), column 'SINGLE MALE AGE 66' = $937 per 6 months",statewide,Allstate Property and Casualty Insurance Company,dc-single-male-66,1874
dc-2024,DC,2024,https://disb.dc.gov/sites/default/files/dc/sites/disb/publication/attachments/2024_auto_premium_comparison_8-15-2024_website.pdf,"PDF p.2 table '2024 AUTOMOBILE INSURANCE PREMIUM COMPARISON SAMPLE PROFILES (6 month policy)', row 'American Family Connect Property and Casualty Insurance Company' (effective 10/25/2023), column 'MARRIED COUPLE AGE 25' = $325 per 6 months",statewide,American Family Connect Property and Casualty Insurance Company,dc-married-25,650
dc-2024,DC,2024,https://disb.dc.gov/sites/default/files/dc/sites/disb/publication/attachments/2024_auto_premium_comparison_8-15-2024_website.pdf,"PDF p.2 table '2024 AUTOMOBILE INSURANCE PREMIUM COMPARISON SAMPLE PROFILES (6 month policy)', row 'American Family Connect Property and Casualty Insurance Company' (effective 10/25/2023), column 'MARRIED COUPLE AGE 39' = $341 per 6 months",statewide,American Family Connect Property and Casualty Insurance Company,dc-married-39,682
dc-2024,DC,2024,https://disb.dc.gov/sites/default/files/dc/sites/disb/publication/attachments/2024_auto_premium_comparison_8-15-2024_website.pdf,"PDF p.2 table '2024 AUTOMOBILE INSURANCE PREMIUM COMPARISON SAMPLE PROFILES (6 month policy)', row 'American Family Connect Property and Casualty Insurance Company' (effective 10/25/2023), column 'MARRIED COUPLE AGE 66' = $363 per 6 months",statewide,American Family Connect Property and Casualty Insurance Company,dc-married-66,726
dc-2024,DC,2024,https://disb.dc.gov/sites/default/files/dc/sites/disb/publication/attachments/2024_auto_premium_comparison_8-15-2024_website.pdf,"PDF p.2 table '2024 AUTOMOBILE INSURANCE PREMIUM COMPARISON SAMPLE PROFILES (6 month policy)', row 'American Family Connect Property and Casualty Insurance Company' (effective 10/25/2023), column 'SINGLE FEMALE AGE 25' = $404 per 6 months",statewide,American Family Connect Property and Casualty Insurance Company,dc-single-female-25,808
dc-2024,DC,2024,https://disb.dc.gov/sites/default/files/dc/sites/disb/publication/attachments/2024_auto_premium_comparison_8-15-2024_website.pdf,"PDF p.2 table '2024 AUTOMOBILE INSURANCE PREMIUM COMPARISON SAMPLE PROFILES (6 month policy)', row 'American Family Connect Property and Casualty Insurance Company' (effective 10/25/2023), column 'SINGLE FEMALE AGE 39' = $378 per 6 months",statewide,American Family Connect Property and Casualty Insurance Company,dc-single-female-39,756
dc-2024,DC,2024,https://disb.dc.gov/sites/default/files/dc/sites/disb/publication/attachments/2024_auto_premium_comparison_8-15-2024_website.pdf,"PDF p.2 table '2024 AUTOMOBILE INSURANCE PREMIUM COMPARISON SAMPLE PROFILES (6 month policy)', row 'American Family Connect Property and Casualty Insurance Company' (effective 10/25/2023), column 'SINGLE FEMALE AGE 66' = $394 per 6 months",statewide,American Family Connect Property and Casualty Insurance Company,dc-single-female-66,788
dc-2024,DC,2024,https://disb.dc.gov/sites/default/files/dc/sites/disb/publication/attachments/2024_auto_premium_comparison_8-15-2024_website.pdf,"PDF p.2 table '2024 AUTOMOBILE INSURANCE PREMIUM COMPARISON SAMPLE PROFILES (6 month policy)', row 'American Family Connect Property and Casualty Insurance Company' (effective 10/25/2023), column 'SINGLE MALE AGE 25' = $408 per 6 months",statewide,American Family Connect Property and Casualty Insurance Company,dc-single-male-25,816
dc-2024,DC,2024,https://disb.dc.gov/sites/default/files/dc/sites/disb/publication/attachments/2024_auto_premium_comparison_8-15-2024_website.pdf,"PDF p.2 table '2024 AUTOMOBILE INSURANCE PREMIUM COMPARISON SAMPLE PROFILES (6 month policy)', row 'American Family Connect Property and Casualty Insurance Company' (effective 10/25/2023), column 'SINGLE MALE AGE 39' = $348 per 6 months",statewide,American Family Connect Property and Casualty Insurance Company,dc-single-male-39,696
dc-2024,DC,2024,https://disb.dc.gov/sites/default/files/dc/sites/disb/publication/attachments/2024_auto_premium_comparison_8-15-2024_website.pdf,"PDF p.2 table '2024 AUTOMOBILE INSURANCE PREMIUM COMPARISON SAMPLE PROFILES (6 month policy)', row 'American Family Connect Property and Casualty Insurance Company' (effective 10/25/2023), column 'SINGLE MALE AGE 66' = $375 per 6 months",statewide,American Family Connect Property and Casualty Insurance Company,dc-single-male-66,750
dc-2024,DC,2024,https://disb.dc.gov/sites/default/files/dc/sites/disb/publication/attachments/2024_auto_premium_comparison_8-15-2024_website.pdf,"PDF p.2 table '2024 AUTOMOBILE INSURANCE PREMIUM COMPARISON SAMPLE PROFILES (6 month policy)', row 'CSAA Affinity Insurance Company' (effective 12/13/2023), column 'MARRIED COUPLE AGE 25' = $1,295 per 6 months",statewide,CSAA Affinity Insurance Company,dc-married-25,2590
dc-2024,DC,2024,https://disb.dc.gov/sites/default/files/dc/sites/disb/publication/attachments/2024_auto_premium_comparison_8-15-2024_website.pdf,"PDF p.2 table '2024 AUTOMOBILE INSURANCE PREMIUM COMPARISON SAMPLE PROFILES (6 month policy)', row 'CSAA Affinity Insurance Company' (effective 12/13/2023), column 'MARRIED COUPLE AGE 39' = $1,230 per 6 months",statewide,CSAA Affinity Insurance Company,dc-married-39,2460
dc-2024,DC,2024,https://disb.dc.gov/sites/default/files/dc/sites/disb/publication/attachments/2024_auto_premium_comparison_8-15-2024_website.pdf,"PDF p.2 table '2024 AUTOMOBILE INSURANCE PREMIUM COMPARISON SAMPLE PROFILES (6 month policy)', row 'CSAA Affinity Insurance Company' (effective 12/13/2023), column 'MARRIED COUPLE AGE 66' = $1,130 per 6 months",statewide,CSAA Affinity Insurance Company,dc-married-66,2260
dc-2024,DC,2024,https://disb.dc.gov/sites/default/files/dc/sites/disb/publication/attachments/2024_auto_premium_comparison_8-15-2024_website.pdf,"PDF p.2 table '2024 AUTOMOBILE INSURANCE PREMIUM COMPARISON SAMPLE PROFILES (6 month policy)', row 'CSAA Affinity Insurance Company' (effective 12/13/2023), column 'SINGLE FEMALE AGE 25' = $1,393 per 6 months",statewide,CSAA Affinity Insurance Company,dc-single-female-25,2786
dc-2024,DC,2024,https://disb.dc.gov/sites/default/files/dc/sites/disb/publication/attachments/2024_auto_premium_comparison_8-15-2024_website.pdf,"PDF p.2 table '2024 AUTOMOBILE INSURANCE PREMIUM COMPARISON SAMPLE PROFILES (6 month policy)', row 'CSAA Affinity Insurance Company' (effective 12/13/2023), column 'SINGLE FEMALE AGE 39' = $1,297 per 6 months",statewide,CSAA Affinity Insurance Company,dc-single-female-39,2594
dc-2024,DC,2024,https://disb.dc.gov/sites/default/files/dc/sites/disb/publication/attachments/2024_auto_premium_comparison_8-15-2024_website.pdf,"PDF p.2 table '2024 AUTOMOBILE INSURANCE PREMIUM COMPARISON SAMPLE PROFILES (6 month policy)', row 'CSAA Affinity Insurance Company' (effective 12/13/2023), column 'SINGLE FEMALE AGE 66' = $1,096 per 6 months",statewide,CSAA Affinity Insurance Company,dc-single-female-66,2192
dc-2024,DC,2024,https://disb.dc.gov/sites/default/files/dc/sites/disb/publication/attachments/2024_auto_premium_comparison_8-15-2024_website.pdf,"PDF p.2 table '2024 AUTOMOBILE INSURANCE PREMIUM COMPARISON SAMPLE PROFILES (6 month policy)', row 'CSAA Affinity Insurance Company' (effective 12/13/2023), column 'SINGLE MALE AGE 25' = $1,365 per 6 months",statewide,CSAA Affinity Insurance Company,dc-single-male-25,2730
dc-2024,DC,2024,https://disb.dc.gov/sites/default/files/dc/sites/disb/publication/attachments/2024_auto_premium_comparison_8-15-2024_website.pdf,"PDF p.2 table '2024 AUTOMOBILE INSURANCE PREMIUM COMPARISON SAMPLE PROFILES (6 month policy)', row 'CSAA Affinity Insurance Company' (effective 12/13/2023), column 'SINGLE MALE AGE 39' = $1,296 per 6 months",statewide,CSAA Affinity Insurance Company,dc-single-male-39,2592
dc-2024,DC,2024,https://disb.dc.gov/sites/default/files/dc/sites/disb/publication/attachments/2024_auto_premium_comparison_8-15-2024_website.pdf,"PDF p.2 table '2024 AUTOMOBILE INSURANCE PREMIUM COMPARISON SAMPLE PROFILES (6 month policy)', row 'CSAA Affinity Insurance Company' (effective 12/13/2023), column 'SINGLE MALE AGE 66' = $1,170 per 6 months",statewide,CSAA Affinity Insurance Company,dc-single-male-66,2340
dc-2024,DC,2024,https://disb.dc.gov/sites/default/files/dc/sites/disb/publication/attachments/2024_auto_premium_comparison_8-15-2024_website.pdf,"PDF p.2 table '2024 AUTOMOBILE INSURANCE PREMIUM COMPARISON SAMPLE PROFILES (6 month policy)', row 'CSAA General Insurance Company' (effective 12/13/2023), column 'MARRIED COUPLE AGE 25' = $3,341 per 6 months",statewide,CSAA General Insurance Company,dc-married-25,6682
dc-2024,DC,2024,https://disb.dc.gov/sites/default/files/dc/sites/disb/publication/attachments/2024_auto_premium_comparison_8-15-2024_website.pdf,"PDF p.2 table '2024 AUTOMOBILE INSURANCE PREMIUM COMPARISON SAMPLE PROFILES (6 month policy)', row 'CSAA General Insurance Company' (effective 12/13/2023), column 'MARRIED COUPLE AGE 39' = $3,252 per 6 months",statewide,CSAA General Insurance Company,dc-married-39,6504
dc-2024,DC,2024,https://disb.dc.gov/sites/default/files/dc/sites/disb/publication/attachments/2024_auto_premium_comparison_8-15-2024_website.pdf,"PDF p.2 table '2024 AUTOMOBILE INSURANCE PREMIUM COMPARISON SAMPLE PROFILES (6 month policy)', row 'CSAA General Insurance Company' (effective 12/13/2023), column 'MARRIED COUPLE AGE 66' = $2,991 per 6 months",statewide,CSAA General Insurance Company,dc-married-66,5982
dc-2024,DC,2024,https://disb.dc.gov/sites/default/files/dc/sites/disb/publication/attachments/2024_auto_premium_comparison_8-15-2024_website.pdf,"PDF p.2 table '2024 AUTOMOBILE INSURANCE PREMIUM COMPARISON SAMPLE PROFILES (6 month policy)', row 'CSAA General Insurance Company' (effective 12/13/2023), column 'SINGLE FEMALE AGE 25' = $3,600 per 6 months",statewide,CSAA General Insurance Company,dc-single-female-25,7200
dc-2024,DC,2024,https://disb.dc.gov/sites/default/files/dc/sites/disb/publication/attachments/2024_auto_premium_comparison_8-15-2024_website.pdf,"PDF p.2 table '2024 AUTOMOBILE INSURANCE PREMIUM COMPARISON SAMPLE PROFILES (6 month policy)', row 'CSAA General Insurance Company' (effective 12/13/2023), column 'SINGLE FEMALE AGE 39' = $3,430 per 6 months",statewide,CSAA General Insurance Company,dc-single-female-39,6860
dc-2024,DC,2024,https://disb.dc.gov/sites/default/files/dc/sites/disb/publication/attachments/2024_auto_premium_comparison_8-15-2024_website.pdf,"PDF p.2 table '2024 AUTOMOBILE INSURANCE PREMIUM COMPARISON SAMPLE PROFILES (6 month policy)', row 'CSAA General Insurance Company' (effective 12/13/2023), column 'SINGLE FEMALE AGE 66' = $2,909 per 6 months",statewide,CSAA General Insurance Company,dc-single-female-66,5818
dc-2024,DC,2024,https://disb.dc.gov/sites/default/files/dc/sites/disb/publication/attachments/2024_auto_premium_comparison_8-15-2024_website.pdf,"PDF p.2 table '2024 AUTOMOBILE INSURANCE PREMIUM COMPARISON SAMPLE PROFILES (6 month policy)', row 'CSAA General Insurance Company' (effective 12/13/2023), column 'SINGLE MALE AGE 25' = $3,522 per 6 months",statewide,CSAA General Insurance Company,dc-single-male-25,7044
dc-2024,DC,2024,https://disb.dc.gov/sites/default/files/dc/sites/disb/publication/attachments/2024_auto_premium_comparison_8-15-2024_website.pdf,"PDF p.2 table '2024 AUTOMOBILE INSURANCE PREMIUM COMPARISON SAMPLE PROFILES (6 month policy)', row 'CSAA General Insurance Company' (effective 12/13/2023), column 'SINGLE MALE AGE 39' = $3,433 per 6 months",statewide,CSAA General Insurance Company,dc-single-male-39,6866
dc-2024,DC,2024,https://disb.dc.gov/sites/default/files/dc/sites/disb/publication/attachments/2024_auto_premium_comparison_8-15-2024_website.pdf,"PDF p.2 table '2024 AUTOMOBILE INSURANCE PREMIUM COMPARISON SAMPLE PROFILES (6 month policy)', row 'CSAA General Insurance Company' (effective 12/13/2023), column 'SINGLE MALE AGE 66' = $3,119 per 6 months",statewide,CSAA General Insurance Company,dc-single-male-66,6238
dc-2024,DC,2024,https://disb.dc.gov/sites/default/files/dc/sites/disb/publication/attachments/2024_auto_premium_comparison_8-15-2024_website.pdf,"PDF p.2 table '2024 AUTOMOBILE INSURANCE PREMIUM COMPARISON SAMPLE PROFILES (6 month policy)', row 'Great Northern Insurance Company' (effective 11/7/2022), column 'MARRIED COUPLE AGE 25' = $1,750 per 6 months",statewide,Great Northern Insurance Company,dc-married-25,3500
dc-2024,DC,2024,https://disb.dc.gov/sites/default/files/dc/sites/disb/publication/attachments/2024_auto_premium_comparison_8-15-2024_website.pdf,"PDF p.2 table '2024 AUTOMOBILE INSURANCE PREMIUM COMPARISON SAMPLE PROFILES (6 month policy)', row 'Great Northern Insurance Company' (effective 11/7/2022), column 'MARRIED COUPLE AGE 39' = $1,543 per 6 months",statewide,Great Northern Insurance Company,dc-married-39,3086
dc-2024,DC,2024,https://disb.dc.gov/sites/default/files/dc/sites/disb/publication/attachments/2024_auto_premium_comparison_8-15-2024_website.pdf,"PDF p.2 table '2024 AUTOMOBILE INSURANCE PREMIUM COMPARISON SAMPLE PROFILES (6 month policy)', row 'Great Northern Insurance Company' (effective 11/7/2022), column 'MARRIED COUPLE AGE 66' = $1,258 per 6 months",statewide,Great Northern Insurance Company,dc-married-66,2516
dc-2024,DC,2024,https://disb.dc.gov/sites/default/files/dc/sites/disb/publication/attachments/2024_auto_premium_comparison_8-15-2024_website.pdf,"PDF p.2 table '2024 AUTOMOBILE INSURANCE PREMIUM COMPARISON SAMPLE PROFILES (6 month policy)', row 'Great Northern Insurance Company' (effective 11/7/2022), column 'SINGLE FEMALE AGE 25' = $2,615 per 6 months",statewide,Great Northern Insurance Company,dc-single-female-25,5230
dc-2024,DC,2024,https://disb.dc.gov/sites/default/files/dc/sites/disb/publication/attachments/2024_auto_premium_comparison_8-15-2024_website.pdf,"PDF p.2 table '2024 AUTOMOBILE INSURANCE PREMIUM COMPARISON SAMPLE PROFILES (6 month policy)', row 'Great Northern Insurance Company' (effective 11/7/2022), column 'SINGLE FEMALE AGE 39' = $2,135 per 6 months",statewide,Great Northern Insurance Company,dc-single-female-39,4270
dc-2024,DC,2024,https://disb.dc.gov/sites/default/files/dc/sites/disb/publication/attachments/2024_auto_premium_comparison_8-15-2024_website.pdf,"PDF p.2 table '2024 AUTOMOBILE INSURANCE PREMIUM COMPARISON SAMPLE PROFILES (6 month policy)', row 'Great Northern Insurance Company' (effective 11/7/2022), column 'SINGLE FEMALE AGE 66' = $1,729 per 6 months",statewide,Great Northern Insurance Company,dc-single-female-66,3458
dc-2024,DC,2024,https://disb.dc.gov/sites/default/files/dc/sites/disb/publication/attachments/2024_auto_premium_comparison_8-15-2024_website.pdf,"PDF p.2 table '2024 AUTOMOBILE INSURANCE PREMIUM COMPARISON SAMPLE PROFILES (6 month policy)', row 'Great Northern Insurance Company' (effective 11/7/2022), column 'SINGLE MALE AGE 25' = $2,804 per 6 months",statewide,Great Northern Insurance Company,dc-single-male-25,5608
dc-2024,DC,2024,https://disb.dc.gov/sites/default/files/dc/sites/disb/publication/attachments/2024_auto_premium_comparison_8-15-2024_website.pdf,"PDF p.2 table '2024 AUTOMOBILE INSURANCE PREMIUM COMPARISON SAMPLE PROFILES (6 month policy)', row 'Great Northern Insurance Company' (effective 11/7/2022), column 'SINGLE MALE AGE 39' = $2,135 per 6 months",statewide,Great Northern Insurance Company,dc-single-male-39,4270
dc-2024,DC,2024,https://disb.dc.gov/sites/default/files/dc/sites/disb/publication/attachments/2024_auto_premium_comparison_8-15-2024_website.pdf,"PDF p.2 table '2024 AUTOMOBILE INSURANCE PREMIUM COMPARISON SAMPLE PROFILES (6 month policy)', row 'Great Northern Insurance Company' (effective 11/7/2022), column 'SINGLE MALE AGE 66' = $1,729 per 6 months",statewide,Great Northern Insurance Company,dc-single-male-66,3458
dc-2024,DC,2024,https://disb.dc.gov/sites/default/files/dc/sites/disb/publication/attachments/2024_auto_premium_comparison_8-15-2024_website.pdf,"PDF p.2 table '2024 AUTOMOBILE INSURANCE PREMIUM COMPARISON SAMPLE PROFILES (6 month policy)', row 'Hartford Insurance Company of the Southeast' (effective 5/1/2024), column 'MARRIED COUPLE AGE 25' = $860 per 6 months",statewide,Hartford Insurance Company of the Southeast,dc-married-25,1720
dc-2024,DC,2024,https://disb.dc.gov/sites/default/files/dc/sites/disb/publication/attachments/2024_auto_premium_comparison_8-15-2024_website.pdf,"PDF p.2 table '2024 AUTOMOBILE INSURANCE PREMIUM COMPARISON SAMPLE PROFILES (6 month policy)', row 'Hartford Insurance Company of the Southeast' (effective 5/1/2024), column 'MARRIED COUPLE AGE 39' = $772 per 6 months",statewide,Hartford Insurance Company of the Southeast,dc-married-39,1544
dc-2024,DC,2024,https://disb.dc.gov/sites/default/files/dc/sites/disb/publication/attachments/2024_auto_premium_comparison_8-15-2024_website.pdf,"PDF p.2 table '2024 AUTOMOBILE INSURANCE PREMIUM COMPARISON SAMPLE PROFILES (6 month policy)', row 'Hartford Insurance Company of the Southeast' (effective 5/1/2024), column 'MARRIED COUPLE AGE 66' = $649 per 6 months",statewide,Hartford Insurance Company of the Southeast,dc-married-66,1298
dc-2024,DC,2024,https://disb.dc.gov/sites/default/files/dc/sites/disb/publication/attachments/2024_auto_premium_comparison_8-15-2024_website.pdf,"PDF p.2 table '2024 AUTOMOBILE INSURANCE PREMIUM COMPARISON SAMPLE PROFILES (6 month policy)', row 'Hartford Insurance Company of the Southeast' (effective 5/1/2024), column 'SINGLE FEMALE AGE 25' = $559 per 6 months",statewide,Hartford Insurance Company of the Southeast,dc-single-female-25,1118
dc-2024,DC,2024,https://disb.dc.gov/sites/default/files/dc/sites/disb/publication/attachments/2024_auto_premium_comparison_8-15-2024_website.pdf,"PDF p.2 table '2024 AUTOMOBILE INSURANCE PREMIUM COMPARISON SAMPLE PROFILES (6 month policy)', row 'Hartford Insurance Company of the Southeast' (effective 5/1/2024), column 'SINGLE FEMALE AGE 39' = $437 per 6 months",statewide,Hartford Insurance Company of the Southeast,dc-single-female-39,874
dc-2024,DC,2024,https://disb.dc.gov/sites/default/files/dc/sites/disb/publication/attachments/2024_auto_premium_comparison_8-15-2024_website.pdf,"PDF p.2 table '2024 AUTOMOBILE INSURANCE PREMIUM COMPARISON SAMPLE PROFILES (6 month policy)', row 'Hartford Insurance Company of the Southeast' (effective 5/1/2024), column 'SINGLE FEMALE AGE 66' = $366 per 6 months",statewide,Hartford Insurance Company of the Southeast,dc-single-female-66,732
dc-2024,DC,2024,https://disb.dc.gov/sites/default/files/dc/sites/disb/publication/attachments/2024_auto_premium_comparison_8-15-2024_website.pdf,"PDF p.2 table '2024 AUTOMOBILE INSURANCE PREMIUM COMPARISON SAMPLE PROFILES (6 month policy)', row 'Hartford Insurance Company of the Southeast' (effective 5/1/2024), column 'SINGLE MALE AGE 25' = $617 per 6 months",statewide,Hartford Insurance Company of the Southeast,dc-single-male-25,1234
dc-2024,DC,2024,https://disb.dc.gov/sites/default/files/dc/sites/disb/publication/attachments/2024_auto_premium_comparison_8-15-2024_website.pdf,"PDF p.2 table '2024 AUTOMOBILE INSURANCE PREMIUM COMPARISON SAMPLE PROFILES (6 month policy)', row 'Hartford Insurance Company of the Southeast' (effective 5/1/2024), column 'SINGLE MALE AGE 39' = $549 per 6 months",statewide,Hartford Insurance Company of the Southeast,dc-single-male-39,1098
dc-2024,DC,2024,https://disb.dc.gov/sites/default/files/dc/sites/disb/publication/attachments/2024_auto_premium_comparison_8-15-2024_website.pdf,"PDF p.2 table '2024 AUTOMOBILE INSURANCE PREMIUM COMPARISON SAMPLE PROFILES (6 month policy)', row 'Hartford Insurance Company of the Southeast' (effective 5/1/2024), column 'SINGLE MALE AGE 66' = $489 per 6 months",statewide,Hartford Insurance Company of the Southeast,dc-single-male-66,978
dc-2024,DC,2024,https://disb.dc.gov/sites/default/files/dc/sites/disb/publication/attachments/2024_auto_premium_comparison_8-15-2024_website.pdf,"PDF p.2 table '2024 AUTOMOBILE INSURANCE PREMIUM COMPARISON SAMPLE PROFILES (6 month policy)', row 'Pacific Indemnity Company' (effective 11/7/2022), column 'MARRIED COUPLE AGE 25' = $1,750 per 6 months",statewide,Pacific Indemnity Company,dc-married-25,3500
dc-2024,DC,2024,https://disb.dc.gov/sites/default/files/dc/sites/disb/publication/attachments/2024_auto_premium_comparison_8-15-2024_website.pdf,"PDF p.2 table '2024 AUTOMOBILE INSURANCE PREMIUM COMPARISON SAMPLE PROFILES (6 month policy)', row 'Pacific Indemnity Company' (effective 11/7/2022), column 'MARRIED COUPLE AGE 39' = $1,543 per 6 months",statewide,Pacific Indemnity Company,dc-married-39,3086
dc-2024,DC,2024,https://disb.dc.gov/sites/default/files/dc/sites/disb/publication/attachments/2024_auto_premium_comparison_8-15-2024_website.pdf,"PDF p.2 table '2024 AUTOMOBILE INSURANCE PREMIUM COMPARISON SAMPLE PROFILES (6 month policy)', row 'Pacific Indemnity Company' (effective 11/7/2022), column 'MARRIED COUPLE AGE 66' = $1,258 per 6 months",statewide,Pacific Indemnity Company,dc-married-66,2516
dc-2024,DC,2024,https://disb.dc.gov/sites/default/files/dc/sites/disb/publication/attachments/2024_auto_premium_comparison_8-15-2024_website.pdf,"PDF p.2 table '2024 AUTOMOBILE INSURANCE PREMIUM COMPARISON SAMPLE PROFILES (6 month policy)', row 'Pacific Indemnity Company' (effective 11/7/2022), column 'SINGLE FEMALE AGE 25' = $2,615 per 6 months",statewide,Pacific Indemnity Company,dc-single-female-25,5230
dc-2024,DC,2024,https://disb.dc.gov/sites/default/files/dc/sites/disb/publication/attachments/2024_auto_premium_comparison_8-15-2024_website.pdf,"PDF p.2 table '2024 AUTOMOBILE INSURANCE PREMIUM COMPARISON SAMPLE PROFILES (6 month policy)', row 'Pacific Indemnity Company' (effective 11/7/2022), column 'SINGLE FEMALE AGE 39' = $2,135 per 6 months",statewide,Pacific Indemnity Company,dc-single-female-39,4270
dc-2024,DC,2024,https://disb.dc.gov/sites/default/files/dc/sites/disb/publication/attachments/2024_auto_premium_comparison_8-15-2024_website.pdf,"PDF p.2 table '2024 AUTOMOBILE INSURANCE PREMIUM COMPARISON SAMPLE PROFILES (6 month policy)', row 'Pacific Indemnity Company' (effective 11/7/2022), column 'SINGLE FEMALE AGE 66' = $1,729 per 6 months",statewide,Pacific Indemnity Company,dc-single-female-66,3458
dc-2024,DC,2024,https://disb.dc.gov/sites/default/files/dc/sites/disb/publication/attachments/2024_auto_premium_comparison_8-15-2024_website.pdf,"PDF p.2 table '2024 AUTOMOBILE INSURANCE PREMIUM COMPARISON SAMPLE PROFILES (6 month policy)', row 'Pacific Indemnity Company' (effective 11/7/2022), column 'SINGLE MALE AGE 25' = $2,804 per 6 months",statewide,Pacific Indemnity Company,dc-single-male-25,5608
dc-2024,DC,2024,https://disb.dc.gov/sites/default/files/dc/sites/disb/publication/attachments/2024_auto_premium_comparison_8-15-2024_website.pdf,"PDF p.2 table '2024 AUTOMOBILE INSURANCE PREMIUM COMPARISON SAMPLE PROFILES (6 month policy)', row 'Pacific Indemnity Company' (effective 11/7/2022), column 'SINGLE MALE AGE 39' = $2,135 per 6 months",statewide,Pacific Indemnity Company,dc-single-male-39,4270
dc-2024,DC,2024,https://disb.dc.gov/sites/default/files/dc/sites/disb/publication/attachments/2024_auto_premium_comparison_8-15-2024_website.pdf,"PDF p.2 table '2024 AUTOMOBILE INSURANCE PREMIUM COMPARISON SAMPLE PROFILES (6 month policy)', row 'Pacific Indemnity Company' (effective 11/7/2022), column 'SINGLE MALE AGE 66' = $1,729 per 6 months",statewide,Pacific Indemnity Company,dc-single-male-66,3458
dc-2024,DC,2024,https://disb.dc.gov/sites/default/files/dc/sites/disb/publication/attachments/2024_auto_premium_comparison_8-15-2024_website.pdf,"PDF p.2 table '2024 AUTOMOBILE INSURANCE PREMIUM COMPARISON SAMPLE PROFILES (6 month policy)', row 'Vigilant Insurance Company' (effective 11/7/2022), column 'MARRIED COUPLE AGE 25' = $1,750 per 6 months",statewide,Vigilant Insurance Company,dc-married-25,3500
dc-2024,DC,2024,https://disb.dc.gov/sites/default/files/dc/sites/disb/publication/attachments/2024_auto_premium_comparison_8-15-2024_website.pdf,"PDF p.2 table '2024 AUTOMOBILE INSURANCE PREMIUM COMPARISON SAMPLE PROFILES (6 month policy)', row 'Vigilant Insurance Company' (effective 11/7/2022), column 'MARRIED COUPLE AGE 39' = $1,543 per 6 months",statewide,Vigilant Insurance Company,dc-married-39,3086
dc-2024,DC,2024,https://disb.dc.gov/sites/default/files/dc/sites/disb/publication/attachments/2024_auto_premium_comparison_8-15-2024_website.pdf,"PDF p.2 table '2024 AUTOMOBILE INSURANCE PREMIUM COMPARISON SAMPLE PROFILES (6 month policy)', row 'Vigilant Insurance Company' (effective 11/7/2022), column 'MARRIED COUPLE AGE 66' = $1,258 per 6 months",statewide,Vigilant Insurance Company,dc-married-66,2516
dc-2024,DC,2024,https://disb.dc.gov/sites/default/files/dc/sites/disb/publication/attachments/2024_auto_premium_comparison_8-15-2024_website.pdf,"PDF p.2 table '2024 AUTOMOBILE INSURANCE PREMIUM COMPARISON SAMPLE PROFILES (6 month policy)', row 'Vigilant Insurance Company' (effective 11/7/2022), column 'SINGLE FEMALE AGE 25' = $2,615 per 6 months",statewide,Vigilant Insurance Company,dc-single-female-25,5230
dc-2024,DC,2024,https://disb.dc.gov/sites/default/files/dc/sites/disb/publication/attachments/2024_auto_premium_comparison_8-15-2024_website.pdf,"PDF p.2 table '2024 AUTOMOBILE INSURANCE PREMIUM COMPARISON SAMPLE PROFILES (6 month policy)', row 'Vigilant Insurance Company' (effective 11/7/2022), column 'SINGLE FEMALE AGE 39' = $2,135 per 6 months",statewide,Vigilant Insurance Company,dc-single-female-39,4270
dc-2024,DC,2024,https://disb.dc.gov/sites/default/files/dc/sites/disb/publication/attachments/2024_auto_premium_comparison_8-15-2024_website.pdf,"PDF p.2 table '2024 AUTOMOBILE INSURANCE PREMIUM COMPARISON SAMPLE PROFILES (6 month policy)', row 'Vigilant Insurance Company' (effective 11/7/2022), column 'SINGLE FEMALE AGE 66' = $1,729 per 6 months",statewide,Vigilant Insurance Company,dc-single-female-66,3458
dc-2024,DC,2024,https://disb.dc.gov/sites/default/files/dc/sites/disb/publication/attachments/2024_auto_premium_comparison_8-15-2024_website.pdf,"PDF p.2 table '2024 AUTOMOBILE INSURANCE PREMIUM COMPARISON SAMPLE PROFILES (6 month policy)', row 'Vigilant Insurance Company' (effective 11/7/2022), column 'SINGLE MALE AGE 25' = $2,804 per 6 months",statewide,Vigilant Insurance Company,dc-single-male-25,5608
dc-2024,DC,2024,https://disb.dc.gov/sites/default/files/dc/sites/disb/publication/attachments/2024_auto_premium_comparison_8-15-2024_website.pdf,"PDF p.2 table '2024 AUTOMOBILE INSURANCE PREMIUM COMPARISON SAMPLE PROFILES (6 month policy)', row 'Vigilant Insurance Company' (effective 11/7/2022), column 'SINGLE MALE AGE 39' = $2,135 per 6 months",statewide,Vigilant Insurance Company,dc-single-male-39,4270
dc-2024,DC,2024,https://disb.dc.gov/sites/default/files/dc/sites/disb/publication/attachments/2024_auto_premium_comparison_8-15-2024_website.pdf,"PDF p.2 table '2024 AUTOMOBILE INSURANCE PREMIUM COMPARISON SAMPLE PROFILES (6 month policy)', row 'Vigilant Insurance Company' (effective 11/7/2022), column 'SINGLE MALE AGE 66' = $1,729 per 6 months",statewide,Vigilant Insurance Company,dc-single-male-66,3458
dc-2024,DC,2024,https://disb.dc.gov/sites/default/files/dc/sites/disb/publication/attachments/2024_auto_premium_comparison_8-15-2024_website.pdf,"PDF p.2 table '2024 AUTOMOBILE INSURANCE PREMIUM COMPARISON SAMPLE PROFILES (6 month policy)', row 'Federal Insurance Company' (effective 11/7/2022), column 'MARRIED COUPLE AGE 25' = $1,750 per 6 months",statewide,Federal Insurance Company,dc-married-25,3500
dc-2024,DC,2024,https://disb.dc.gov/sites/default/files/dc/sites/disb/publication/attachments/2024_auto_premium_comparison_8-15-2024_website.pdf,"PDF p.2 table '2024 AUTOMOBILE INSURANCE PREMIUM COMPARISON SAMPLE PROFILES (6 month policy)', row 'Federal Insurance Company' (effective 11/7/2022), column 'MARRIED COUPLE AGE 39' = $1,543 per 6 months",statewide,Federal Insurance Company,dc-married-39,3086
dc-2024,DC,2024,https://disb.dc.gov/sites/default/files/dc/sites/disb/publication/attachments/2024_auto_premium_comparison_8-15-2024_website.pdf,"PDF p.2 table '2024 AUTOMOBILE INSURANCE PREMIUM COMPARISON SAMPLE PROFILES (6 month policy)', row 'Federal Insurance Company' (effective 11/7/2022), column 'MARRIED COUPLE AGE 66' = $1,258 per 6 months",statewide,Federal Insurance Company,dc-married-66,2516
dc-2024,DC,2024,https://disb.dc.gov/sites/default/files/dc/sites/disb/publication/attachments/2024_auto_premium_comparison_8-15-2024_website.pdf,"PDF p.2 table '2024 AUTOMOBILE INSURANCE PREMIUM COMPARISON SAMPLE PROFILES (6 month policy)', row 'Federal Insurance Company' (effective 11/7/2022), column 'SINGLE FEMALE AGE 25' = $2,615 per 6 months",statewide,Federal Insurance Company,dc-single-female-25,5230
dc-2024,DC,2024,https://disb.dc.gov/sites/default/files/dc/sites/disb/publication/attachments/2024_auto_premium_comparison_8-15-2024_website.pdf,"PDF p.2 table '2024 AUTOMOBILE INSURANCE PREMIUM COMPARISON SAMPLE PROFILES (6 month policy)', row 'Federal Insurance Company' (effective 11/7/2022), column 'SINGLE FEMALE AGE 39' = $2,135 per 6 months",statewide,Federal Insurance Company,dc-single-female-39,4270
dc-2024,DC,2024,https://disb.dc.gov/sites/default/files/dc/sites/disb/publication/attachments/2024_auto_premium_comparison_8-15-2024_website.pdf,"PDF p.2 table '2024 AUTOMOBILE INSURANCE PREMIUM COMPARISON SAMPLE PROFILES (6 month policy)', row 'Federal Insurance Company' (effective 11/7/2022), column 'SINGLE FEMALE AGE 66' = $1,729 per 6 months",statewide,Federal Insurance Company,dc-single-female-66,3458
dc-2024,DC,2024,https://disb.dc.gov/sites/default/files/dc/sites/disb/publication/attachments/2024_auto_premium_comparison_8-15-2024_website.pdf,"PDF p.2 table '2024 AUTOMOBILE INSURANCE PREMIUM COMPARISON SAMPLE PROFILES (6 month policy)', row 'Federal Insurance Company' (effective 11/7/2022), column 'SINGLE MALE AGE 25' = $2,804 per 6 months",statewide,Federal Insurance Company,dc-single-male-25,5608
dc-2024,DC,2024,https://disb.dc.gov/sites/default/files/dc/sites/disb/publication/attachments/2024_auto_premium_comparison_8-15-2024_website.pdf,"PDF p.2 table '2024 AUTOMOBILE INSURANCE PREMIUM COMPARISON SAMPLE PROFILES (6 month policy)', row 'Federal Insurance Company' (effective 11/7/2022), column 'SINGLE MALE AGE 39' = $2,135 per 6 months",statewide,Federal Insurance Company,dc-single-male-39,4270
dc-2024,DC,2024,https://disb.dc.gov/sites/default/files/dc/sites/disb/publication/attachments/2024_auto_premium_comparison_8-15-2024_website.pdf,"PDF p.2 table '2024 AUTOMOBILE INSURANCE PREMIUM COMPARISON SAMPLE PROFILES (6 month policy)', row 'Federal Insurance Company' (effective 11/7/2022), column 'SINGLE MALE AGE 66' = $1,729 per 6 months",statewide,Federal Insurance Company,dc-single-male-66,3458
dc-2024,DC,2024,https://disb.dc.gov/sites/default/files/dc/sites/disb/publication/attachments/2024_auto_premium_comparison_8-15-2024_website.pdf,"PDF p.2 table '2024 AUTOMOBILE INSURANCE PREMIUM COMPARISON SAMPLE PROFILES (6 month policy)', row 'Hartford Underwriters Insurance Company' (effective 5/23/2024), column 'MARRIED COUPLE AGE 25' = $423 per 6 months",statewide,Hartford Underwriters Insurance Company,dc-married-25,846
dc-2024,DC,2024,https://disb.dc.gov/sites/default/files/dc/sites/disb/publication/attachments/2024_auto_premium_comparison_8-15-2024_website.pdf,"PDF p.2 table '2024 AUTOMOBILE INSURANCE PREMIUM COMPARISON SAMPLE PROFILES (6 month policy)', row 'Hartford Underwriters Insurance Company' (effective 5/23/2024), column 'MARRIED COUPLE AGE 39' = $312 per 6 months",statewide,Hartford Underwriters Insurance Company,dc-married-39,624
dc-2024,DC,2024,https://disb.dc.gov/sites/default/files/dc/sites/disb/publication/attachments/2024_auto_premium_comparison_8-15-2024_website.pdf,"PDF p.2 table '2024 AUTOMOBILE INSURANCE PREMIUM COMPARISON SAMPLE PROFILES (6 month policy)', row 'Hartford Underwriters Insurance Company' (effective 5/23/2024), column 'MARRIED COUPLE AGE 66' = $289 per 6 months",statewide,Hartford Underwriters Insurance Company,dc-married-66,578
dc-2024,DC,2024,https://disb.dc.gov/sites/default/files/dc/sites/disb/publication/attachments/2024_auto_premium_comparison_8-15-2024_website.pdf,"PDF p.2 table '2024 AUTOMOBILE INSURANCE PREMIUM COMPARISON SAMPLE PROFILES (6 month policy)', row 'Hartford Underwriters Insurance Company' (effective 5/23/2024), column 'SINGLE FEMALE AGE 25' = $933 per 6 months",statewide,Hartford Underwriters Insurance Company,dc-single-female-25,1866
dc-2024,DC,2024,https://disb.dc.gov/sites/default/files/dc/sites/disb/publication/attachments/2024_auto_premium_comparison_8-15-2024_website.pdf,"PDF p.2 table '2024 AUTOMOBILE INSURANCE PREMIUM COMPARISON SAMPLE PROFILES (6 month policy)', row 'Hartford Underwriters Insurance Company' (effective 5/23/2024), column 'SINGLE FEMALE AGE 39' = $692 per 6 months",statewide,Hartford Underwriters Insurance Company,dc-single-female-39,1384
dc-2024,DC,2024,https://disb.dc.gov/sites/default/files/dc/sites/disb/publication/attachments/2024_auto_premium_comparison_8-15-2024_website.pdf,"PDF p.2 table '2024 AUTOMOBILE INSURANCE PREMIUM COMPARISON SAMPLE PROFILES (6 month policy)', row 'Hartford Underwriters Insurance Company' (effective 5/23/2024), column 'SINGLE FEMALE AGE 66' = $577 per 6 months",statewide,Hartford Underwriters Insurance Company,dc-single-female-66,1154
dc-2024,DC,2024,https://disb.dc.gov/sites/default/files/dc/sites/disb/publication/attachments/2024_auto_premium_comparison_8-15-2024_website.pdf,"PDF p.2 table '2024 AUTOMOBILE INSURANCE PREMIUM COMPARISON SAMPLE PROFILES (6 month policy)', row 'Hartford Underwriters Insurance Company' (effective 5/23/2024), column 'SINGLE MALE AGE 25' = $1,035 per 6 months",statewide,Hartford Underwriters Insurance Company,dc-single-male-25,2070
dc-2024,DC,2024,https://disb.dc.gov/sites/default/files/dc/sites/disb/publication/attachments/2024_auto_premium_comparison_8-15-2024_website.pdf,"PDF p.2 table '2024 AUTOMOBILE INSURANCE PREMIUM COMPARISON SAMPLE PROFILES (6 month policy)', row 'Hartford Underwriters Insurance Company' (effective 5/23/2024), column 'SINGLE MALE AGE 39' = $754 per 6 months",statewide,Hartford Underwriters Insurance Company,dc-single-male-39,1508
dc-2024,DC,2024,https://disb.dc.gov/sites/default/files/dc/sites/disb/publication/attachments/2024_auto_premium_comparison_8-15-2024_website.pdf,"PDF p.2 table '2024 AUTOMOBILE INSURANCE PREMIUM COMPARISON SAMPLE PROFILES (6 month policy)', row 'Hartford Underwriters Insurance Company' (effective 5/23/2024), column 'SINGLE MALE AGE 66' = $612 per 6 months",statewide,Hartford Underwriters Insurance Company,dc-single-male-66,1224
dc-2024,DC,2024,https://disb.dc.gov/sites/default/files/dc/sites/disb/publication/attachments/2024_auto_premium_comparison_8-15-2024_website.pdf,"PDF p.2 table '2024 AUTOMOBILE INSURANCE PREMIUM COMPARISON SAMPLE PROFILES (6 month policy)', row 'Trumbull Insurance Company' (effective 5/23/2024), column 'MARRIED COUPLE AGE 25' = $381 per 6 months",statewide,Trumbull Insurance Company,dc-married-25,762
dc-2024,DC,2024,https://disb.dc.gov/sites/default/files/dc/sites/disb/publication/attachments/2024_auto_premium_comparison_8-15-2024_website.pdf,"PDF p.2 table '2024 AUTOMOBILE INSURANCE PREMIUM COMPARISON SAMPLE PROFILES (6 month policy)', row 'Trumbull Insurance Company' (effective 5/23/2024), column 'MARRIED COUPLE AGE 39' = $282 per 6 months",statewide,Trumbull Insurance Company,dc-married-39,564
dc-2024,DC,2024,https://disb.dc.gov/sites/default/files/dc/sites/disb/publication/attachments/2024_auto_premium_comparison_8-15-2024_website.pdf,"PDF p.2 table '2024 AUTOMOBILE INSURANCE PREMIUM COMPARISON SAMPLE PROFILES (6 month policy)', row 'Trumbull Insurance Company' (effective 5/23/2024), column 'MARRIED COUPLE AGE 66' = $262 per 6 months",statewide,Trumbull Insurance Company,dc-married-66,524
dc-2024,DC,2024,https://disb.dc.gov/sites/default/files/dc/sites/disb/publication/attachments/2024_auto_premium_comparison_8-15-2024_website.pdf,"PDF p.2 table '2024 AUTOMOBILE INSURANCE PREMIUM COMPARISON SAMPLE PROFILES (6 month policy)', row 'Trumbull Insurance Company' (effective 5/23/2024), column 'SINGLE FEMALE AGE 25' = $840 per 6 months",statewide,Trumbull Insurance Company,dc-single-female-25,1680
dc-2024,DC,2024,https://disb.dc.gov/sites/default/files/dc/sites/disb/publication/attachments/2024_auto_premium_comparison_8-15-2024_website.pdf,"PDF p.2 table '2024 AUTOMOBILE INSURANCE PREMIUM COMPARISON SAMPLE PROFILES (6 month policy)', row 'Trumbull Insurance Company' (effective 5/23/2024), column 'SINGLE FEMALE AGE 39' = $626 per 6 months",statewide,Trumbull Insurance Company,dc-single-female-39,1252
dc-2024,DC,2024,https://disb.dc.gov/sites/default/files/dc/sites/disb/publication/attachments/2024_auto_premium_comparison_8-15-2024_website.pdf,"PDF p.2 table '2024 AUTOMOBILE INSURANCE PREMIUM COMPARISON SAMPLE PROFILES (6 month policy)', row 'Trumbull Insurance Company' (effective 5/23/2024), column 'SINGLE FEMALE AGE 66' = $522 per 6 months",statewide,Trumbull Insurance Company,dc-single-female-66,1044
dc-2024,DC,2024,https://disb.dc.gov/sites/default/files/dc/sites/disb/publication/attachments/2024_auto_premium_comparison_8-15-2024_website.pdf,"PDF p.2 table '2024 AUTOMOBILE INSURANCE PREMIUM COMPARISON SAMPLE PROFILES (6 month policy)', row 'Trumbull Insurance Company' (effective 5/23/2024), column 'SINGLE MALE AGE 25' = $932 per 6 months",statewide,Trumbull Insurance Company,dc-single-male-25,1864
dc-2024,DC,2024,https://disb.dc.gov/sites/default/files/dc/sites/disb/publication/attachments/2024_auto_premium_comparison_8-15-2024_website.pdf,"PDF p.2 table '2024 AUTOMOBILE INSURANCE PREMIUM COMPARISON SAMPLE PROFILES (6 month policy)', row 'Trumbull Insurance Company' (effective 5/23/2024), column 'SINGLE MALE AGE 39' = $682 per 6 months",statewide,Trumbull Insurance Company,dc-single-male-39,1364
dc-2024,DC,2024,https://disb.dc.gov/sites/default/files/dc/sites/disb/publication/attachments/2024_auto_premium_comparison_8-15-2024_website.pdf,"PDF p.2 table '2024 AUTOMOBILE INSURANCE PREMIUM COMPARISON SAMPLE PROFILES (6 month policy)', row 'Trumbull Insurance Company' (effective 5/23/2024), column 'SINGLE MALE AGE 66' = $553 per 6 months",statewide,Trumbull Insurance Company,dc-single-male-66,1106
dc-2024,DC,2024,https://disb.dc.gov/sites/default/files/dc/sites/disb/publication/attachments/2024_auto_premium_comparison_8-15-2024_website.pdf,"PDF p.2 table '2024 AUTOMOBILE INSURANCE PREMIUM COMPARISON SAMPLE PROFILES (6 month policy)', row 'Twin City Fire Insurance Company' (effective 5/23/2024), column 'MARRIED COUPLE AGE 25' = $269 per 6 months",statewide,Twin City Fire Insurance Company,dc-married-25,538
dc-2024,DC,2024,https://disb.dc.gov/sites/default/files/dc/sites/disb/publication/attachments/2024_auto_premium_comparison_8-15-2024_website.pdf,"PDF p.2 table '2024 AUTOMOBILE INSURANCE PREMIUM COMPARISON SAMPLE PROFILES (6 month policy)', row 'Twin City Fire Insurance Company' (effective 5/23/2024), column 'MARRIED COUPLE AGE 39' = $212 per 6 months",statewide,Twin City Fire Insurance Company,dc-married-39,424
dc-2024,DC,2024,https://disb.dc.gov/sites/default/files/dc/sites/disb/publication/attachments/2024_auto_premium_comparison_8-15-2024_website.pdf,"PDF p.2 table '2024 AUTOMOBILE INSURANCE PREMIUM COMPARISON SAMPLE PROFILES (6 month policy)', row 'Twin City Fire Insurance Company' (effective 5/23/2024), column 'MARRIED COUPLE AGE 66' = $212 per 6 months",statewide,Twin City Fire Insurance Company,dc-married-66,424
dc-2024,DC,2024,https://disb.dc.gov/sites/default/files/dc/sites/disb/publication/attachments/2024_auto_premium_comparison_8-15-2024_website.pdf,"PDF p.2 table '2024 AUTOMOBILE INSURANCE PREMIUM COMPARISON SAMPLE PROFILES (6 month policy)', row 'Twin City Fire Insurance Company' (effective 5/23/2024), column 'SINGLE FEMALE AGE 25' = $655 per 6 months",statewide,Twin City Fire Insurance Company,dc-single-female-25,1310
dc-2024,DC,2024,https://disb.dc.gov/sites/default/files/dc/sites/disb/publication/attachments/2024_auto_premium_comparison_8-15-2024_website.pdf,"PDF p.2 table '2024 AUTOMOBILE INSURANCE PREMIUM COMPARISON SAMPLE PROFILES (6 month policy)', row 'Twin City Fire Insurance Company' (effective 5/23/2024), column 'SINGLE FEMALE AGE 39' = $490 per 6 months",statewide,Twin City Fire Insurance Company,dc-single-female-39,980
dc-2024,DC,2024,https://disb.dc.gov/sites/default/files/dc/sites/disb/publication/attachments/2024_auto_premium_comparison_8-15-2024_website.pdf,"PDF p.2 table '2024 AUTOMOBILE INSURANCE PREMIUM COMPARISON SAMPLE PROFILES (6 month policy)', row 'Twin City Fire Insurance Company' (effective 5/23/2024), column 'SINGLE FEMALE AGE 66' = $447 per 6 months",statewide,Twin City Fire Insurance Company,dc-single-female-66,894
dc-2024,DC,2024,https://disb.dc.gov/sites/default/files/dc/sites/disb/publication/attachments/2024_auto_premium_comparison_8-15-2024_website.pdf,"PDF p.2 table '2024 AUTOMOBILE INSURANCE PREMIUM COMPARISON SAMPLE PROFILES (6 month policy)', row 'Twin City Fire Insurance Company' (effective 5/23/2024), column 'SINGLE MALE AGE 25' = $664 per 6 months",statewide,Twin City Fire Insurance Company,dc-single-male-25,1328
dc-2024,DC,2024,https://disb.dc.gov/sites/default/files/dc/sites/disb/publication/attachments/2024_auto_premium_comparison_8-15-2024_website.pdf,"PDF p.2 table '2024 AUTOMOBILE INSURANCE PREMIUM COMPARISON SAMPLE PROFILES (6 month policy)', row 'Twin City Fire Insurance Company' (effective 5/23/2024), column 'SINGLE MALE AGE 39' = $484 per 6 months",statewide,Twin City Fire Insurance Company,dc-single-male-39,968
dc-2024,DC,2024,https://disb.dc.gov/sites/default/files/dc/sites/disb/publication/attachments/2024_auto_premium_comparison_8-15-2024_website.pdf,"PDF p.2 table '2024 AUTOMOBILE INSURANCE PREMIUM COMPARISON SAMPLE PROFILES (6 month policy)', row 'Twin City Fire Insurance Company' (effective 5/23/2024), column 'SINGLE MALE AGE 66' = $442 per 6 months",statewide,Twin City Fire Insurance Company,dc-single-male-66,884
dc-2024,DC,2024,https://disb.dc.gov/sites/default/files/dc/sites/disb/publication/attachments/2024_auto_premium_comparison_8-15-2024_website.pdf,"PDF p.2 table '2024 AUTOMOBILE INSURANCE PREMIUM COMPARISON SAMPLE PROFILES (6 month policy)', row 'Hartford Accident and Indemnity Company' (effective 5/23/2024), column 'MARRIED COUPLE AGE 25' = $294 per 6 months",statewide,Hartford Accident and Indemnity Company,dc-married-25,588
dc-2024,DC,2024,https://disb.dc.gov/sites/default/files/dc/sites/disb/publication/attachments/2024_auto_premium_comparison_8-15-2024_website.pdf,"PDF p.2 table '2024 AUTOMOBILE INSURANCE PREMIUM COMPARISON SAMPLE PROFILES (6 month policy)', row 'Hartford Accident and Indemnity Company' (effective 5/23/2024), column 'MARRIED COUPLE AGE 39' = $230 per 6 months",statewide,Hartford Accident and Indemnity Company,dc-married-39,460
dc-2024,DC,2024,https://disb.dc.gov/sites/default/files/dc/sites/disb/publication/attachments/2024_auto_premium_comparison_8-15-2024_website.pdf,"PDF p.2 table '2024 AUTOMOBILE INSURANCE PREMIUM COMPARISON SAMPLE PROFILES (6 month policy)', row 'Hartford Accident and Indemnity Company' (effective 5/23/2024), column 'MARRIED COUPLE AGE 66' = $233 per 6 months",statewide,Hartford Accident and Indemnity Company,dc-married-66,466
dc-2024,DC,2024,https://disb.dc.gov/sites/default/files/dc/sites/disb/publication/attachments/2024_auto_premium_comparison_8-15-2024_website.pdf,"PDF p.2 table '2024 AUTOMOBILE INSURANCE PREMIUM COMPARISON SAMPLE PROFILES (6 month policy)', row 'Hartford Accident and Indemnity Company' (effective 5/23/2024), column 'SINGLE FEMALE AGE 25' = $716 per 6 months",statewide,Hartford Accident and Indemnity Company,dc-single-female-25,1432
dc-2024,DC,2024,https://disb.dc.gov/sites/default/files/dc/sites/disb/publication/attachments/2024_auto_premium_comparison_8-15-2024_website.pdf,"PDF p.2 table '2024 AUTOMOBILE INSURANCE PREMIUM COMPARISON SAMPLE PROFILES (6 month policy)', row 'Hartford Accident and Indemnity Company' (effective 5/23/2024), column 'SINGLE FEMALE AGE 39' = $533 per 6 months",statewide,Hartford Accident and Indemnity Company,dc-single-female-39,1066
dc-2024,DC,2024,https://disb.dc.gov/sites/default/files/dc/sites/disb/publication/attachments/2024_auto_premium_comparison_8-15-2024_website.pdf,"PDF p.2 table '2024 AUTOMOBILE INSURANCE PREMIUM COMPARISON SAMPLE PROFILES (6 month policy)', row 'Hartford Accident and Indemnity Company' (effective 5/23/2024), column 'SINGLE FEMALE AGE 66' = $486 per 6 months",statewide,Hartford Accident and Indemnity Company,dc-single-female-66,972
dc-2024,DC,2024,https://disb.dc.gov/sites/default/files/dc/sites/disb/publication/attachments/2024_auto_premium_comparison_8-15-2024_website.pdf,"PDF p.2 table '2024 AUTOMOBILE INSURANCE PREMIUM COMPARISON SAMPLE PROFILES (6 month policy)', row 'Hartford Accident and Indemnity Company' (effective 5/23/2024), column 'SINGLE MALE AGE 25' = $727 per 6 months",statewide,Hartford Accident and Indemnity Company,dc-single-male-25,1454
dc-2024,DC,2024,https://disb.dc.gov/sites/default/files/dc/sites/disb/publication/attachments/2024_auto_premium_comparison_8-15-2024_website.pdf,"PDF p.2 table '2024 AUTOMOBILE INSURANCE PREMIUM COMPARISON SAMPLE PROFILES (6 month policy)', row 'Hartford Accident and Indemnity Company' (effective 5/23/2024), column 'SINGLE MALE AGE 39' = $527 per 6 months",statewide,Hartford Accident and Indemnity Company,dc-single-male-39,1054
dc-2024,DC,2024,https://disb.dc.gov/sites/default/files/dc/sites/disb/publication/attachments/2024_auto_premium_comparison_8-15-2024_website.pdf,"PDF p.2 table '2024 AUTOMOBILE INSURANCE PREMIUM COMPARISON SAMPLE PROFILES (6 month policy)', row 'Hartford Accident and Indemnity Company' (effective 5/23/2024), column 'SINGLE MALE AGE 66' = $480 per 6 months",statewide,Hartford Accident and Indemnity Company,dc-single-male-66,960
dc-2024,DC,2024,https://disb.dc.gov/sites/default/files/dc/sites/disb/publication/attachments/2024_auto_premium_comparison_8-15-2024_website.pdf,"PDF p.2 table '2024 AUTOMOBILE INSURANCE PREMIUM COMPARISON SAMPLE PROFILES (6 month policy)', row 'Liberty Insurance Corporation' (effective 2/18/2024), column 'MARRIED COUPLE AGE 25' = $1,212 per 6 months",statewide,Liberty Insurance Corporation,dc-married-25,2424
dc-2024,DC,2024,https://disb.dc.gov/sites/default/files/dc/sites/disb/publication/attachments/2024_auto_premium_comparison_8-15-2024_website.pdf,"PDF p.2 table '2024 AUTOMOBILE INSURANCE PREMIUM COMPARISON SAMPLE PROFILES (6 month policy)', row 'Liberty Insurance Corporation' (effective 2/18/2024), column 'MARRIED COUPLE AGE 39' = $1,103 per 6 months",statewide,Liberty Insurance Corporation,dc-married-39,2206
dc-2024,DC,2024,https://disb.dc.gov/sites/default/files/dc/sites/disb/publication/attachments/2024_auto_premium_comparison_8-15-2024_website.pdf,"PDF p.2 table '2024 AUTOMOBILE INSURANCE PREMIUM COMPARISON SAMPLE PROFILES (6 month policy)', row 'Liberty Insurance Corporation' (effective 2/18/2024), column 'MARRIED COUPLE AGE 66' = $1,280 per 6 months",statewide,Liberty Insurance Corporation,dc-married-66,2560
dc-2024,DC,2024,https://disb.dc.gov/sites/default/files/dc/sites/disb/publication/attachments/2024_auto_premium_comparison_8-15-2024_website.pdf,"PDF p.2 table '2024 AUTOMOBILE INSURANCE PREMIUM COMPARISON SAMPLE PROFILES (6 month policy)', row 'Liberty Insurance Corporation' (effective 2/18/2024), column 'SINGLE FEMALE AGE 25' = $1,212 per 6 months",statewide,Liberty Insurance Corporation,dc-single-female-25,2424
dc-2024,DC,2024,https://disb.dc.gov/sites/default/files/dc/sites/disb/publication/attachments/2024_auto_premium_comparison_8-15-2024_website.pdf,"PDF p.2 table '2024 AUTOMOBILE INSURANCE PREMIUM COMPARISON SAMPLE PROFILES (6 month policy)', row 'Liberty Insurance Corporation' (effective 2/18/2024), column 'SINGLE FEMALE AGE 39' = $1,103 per 6 months",statewide,Liberty Insurance Corporation,dc-single-female-39,2206
dc-2024,DC,2024,https://disb.dc.gov/sites/default/files/dc/sites/disb/publication/attachments/2024_auto_premium_comparison_8-15-2024_website.pdf,"PDF p.2 table '2024 AUTOMOBILE INSURANCE PREMIUM COMPARISON SAMPLE PROFILES (6 month policy)', row 'Liberty Insurance Corporation' (effective 2/18/2024), column 'SINGLE FEMALE AGE 66' = $1,280 per 6 months",statewide,Liberty Insurance Corporation,dc-single-female-66,2560
dc-2024,DC,2024,https://disb.dc.gov/sites/default/files/dc/sites/disb/publication/attachments/2024_auto_premium_comparison_8-15-2024_website.pdf,"PDF p.2 table '2024 AUTOMOBILE INSURANCE PREMIUM COMPARISON SAMPLE PROFILES (6 month policy)', row 'Liberty Insurance Corporation' (effective 2/18/2024), column 'SINGLE MALE AGE 25' = $2,192 per 6 months",statewide,Liberty Insurance Corporation,dc-single-male-25,4384
dc-2024,DC,2024,https://disb.dc.gov/sites/default/files/dc/sites/disb/publication/attachments/2024_auto_premium_comparison_8-15-2024_website.pdf,"PDF p.2 table '2024 AUTOMOBILE INSURANCE PREMIUM COMPARISON SAMPLE PROFILES (6 month policy)', row 'Liberty Insurance Corporation' (effective 2/18/2024), column 'SINGLE MALE AGE 39' = $1,103 per 6 months",statewide,Liberty Insurance Corporation,dc-single-male-39,2206
dc-2024,DC,2024,https://disb.dc.gov/sites/default/files/dc/sites/disb/publication/attachments/2024_auto_premium_comparison_8-15-2024_website.pdf,"PDF p.2 table '2024 AUTOMOBILE INSURANCE PREMIUM COMPARISON SAMPLE PROFILES (6 month policy)', row 'Liberty Insurance Corporation' (effective 2/18/2024), column 'SINGLE MALE AGE 66' = $1,280 per 6 months",statewide,Liberty Insurance Corporation,dc-single-male-66,2560
dc-2024,DC,2024,https://disb.dc.gov/sites/default/files/dc/sites/disb/publication/attachments/2024_auto_premium_comparison_8-15-2024_website.pdf,"PDF p.3 table '2024 AUTOMOBILE INSURANCE PREMIUM COMPARISON SAMPLE PROFILES (6 month policy)', row 'Liberty Mutual Fire Insurance Company' (effective 2/18/2024), column 'MARRIED COUPLE AGE 25' = $1,212 per 6 months",statewide,Liberty Mutual Fire Insurance Company,dc-married-25,2424
dc-2024,DC,2024,https://disb.dc.gov/sites/default/files/dc/sites/disb/publication/attachments/2024_auto_premium_comparison_8-15-2024_website.pdf,"PDF p.3 table '2024 AUTOMOBILE INSURANCE PREMIUM COMPARISON SAMPLE PROFILES (6 month policy)', row 'Liberty Mutual Fire Insurance Company' (effective 2/18/2024), column 'MARRIED COUPLE AGE 39' = $1,103 per 6 months",statewide,Liberty Mutual Fire Insurance Company,dc-married-39,2206
dc-2024,DC,2024,https://disb.dc.gov/sites/default/files/dc/sites/disb/publication/attachments/2024_auto_premium_comparison_8-15-2024_website.pdf,"PDF p.3 table '2024 AUTOMOBILE INSURANCE PREMIUM COMPARISON SAMPLE PROFILES (6 month policy)', row 'Liberty Mutual Fire Insurance Company' (effective 2/18/2024), column 'MARRIED COUPLE AGE 66' = $1,280 per 6 months",statewide,Liberty Mutual Fire Insurance Company,dc-married-66,2560
dc-2024,DC,2024,https://disb.dc.gov/sites/default/files/dc/sites/disb/publication/attachments/2024_auto_premium_comparison_8-15-2024_website.pdf,"PDF p.3 table '2024 AUTOMOBILE INSURANCE PREMIUM COMPARISON SAMPLE PROFILES (6 month policy)', row 'Liberty Mutual Fire Insurance Company' (effective 2/18/2024), column 'SINGLE FEMALE AGE 25' = $1,212 per 6 months",statewide,Liberty Mutual Fire Insurance Company,dc-single-female-25,2424
dc-2024,DC,2024,https://disb.dc.gov/sites/default/files/dc/sites/disb/publication/attachments/2024_auto_premium_comparison_8-15-2024_website.pdf,"PDF p.3 table '2024 AUTOMOBILE INSURANCE PREMIUM COMPARISON SAMPLE PROFILES (6 month policy)', row 'Liberty Mutual Fire Insurance Company' (effective 2/18/2024), column 'SINGLE FEMALE AGE 39' = $1,103 per 6 months",statewide,Liberty Mutual Fire Insurance Company,dc-single-female-39,2206
dc-2024,DC,2024,https://disb.dc.gov/sites/default/files/dc/sites/disb/publication/attachments/2024_auto_premium_comparison_8-15-2024_website.pdf,"PDF p.3 table '2024 AUTOMOBILE INSURANCE PREMIUM COMPARISON SAMPLE PROFILES (6 month policy)', row 'Liberty Mutual Fire Insurance Company' (effective 2/18/2024), column 'SINGLE FEMALE AGE 66' = $1,280 per 6 months",statewide,Liberty Mutual Fire Insurance Company,dc-single-female-66,2560
dc-2024,DC,2024,https://disb.dc.gov/sites/default/files/dc/sites/disb/publication/attachments/2024_auto_premium_comparison_8-15-2024_website.pdf,"PDF p.3 table '2024 AUTOMOBILE INSURANCE PREMIUM COMPARISON SAMPLE PROFILES (6 month policy)', row 'Liberty Mutual Fire Insurance Company' (effective 2/18/2024), column 'SINGLE MALE AGE 25' = $2,192 per 6 months",statewide,Liberty Mutual Fire Insurance Company,dc-single-male-25,4384
dc-2024,DC,2024,https://disb.dc.gov/sites/default/files/dc/sites/disb/publication/attachments/2024_auto_premium_comparison_8-15-2024_website.pdf,"PDF p.3 table '2024 AUTOMOBILE INSURANCE PREMIUM COMPARISON SAMPLE PROFILES (6 month policy)', row 'Liberty Mutual Fire Insurance Company' (effective 2/18/2024), column 'SINGLE MALE AGE 39' = $1,103 per 6 months",statewide,Liberty Mutual Fire Insurance Company,dc-single-male-39,2206
dc-2024,DC,2024,https://disb.dc.gov/sites/default/files/dc/sites/disb/publication/attachments/2024_auto_premium_comparison_8-15-2024_website.pdf,"PDF p.3 table '2024 AUTOMOBILE INSURANCE PREMIUM COMPARISON SAMPLE PROFILES (6 month policy)', row 'Liberty Mutual Fire Insurance Company' (effective 2/18/2024), column 'SINGLE MALE AGE 66' = $1,280 per 6 months",statewide,Liberty Mutual Fire Insurance Company,dc-single-male-66,2560
dc-2024,DC,2024,https://disb.dc.gov/sites/default/files/dc/sites/disb/publication/attachments/2024_auto_premium_comparison_8-15-2024_website.pdf,"PDF p.3 table '2024 AUTOMOBILE INSURANCE PREMIUM COMPARISON SAMPLE PROFILES (6 month policy)', row 'The First Liberty Insurance Corporation' (effective 2/18/2024), column 'MARRIED COUPLE AGE 25' = $1,088 per 6 months",statewide,The First Liberty Insurance Corporation,dc-married-25,2176
dc-2024,DC,2024,https://disb.dc.gov/sites/default/files/dc/sites/disb/publication/attachments/2024_auto_premium_comparison_8-15-2024_website.pdf,"PDF p.3 table '2024 AUTOMOBILE INSURANCE PREMIUM COMPARISON SAMPLE PROFILES (6 month policy)', row 'The First Liberty Insurance Corporation' (effective 2/18/2024), column 'MARRIED COUPLE AGE 39' = $990 per 6 months",statewide,The First Liberty Insurance Corporation,dc-married-39,1980
dc-2024,DC,2024,https://disb.dc.gov/sites/default/files/dc/sites/disb/publication/attachments/2024_auto_premium_comparison_8-15-2024_website.pdf,"PDF p.3 table '2024 AUTOMOBILE INSURANCE PREMIUM COMPARISON SAMPLE PROFILES (6 month policy)', row 'The First Liberty Insurance Corporation' (effective 2/18/2024), column 'MARRIED COUPLE AGE 66' = $1,150 per 6 months",statewide,The First Liberty Insurance Corporation,dc-married-66,2300
dc-2024,DC,2024,https://disb.dc.gov/sites/default/files/dc/sites/disb/publication/attachments/2024_auto_premium_comparison_8-15-2024_website.pdf,"PDF p.3 table '2024 AUTOMOBILE INSURANCE PREMIUM COMPARISON SAMPLE PROFILES (6 month policy)', row 'The First Liberty Insurance Corporation' (effective 2/18/2024), column 'SINGLE FEMALE AGE 25' = $1,088 per 6 months",statewide,The First Liberty Insurance Corporation,dc-single-female-25,2176
dc-2024,DC,2024,https://disb.dc.gov/sites/default/files/dc/sites/disb/publication/attachments/2024_auto_premium_comparison_8-15-2024_website.pdf,"PDF p.3 table '2024 AUTOMOBILE INSURANCE PREMIUM COMPARISON SAMPLE PROFILES (6 month policy)', row 'The First Liberty Insurance Corporation' (effective 2/18/2024), column 'SINGLE FEMALE AGE 39' = $990 per 6 months",statewide,The First Liberty Insurance Corporation,dc-single-female-39,1980
dc-2024,DC,2024,https://disb.dc.gov/sites/default/files/dc/sites/disb/publication/attachments/2024_auto_premium_comparison_8-15-2024_website.pdf,"PDF p.3 table '2024 AUTOMOBILE INSURANCE PREMIUM COMPARISON SAMPLE PROFILES (6 month policy)', row 'The First Liberty Insurance Corporation' (effective 2/18/2024), column 'SINGLE FEMALE AGE 66' = $1,150 per 6 months",statewide,The First Liberty Insurance Corporation,dc-single-female-66,2300
dc-2024,DC,2024,https://disb.dc.gov/sites/default/files/dc/sites/disb/publication/attachments/2024_auto_premium_comparison_8-15-2024_website.pdf,"PDF p.3 table '2024 AUTOMOBILE INSURANCE PREMIUM COMPARISON SAMPLE PROFILES (6 month policy)', row 'The First Liberty Insurance Corporation' (effective 2/18/2024), column 'SINGLE MALE AGE 25' = $1,970 per 6 months",statewide,The First Liberty Insurance Corporation,dc-single-male-25,3940
dc-2024,DC,2024,https://disb.dc.gov/sites/default/files/dc/sites/disb/publication/attachments/2024_auto_premium_comparison_8-15-2024_website.pdf,"PDF p.3 table '2024 AUTOMOBILE INSURANCE PREMIUM COMPARISON SAMPLE PROFILES (6 month policy)', row 'The First Liberty Insurance Corporation' (effective 2/18/2024), column 'SINGLE MALE AGE 39' = $990 per 6 months",statewide,The First Liberty Insurance Corporation,dc-single-male-39,1980
dc-2024,DC,2024,https://disb.dc.gov/sites/default/files/dc/sites/disb/publication/attachments/2024_auto_premium_comparison_8-15-2024_website.pdf,"PDF p.3 table '2024 AUTOMOBILE INSURANCE PREMIUM COMPARISON SAMPLE PROFILES (6 month policy)', row 'The First Liberty Insurance Corporation' (effective 2/18/2024), column 'SINGLE MALE AGE 66' = $1,150 per 6 months",statewide,The First Liberty Insurance Corporation,dc-single-male-66,2300
dc-2024,DC,2024,https://disb.dc.gov/sites/default/files/dc/sites/disb/publication/attachments/2024_auto_premium_comparison_8-15-2024_website.pdf,"PDF p.3 table '2024 AUTOMOBILE INSURANCE PREMIUM COMPARISON SAMPLE PROFILES (6 month policy)', row 'Liberty Mutual Personal Insurance Company' (effective 8/15/2024), column 'MARRIED COUPLE AGE 25' = $1,244 per 6 months",statewide,Liberty Mutual Personal Insurance Company,dc-married-25,2488
dc-2024,DC,2024,https://disb.dc.gov/sites/default/files/dc/sites/disb/publication/attachments/2024_auto_premium_comparison_8-15-2024_website.pdf,"PDF p.3 table '2024 AUTOMOBILE INSURANCE PREMIUM COMPARISON SAMPLE PROFILES (6 month policy)', row 'Liberty Mutual Personal Insurance Company' (effective 8/15/2024), column 'MARRIED COUPLE AGE 39' = $1,099 per 6 months",statewide,Liberty Mutual Personal Insurance Company,dc-married-39,2198
dc-2024,DC,2024,https://disb.dc.gov/sites/default/files/dc/sites/disb/publication/attachments/2024_auto_premium_comparison_8-15-2024_website.pdf,"PDF p.3 table '2024 AUTOMOBILE INSURANCE PREMIUM COMPARISON SAMPLE PROFILES (6 month policy)', row 'Liberty Mutual Personal Insurance Company' (effective 8/15/2024), column 'MARRIED COUPLE AGE 66' = $1,056 per 6 months",statewide,Liberty Mutual Personal Insurance Company,dc-married-66,2112
dc-2024,DC,2024,https://disb.dc.gov/sites/default/files/dc/sites/disb/publication/attachments/2024_auto_premium_comparison_8-15-2024_website.pdf,"PDF p.3 table '2024 AUTOMOBILE INSURANCE PREMIUM COMPARISON SAMPLE PROFILES (6 month policy)', row 'Liberty Mutual Personal Insurance Company' (effective 8/15/2024), column 'SINGLE FEMALE AGE 25' = $1,411 per 6 months",statewide,Liberty Mutual Personal Insurance Company,dc-single-female-25,2822
dc-2024,DC,2024,https://disb.dc.gov/sites/default/files/dc/sites/disb/publication/attachments/2024_auto_premium_comparison_8-15-2024_website.pdf,"PDF p.3 table '2024 AUTOMOBILE INSURANCE PREMIUM COMPARISON SAMPLE PROFILES (6 month policy)', row 'Liberty Mutual Personal Insurance Company' (effective 8/15/2024), column 'SINGLE FEMALE AGE 39' = $1,202 per 6 months",statewide,Liberty Mutual Personal Insurance Company,dc-single-female-39,2404
dc-2024,DC,2024,https://disb.dc.gov/sites/default/files/dc/sites/disb/publication/attachments/2024_auto_premium_comparison_8-15-2024_website.pdf,"PDF p.3 table '2024 AUTOMOBILE INSURANCE PREMIUM COMPARISON SAMPLE PROFILES (6 month policy)', row 'Liberty Mutual Personal Insurance Company' (effective 8/15/2024), column 'SINGLE FEMALE AGE 66' = $1,129 per 6 months",statewide,Liberty Mutual Personal Insurance Company,dc-single-female-66,2258
dc-2024,DC,2024,https://disb.dc.gov/sites/default/files/dc/sites/disb/publication/attachments/2024_auto_premium_comparison_8-15-2024_website.pdf,"PDF p.3 table '2024 AUTOMOBILE INSURANCE PREMIUM COMPARISON SAMPLE PROFILES (6 month policy)', row 'Liberty Mutual Personal Insurance Company' (effective 8/15/2024), column 'SINGLE MALE AGE 25' = $1,467 per 6 months",statewide,Liberty Mutual Personal Insurance Company,dc-single-male-25,2934
dc-2024,DC,2024,https://disb.dc.gov/sites/default/files/dc/sites/disb/publication/attachments/2024_auto_premium_comparison_8-15-2024_website.pdf,"PDF p.3 table '2024 AUTOMOBILE INSURANCE PREMIUM COMPARISON SAMPLE PROFILES (6 month policy)', row 'Liberty Mutual Personal Insurance Company' (effective 8/15/2024), column 'SINGLE MALE AGE 39' = $1,244 per 6 months",statewide,Liberty Mutual Personal Insurance Company,dc-single-male-39,2488
dc-2024,DC,2024,https://disb.dc.gov/sites/default/files/dc/sites/disb/publication/attachments/2024_auto_premium_comparison_8-15-2024_website.pdf,"PDF p.3 table '2024 AUTOMOBILE INSURANCE PREMIUM COMPARISON SAMPLE PROFILES (6 month policy)', row 'Liberty Mutual Personal Insurance Company' (effective 8/15/2024), column 'SINGLE MALE AGE 66' = $1,178 per 6 months",statewide,Liberty Mutual Personal Insurance Company,dc-single-male-66,2356
dc-2024,DC,2024,https://disb.dc.gov/sites/default/files/dc/sites/disb/publication/attachments/2024_auto_premium_comparison_8-15-2024_website.pdf,"PDF p.3 table '2024 AUTOMOBILE INSURANCE PREMIUM COMPARISON SAMPLE PROFILES (6 month policy)', row 'Liberty Mutual Insurance Company' (effective 8/15/2024), column 'MARRIED COUPLE AGE 25' = $1,328 per 6 months",statewide,Liberty Mutual Insurance Company,dc-married-25,2656
dc-2024,DC,2024,https://disb.dc.gov/sites/default/files/dc/sites/disb/publication/attachments/2024_auto_premium_comparison_8-15-2024_website.pdf,"PDF p.3 table '2024 AUTOMOBILE INSURANCE PREMIUM COMPARISON SAMPLE PROFILES (6 month policy)', row 'Liberty Mutual Insurance Company' (effective 8/15/2024), column 'MARRIED COUPLE AGE 39' = $1,166 per 6 months",statewide,Liberty Mutual Insurance Company,dc-married-39,2332
dc-2024,DC,2024,https://disb.dc.gov/sites/default/files/dc/sites/disb/publication/attachments/2024_auto_premium_comparison_8-15-2024_website.pdf,"PDF p.3 table '2024 AUTOMOBILE INSURANCE PREMIUM COMPARISON SAMPLE PROFILES (6 month policy)', row 'Liberty Mutual Insurance Company' (effective 8/15/2024), column 'MARRIED COUPLE AGE 66' = $1,120 per 6 months",statewide,Liberty Mutual Insurance Company,dc-married-66,2240
dc-2024,DC,2024,https://disb.dc.gov/sites/default/files/dc/sites/disb/publication/attachments/2024_auto_premium_comparison_8-15-2024_website.pdf,"PDF p.3 table '2024 AUTOMOBILE INSURANCE PREMIUM COMPARISON SAMPLE PROFILES (6 month policy)', row 'Liberty Mutual Insurance Company' (effective 8/15/2024), column 'SINGLE FEMALE AGE 25' = $1,514 per 6 months",statewide,Liberty Mutual Insurance Company,dc-single-female-25,3028
dc-2024,DC,2024,https://disb.dc.gov/sites/default/files/dc/sites/disb/publication/attachments/2024_auto_premium_comparison_8-15-2024_website.pdf,"PDF p.3 table '2024 AUTOMOBILE INSURANCE PREMIUM COMPARISON SAMPLE PROFILES (6 month policy)', row 'Liberty Mutual Insurance Company' (effective 8/15/2024), column 'SINGLE FEMALE AGE 39' = $1,282 per 6 months",statewide,Liberty Mutual Insurance Company,dc-single-female-39,2564
dc-2024,DC,2024,https://disb.dc.gov/sites/default/files/dc/sites/disb/publication/attachments/2024_auto_premium_comparison_8-15-2024_website.pdf,"PDF p.3 table '2024 AUTOMOBILE INSURANCE PREMIUM COMPARISON SAMPLE PROFILES (6 month policy)', row 'Liberty Mutual Insurance Company' (effective 8/15/2024), column 'SINGLE FEMALE AGE 66' = $1,201 per 6 months",statewide,Liberty Mutual Insurance Company,dc-single-female-66,2402
dc-2024,DC,2024,https://disb.dc.gov/sites/default/files/dc/sites/disb/publication/attachments/2024_auto_premium_comparison_8-15-2024_website.pdf,"PDF p.3 table '2024 AUTOMOBILE INSURANCE PREMIUM COMPARISON SAMPLE PROFILES (6 month policy)', row 'Liberty Mutual Insurance Company' (effective 8/15/2024), column 'SINGLE MALE AGE 25' = $1,577 per 6 months",statewide,Liberty Mutual Insurance Company,dc-single-male-25,3154
dc-2024,DC,2024,https://disb.dc.gov/sites/default/files/dc/sites/disb/publication/attachments/2024_auto_premium_comparison_8-15-2024_website.pdf,"PDF p.3 table '2024 AUTOMOBILE INSURANCE PREMIUM COMPARISON SAMPLE PROFILES (6 month policy)', row 'Liberty Mutual Insurance Company' (effective 8/15/2024), column 'SINGLE MALE AGE 39' = $1,328 per 6 months",statewide,Liberty Mutual Insurance Company,dc-single-male-39,2656
dc-2024,DC,2024,https://disb.dc.gov/sites/default/files/dc/sites/disb/publication/attachments/2024_auto_premium_comparison_8-15-2024_website.pdf,"PDF p.3 table '2024 AUTOMOBILE INSURANCE PREMIUM COMPARISON SAMPLE PROFILES (6 month policy)', row 'Liberty Mutual Insurance Company' (effective 8/15/2024), column 'SINGLE MALE AGE 66' = $1,255 per 6 months",statewide,Liberty Mutual Insurance Company,dc-single-male-66,2510
dc-2024,DC,2024,https://disb.dc.gov/sites/default/files/dc/sites/disb/publication/attachments/2024_auto_premium_comparison_8-15-2024_website.pdf,"PDF p.3 table '2024 AUTOMOBILE INSURANCE PREMIUM COMPARISON SAMPLE PROFILES (6 month policy)', row 'Nationwide Mutual Insurance Company' (effective 11/7/2022), column 'MARRIED COUPLE AGE 25' = $723 per 6 months",statewide,Nationwide Mutual Insurance Company,dc-married-25,1446
dc-2024,DC,2024,https://disb.dc.gov/sites/default/files/dc/sites/disb/publication/attachments/2024_auto_premium_comparison_8-15-2024_website.pdf,"PDF p.3 table '2024 AUTOMOBILE INSURANCE PREMIUM COMPARISON SAMPLE PROFILES (6 month policy)', row 'Nationwide Mutual Insurance Company' (effective 11/7/2022), column 'MARRIED COUPLE AGE 39' = $642 per 6 months",statewide,Nationwide Mutual Insurance Company,dc-married-39,1284
dc-2024,DC,2024,https://disb.dc.gov/sites/default/files/dc/sites/disb/publication/attachments/2024_auto_premium_comparison_8-15-2024_website.pdf,"PDF p.3 table '2024 AUTOMOBILE INSURANCE PREMIUM COMPARISON SAMPLE PROFILES (6 month policy)', row 'Nationwide Mutual Insurance Company' (effective 11/7/2022), column 'MARRIED COUPLE AGE 66' = $617 per 6 months",statewide,Nationwide Mutual Insurance Company,dc-married-66,1234
dc-2024,DC,2024,https://disb.dc.gov/sites/default/files/dc/sites/disb/publication/attachments/2024_auto_premium_comparison_8-15-2024_website.pdf,"PDF p.3 table '2024 AUTOMOBILE INSURANCE PREMIUM COMPARISON SAMPLE PROFILES (6 month policy)', row 'Nationwide Mutual Insurance Company' (effective 11/7/2022), column 'SINGLE FEMALE AGE 25' = $777 per 6 months",statewide,Nationwide Mutual Insurance Company,dc-single-female-25,1554
dc-2024,DC,2024,https://disb.dc.gov/sites/default/files/dc/sites/disb/publication/attachments/2024_auto_premium_comparison_8-15-2024_website.pdf,"PDF p.3 table '2024 AUTOMOBILE INSURANCE PREMIUM COMPARISON SAMPLE PROFILES (6 month policy)', row 'Nationwide Mutual Insurance Company' (effective 11/7/2022), column 'SINGLE FEMALE AGE 39' = $664 per 6 months",statewide,Nationwide Mutual Insurance Company,dc-single-female-39,1328
dc-2024,DC,2024,https://disb.dc.gov/sites/default/files/dc/sites/disb/publication/attachments/2024_auto_premium_comparison_8-15-2024_website.pdf,"PDF p.3 table '2024 AUTOMOBILE INSURANCE PREMIUM COMPARISON SAMPLE PROFILES (6 month policy)', row 'Nationwide Mutual Insurance Company' (effective 11/7/2022), column 'SINGLE FEMALE AGE 66' = $596 per 6 months",statewide,Nationwide Mutual Insurance Company,dc-single-female-66,1192
dc-2024,DC,2024,https://disb.dc.gov/sites/default/files/dc/sites/disb/publication/attachments/2024_auto_premium_comparison_8-15-2024_website.pdf,"PDF p.3 table '2024 AUTOMOBILE INSURANCE PREMIUM COMPARISON SAMPLE PROFILES (6 month policy)', row 'Nationwide Mutual Insurance Company' (effective 11/7/2022), column 'SINGLE MALE AGE 25' = $839 per 6 months",statewide,Nationwide Mutual Insurance Company,dc-single-male-25,1678
dc-2024,DC,2024,https://disb.dc.gov/sites/default/files/dc/sites/disb/publication/attachments/2024_auto_premium_comparison_8-15-2024_website.pdf,"PDF p.3 table '2024 AUTOMOBILE INSURANCE PREMIUM COMPARISON SAMPLE PROFILES (6 month policy)', row 'Nationwide Mutual Insurance Company' (effective 11/7/2022), column 'SINGLE MALE AGE 39' = $641 per 6 months",statewide,Nationwide Mutual Insurance Company,dc-single-male-39,1282
dc-2024,DC,2024,https://disb.dc.gov/sites/default/files/dc/sites/disb/publication/attachments/2024_auto_premium_comparison_8-15-2024_website.pdf,"PDF p.3 table '2024 AUTOMOBILE INSURANCE PREMIUM COMPARISON SAMPLE PROFILES (6 month policy)', row 'Nationwide Mutual Insurance Company' (effective 11/7/2022), column 'SINGLE MALE AGE 66' = $630 per 6 months",statewide,Nationwide Mutual Insurance Company,dc-single-male-66,1260
dc-2024,DC,2024,https://disb.dc.gov/sites/default/files/dc/sites/disb/publication/attachments/2024_auto_premium_comparison_8-15-2024_website.pdf,"PDF p.3 table '2024 AUTOMOBILE INSURANCE PREMIUM COMPARISON SAMPLE PROFILES (6 month policy)', row 'Progressive Casualty Insurance Company' (effective 12/1/2023), column 'MARRIED COUPLE AGE 25' = $719 per 6 months",statewide,Progressive Casualty Insurance Company,dc-married-25,1438
dc-2024,DC,2024,https://disb.dc.gov/sites/default/files/dc/sites/disb/publication/attachments/2024_auto_premium_comparison_8-15-2024_website.pdf,"PDF p.3 table '2024 AUTOMOBILE INSURANCE PREMIUM COMPARISON SAMPLE PROFILES (6 month policy)', row 'Progressive Casualty Insurance Company' (effective 12/1/2023), column 'MARRIED COUPLE AGE 39' = $686 per 6 months",statewide,Progressive Casualty Insurance Company,dc-married-39,1372
dc-2024,DC,2024,https://disb.dc.gov/sites/default/files/dc/sites/disb/publication/attachments/2024_auto_premium_comparison_8-15-2024_website.pdf,"PDF p.3 table '2024 AUTOMOBILE INSURANCE PREMIUM COMPARISON SAMPLE PROFILES (6 month policy)', row 'Progressive Casualty Insurance Company' (effective 12/1/2023), column 'MARRIED COUPLE AGE 66' = $598 per 6 months",statewide,Progressive Casualty Insurance Company,dc-married-66,1196
dc-2024,DC,2024,https://disb.dc.gov/sites/default/files/dc/sites/disb/publication/attachments/2024_auto_premium_comparison_8-15-2024_website.pdf,"PDF p.3 table '2024 AUTOMOBILE INSURANCE PREMIUM COMPARISON SAMPLE PROFILES (6 month policy)', row 'Progressive Casualty Insurance Company' (effective 12/1/2023), column 'SINGLE FEMALE AGE 25' = $933 per 6 months",statewide,Progressive Casualty Insurance Company,dc-single-female-25,1866
dc-2024,DC,2024,https://disb.dc.gov/sites/default/files/dc/sites/disb/publication/attachments/2024_auto_premium_comparison_8-15-2024_website.pdf,"PDF p.3 table '2024 AUTOMOBILE INSURANCE PREMIUM COMPARISON SAMPLE PROFILES (6 month policy)', row 'Progressive Casualty Insurance Company' (effective 12/1/2023), column 'SINGLE FEMALE AGE 39' = $865 per 6 months",statewide,Progressive Casualty Insurance Company,dc-single-female-39,1730
dc-2024,DC,2024,https://disb.dc.gov/sites/default/files/dc/sites/disb/publication/attachments/2024_auto_premium_comparison_8-15-2024_website.pdf,"PDF p.3 table '2024 AUTOMOBILE INSURANCE PREMIUM COMPARISON SAMPLE PROFILES (6 month policy)', row 'Progressive Casualty Insurance Company' (effective 12/1/2023), column 'SINGLE FEMALE AGE 66' = $718 per 6 months",statewide,Progressive Casualty Insurance Company,dc-single-female-66,1436
dc-2024,DC,2024,https://disb.dc.gov/sites/default/files/dc/sites/disb/publication/attachments/2024_auto_premium_comparison_8-15-2024_website.pdf,"PDF p.3 table '2024 AUTOMOBILE INSURANCE PREMIUM COMPARISON SAMPLE PROFILES (6 month policy)', row 'Progressive Casualty Insurance Company' (effective 12/1/2023), column 'SINGLE MALE AGE 25' = $960 per 6 months",statewide,Progressive Casualty Insurance Company,dc-single-male-25,1920
dc-2024,DC,2024,https://disb.dc.gov/sites/default/files/dc/sites/disb/publication/attachments/2024_auto_premium_comparison_8-15-2024_website.pdf,"PDF p.3 table '2024 AUTOMOBILE INSURANCE PREMIUM COMPARISON SAMPLE PROFILES (6 month policy)', row 'Progressive Casualty Insurance Company' (effective 12/1/2023), column 'SINGLE MALE AGE 39' = $802 per 6 months",statewide,Progressive Casualty Insurance Company,dc-single-male-39,1604
dc-2024,DC,2024,https://disb.dc.gov/sites/default/files/dc/sites/disb/publication/attachments/2024_auto_premium_comparison_8-15-2024_website.pdf,"PDF p.3 table '2024 AUTOMOBILE INSURANCE PREMIUM COMPARISON SAMPLE PROFILES (6 month policy)', row 'Progressive Casualty Insurance Company' (effective 12/1/2023), column 'SINGLE MALE AGE 66' = $755 per 6 months",statewide,Progressive Casualty Insurance Company,dc-single-male-66,1510
dc-2024,DC,2024,https://disb.dc.gov/sites/default/files/dc/sites/disb/publication/attachments/2024_auto_premium_comparison_8-15-2024_website.pdf,"PDF p.3 table '2024 AUTOMOBILE INSURANCE PREMIUM COMPARISON SAMPLE PROFILES (6 month policy)', row 'Progressive Direct Insurance Company' (effective 12/1/2023), column 'MARRIED COUPLE AGE 25' = $569 per 6 months",statewide,Progressive Direct Insurance Company,dc-married-25,1138
dc-2024,DC,2024,https://disb.dc.gov/sites/default/files/dc/sites/disb/publication/attachments/2024_auto_premium_comparison_8-15-2024_website.pdf,"PDF p.3 table '2024 AUTOMOBILE INSURANCE PREMIUM COMPARISON SAMPLE PROFILES (6 month policy)', row 'Progressive Direct Insurance Company' (effective 12/1/2023), column 'MARRIED COUPLE AGE 39' = $535 per 6 months",statewide,Progressive Direct Insurance Company,dc-married-39,1070
dc-2024,DC,2024,https://disb.dc.gov/sites/default/files/dc/sites/disb/publication/attachments/2024_auto_premium_comparison_8-15-2024_website.pdf,"PDF p.3 table '2024 AUTOMOBILE INSURANCE PREMIUM COMPARISON SAMPLE PROFILES (6 month policy)', row 'Progressive Direct Insurance Company' (effective 12/1/2023), column 'MARRIED COUPLE AGE 66' = $521 per 6 months",statewide,Progressive Direct Insurance Company,dc-married-66,1042
dc-2024,DC,2024,https://disb.dc.gov/sites/default/files/dc/sites/disb/publication/attachments/2024_auto_premium_comparison_8-15-2024_website.pdf,"PDF p.3 table '2024 AUTOMOBILE INSURANCE PREMIUM COMPARISON SAMPLE PROFILES (6 month policy)', row 'Progressive Direct Insurance Company' (effective 12/1/2023), column 'SINGLE FEMALE AGE 25' = $702 per 6 months",statewide,Progressive Direct Insurance Company,dc-single-female-25,1404
dc-2024,DC,2024,https://disb.dc.gov/sites/default/files/dc/sites/disb/publication/attachments/2024_auto_premium_comparison_8-15-2024_website.pdf,"PDF p.3 table '2024 AUTOMOBILE INSURANCE PREMIUM COMPARISON SAMPLE PROFILES (6 month policy)', row 'Progressive Direct Insurance Company' (effective 12/1/2023), column 'SINGLE FEMALE AGE 39' = $628 per 6 months",statewide,Progressive Direct Insurance Company,dc-single-female-39,1256
dc-2024,DC,2024,https://disb.dc.gov/sites/default/files/dc/sites/disb/publication/attachments/2024_auto_premium_comparison_8-15-2024_website.pdf,"PDF p.3 table '2024 AUTOMOBILE INSURANCE PREMIUM COMPARISON SAMPLE PROFILES (6 month policy)', row 'Progressive Direct Insurance Company' (effective 12/1/2023), column 'SINGLE FEMALE AGE 66' = $595 per 6 months",statewide,Progressive Direct Insurance Company,dc-single-female-66,1190
dc-2024,DC,2024,https://disb.dc.gov/sites/default/files/dc/sites/disb/publication/attachments/2024_auto_premium_comparison_8-15-2024_website.pdf,"PDF p.3 table '2024 AUTOMOBILE INSURANCE PREMIUM COMPARISON SAMPLE PROFILES (6 month policy)', row 'Progressive Direct Insurance Company' (effective 12/1/2023), column 'SINGLE MALE AGE 25' = $679 per 6 months",statewide,Progressive Direct Insurance Company,dc-single-male-25,1358
dc-2024,DC,2024,https://disb.dc.gov/sites/default/files/dc/sites/disb/publication/attachments/2024_auto_premium_comparison_8-15-2024_website.pdf,"PDF p.3 table '2024 AUTOMOBILE INSURANCE PREMIUM COMPARISON SAMPLE PROFILES (6 month policy)', row 'Progressive Direct Insurance Company' (effective 12/1/2023), column 'SINGLE MALE AGE 39' = $585 per 6 months",statewide,Progressive Direct Insurance Company,dc-single-male-39,1170
dc-2024,DC,2024,https://disb.dc.gov/sites/default/files/dc/sites/disb/publication/attachments/2024_auto_premium_comparison_8-15-2024_website.pdf,"PDF p.3 table '2024 AUTOMOBILE INSURANCE PREMIUM COMPARISON SAMPLE PROFILES (6 month policy)', row 'Progressive Direct Insurance Company' (effective 12/1/2023), column 'SINGLE MALE AGE 66' = $590 per 6 months",statewide,Progressive Direct Insurance Company,dc-single-male-66,1180
dc-2024,DC,2024,https://disb.dc.gov/sites/default/files/dc/sites/disb/publication/attachments/2024_auto_premium_comparison_8-15-2024_website.pdf,"PDF p.3 table '2024 AUTOMOBILE INSURANCE PREMIUM COMPARISON SAMPLE PROFILES (6 month policy)', row 'State Farm Fire and Casualty Company' (effective 1/1/2024), column 'MARRIED COUPLE AGE 25' = $778 per 6 months",statewide,State Farm Fire and Casualty Company,dc-married-25,1556
dc-2024,DC,2024,https://disb.dc.gov/sites/default/files/dc/sites/disb/publication/attachments/2024_auto_premium_comparison_8-15-2024_website.pdf,"PDF p.3 table '2024 AUTOMOBILE INSURANCE PREMIUM COMPARISON SAMPLE PROFILES (6 month policy)', row 'State Farm Fire and Casualty Company' (effective 1/1/2024), column 'MARRIED COUPLE AGE 39' = $710 per 6 months",statewide,State Farm Fire and Casualty Company,dc-married-39,1420
dc-2024,DC,2024,https://disb.dc.gov/sites/default/files/dc/sites/disb/publication/attachments/2024_auto_premium_comparison_8-15-2024_website.pdf,"PDF p.3 table '2024 AUTOMOBILE INSURANCE PREMIUM COMPARISON SAMPLE PROFILES (6 month policy)', row 'State Farm Fire and Casualty Company' (effective 1/1/2024), column 'MARRIED COUPLE AGE 66' = $672 per 6 months",statewide,State Farm Fire and Casualty Company,dc-married-66,1344
dc-2024,DC,2024,https://disb.dc.gov/sites/default/files/dc/sites/disb/publication/attachments/2024_auto_premium_comparison_8-15-2024_website.pdf,"PDF p.3 table '2024 AUTOMOBILE INSURANCE PREMIUM COMPARISON SAMPLE PROFILES (6 month policy)', row 'State Farm Fire and Casualty Company' (effective 1/1/2024), column 'SINGLE FEMALE AGE 25' = $778 per 6 months",statewide,State Farm Fire and Casualty Company,dc-single-female-25,1556
dc-2024,DC,2024,https://disb.dc.gov/sites/default/files/dc/sites/disb/publication/attachments/2024_auto_premium_comparison_8-15-2024_website.pdf,"PDF p.3 table '2024 AUTOMOBILE INSURANCE PREMIUM COMPARISON SAMPLE PROFILES (6 month policy)', row 'State Farm Fire and Casualty Company' (effective 1/1/2024), column 'SINGLE FEMALE AGE 39' = $710 per 6 months",statewide,State Farm Fire and Casualty Company,dc-single-female-39,1420
dc-2024,DC,2024,https://disb.dc.gov/sites/default/files/dc/sites/disb/publication/attachments/2024_auto_premium_comparison_8-15-2024_website.pdf,"PDF p.3 table '2024 AUTOMOBILE INSURANCE PREMIUM COMPARISON SAMPLE PROFILES (6 month policy)', row 'State Farm Fire and Casualty Company' (effective 1/1/2024), column 'SINGLE FEMALE AGE 66' = $672 per 6 months",statewide,State Farm Fire and Casualty Company,dc-single-female-66,1344
dc-2024,DC,2024,https://disb.dc.gov/sites/default/files/dc/sites/disb/publication/attachments/2024_auto_premium_comparison_8-15-2024_website.pdf,"PDF p.3 table '2024 AUTOMOBILE INSURANCE PREMIUM COMPARISON SAMPLE PROFILES (6 month policy)', row 'State Farm Fire and Casualty Company' (effective 1/1/2024), column 'SINGLE MALE AGE 25' = $822 per 6 months",statewide,State Farm Fire and Casualty Company,dc-single-male-25,1644
dc-2024,DC,2024,https://disb.dc.gov/sites/default/files/dc/sites/disb/publication/attachments/2024_auto_premium_comparison_8-15-2024_website.pdf,"PDF p.3 table '2024 AUTOMOBILE INSURANCE PREMIUM COMPARISON SAMPLE PROFILES (6 month policy)', row 'State Farm Fire and Casualty Company' (effective 1/1/2024), column 'SINGLE MALE AGE 39' = $710 per 6 months",statewide,State Farm Fire and Casualty Company,dc-single-male-39,1420
dc-2024,DC,2024,https://disb.dc.gov/sites/default/files/dc/sites/disb/publication/attachments/2024_auto_premium_comparison_8-15-2024_website.pdf,"PDF p.3 table '2024 AUTOMOBILE INSURANCE PREMIUM COMPARISON SAMPLE PROFILES (6 month policy)', row 'State Farm Fire and Casualty Company' (effective 1/1/2024), column 'SINGLE MALE AGE 66' = $672 per 6 months",statewide,State Farm Fire and Casualty Company,dc-single-male-66,1344
dc-2024,DC,2024,https://disb.dc.gov/sites/default/files/dc/sites/disb/publication/attachments/2024_auto_premium_comparison_8-15-2024_website.pdf,"PDF p.3 table '2024 AUTOMOBILE INSURANCE PREMIUM COMPARISON SAMPLE PROFILES (6 month policy)', row 'State Farm Mutual Automobile Insurance Company' (effective 1/1/2024), column 'MARRIED COUPLE AGE 25' = $471 per 6 months",statewide,State Farm Mutual Automobile Insurance Company,dc-married-25,942
dc-2024,DC,2024,https://disb.dc.gov/sites/default/files/dc/sites/disb/publication/attachments/2024_auto_premium_comparison_8-15-2024_website.pdf,"PDF p.3 table '2024 AUTOMOBILE INSURANCE PREMIUM COMPARISON SAMPLE PROFILES (6 month policy)', row 'State Farm Mutual Automobile Insurance Company' (effective 1/1/2024), column 'MARRIED COUPLE AGE 39' = $426 per 6 months",statewide,State Farm Mutual Automobile Insurance Company,dc-married-39,852
dc-2024,DC,2024,https://disb.dc.gov/sites/default/files/dc/sites/disb/publication/attachments/2024_auto_premium_comparison_8-15-2024_website.pdf,"PDF p.3 table '2024 AUTOMOBILE INSURANCE PREMIUM COMPARISON SAMPLE PROFILES (6 month policy)', row 'State Farm Mutual Automobile Insurance Company' (effective 1/1/2024), column 'MARRIED COUPLE AGE 66' = $398 per 6 months",statewide,State Farm Mutual Automobile Insurance Company,dc-married-66,796
dc-2024,DC,2024,https://disb.dc.gov/sites/default/files/dc/sites/disb/publication/attachments/2024_auto_premium_comparison_8-15-2024_website.pdf,"PDF p.3 table '2024 AUTOMOBILE INSURANCE PREMIUM COMPARISON SAMPLE PROFILES (6 month policy)', row 'State Farm Mutual Automobile Insurance Company' (effective 1/1/2024), column 'SINGLE FEMALE AGE 25' = $471 per 6 months",statewide,State Farm Mutual Automobile Insurance Company,dc-single-female-25,942
dc-2024,DC,2024,https://disb.dc.gov/sites/default/files/dc/sites/disb/publication/attachments/2024_auto_premium_comparison_8-15-2024_website.pdf,"PDF p.3 table '2024 AUTOMOBILE INSURANCE PREMIUM COMPARISON SAMPLE PROFILES (6 month policy)', row 'State Farm Mutual Automobile Insurance Company' (effective 1/1/2024), column 'SINGLE FEMALE AGE 39' = $426 per 6 months",statewide,State Farm Mutual Automobile Insurance Company,dc-single-female-39,852
dc-2024,DC,2024,https://disb.dc.gov/sites/default/files/dc/sites/disb/publication/attachments/2024_auto_premium_comparison_8-15-2024_website.pdf,"PDF p.3 table '2024 AUTOMOBILE INSURANCE PREMIUM COMPARISON SAMPLE PROFILES (6 month policy)', row 'State Farm Mutual Automobile Insurance Company' (effective 1/1/2024), column 'SINGLE FEMALE AGE 66' = $398 per 6 months",statewide,State Farm Mutual Automobile Insurance Company,dc-single-female-66,796
dc-2024,DC,2024,https://disb.dc.gov/sites/default/files/dc/sites/disb/publication/attachments/2024_auto_premium_comparison_8-15-2024_website.pdf,"PDF p.3 table '2024 AUTOMOBILE INSURANCE PREMIUM COMPARISON SAMPLE PROFILES (6 month policy)', row 'State Farm Mutual Automobile Insurance Company' (effective 1/1/2024), column 'SINGLE MALE AGE 25' = $502 per 6 months",statewide,State Farm Mutual Automobile Insurance Company,dc-single-male-25,1004
dc-2024,DC,2024,https://disb.dc.gov/sites/default/files/dc/sites/disb/publication/attachments/2024_auto_premium_comparison_8-15-2024_website.pdf,"PDF p.3 table '2024 AUTOMOBILE INSURANCE PREMIUM COMPARISON SAMPLE PROFILES (6 month policy)', row 'State Farm Mutual Automobile Insurance Company' (effective 1/1/2024), column 'SINGLE MALE AGE 39' = $426 per 6 months",statewide,State Farm Mutual Automobile Insurance Company,dc-single-male-39,852
dc-2024,DC,2024,https://disb.dc.gov/sites/default/files/dc/sites/disb/publication/attachments/2024_auto_premium_comparison_8-15-2024_website.pdf,"PDF p.3 table '2024 AUTOMOBILE INSURANCE PREMIUM COMPARISON SAMPLE PROFILES (6 month policy)', row 'State Farm Mutual Automobile Insurance Company' (effective 1/1/2024), column 'SINGLE MALE AGE 66' = $398 per 6 months",statewide,State Farm Mutual Automobile Insurance Company,dc-single-male-66,796
dc-2024,DC,2024,https://disb.dc.gov/sites/default/files/dc/sites/disb/publication/attachments/2024_auto_premium_comparison_8-15-2024_website.pdf,"PDF p.3 table '2024 AUTOMOBILE INSURANCE PREMIUM COMPARISON SAMPLE PROFILES (6 month policy)', row 'The Standard Fire Insurance Company' (effective 6/28/2024), column 'MARRIED COUPLE AGE 25' = $407 per 6 months",statewide,The Standard Fire Insurance Company,dc-married-25,814
dc-2024,DC,2024,https://disb.dc.gov/sites/default/files/dc/sites/disb/publication/attachments/2024_auto_premium_comparison_8-15-2024_website.pdf,"PDF p.3 table '2024 AUTOMOBILE INSURANCE PREMIUM COMPARISON SAMPLE PROFILES (6 month policy)', row 'The Standard Fire Insurance Company' (effective 6/28/2024), column 'MARRIED COUPLE AGE 39' = $400 per 6 months",statewide,The Standard Fire Insurance Company,dc-married-39,800
dc-2024,DC,2024,https://disb.dc.gov/sites/default/files/dc/sites/disb/publication/attachments/2024_auto_premium_comparison_8-15-2024_website.pdf,"PDF p.3 table '2024 AUTOMOBILE INSURANCE PREMIUM COMPARISON SAMPLE PROFILES (6 month policy)', row 'The Standard Fire Insurance Company' (effective 6/28/2024), column 'MARRIED COUPLE AGE 66' = $431 per 6 months",statewide,The Standard Fire Insurance Company,dc-married-66,862
dc-2024,DC,2024,https://disb.dc.gov/sites/default/files/dc/sites/disb/publication/attachments/2024_auto_premium_comparison_8-15-2024_website.pdf,"PDF p.3 table '2024 AUTOMOBILE INSURANCE PREMIUM COMPARISON SAMPLE PROFILES (6 month policy)', row 'The Standard Fire Insurance Company' (effective 6/28/2024), column 'SINGLE FEMALE AGE 25' = $432 per 6 months",statewide,The Standard Fire Insurance Company,dc-single-female-25,864
dc-2024,DC,2024,https://disb.dc.gov/sites/default/files/dc/sites/disb/publication/attachments/2024_auto_premium_comparison_8-15-2024_website.pdf,"PDF p.3 table '2024 AUTOMOBILE INSURANCE PREMIUM COMPARISON SAMPLE PROFILES (6 month policy)', row 'The Standard Fire Insurance Company' (effective 6/28/2024), column 'SINGLE FEMALE AGE 39' = $418 per 6 months",statewide,The Standard Fire Insurance Company,dc-single-female-39,836
dc-2024,DC,2024,https://disb.dc.gov/sites/default/files/dc/sites/disb/publication/attachments/2024_auto_premium_comparison_8-15-2024_website.pdf,"PDF p.3 table '2024 AUTOMOBILE INSURANCE PREMIUM COMPARISON SAMPLE PROFILES (6 month policy)', row 'The Standard Fire Insurance Company' (effective 6/28/2024), column 'SINGLE FEMALE AGE 66' = $414 per 6 months",statewide,The Standard Fire Insurance Company,dc-single-female-66,828
dc-2024,DC,2024,https://disb.dc.gov/sites/default/files/dc/sites/disb/publication/attachments/2024_auto_premium_comparison_8-15-2024_website.pdf,"PDF p.3 table '2024 AUTOMOBILE INSURANCE PREMIUM COMPARISON SAMPLE PROFILES (6 month policy)', row 'The Standard Fire Insurance Company' (effective 6/28/2024), column 'SINGLE MALE AGE 25' = $445 per 6 months",statewide,The Standard Fire Insurance Company,dc-single-male-25,890
dc-2024,DC,2024,https://disb.dc.gov/sites/default/files/dc/sites/disb/publication/attachments/2024_auto_premium_comparison_8-15-2024_website.pdf,"PDF p.3 table '2024 AUTOMOBILE INSURANCE PREMIUM COMPARISON SAMPLE PROFILES (6 month policy)', row 'The Standard Fire Insurance Company' (effective 6/28/2024), column 'SINGLE MALE AGE 39' = $433 per 6 months",statewide,The Standard Fire Insurance Company,dc-single-male-39,866
dc-2024,DC,2024,https://disb.dc.gov/sites/default/files/dc/sites/disb/publication/attachments/2024_auto_premium_comparison_8-15-2024_website.pdf,"PDF p.3 table '2024 AUTOMOBILE INSURANCE PREMIUM COMPARISON SAMPLE PROFILES (6 month policy)', row 'The Standard Fire Insurance Company' (effective 6/28/2024), column 'SINGLE MALE AGE 66' = $430 per 6 months",statewide,The Standard Fire Insurance Company,dc-single-male-66,860
dc-2024,DC,2024,https://disb.dc.gov/sites/default/files/dc/sites/disb/publication/attachments/2024_auto_premium_comparison_8-15-2024_website.pdf,"PDF p.3 table '2024 AUTOMOBILE INSURANCE PREMIUM COMPARISON SAMPLE PROFILES (6 month policy)', row 'USAA Casualty Insurance Company' (effective 8/15/2024), column 'MARRIED COUPLE AGE 25' = $342 per 6 months",statewide,USAA Casualty Insurance Company,dc-married-25,684
dc-2024,DC,2024,https://disb.dc.gov/sites/default/files/dc/sites/disb/publication/attachments/2024_auto_premium_comparison_8-15-2024_website.pdf,"PDF p.3 table '2024 AUTOMOBILE INSURANCE PREMIUM COMPARISON SAMPLE PROFILES (6 month policy)', row 'USAA Casualty Insurance Company' (effective 8/15/2024), column 'MARRIED COUPLE AGE 39' = $279 per 6 months",statewide,USAA Casualty Insurance Company,dc-married-39,558
dc-2024,DC,2024,https://disb.dc.gov/sites/default/files/dc/sites/disb/publication/attachments/2024_auto_premium_comparison_8-15-2024_website.pdf,"PDF p.3 table '2024 AUTOMOBILE INSURANCE PREMIUM COMPARISON SAMPLE PROFILES (6 month policy)', row 'USAA Casualty Insurance Company' (effective 8/15/2024), column 'MARRIED COUPLE AGE 66' = $280 per 6 months",statewide,USAA Casualty Insurance Company,dc-married-66,560
dc-2024,DC,2024,https://disb.dc.gov/sites/default/files/dc/sites/disb/publication/attachments/2024_auto_premium_comparison_8-15-2024_website.pdf,"PDF p.3 table '2024 AUTOMOBILE INSURANCE PREMIUM COMPARISON SAMPLE PROFILES (6 month policy)', row 'USAA Casualty Insurance Company' (effective 8/15/2024), column 'SINGLE FEMALE AGE 25' = $367 per 6 months",statewide,USAA Casualty Insurance Company,dc-single-female-25,734
dc-2024,DC,2024,https://disb.dc.gov/sites/default/files/dc/sites/disb/publication/attachments/2024_auto_premium_comparison_8-15-2024_website.pdf,"PDF p.3 table '2024 AUTOMOBILE INSURANCE PREMIUM COMPARISON SAMPLE PROFILES (6 month policy)', row 'USAA Casualty Insurance Company' (effective 8/15/2024), column 'SINGLE FEMALE AGE 39' = $281 per 6 months",statewide,USAA Casualty Insurance Company,dc-single-female-39,562
dc-2024,DC,2024,https://disb.dc.gov/sites/default/files/dc/sites/disb/publication/attachments/2024_auto_premium_comparison_8-15-2024_website.pdf,"PDF p.3 table '2024 AUTOMOBILE INSURANCE PREMIUM COMPARISON SAMPLE PROFILES (6 month policy)', row 'USAA Casualty Insurance Company' (effective 8/15/2024), column 'SINGLE FEMALE AGE 66' = $329 per 6 months",statewide,USAA Casualty Insurance Company,dc-single-female-66,658
dc-2024,DC,2024,https://disb.dc.gov/sites/default/files/dc/sites/disb/publication/attachments/2024_auto_premium_comparison_8-15-2024_website.pdf,"PDF p.3 table '2024 AUTOMOBILE INSURANCE PREMIUM COMPARISON SAMPLE PROFILES (6 month policy)', row 'USAA Casualty Insurance Company' (effective 8/15/2024), column 'SINGLE MALE AGE 25' = $375 per 6 months",statewide,USAA Casualty Insurance Company,dc-single-male-25,750
dc-2024,DC,2024,https://disb.dc.gov/sites/default/files/dc/sites/disb/publication/attachments/2024_auto_premium_comparison_8-15-2024_website.pdf,"PDF p.3 table '2024 AUTOMOBILE INSURANCE PREMIUM COMPARISON SAMPLE PROFILES (6 month policy)', row 'USAA Casualty Insurance Company' (effective 8/15/2024), column 'SINGLE MALE AGE 39' = $271 per 6 months",statewide,USAA Casualty Insurance Company,dc-single-male-39,542
dc-2024,DC,2024,https://disb.dc.gov/sites/default/files/dc/sites/disb/publication/attachments/2024_auto_premium_comparison_8-15-2024_website.pdf,"PDF p.3 table '2024 AUTOMOBILE INSURANCE PREMIUM COMPARISON SAMPLE PROFILES (6 month policy)', row 'USAA Casualty Insurance Company' (effective 8/15/2024), column 'SINGLE MALE AGE 66' = $269 per 6 months",statewide,USAA Casualty Insurance Company,dc-single-male-66,538
dc-2024,DC,2024,https://disb.dc.gov/sites/default/files/dc/sites/disb/publication/attachments/2024_auto_premium_comparison_8-15-2024_website.pdf,"PDF p.3 table '2024 AUTOMOBILE INSURANCE PREMIUM COMPARISON SAMPLE PROFILES (6 month policy)', row 'USAA General Insurance Company' (effective 8/15/2024), column 'MARRIED COUPLE AGE 25' = $728 per 6 months",statewide,USAA General Insurance Company,dc-married-25,1456
dc-2024,DC,2024,https://disb.dc.gov/sites/default/files/dc/sites/disb/publication/attachments/2024_auto_premium_comparison_8-15-2024_website.pdf,"PDF p.3 table '2024 AUTOMOBILE INSURANCE PREMIUM COMPARISON SAMPLE PROFILES (6 month policy)', row 'USAA General Insurance Company' (effective 8/15/2024), column 'MARRIED COUPLE AGE 39' = $397 per 6 months",statewide,USAA General Insurance Company,dc-married-39,794
dc-2024,DC,2024,https://disb.dc.gov/sites/default/files/dc/sites/disb/publication/attachments/2024_auto_premium_comparison_8-15-2024_website.pdf,"PDF p.3 table '2024 AUTOMOBILE INSURANCE PREMIUM COMPARISON SAMPLE PROFILES (6 month policy)', row 'USAA General Insurance Company' (effective 8/15/2024), column 'MARRIED COUPLE AGE 66' = $415 per 6 months",statewide,USAA General Insurance Company,dc-married-66,830
dc-2024,DC,2024,https://disb.dc.gov/sites/default/files/dc/sites/disb/publication/attachments/2024_auto_premium_comparison_8-15-2024_website.pdf,"PDF p.3 table '2024 AUTOMOBILE INSURANCE PREMIUM COMPARISON SAMPLE PROFILES (6 month policy)', row 'USAA General Insurance Company' (effective 8/15/2024), column 'SINGLE FEMALE AGE 25' = $950 per 6 months",statewide,USAA General Insurance Company,dc-single-female-25,1900
dc-2024,DC,2024,https://disb.dc.gov/sites/default/files/dc/sites/disb/publication/attachments/2024_auto_premium_comparison_8-15-2024_website.pdf,"PDF p.3 table '2024 AUTOMOBILE INSURANCE PREMIUM COMPARISON SAMPLE PROFILES (6 month policy)', row 'USAA General Insurance Company' (effective 8/15/2024), column 'SINGLE FEMALE AGE 39' = $474 per 6 months",statewide,USAA General Insurance Company,dc-single-female-39,948
dc-2024,DC,2024,https://disb.dc.gov/sites/default/files/dc/sites/disb/publication/attachments/2024_auto_premium_comparison_8-15-2024_website.pdf,"PDF p.3 table '2024 AUTOMOBILE INSURANCE PREMIUM COMPARISON SAMPLE PROFILES (6 month policy)', row 'USAA General Insurance Company' (effective 8/15/2024), column 'SINGLE FEMALE AGE 66' = $372 per 6 months",statewide,USAA General Insurance Company,dc-single-female-66,744
dc-2024,DC,2024,https://disb.dc.gov/sites/default/files/dc/sites/disb/publication/attachments/2024_auto_premium_comparison_8-15-2024_website.pdf,"PDF p.3 table '2024 AUTOMOBILE INSURANCE PREMIUM COMPARISON SAMPLE PROFILES (6 month policy)', row 'USAA General Insurance Company' (effective 8/15/2024), column 'SINGLE MALE AGE 25' = $646 per 6 months",statewide,USAA General Insurance Company,dc-single-male-25,1292
dc-2024,DC,2024,https://disb.dc.gov/sites/default/files/dc/sites/disb/publication/attachments/2024_auto_premium_comparison_8-15-2024_website.pdf,"PDF p.3 table '2024 AUTOMOBILE INSURANCE PREMIUM COMPARISON SAMPLE PROFILES (6 month policy)', row 'USAA General Insurance Company' (effective 8/15/2024), column 'SINGLE MALE AGE 39' = $522 per 6 months",statewide,USAA General Insurance Company,dc-single-male-39,1044
dc-2024,DC,2024,https://disb.dc.gov/sites/default/files/dc/sites/disb/publication/attachments/2024_auto_premium_comparison_8-15-2024_website.pdf,"PDF p.3 table '2024 AUTOMOBILE INSURANCE PREMIUM COMPARISON SAMPLE PROFILES (6 month policy)', row 'USAA General Insurance Company' (effective 8/15/2024), column 'SINGLE MALE AGE 66' = $588 per 6 months",statewide,USAA General Insurance Company,dc-single-male-66,1176
dc-2024,DC,2024,https://disb.dc.gov/sites/default/files/dc/sites/disb/publication/attachments/2024_auto_premium_comparison_8-15-2024_website.pdf,"PDF p.4 table '2024 AUTOMOBILE INSURANCE PREMIUM COMPARISON SAMPLE PROFILES (6 month policy)', row 'USAA Garrison' (effective 8/15/2024), column 'MARRIED COUPLE AGE 25' = $386 per 6 months",statewide,USAA Garrison,dc-married-25,772
dc-2024,DC,2024,https://disb.dc.gov/sites/default/files/dc/sites/disb/publication/attachments/2024_auto_premium_comparison_8-15-2024_website.pdf,"PDF p.4 table '2024 AUTOMOBILE INSURANCE PREMIUM COMPARISON SAMPLE PROFILES (6 month policy)', row 'USAA Garrison' (effective 8/15/2024), column 'MARRIED COUPLE AGE 39' = $269 per 6 months",statewide,USAA Garrison,dc-married-39,538
dc-2024,DC,2024,https://disb.dc.gov/sites/default/files/dc/sites/disb/publication/attachments/2024_auto_premium_comparison_8-15-2024_website.pdf,"PDF p.4 table '2024 AUTOMOBILE INSURANCE PREMIUM COMPARISON SAMPLE PROFILES (6 month policy)', row 'USAA Garrison' (effective 8/15/2024), column 'MARRIED COUPLE AGE 66' = $313 per 6 months",statewide,USAA Garrison,dc-married-66,626
dc-2024,DC,2024,https://disb.dc.gov/sites/default/files/dc/sites/disb/publication/attachments/2024_auto_premium_comparison_8-15-2024_website.pdf,"PDF p.4 table '2024 AUTOMOBILE INSURANCE PREMIUM COMPARISON SAMPLE PROFILES (6 month policy)', row 'USAA Garrison' (effective 8/15/2024), column 'SINGLE FEMALE AGE 25' = $431 per 6 months",statewide,USAA Garrison,dc-single-female-25,862
dc-2024,DC,2024,https://disb.dc.gov/sites/default/files/dc/sites/disb/publication/attachments/2024_auto_premium_comparison_8-15-2024_website.pdf,"PDF p.4 table '2024 AUTOMOBILE INSURANCE PREMIUM COMPARISON SAMPLE PROFILES (6 month policy)', row 'USAA Garrison' (effective 8/15/2024), column 'SINGLE FEMALE AGE 39' = $381 per 6 months",statewide,USAA Garrison,dc-single-female-39,762
dc-2024,DC,2024,https://disb.dc.gov/sites/default/files/dc/sites/disb/publication/attachments/2024_auto_premium_comparison_8-15-2024_website.pdf,"PDF p.4 table '2024 AUTOMOBILE INSURANCE PREMIUM COMPARISON SAMPLE PROFILES (6 month policy)', row 'USAA Garrison' (effective 8/15/2024), column 'SINGLE FEMALE AGE 66' = $343 per 6 months",statewide,USAA Garrison,dc-single-female-66,686
dc-2024,DC,2024,https://disb.dc.gov/sites/default/files/dc/sites/disb/publication/attachments/2024_auto_premium_comparison_8-15-2024_website.pdf,"PDF p.4 table '2024 AUTOMOBILE INSURANCE PREMIUM COMPARISON SAMPLE PROFILES (6 month policy)', row 'USAA Garrison' (effective 8/15/2024), column 'SINGLE MALE AGE 25' = $606 per 6 months",statewide,USAA Garrison,dc-single-male-25,1212
dc-2024,DC,2024,https://disb.dc.gov/sites/default/files/dc/sites/disb/publication/attachments/2024_auto_premium_comparison_8-15-2024_website.pdf,"PDF p.4 table '2024 AUTOMOBILE INSURANCE PREMIUM COMPARISON SAMPLE PROFILES (6 month policy)', row 'USAA Garrison' (effective 8/15/2024), column 'SINGLE MALE AGE 39' = $345 per 6 months",statewide,USAA Garrison,dc-single-male-39,690
dc-2024,DC,2024,https://disb.dc.gov/sites/default/files/dc/sites/disb/publication/attachments/2024_auto_premium_comparison_8-15-2024_website.pdf,"PDF p.4 table '2024 AUTOMOBILE INSURANCE PREMIUM COMPARISON SAMPLE PROFILES (6 month policy)', row 'USAA Garrison' (effective 8/15/2024), column 'SINGLE MALE AGE 66' = $331 per 6 months",statewide,USAA Garrison,dc-single-male-66,662
