source_id,state,data_year,url,locator,territory,carrier,profile_id,annual_premium
nd-2026,ND,2026,https://www.insurance.nd.gov/sites/default/files/documents/Consumers/Auto/2026%20Auto%20Insurance%20Cost%20Survey.pdf,PDF p.4 (printed p.6) table 'Example #1' row 'Allstate' column 'Fargo'; printed 6-month value 1510,Fargo,Allstate,nd-2026-ex01,3020
nd-2026,ND,2026,https://www.insurance.nd.gov/sites/default/files/documents/Consumers/Auto/2026%20Auto%20Insurance%20Cost%20Survey.pdf,PDF p.4 (printed p.6) table 'Example #1' row 'Allstate' column 'Bismarck / Mandan'; printed 6-month value 1461,Bismarck / Mandan,Allstate,nd-2026-ex01,2922
nd-2026,ND,2026,https://www.insurance.nd.gov/sites/default/files/documents/Consumers/Auto/2026%20Auto%20Insurance%20Cost%20Survey.pdf,PDF p.4 (printed p.6) table 'Example #1' row 'Allstate' column 'Grand Forks'; printed 6-month value 1276,Grand Forks,Allstate,nd-2026-ex01,2552
nd-2026,ND,2026,https://www.insurance.nd.gov/sites/default/files/documents/Consumers/Auto/2026%20Auto%20Insurance%20Cost%20Survey.pdf,PDF p.4 (printed p.6) table 'Example #1' row 'Allstate' column 'Minot'; printed 6-month value 1337,Minot,Allstate,nd-2026-ex01,2674
nd-2026,ND,2026,https://www.insurance.nd.gov/sites/default/files/documents/Consumers/Auto/2026%20Auto%20Insurance%20Cost%20Survey.pdf,PDF p.4 (printed p.6) table 'Example #1' row 'Allstate' column 'Remainder of State'; printed 6-month value 1384,Remainder of State,Allstate,nd-2026-ex01,2768
nd-2026,ND,2026,https://www.insurance.nd.gov/sites/default/files/documents/Consumers/Auto/2026%20Auto%20Insurance%20Cost%20Survey.pdf,PDF p.4 (printed p.6) table 'Example #1' row 'Allstate North American' column 'Fargo'; printed 6-month value 476,Fargo,Allstate North American,nd-2026-ex01,952
nd-2026,ND,2026,https://www.insurance.nd.gov/sites/default/files/documents/Consumers/Auto/2026%20Auto%20Insurance%20Cost%20Survey.pdf,PDF p.4 (printed p.6) table 'Example #1' row 'Allstate North American' column 'Bismarck / Mandan'; printed 6-month value 438,Bismarck / Mandan,Allstate North American,nd-2026-ex01,876
nd-2026,ND,2026,https://www.insurance.nd.gov/sites/default/files/documents/Consumers/Auto/2026%20Auto%20Insurance%20Cost%20Survey.pdf,PDF p.4 (printed p.6) table 'Example #1' row 'Allstate North American' column 'Grand Forks'; printed 6-month value 464,Grand Forks,Allstate North American,nd-2026-ex01,928
nd-2026,ND,2026,https://www.insurance.nd.gov/sites/default/files/documents/Consumers/Auto/2026%20Auto%20Insurance%20Cost%20Survey.pdf,PDF p.4 (printed p.6) table 'Example #1' row 'Allstate North American' column 'Minot'; printed 6-month value 478,Minot,Allstate North American,nd-2026-ex01,956
nd-2026,ND,2026,https://www.insurance.nd.gov/sites/default/files/documents/Consumers/Auto/2026%20Auto%20Insurance%20Cost%20Survey.pdf,PDF p.4 (printed p.6) table 'Example #1' row 'Allstate North American' column 'Remainder of State'; printed 6-month value 477,Remainder of State,Allstate North American,nd-2026-ex01,954
nd-2026,ND,2026,https://www.insurance.nd.gov/sites/default/files/documents/Consumers/Auto/2026%20Auto%20Insurance%20Cost%20Survey.pdf,PDF p.4 (printed p.6) table 'Example #1' row 'American Family' column 'Fargo'; printed 6-month value 454,Fargo,American Family,nd-2026-ex01,908
nd-2026,ND,2026,https://www.insurance.nd.gov/sites/default/files/documents/Consumers/Auto/2026%20Auto%20Insurance%20Cost%20Survey.pdf,PDF p.4 (printed p.6) table 'Example #1' row 'American Family' column 'Bismarck / Mandan'; printed 6-month value 515,Bismarck / Mandan,American Family,nd-2026-ex01,1030
nd-2026,ND,2026,https://www.insurance.nd.gov/sites/default/files/documents/Consumers/Auto/2026%20Auto%20Insurance%20Cost%20Survey.pdf,PDF p.4 (printed p.6) table 'Example #1' row 'American Family' column 'Grand Forks'; printed 6-month value 452,Grand Forks,American Family,nd-2026-ex01,904
nd-2026,ND,2026,https://www.insurance.nd.gov/sites/default/files/documents/Consumers/Auto/2026%20Auto%20Insurance%20Cost%20Survey.pdf,PDF p.4 (printed p.6) table 'Example #1' row 'American Family' column 'Minot'; printed 6-month value 492,Minot,American Family,nd-2026-ex01,984
nd-2026,ND,2026,https://www.insurance.nd.gov/sites/default/files/documents/Consumers/Auto/2026%20Auto%20Insurance%20Cost%20Survey.pdf,PDF p.4 (printed p.6) table 'Example #1' row 'American Family' column 'Remainder of State'; printed 6-month value 441,Remainder of State,American Family,nd-2026-ex01,882
nd-2026,ND,2026,https://www.insurance.nd.gov/sites/default/files/documents/Consumers/Auto/2026%20Auto%20Insurance%20Cost%20Survey.pdf,PDF p.4 (printed p.6) table 'Example #1' row 'Auto Owners' column 'Fargo'; printed 6-month value 961,Fargo,Auto Owners,nd-2026-ex01,1922
nd-2026,ND,2026,https://www.insurance.nd.gov/sites/default/files/documents/Consumers/Auto/2026%20Auto%20Insurance%20Cost%20Survey.pdf,PDF p.4 (printed p.6) table 'Example #1' row 'Auto Owners' column 'Bismarck / Mandan'; printed 6-month value 1094,Bismarck / Mandan,Auto Owners,nd-2026-ex01,2188
nd-2026,ND,2026,https://www.insurance.nd.gov/sites/default/files/documents/Consumers/Auto/2026%20Auto%20Insurance%20Cost%20Survey.pdf,PDF p.4 (printed p.6) table 'Example #1' row 'Auto Owners' column 'Grand Forks'; printed 6-month value 935,Grand Forks,Auto Owners,nd-2026-ex01,1870
nd-2026,ND,2026,https://www.insurance.nd.gov/sites/default/files/documents/Consumers/Auto/2026%20Auto%20Insurance%20Cost%20Survey.pdf,PDF p.4 (printed p.6) table 'Example #1' row 'Auto Owners' column 'Minot'; printed 6-month value 934,Minot,Auto Owners,nd-2026-ex01,1868
nd-2026,ND,2026,https://www.insurance.nd.gov/sites/default/files/documents/Consumers/Auto/2026%20Auto%20Insurance%20Cost%20Survey.pdf,PDF p.4 (printed p.6) table 'Example #1' row 'Auto Owners' column 'Remainder of State'; printed 6-month value 941,Remainder of State,Auto Owners,nd-2026-ex01,1882
nd-2026,ND,2026,https://www.insurance.nd.gov/sites/default/files/documents/Consumers/Auto/2026%20Auto%20Insurance%20Cost%20Survey.pdf,PDF p.4 (printed p.6) table 'Example #1' row 'Casualty Insurance' column 'Fargo'; printed 6-month value 744,Fargo,Casualty Insurance,nd-2026-ex01,1488
nd-2026,ND,2026,https://www.insurance.nd.gov/sites/default/files/documents/Consumers/Auto/2026%20Auto%20Insurance%20Cost%20Survey.pdf,PDF p.4 (printed p.6) table 'Example #1' row 'Casualty Insurance' column 'Bismarck / Mandan'; printed 6-month value 762,Bismarck / Mandan,Casualty Insurance,nd-2026-ex01,1524
nd-2026,ND,2026,https://www.insurance.nd.gov/sites/default/files/documents/Consumers/Auto/2026%20Auto%20Insurance%20Cost%20Survey.pdf,PDF p.4 (printed p.6) table 'Example #1' row 'Casualty Insurance' column 'Grand Forks'; printed 6-month value 704,Grand Forks,Casualty Insurance,nd-2026-ex01,1408
nd-2026,ND,2026,https://www.insurance.nd.gov/sites/default/files/documents/Consumers/Auto/2026%20Auto%20Insurance%20Cost%20Survey.pdf,PDF p.4 (printed p.6) table 'Example #1' row 'Casualty Insurance' column 'Minot'; printed 6-month value 706,Minot,Casualty Insurance,nd-2026-ex01,1412
nd-2026,ND,2026,https://www.insurance.nd.gov/sites/default/files/documents/Consumers/Auto/2026%20Auto%20Insurance%20Cost%20Survey.pdf,PDF p.4 (printed p.6) table 'Example #1' row 'Casualty Insurance' column 'Remainder of State'; printed 6-month value 847,Remainder of State,Casualty Insurance,nd-2026-ex01,1694
nd-2026,ND,2026,https://www.insurance.nd.gov/sites/default/files/documents/Consumers/Auto/2026%20Auto%20Insurance%20Cost%20Survey.pdf,PDF p.4 (printed p.6) table 'Example #1' row 'COUNTRY Preferred' column 'Fargo'; printed 6-month value 519,Fargo,COUNTRY Preferred,nd-2026-ex01,1038
nd-2026,ND,2026,https://www.insurance.nd.gov/sites/default/files/documents/Consumers/Auto/2026%20Auto%20Insurance%20Cost%20Survey.pdf,PDF p.4 (printed p.6) table 'Example #1' row 'COUNTRY Preferred' column 'Bismarck / Mandan'; printed 6-month value 545,Bismarck / Mandan,COUNTRY Preferred,nd-2026-ex01,1090
nd-2026,ND,2026,https://www.insurance.nd.gov/sites/default/files/documents/Consumers/Auto/2026%20Auto%20Insurance%20Cost%20Survey.pdf,PDF p.4 (printed p.6) table 'Example #1' row 'COUNTRY Preferred' column 'Grand Forks'; printed 6-month value 493,Grand Forks,COUNTRY Preferred,nd-2026-ex01,986
nd-2026,ND,2026,https://www.insurance.nd.gov/sites/default/files/documents/Consumers/Auto/2026%20Auto%20Insurance%20Cost%20Survey.pdf,PDF p.4 (printed p.6) table 'Example #1' row 'COUNTRY Preferred' column 'Minot'; printed 6-month value 555,Minot,COUNTRY Preferred,nd-2026-ex01,1110
nd-2026,ND,2026,https://www.insurance.nd.gov/sites/default/files/documents/Consumers/Auto/2026%20Auto%20Insurance%20Cost%20Survey.pdf,PDF p.4 (printed p.6) table 'Example #1' row 'COUNTRY Preferred' column 'Remainder of State'; printed 6-month value 535,Remainder of State,COUNTRY Preferred,nd-2026-ex01,1070
nd-2026,ND,2026,https://www.insurance.nd.gov/sites/default/files/documents/Consumers/Auto/2026%20Auto%20Insurance%20Cost%20Survey.pdf,PDF p.4 (printed p.6) table 'Example #1' row 'Farmers Group' column 'Fargo'; printed 6-month value 1558,Fargo,Farmers Group,nd-2026-ex01,3116
nd-2026,ND,2026,https://www.insurance.nd.gov/sites/default/files/documents/Consumers/Auto/2026%20Auto%20Insurance%20Cost%20Survey.pdf,PDF p.4 (printed p.6) table 'Example #1' row 'Farmers Group' column 'Bismarck / Mandan'; printed 6-month value 1801,Bismarck / Mandan,Farmers Group,nd-2026-ex01,3602
nd-2026,ND,2026,https://www.insurance.nd.gov/sites/default/files/documents/Consumers/Auto/2026%20Auto%20Insurance%20Cost%20Survey.pdf,PDF p.4 (printed p.6) table 'Example #1' row 'Farmers Group' column 'Grand Forks'; printed 6-month value 1548,Grand Forks,Farmers Group,nd-2026-ex01,3096
nd-2026,ND,2026,https://www.insurance.nd.gov/sites/default/files/documents/Consumers/Auto/2026%20Auto%20Insurance%20Cost%20Survey.pdf,PDF p.4 (printed p.6) table 'Example #1' row 'Farmers Group' column 'Minot'; printed 6-month value 1659,Minot,Farmers Group,nd-2026-ex01,3318
nd-2026,ND,2026,https://www.insurance.nd.gov/sites/default/files/documents/Consumers/Auto/2026%20Auto%20Insurance%20Cost%20Survey.pdf,PDF p.4 (printed p.6) table 'Example #1' row 'Farmers Group' column 'Remainder of State'; printed 6-month value 1667,Remainder of State,Farmers Group,nd-2026-ex01,3334
nd-2026,ND,2026,https://www.insurance.nd.gov/sites/default/files/documents/Consumers/Auto/2026%20Auto%20Insurance%20Cost%20Survey.pdf,PDF p.4 (printed p.6) table 'Example #1' row 'Farmers Property' column 'Fargo'; printed 6-month value 1643,Fargo,Farmers Property,nd-2026-ex01,3286
nd-2026,ND,2026,https://www.insurance.nd.gov/sites/default/files/documents/Consumers/Auto/2026%20Auto%20Insurance%20Cost%20Survey.pdf,PDF p.4 (printed p.6) table 'Example #1' row 'Farmers Property' column 'Bismarck / Mandan'; printed 6-month value 1847,Bismarck / Mandan,Farmers Property,nd-2026-ex01,3694
nd-2026,ND,2026,https://www.insurance.nd.gov/sites/default/files/documents/Consumers/Auto/2026%20Auto%20Insurance%20Cost%20Survey.pdf,PDF p.4 (printed p.6) table 'Example #1' row 'Farmers Property' column 'Grand Forks'; printed 6-month value 1786,Grand Forks,Farmers Property,nd-2026-ex01,3572
nd-2026,ND,2026,https://www.insurance.nd.gov/sites/default/files/documents/Consumers/Auto/2026%20Auto%20Insurance%20Cost%20Survey.pdf,PDF p.4 (printed p.6) table 'Example #1' row 'Farmers Property' column 'Minot'; printed 6-month value 1751,Minot,Farmers Property,nd-2026-ex01,3502
nd-2026,ND,2026,https://www.insurance.nd.gov/sites/default/files/documents/Consumers/Auto/2026%20Auto%20Insurance%20Cost%20Survey.pdf,PDF p.4 (printed p.6) table 'Example #1' row 'Farmers Property' column 'Remainder of State'; printed 6-month value 1814,Remainder of State,Farmers Property,nd-2026-ex01,3628
nd-2026,ND,2026,https://www.insurance.nd.gov/sites/default/files/documents/Consumers/Auto/2026%20Auto%20Insurance%20Cost%20Survey.pdf,PDF p.4 (printed p.6) table 'Example #1' row 'Garrison' column 'Fargo'; printed 6-month value 911,Fargo,Garrison,nd-2026-ex01,1822
nd-2026,ND,2026,https://www.insurance.nd.gov/sites/default/files/documents/Consumers/Auto/2026%20Auto%20Insurance%20Cost%20Survey.pdf,PDF p.4 (printed p.6) table 'Example #1' row 'Garrison' column 'Bismarck / Mandan'; printed 6-month value 932,Bismarck / Mandan,Garrison,nd-2026-ex01,1864
nd-2026,ND,2026,https://www.insurance.nd.gov/sites/default/files/documents/Consumers/Auto/2026%20Auto%20Insurance%20Cost%20Survey.pdf,PDF p.4 (printed p.6) table 'Example #1' row 'Garrison' column 'Grand Forks'; printed 6-month value 866,Grand Forks,Garrison,nd-2026-ex01,1732
nd-2026,ND,2026,https://www.insurance.nd.gov/sites/default/files/documents/Consumers/Auto/2026%20Auto%20Insurance%20Cost%20Survey.pdf,PDF p.4 (printed p.6) table 'Example #1' row 'Garrison' column 'Minot'; printed 6-month value 876,Minot,Garrison,nd-2026-ex01,1752
nd-2026,ND,2026,https://www.insurance.nd.gov/sites/default/files/documents/Consumers/Auto/2026%20Auto%20Insurance%20Cost%20Survey.pdf,PDF p.4 (printed p.6) table 'Example #1' row 'Garrison' column 'Remainder of State'; printed 6-month value 1053,Remainder of State,Garrison,nd-2026-ex01,2106
nd-2026,ND,2026,https://www.insurance.nd.gov/sites/default/files/documents/Consumers/Auto/2026%20Auto%20Insurance%20Cost%20Survey.pdf,PDF p.4 (printed p.6) table 'Example #1' row 'GEICO Casualty' column 'Fargo'; printed 6-month value 670,Fargo,GEICO Casualty,nd-2026-ex01,1340
nd-2026,ND,2026,https://www.insurance.nd.gov/sites/default/files/documents/Consumers/Auto/2026%20Auto%20Insurance%20Cost%20Survey.pdf,PDF p.4 (printed p.6) table 'Example #1' row 'GEICO Casualty' column 'Bismarck / Mandan'; printed 6-month value 716,Bismarck / Mandan,GEICO Casualty,nd-2026-ex01,1432
nd-2026,ND,2026,https://www.insurance.nd.gov/sites/default/files/documents/Consumers/Auto/2026%20Auto%20Insurance%20Cost%20Survey.pdf,PDF p.4 (printed p.6) table 'Example #1' row 'GEICO Casualty' column 'Grand Forks'; printed 6-month value 603,Grand Forks,GEICO Casualty,nd-2026-ex01,1206
nd-2026,ND,2026,https://www.insurance.nd.gov/sites/default/files/documents/Consumers/Auto/2026%20Auto%20Insurance%20Cost%20Survey.pdf,PDF p.4 (printed p.6) table 'Example #1' row 'GEICO Casualty' column 'Minot'; printed 6-month value 689,Minot,GEICO Casualty,nd-2026-ex01,1378
nd-2026,ND,2026,https://www.insurance.nd.gov/sites/default/files/documents/Consumers/Auto/2026%20Auto%20Insurance%20Cost%20Survey.pdf,PDF p.4 (printed p.6) table 'Example #1' row 'GEICO Casualty' column 'Remainder of State'; printed 6-month value 820,Remainder of State,GEICO Casualty,nd-2026-ex01,1640
nd-2026,ND,2026,https://www.insurance.nd.gov/sites/default/files/documents/Consumers/Auto/2026%20Auto%20Insurance%20Cost%20Survey.pdf,PDF p.4 (printed p.6) table 'Example #1' row 'GEICO Marine' column 'Fargo'; printed 6-month value 672,Fargo,GEICO Marine,nd-2026-ex01,1344
nd-2026,ND,2026,https://www.insurance.nd.gov/sites/default/files/documents/Consumers/Auto/2026%20Auto%20Insurance%20Cost%20Survey.pdf,PDF p.4 (printed p.6) table 'Example #1' row 'GEICO Marine' column 'Bismarck / Mandan'; printed 6-month value 719,Bismarck / Mandan,GEICO Marine,nd-2026-ex01,1438
nd-2026,ND,2026,https://www.insurance.nd.gov/sites/default/files/documents/Consumers/Auto/2026%20Auto%20Insurance%20Cost%20Survey.pdf,PDF p.4 (printed p.6) table 'Example #1' row 'GEICO Marine' column 'Grand Forks'; printed 6-month value 604,Grand Forks,GEICO Marine,nd-2026-ex01,1208
nd-2026,ND,2026,https://www.insurance.nd.gov/sites/default/files/documents/Consumers/Auto/2026%20Auto%20Insurance%20Cost%20Survey.pdf,PDF p.4 (printed p.6) table 'Example #1' row 'GEICO Marine' column 'Minot'; printed 6-month value 690,Minot,GEICO Marine,nd-2026-ex01,1380
nd-2026,ND,2026,https://www.insurance.nd.gov/sites/default/files/documents/Consumers/Auto/2026%20Auto%20Insurance%20Cost%20Survey.pdf,PDF p.4 (printed p.6) table 'Example #1' row 'GEICO Marine' column 'Remainder of State'; printed 6-month value 821,Remainder of State,GEICO Marine,nd-2026-ex01,1642
nd-2026,ND,2026,https://www.insurance.nd.gov/sites/default/files/documents/Consumers/Auto/2026%20Auto%20Insurance%20Cost%20Survey.pdf,PDF p.4 (printed p.6) table 'Example #1' row 'General Indemnity' column 'Fargo'; printed 6-month value 860,Fargo,General Indemnity,nd-2026-ex01,1720
nd-2026,ND,2026,https://www.insurance.nd.gov/sites/default/files/documents/Consumers/Auto/2026%20Auto%20Insurance%20Cost%20Survey.pdf,PDF p.4 (printed p.6) table 'Example #1' row 'General Indemnity' column 'Bismarck / Mandan'; printed 6-month value 878,Bismarck / Mandan,General Indemnity,nd-2026-ex01,1756
nd-2026,ND,2026,https://www.insurance.nd.gov/sites/default/files/documents/Consumers/Auto/2026%20Auto%20Insurance%20Cost%20Survey.pdf,PDF p.4 (printed p.6) table 'Example #1' row 'General Indemnity' column 'Grand Forks'; printed 6-month value 799,Grand Forks,General Indemnity,nd-2026-ex01,1598
nd-2026,ND,2026,https://www.insurance.nd.gov/sites/default/files/documents/Consumers/Auto/2026%20Auto%20Insurance%20Cost%20Survey.pdf,PDF p.4 (printed p.6) table 'Example #1' row 'General Indemnity' column 'Minot'; printed 6-month value 819,Minot,General Indemnity,nd-2026-ex01,1638
nd-2026,ND,2026,https://www.insurance.nd.gov/sites/default/files/documents/Consumers/Auto/2026%20Auto%20Insurance%20Cost%20Survey.pdf,PDF p.4 (printed p.6) table 'Example #1' row 'General Indemnity' column 'Remainder of State'; printed 6-month value 996,Remainder of State,General Indemnity,nd-2026-ex01,1992
nd-2026,ND,2026,https://www.insurance.nd.gov/sites/default/files/documents/Consumers/Auto/2026%20Auto%20Insurance%20Cost%20Survey.pdf,PDF p.4 (printed p.6) table 'Example #1' row 'Grinnell Compass/Mutual' column 'Fargo'; printed 6-month value 969,Fargo,Grinnell Compass/Mutual,nd-2026-ex01,1938
nd-2026,ND,2026,https://www.insurance.nd.gov/sites/default/files/documents/Consumers/Auto/2026%20Auto%20Insurance%20Cost%20Survey.pdf,PDF p.4 (printed p.6) table 'Example #1' row 'Grinnell Compass/Mutual' column 'Bismarck / Mandan'; printed 6-month value 1066,Bismarck / Mandan,Grinnell Compass/Mutual,nd-2026-ex01,2132
nd-2026,ND,2026,https://www.insurance.nd.gov/sites/default/files/documents/Consumers/Auto/2026%20Auto%20Insurance%20Cost%20Survey.pdf,PDF p.4 (printed p.6) table 'Example #1' row 'Grinnell Compass/Mutual' column 'Grand Forks'; printed 6-month value 1017,Grand Forks,Grinnell Compass/Mutual,nd-2026-ex01,2034
nd-2026,ND,2026,https://www.insurance.nd.gov/sites/default/files/documents/Consumers/Auto/2026%20Auto%20Insurance%20Cost%20Survey.pdf,PDF p.4 (printed p.6) table 'Example #1' row 'Grinnell Compass/Mutual' column 'Minot'; printed 6-month value 1118,Minot,Grinnell Compass/Mutual,nd-2026-ex01,2236
nd-2026,ND,2026,https://www.insurance.nd.gov/sites/default/files/documents/Consumers/Auto/2026%20Auto%20Insurance%20Cost%20Survey.pdf,PDF p.4 (printed p.6) table 'Example #1' row 'Grinnell Compass/Mutual' column 'Remainder of State'; printed 6-month value 969,Remainder of State,Grinnell Compass/Mutual,nd-2026-ex01,1938
nd-2026,ND,2026,https://www.insurance.nd.gov/sites/default/files/documents/Consumers/Auto/2026%20Auto%20Insurance%20Cost%20Survey.pdf,PDF p.4 (printed p.6) table 'Example #1' row 'National Farmers Union' column 'Fargo'; printed 6-month value 395,Fargo,National Farmers Union,nd-2026-ex01,790
nd-2026,ND,2026,https://www.insurance.nd.gov/sites/default/files/documents/Consumers/Auto/2026%20Auto%20Insurance%20Cost%20Survey.pdf,PDF p.4 (printed p.6) table 'Example #1' row 'National Farmers Union' column 'Bismarck / Mandan'; printed 6-month value 472,Bismarck / Mandan,National Farmers Union,nd-2026-ex01,944
nd-2026,ND,2026,https://www.insurance.nd.gov/sites/default/files/documents/Consumers/Auto/2026%20Auto%20Insurance%20Cost%20Survey.pdf,PDF p.4 (printed p.6) table 'Example #1' row 'National Farmers Union' column 'Grand Forks'; printed 6-month value 429,Grand Forks,National Farmers Union,nd-2026-ex01,858
nd-2026,ND,2026,https://www.insurance.nd.gov/sites/default/files/documents/Consumers/Auto/2026%20Auto%20Insurance%20Cost%20Survey.pdf,PDF p.4 (printed p.6) table 'Example #1' row 'National Farmers Union' column 'Minot'; printed 6-month value 581,Minot,National Farmers Union,nd-2026-ex01,1162
nd-2026,ND,2026,https://www.insurance.nd.gov/sites/default/files/documents/Consumers/Auto/2026%20Auto%20Insurance%20Cost%20Survey.pdf,PDF p.4 (printed p.6) table 'Example #1' row 'National Farmers Union' column 'Remainder of State'; printed 6-month value 781,Remainder of State,National Farmers Union,nd-2026-ex01,1562
nd-2026,ND,2026,https://www.insurance.nd.gov/sites/default/files/documents/Consumers/Auto/2026%20Auto%20Insurance%20Cost%20Survey.pdf,PDF p.4 (printed p.6) table 'Example #1' row 'Nationwide Mutual' column 'Fargo'; printed 6-month value 623,Fargo,Nationwide Mutual,nd-2026-ex01,1246
nd-2026,ND,2026,https://www.insurance.nd.gov/sites/default/files/documents/Consumers/Auto/2026%20Auto%20Insurance%20Cost%20Survey.pdf,PDF p.4 (printed p.6) table 'Example #1' row 'Nationwide Mutual' column 'Bismarck / Mandan'; printed 6-month value 671,Bismarck / Mandan,Nationwide Mutual,nd-2026-ex01,1342
nd-2026,ND,2026,https://www.insurance.nd.gov/sites/default/files/documents/Consumers/Auto/2026%20Auto%20Insurance%20Cost%20Survey.pdf,PDF p.4 (printed p.6) table 'Example #1' row 'Nationwide Mutual' column 'Grand Forks'; printed 6-month value 597,Grand Forks,Nationwide Mutual,nd-2026-ex01,1194
nd-2026,ND,2026,https://www.insurance.nd.gov/sites/default/files/documents/Consumers/Auto/2026%20Auto%20Insurance%20Cost%20Survey.pdf,PDF p.4 (printed p.6) table 'Example #1' row 'Nationwide Mutual' column 'Minot'; printed 6-month value 681,Minot,Nationwide Mutual,nd-2026-ex01,1362
nd-2026,ND,2026,https://www.insurance.nd.gov/sites/default/files/documents/Consumers/Auto/2026%20Auto%20Insurance%20Cost%20Survey.pdf,PDF p.4 (printed p.6) table 'Example #1' row 'Nationwide Mutual' column 'Remainder of State'; printed 6-month value 692,Remainder of State,Nationwide Mutual,nd-2026-ex01,1384
nd-2026,ND,2026,https://www.insurance.nd.gov/sites/default/files/documents/Consumers/Auto/2026%20Auto%20Insurance%20Cost%20Survey.pdf,PDF p.4 (printed p.6) table 'Example #1' row 'Nodak' column 'Fargo'; printed 6-month value 496,Fargo,Nodak,nd-2026-ex01,992
nd-2026,ND,2026,https://www.insurance.nd.gov/sites/default/files/documents/Consumers/Auto/2026%20Auto%20Insurance%20Cost%20Survey.pdf,PDF p.4 (printed p.6) table 'Example #1' row 'Nodak' column 'Bismarck / Mandan'; printed 6-month value 557,Bismarck / Mandan,Nodak,nd-2026-ex01,1114
nd-2026,ND,2026,https://www.insurance.nd.gov/sites/default/files/documents/Consumers/Auto/2026%20Auto%20Insurance%20Cost%20Survey.pdf,PDF p.4 (printed p.6) table 'Example #1' row 'Nodak' column 'Grand Forks'; printed 6-month value 608,Grand Forks,Nodak,nd-2026-ex01,1216
nd-2026,ND,2026,https://www.insurance.nd.gov/sites/default/files/documents/Consumers/Auto/2026%20Auto%20Insurance%20Cost%20Survey.pdf,PDF p.4 (printed p.6) table 'Example #1' row 'Nodak' column 'Minot'; printed 6-month value 637,Minot,Nodak,nd-2026-ex01,1274
nd-2026,ND,2026,https://www.insurance.nd.gov/sites/default/files/documents/Consumers/Auto/2026%20Auto%20Insurance%20Cost%20Survey.pdf,PDF p.4 (printed p.6) table 'Example #1' row 'Nodak' column 'Remainder of State'; printed 6-month value 528,Remainder of State,Nodak,nd-2026-ex01,1056
nd-2026,ND,2026,https://www.insurance.nd.gov/sites/default/files/documents/Consumers/Auto/2026%20Auto%20Insurance%20Cost%20Survey.pdf,PDF p.4 (printed p.6) table 'Example #1' row 'North Star Mutual' column 'Fargo'; printed 6-month value 650,Fargo,North Star Mutual,nd-2026-ex01,1300
nd-2026,ND,2026,https://www.insurance.nd.gov/sites/default/files/documents/Consumers/Auto/2026%20Auto%20Insurance%20Cost%20Survey.pdf,PDF p.4 (printed p.6) table 'Example #1' row 'North Star Mutual' column 'Bismarck / Mandan'; printed 6-month value 818,Bismarck / Mandan,North Star Mutual,nd-2026-ex01,1636
nd-2026,ND,2026,https://www.insurance.nd.gov/sites/default/files/documents/Consumers/Auto/2026%20Auto%20Insurance%20Cost%20Survey.pdf,PDF p.4 (printed p.6) table 'Example #1' row 'North Star Mutual' column 'Grand Forks'; printed 6-month value 644,Grand Forks,North Star Mutual,nd-2026-ex01,1288
nd-2026,ND,2026,https://www.insurance.nd.gov/sites/default/files/documents/Consumers/Auto/2026%20Auto%20Insurance%20Cost%20Survey.pdf,PDF p.4 (printed p.6) table 'Example #1' row 'North Star Mutual' column 'Minot'; printed 6-month value 623,Minot,North Star Mutual,nd-2026-ex01,1246
nd-2026,ND,2026,https://www.insurance.nd.gov/sites/default/files/documents/Consumers/Auto/2026%20Auto%20Insurance%20Cost%20Survey.pdf,PDF p.4 (printed p.6) table 'Example #1' row 'North Star Mutual' column 'Remainder of State'; printed 6-month value 618,Remainder of State,North Star Mutual,nd-2026-ex01,1236
nd-2026,ND,2026,https://www.insurance.nd.gov/sites/default/files/documents/Consumers/Auto/2026%20Auto%20Insurance%20Cost%20Survey.pdf,PDF p.4 (printed p.6) table 'Example #1' row 'Owners Insurance' column 'Fargo'; printed 6-month value 781,Fargo,Owners Insurance,nd-2026-ex01,1562
nd-2026,ND,2026,https://www.insurance.nd.gov/sites/default/files/documents/Consumers/Auto/2026%20Auto%20Insurance%20Cost%20Survey.pdf,PDF p.4 (printed p.6) table 'Example #1' row 'Owners Insurance' column 'Bismarck / Mandan'; printed 6-month value 887,Bismarck / Mandan,Owners Insurance,nd-2026-ex01,1774
nd-2026,ND,2026,https://www.insurance.nd.gov/sites/default/files/documents/Consumers/Auto/2026%20Auto%20Insurance%20Cost%20Survey.pdf,PDF p.4 (printed p.6) table 'Example #1' row 'Owners Insurance' column 'Grand Forks'; printed 6-month value 760,Grand Forks,Owners Insurance,nd-2026-ex01,1520
nd-2026,ND,2026,https://www.insurance.nd.gov/sites/default/files/documents/Consumers/Auto/2026%20Auto%20Insurance%20Cost%20Survey.pdf,PDF p.4 (printed p.6) table 'Example #1' row 'Owners Insurance' column 'Minot'; printed 6-month value 758,Minot,Owners Insurance,nd-2026-ex01,1516
nd-2026,ND,2026,https://www.insurance.nd.gov/sites/default/files/documents/Consumers/Auto/2026%20Auto%20Insurance%20Cost%20Survey.pdf,PDF p.4 (printed p.6) table 'Example #1' row 'Owners Insurance' column 'Remainder of State'; printed 6-month value 763,Remainder of State,Owners Insurance,nd-2026-ex01,1526
nd-2026,ND,2026,https://www.insurance.nd.gov/sites/default/files/documents/Consumers/Auto/2026%20Auto%20Insurance%20Cost%20Survey.pdf,PDF p.4 (printed p.6) table 'Example #1' row 'Progressive Direct' column 'Fargo'; printed 6-month value 311,Fargo,Progressive Direct,nd-2026-ex01,622
nd-2026,ND,2026,https://www.insurance.nd.gov/sites/default/files/documents/Consumers/Auto/2026%20Auto%20Insurance%20Cost%20Survey.pdf,PDF p.4 (printed p.6) table 'Example #1' row 'Progressive Direct' column 'Bismarck / Mandan'; printed 6-month value 348,Bismarck / Mandan,Progressive Direct,nd-2026-ex01,696
nd-2026,ND,2026,https://www.insurance.nd.gov/sites/default/files/documents/Consumers/Auto/2026%20Auto%20Insurance%20Cost%20Survey.pdf,PDF p.4 (printed p.6) table 'Example #1' row 'Progressive Direct' column 'Grand Forks'; printed 6-month value 316,Grand Forks,Progressive Direct,nd-2026-ex01,632
nd-2026,ND,2026,https://www.insurance.nd.gov/sites/default/files/documents/Consumers/Auto/2026%20Auto%20Insurance%20Cost%20Survey.pdf,PDF p.4 (printed p.6) table 'Example #1' row 'Progressive Direct' column 'Minot'; printed 6-month value 367,Minot,Progressive Direct,nd-2026-ex01,734
nd-2026,ND,2026,https://www.insurance.nd.gov/sites/default/files/documents/Consumers/Auto/2026%20Auto%20Insurance%20Cost%20Survey.pdf,PDF p.4 (printed p.6) table 'Example #1' row 'Progressive Direct' column 'Remainder of State'; printed 6-month value 358,Remainder of State,Progressive Direct,nd-2026-ex01,716
nd-2026,ND,2026,https://www.insurance.nd.gov/sites/default/files/documents/Consumers/Auto/2026%20Auto%20Insurance%20Cost%20Survey.pdf,PDF p.4 (printed p.6) table 'Example #1' row 'Progressive Northwestern' column 'Fargo'; printed 6-month value 424,Fargo,Progressive Northwestern,nd-2026-ex01,848
nd-2026,ND,2026,https://www.insurance.nd.gov/sites/default/files/documents/Consumers/Auto/2026%20Auto%20Insurance%20Cost%20Survey.pdf,PDF p.4 (printed p.6) table 'Example #1' row 'Progressive Northwestern' column 'Bismarck / Mandan'; printed 6-month value 499,Bismarck / Mandan,Progressive Northwestern,nd-2026-ex01,998
nd-2026,ND,2026,https://www.insurance.nd.gov/sites/default/files/documents/Consumers/Auto/2026%20Auto%20Insurance%20Cost%20Survey.pdf,PDF p.4 (printed p.6) table 'Example #1' row 'Progressive Northwestern' column 'Grand Forks'; printed 6-month value 485,Grand Forks,Progressive Northwestern,nd-2026-ex01,970
nd-2026,ND,2026,https://www.insurance.nd.gov/sites/default/files/documents/Consumers/Auto/2026%20Auto%20Insurance%20Cost%20Survey.pdf,PDF p.4 (printed p.6) table 'Example #1' row 'Progressive Northwestern' column 'Minot'; printed 6-month value 541,Minot,Progressive Northwestern,nd-2026-ex01,1082
nd-2026,ND,2026,https://www.insurance.nd.gov/sites/default/files/documents/Consumers/Auto/2026%20Auto%20Insurance%20Cost%20Survey.pdf,PDF p.4 (printed p.6) table 'Example #1' row 'Progressive Northwestern' column 'Remainder of State'; printed 6-month value 521,Remainder of State,Progressive Northwestern,nd-2026-ex01,1042
nd-2026,ND,2026,https://www.insurance.nd.gov/sites/default/files/documents/Consumers/Auto/2026%20Auto%20Insurance%20Cost%20Survey.pdf,PDF p.4 (printed p.6) table 'Example #1' row 'RAM Mutual' column 'Fargo'; printed 6-month value 1160,Fargo,RAM Mutual,nd-2026-ex01,2320
nd-2026,ND,2026,https://www.insurance.nd.gov/sites/default/files/documents/Consumers/Auto/2026%20Auto%20Insurance%20Cost%20Survey.pdf,PDF p.4 (printed p.6) table 'Example #1' row 'RAM Mutual' column 'Bismarck / Mandan'; printed 6-month value 1504,Bismarck / Mandan,RAM Mutual,nd-2026-ex01,3008
nd-2026,ND,2026,https://www.insurance.nd.gov/sites/default/files/documents/Consumers/Auto/2026%20Auto%20Insurance%20Cost%20Survey.pdf,PDF p.4 (printed p.6) table 'Example #1' row 'RAM Mutual' column 'Grand Forks'; printed 6-month value 1208,Grand Forks,RAM Mutual,nd-2026-ex01,2416
nd-2026,ND,2026,https://www.insurance.nd.gov/sites/default/files/documents/Consumers/Auto/2026%20Auto%20Insurance%20Cost%20Survey.pdf,PDF p.4 (printed p.6) table 'Example #1' row 'RAM Mutual' column 'Minot'; printed 6-month value 1377,Minot,RAM Mutual,nd-2026-ex01,2754
nd-2026,ND,2026,https://www.insurance.nd.gov/sites/default/files/documents/Consumers/Auto/2026%20Auto%20Insurance%20Cost%20Survey.pdf,PDF p.4 (printed p.6) table 'Example #1' row 'RAM Mutual' column 'Remainder of State'; printed 6-month value 1196,Remainder of State,RAM Mutual,nd-2026-ex01,2392
nd-2026,ND,2026,https://www.insurance.nd.gov/sites/default/files/documents/Consumers/Auto/2026%20Auto%20Insurance%20Cost%20Survey.pdf,PDF p.4 (printed p.6) table 'Example #1' row 'Safeco' column 'Fargo'; printed 6-month value 994**,Fargo,Safeco,nd-2026-ex01,1988
nd-2026,ND,2026,https://www.insurance.nd.gov/sites/default/files/documents/Consumers/Auto/2026%20Auto%20Insurance%20Cost%20Survey.pdf,PDF p.4 (printed p.6) table 'Example #1' row 'Safeco' column 'Bismarck / Mandan'; printed 6-month value 1172**,Bismarck / Mandan,Safeco,nd-2026-ex01,2344
nd-2026,ND,2026,https://www.insurance.nd.gov/sites/default/files/documents/Consumers/Auto/2026%20Auto%20Insurance%20Cost%20Survey.pdf,PDF p.4 (printed p.6) table 'Example #1' row 'Safeco' column 'Grand Forks'; printed 6-month value 1024**,Grand Forks,Safeco,nd-2026-ex01,2048
nd-2026,ND,2026,https://www.insurance.nd.gov/sites/default/files/documents/Consumers/Auto/2026%20Auto%20Insurance%20Cost%20Survey.pdf,PDF p.4 (printed p.6) table 'Example #1' row 'Safeco' column 'Minot'; printed 6-month value 1103**,Minot,Safeco,nd-2026-ex01,2206
nd-2026,ND,2026,https://www.insurance.nd.gov/sites/default/files/documents/Consumers/Auto/2026%20Auto%20Insurance%20Cost%20Survey.pdf,PDF p.4 (printed p.6) table 'Example #1' row 'Safeco' column 'Remainder of State'; printed 6-month value 1250**,Remainder of State,Safeco,nd-2026-ex01,2500
nd-2026,ND,2026,https://www.insurance.nd.gov/sites/default/files/documents/Consumers/Auto/2026%20Auto%20Insurance%20Cost%20Survey.pdf,PDF p.4 (printed p.6) table 'Example #1' row 'USAA' column 'Fargo'; printed 6-month value 764,Fargo,USAA,nd-2026-ex01,1528
nd-2026,ND,2026,https://www.insurance.nd.gov/sites/default/files/documents/Consumers/Auto/2026%20Auto%20Insurance%20Cost%20Survey.pdf,PDF p.4 (printed p.6) table 'Example #1' row 'USAA' column 'Bismarck / Mandan'; printed 6-month value 775,Bismarck / Mandan,USAA,nd-2026-ex01,1550
nd-2026,ND,2026,https://www.insurance.nd.gov/sites/default/files/documents/Consumers/Auto/2026%20Auto%20Insurance%20Cost%20Survey.pdf,PDF p.4 (printed p.6) table 'Example #1' row 'USAA' column 'Grand Forks'; printed 6-month value 709,Grand Forks,USAA,nd-2026-ex01,1418
nd-2026,ND,2026,https://www.insurance.nd.gov/sites/default/files/documents/Consumers/Auto/2026%20Auto%20Insurance%20Cost%20Survey.pdf,PDF p.4 (printed p.6) table 'Example #1' row 'USAA' column 'Minot'; printed 6-month value 723,Minot,USAA,nd-2026-ex01,1446
nd-2026,ND,2026,https://www.insurance.nd.gov/sites/default/files/documents/Consumers/Auto/2026%20Auto%20Insurance%20Cost%20Survey.pdf,PDF p.4 (printed p.6) table 'Example #1' row 'USAA' column 'Remainder of State'; printed 6-month value 872,Remainder of State,USAA,nd-2026-ex01,1744
nd-2026,ND,2026,https://www.insurance.nd.gov/sites/default/files/documents/Consumers/Auto/2026%20Auto%20Insurance%20Cost%20Survey.pdf,PDF p.4 (printed p.7) table 'Example #2' row 'Allstate' column 'Fargo'; printed 6-month value 1333,Fargo,Allstate,nd-2026-ex02,2666
nd-2026,ND,2026,https://www.insurance.nd.gov/sites/default/files/documents/Consumers/Auto/2026%20Auto%20Insurance%20Cost%20Survey.pdf,PDF p.4 (printed p.7) table 'Example #2' row 'Allstate' column 'Bismarck / Mandan'; printed 6-month value 1275,Bismarck / Mandan,Allstate,nd-2026-ex02,2550
nd-2026,ND,2026,https://www.insurance.nd.gov/sites/default/files/documents/Consumers/Auto/2026%20Auto%20Insurance%20Cost%20Survey.pdf,PDF p.4 (printed p.7) table 'Example #2' row 'Allstate' column 'Grand Forks'; printed 6-month value 1130,Grand Forks,Allstate,nd-2026-ex02,2260
nd-2026,ND,2026,https://www.insurance.nd.gov/sites/default/files/documents/Consumers/Auto/2026%20Auto%20Insurance%20Cost%20Survey.pdf,PDF p.4 (printed p.7) table 'Example #2' row 'Allstate' column 'Minot'; printed 6-month value 1166,Minot,Allstate,nd-2026-ex02,2332
nd-2026,ND,2026,https://www.insurance.nd.gov/sites/default/files/documents/Consumers/Auto/2026%20Auto%20Insurance%20Cost%20Survey.pdf,PDF p.4 (printed p.7) table 'Example #2' row 'Allstate' column 'Remainder of State'; printed 6-month value 1208,Remainder of State,Allstate,nd-2026-ex02,2416
nd-2026,ND,2026,https://www.insurance.nd.gov/sites/default/files/documents/Consumers/Auto/2026%20Auto%20Insurance%20Cost%20Survey.pdf,PDF p.4 (printed p.7) table 'Example #2' row 'Allstate North American' column 'Fargo'; printed 6-month value 363,Fargo,Allstate North American,nd-2026-ex02,726
nd-2026,ND,2026,https://www.insurance.nd.gov/sites/default/files/documents/Consumers/Auto/2026%20Auto%20Insurance%20Cost%20Survey.pdf,PDF p.4 (printed p.7) table 'Example #2' row 'Allstate North American' column 'Bismarck / Mandan'; printed 6-month value 339,Bismarck / Mandan,Allstate North American,nd-2026-ex02,678
nd-2026,ND,2026,https://www.insurance.nd.gov/sites/default/files/documents/Consumers/Auto/2026%20Auto%20Insurance%20Cost%20Survey.pdf,PDF p.4 (printed p.7) table 'Example #2' row 'Allstate North American' column 'Grand Forks'; printed 6-month value 358,Grand Forks,Allstate North American,nd-2026-ex02,716
nd-2026,ND,2026,https://www.insurance.nd.gov/sites/default/files/documents/Consumers/Auto/2026%20Auto%20Insurance%20Cost%20Survey.pdf,PDF p.4 (printed p.7) table 'Example #2' row 'Allstate North American' column 'Minot'; printed 6-month value 368,Minot,Allstate North American,nd-2026-ex02,736
nd-2026,ND,2026,https://www.insurance.nd.gov/sites/default/files/documents/Consumers/Auto/2026%20Auto%20Insurance%20Cost%20Survey.pdf,PDF p.4 (printed p.7) table 'Example #2' row 'Allstate North American' column 'Remainder of State'; printed 6-month value 370,Remainder of State,Allstate North American,nd-2026-ex02,740
nd-2026,ND,2026,https://www.insurance.nd.gov/sites/default/files/documents/Consumers/Auto/2026%20Auto%20Insurance%20Cost%20Survey.pdf,PDF p.4 (printed p.7) table 'Example #2' row 'American Family' column 'Fargo'; printed 6-month value 457,Fargo,American Family,nd-2026-ex02,914
nd-2026,ND,2026,https://www.insurance.nd.gov/sites/default/files/documents/Consumers/Auto/2026%20Auto%20Insurance%20Cost%20Survey.pdf,PDF p.4 (printed p.7) table 'Example #2' row 'American Family' column 'Bismarck / Mandan'; printed 6-month value 540,Bismarck / Mandan,American Family,nd-2026-ex02,1080
nd-2026,ND,2026,https://www.insurance.nd.gov/sites/default/files/documents/Consumers/Auto/2026%20Auto%20Insurance%20Cost%20Survey.pdf,PDF p.4 (printed p.7) table 'Example #2' row 'American Family' column 'Grand Forks'; printed 6-month value 454,Grand Forks,American Family,nd-2026-ex02,908
nd-2026,ND,2026,https://www.insurance.nd.gov/sites/default/files/documents/Consumers/Auto/2026%20Auto%20Insurance%20Cost%20Survey.pdf,PDF p.4 (printed p.7) table 'Example #2' row 'American Family' column 'Minot'; printed 6-month value 501,Minot,American Family,nd-2026-ex02,1002
nd-2026,ND,2026,https://www.insurance.nd.gov/sites/default/files/documents/Consumers/Auto/2026%20Auto%20Insurance%20Cost%20Survey.pdf,PDF p.4 (printed p.7) table 'Example #2' row 'American Family' column 'Remainder of State'; printed 6-month value 465,Remainder of State,American Family,nd-2026-ex02,930
nd-2026,ND,2026,https://www.insurance.nd.gov/sites/default/files/documents/Consumers/Auto/2026%20Auto%20Insurance%20Cost%20Survey.pdf,PDF p.4 (printed p.7) table 'Example #2' row 'Auto Owners' column 'Fargo'; printed 6-month value 893,Fargo,Auto Owners,nd-2026-ex02,1786
nd-2026,ND,2026,https://www.insurance.nd.gov/sites/default/files/documents/Consumers/Auto/2026%20Auto%20Insurance%20Cost%20Survey.pdf,PDF p.4 (printed p.7) table 'Example #2' row 'Auto Owners' column 'Bismarck / Mandan'; printed 6-month value 1017,Bismarck / Mandan,Auto Owners,nd-2026-ex02,2034
nd-2026,ND,2026,https://www.insurance.nd.gov/sites/default/files/documents/Consumers/Auto/2026%20Auto%20Insurance%20Cost%20Survey.pdf,PDF p.4 (printed p.7) table 'Example #2' row 'Auto Owners' column 'Grand Forks'; printed 6-month value 863,Grand Forks,Auto Owners,nd-2026-ex02,1726
nd-2026,ND,2026,https://www.insurance.nd.gov/sites/default/files/documents/Consumers/Auto/2026%20Auto%20Insurance%20Cost%20Survey.pdf,PDF p.4 (printed p.7) table 'Example #2' row 'Auto Owners' column 'Minot'; printed 6-month value 867,Minot,Auto Owners,nd-2026-ex02,1734
nd-2026,ND,2026,https://www.insurance.nd.gov/sites/default/files/documents/Consumers/Auto/2026%20Auto%20Insurance%20Cost%20Survey.pdf,PDF p.4 (printed p.7) table 'Example #2' row 'Auto Owners' column 'Remainder of State'; printed 6-month value 873,Remainder of State,Auto Owners,nd-2026-ex02,1746
nd-2026,ND,2026,https://www.insurance.nd.gov/sites/default/files/documents/Consumers/Auto/2026%20Auto%20Insurance%20Cost%20Survey.pdf,PDF p.4 (printed p.7) table 'Example #2' row 'Casualty Insurance' column 'Fargo'; printed 6-month value 552,Fargo,Casualty Insurance,nd-2026-ex02,1104
nd-2026,ND,2026,https://www.insurance.nd.gov/sites/default/files/documents/Consumers/Auto/2026%20Auto%20Insurance%20Cost%20Survey.pdf,PDF p.4 (printed p.7) table 'Example #2' row 'Casualty Insurance' column 'Bismarck / Mandan'; printed 6-month value 562,Bismarck / Mandan,Casualty Insurance,nd-2026-ex02,1124
nd-2026,ND,2026,https://www.insurance.nd.gov/sites/default/files/documents/Consumers/Auto/2026%20Auto%20Insurance%20Cost%20Survey.pdf,PDF p.4 (printed p.7) table 'Example #2' row 'Casualty Insurance' column 'Grand Forks'; printed 6-month value 521,Grand Forks,Casualty Insurance,nd-2026-ex02,1042
nd-2026,ND,2026,https://www.insurance.nd.gov/sites/default/files/documents/Consumers/Auto/2026%20Auto%20Insurance%20Cost%20Survey.pdf,PDF p.4 (printed p.7) table 'Example #2' row 'Casualty Insurance' column 'Minot'; printed 6-month value 523,Minot,Casualty Insurance,nd-2026-ex02,1046
nd-2026,ND,2026,https://www.insurance.nd.gov/sites/default/files/documents/Consumers/Auto/2026%20Auto%20Insurance%20Cost%20Survey.pdf,PDF p.4 (printed p.7) table 'Example #2' row 'Casualty Insurance' column 'Remainder of State'; printed 6-month value 627,Remainder of State,Casualty Insurance,nd-2026-ex02,1254
nd-2026,ND,2026,https://www.insurance.nd.gov/sites/default/files/documents/Consumers/Auto/2026%20Auto%20Insurance%20Cost%20Survey.pdf,PDF p.4 (printed p.7) table 'Example #2' row 'COUNTRY Preferred' column 'Fargo'; printed 6-month value 389,Fargo,COUNTRY Preferred,nd-2026-ex02,778
nd-2026,ND,2026,https://www.insurance.nd.gov/sites/default/files/documents/Consumers/Auto/2026%20Auto%20Insurance%20Cost%20Survey.pdf,PDF p.4 (printed p.7) table 'Example #2' row 'COUNTRY Preferred' column 'Bismarck / Mandan'; printed 6-month value 418,Bismarck / Mandan,COUNTRY Preferred,nd-2026-ex02,836
nd-2026,ND,2026,https://www.insurance.nd.gov/sites/default/files/documents/Consumers/Auto/2026%20Auto%20Insurance%20Cost%20Survey.pdf,PDF p.4 (printed p.7) table 'Example #2' row 'COUNTRY Preferred' column 'Grand Forks'; printed 6-month value 376,Grand Forks,COUNTRY Preferred,nd-2026-ex02,752
nd-2026,ND,2026,https://www.insurance.nd.gov/sites/default/files/documents/Consumers/Auto/2026%20Auto%20Insurance%20Cost%20Survey.pdf,PDF p.4 (printed p.7) table 'Example #2' row 'COUNTRY Preferred' column 'Minot'; printed 6-month value 429,Minot,COUNTRY Preferred,nd-2026-ex02,858
nd-2026,ND,2026,https://www.insurance.nd.gov/sites/default/files/documents/Consumers/Auto/2026%20Auto%20Insurance%20Cost%20Survey.pdf,PDF p.4 (printed p.7) table 'Example #2' row 'COUNTRY Preferred' column 'Remainder of State'; printed 6-month value 429,Remainder of State,COUNTRY Preferred,nd-2026-ex02,858
nd-2026,ND,2026,https://www.insurance.nd.gov/sites/default/files/documents/Consumers/Auto/2026%20Auto%20Insurance%20Cost%20Survey.pdf,PDF p.4 (printed p.7) table 'Example #2' row 'Farmers Group' column 'Fargo'; printed 6-month value 1001,Fargo,Farmers Group,nd-2026-ex02,2002
nd-2026,ND,2026,https://www.insurance.nd.gov/sites/default/files/documents/Consumers/Auto/2026%20Auto%20Insurance%20Cost%20Survey.pdf,PDF p.4 (printed p.7) table 'Example #2' row 'Farmers Group' column 'Bismarck / Mandan'; printed 6-month value 1157,Bismarck / Mandan,Farmers Group,nd-2026-ex02,2314
nd-2026,ND,2026,https://www.insurance.nd.gov/sites/default/files/documents/Consumers/Auto/2026%20Auto%20Insurance%20Cost%20Survey.pdf,PDF p.4 (printed p.7) table 'Example #2' row 'Farmers Group' column 'Grand Forks'; printed 6-month value 1005,Grand Forks,Farmers Group,nd-2026-ex02,2010
nd-2026,ND,2026,https://www.insurance.nd.gov/sites/default/files/documents/Consumers/Auto/2026%20Auto%20Insurance%20Cost%20Survey.pdf,PDF p.4 (printed p.7) table 'Example #2' row 'Farmers Group' column 'Minot'; printed 6-month value 1061,Minot,Farmers Group,nd-2026-ex02,2122
nd-2026,ND,2026,https://www.insurance.nd.gov/sites/default/files/documents/Consumers/Auto/2026%20Auto%20Insurance%20Cost%20Survey.pdf,PDF p.4 (printed p.7) table 'Example #2' row 'Farmers Group' column 'Remainder of State'; printed 6-month value 1076,Remainder of State,Farmers Group,nd-2026-ex02,2152
nd-2026,ND,2026,https://www.insurance.nd.gov/sites/default/files/documents/Consumers/Auto/2026%20Auto%20Insurance%20Cost%20Survey.pdf,PDF p.4 (printed p.7) table 'Example #2' row 'Farmers Property' column 'Fargo'; printed 6-month value 920,Fargo,Farmers Property,nd-2026-ex02,1840
nd-2026,ND,2026,https://www.insurance.nd.gov/sites/default/files/documents/Consumers/Auto/2026%20Auto%20Insurance%20Cost%20Survey.pdf,PDF p.4 (printed p.7) table 'Example #2' row 'Farmers Property' column 'Bismarck / Mandan'; printed 6-month value 1032,Bismarck / Mandan,Farmers Property,nd-2026-ex02,2064
nd-2026,ND,2026,https://www.insurance.nd.gov/sites/default/files/documents/Consumers/Auto/2026%20Auto%20Insurance%20Cost%20Survey.pdf,PDF p.4 (printed p.7) table 'Example #2' row 'Farmers Property' column 'Grand Forks'; printed 6-month value 1001,Grand Forks,Farmers Property,nd-2026-ex02,2002
nd-2026,ND,2026,https://www.insurance.nd.gov/sites/default/files/documents/Consumers/Auto/2026%20Auto%20Insurance%20Cost%20Survey.pdf,PDF p.4 (printed p.7) table 'Example #2' row 'Farmers Property' column 'Minot'; printed 6-month value 978,Minot,Farmers Property,nd-2026-ex02,1956
nd-2026,ND,2026,https://www.insurance.nd.gov/sites/default/files/documents/Consumers/Auto/2026%20Auto%20Insurance%20Cost%20Survey.pdf,PDF p.4 (printed p.7) table 'Example #2' row 'Farmers Property' column 'Remainder of State'; printed 6-month value 1012,Remainder of State,Farmers Property,nd-2026-ex02,2024
nd-2026,ND,2026,https://www.insurance.nd.gov/sites/default/files/documents/Consumers/Auto/2026%20Auto%20Insurance%20Cost%20Survey.pdf,PDF p.4 (printed p.7) table 'Example #2' row 'Garrison' column 'Fargo'; printed 6-month value 572,Fargo,Garrison,nd-2026-ex02,1144
nd-2026,ND,2026,https://www.insurance.nd.gov/sites/default/files/documents/Consumers/Auto/2026%20Auto%20Insurance%20Cost%20Survey.pdf,PDF p.4 (printed p.7) table 'Example #2' row 'Garrison' column 'Bismarck / Mandan'; printed 6-month value 578,Bismarck / Mandan,Garrison,nd-2026-ex02,1156
nd-2026,ND,2026,https://www.insurance.nd.gov/sites/default/files/documents/Consumers/Auto/2026%20Auto%20Insurance%20Cost%20Survey.pdf,PDF p.4 (printed p.7) table 'Example #2' row 'Garrison' column 'Grand Forks'; printed 6-month value 541,Grand Forks,Garrison,nd-2026-ex02,1082
nd-2026,ND,2026,https://www.insurance.nd.gov/sites/default/files/documents/Consumers/Auto/2026%20Auto%20Insurance%20Cost%20Survey.pdf,PDF p.4 (printed p.7) table 'Example #2' row 'Garrison' column 'Minot'; printed 6-month value 551,Minot,Garrison,nd-2026-ex02,1102
nd-2026,ND,2026,https://www.insurance.nd.gov/sites/default/files/documents/Consumers/Auto/2026%20Auto%20Insurance%20Cost%20Survey.pdf,PDF p.4 (printed p.7) table 'Example #2' row 'Garrison' column 'Remainder of State'; printed 6-month value 654,Remainder of State,Garrison,nd-2026-ex02,1308
nd-2026,ND,2026,https://www.insurance.nd.gov/sites/default/files/documents/Consumers/Auto/2026%20Auto%20Insurance%20Cost%20Survey.pdf,PDF p.4 (printed p.7) table 'Example #2' row 'GEICO Casualty' column 'Fargo'; printed 6-month value 548,Fargo,GEICO Casualty,nd-2026-ex02,1096
nd-2026,ND,2026,https://www.insurance.nd.gov/sites/default/files/documents/Consumers/Auto/2026%20Auto%20Insurance%20Cost%20Survey.pdf,PDF p.4 (printed p.7) table 'Example #2' row 'GEICO Casualty' column 'Bismarck / Mandan'; printed 6-month value 585,Bismarck / Mandan,GEICO Casualty,nd-2026-ex02,1170
nd-2026,ND,2026,https://www.insurance.nd.gov/sites/default/files/documents/Consumers/Auto/2026%20Auto%20Insurance%20Cost%20Survey.pdf,PDF p.4 (printed p.7) table 'Example #2' row 'GEICO Casualty' column 'Grand Forks'; printed 6-month value 493,Grand Forks,GEICO Casualty,nd-2026-ex02,986
nd-2026,ND,2026,https://www.insurance.nd.gov/sites/default/files/documents/Consumers/Auto/2026%20Auto%20Insurance%20Cost%20Survey.pdf,PDF p.4 (printed p.7) table 'Example #2' row 'GEICO Casualty' column 'Minot'; printed 6-month value 558,Minot,GEICO Casualty,nd-2026-ex02,1116
nd-2026,ND,2026,https://www.insurance.nd.gov/sites/default/files/documents/Consumers/Auto/2026%20Auto%20Insurance%20Cost%20Survey.pdf,PDF p.4 (printed p.7) table 'Example #2' row 'GEICO Casualty' column 'Remainder of State'; printed 6-month value 659,Remainder of State,GEICO Casualty,nd-2026-ex02,1318
nd-2026,ND,2026,https://www.insurance.nd.gov/sites/default/files/documents/Consumers/Auto/2026%20Auto%20Insurance%20Cost%20Survey.pdf,PDF p.4 (printed p.7) table 'Example #2' row 'GEICO Marine' column 'Fargo'; printed 6-month value 554,Fargo,GEICO Marine,nd-2026-ex02,1108
nd-2026,ND,2026,https://www.insurance.nd.gov/sites/default/files/documents/Consumers/Auto/2026%20Auto%20Insurance%20Cost%20Survey.pdf,PDF p.4 (printed p.7) table 'Example #2' row 'GEICO Marine' column 'Bismarck / Mandan'; printed 6-month value 592,Bismarck / Mandan,GEICO Marine,nd-2026-ex02,1184
nd-2026,ND,2026,https://www.insurance.nd.gov/sites/default/files/documents/Consumers/Auto/2026%20Auto%20Insurance%20Cost%20Survey.pdf,PDF p.4 (printed p.7) table 'Example #2' row 'GEICO Marine' column 'Grand Forks'; printed 6-month value 491,Grand Forks,GEICO Marine,nd-2026-ex02,982
nd-2026,ND,2026,https://www.insurance.nd.gov/sites/default/files/documents/Consumers/Auto/2026%20Auto%20Insurance%20Cost%20Survey.pdf,PDF p.4 (printed p.7) table 'Example #2' row 'GEICO Marine' column 'Minot'; printed 6-month value 561,Minot,GEICO Marine,nd-2026-ex02,1122
nd-2026,ND,2026,https://www.insurance.nd.gov/sites/default/files/documents/Consumers/Auto/2026%20Auto%20Insurance%20Cost%20Survey.pdf,PDF p.4 (printed p.7) table 'Example #2' row 'GEICO Marine' column 'Remainder of State'; printed 6-month value 670,Remainder of State,GEICO Marine,nd-2026-ex02,1340
nd-2026,ND,2026,https://www.insurance.nd.gov/sites/default/files/documents/Consumers/Auto/2026%20Auto%20Insurance%20Cost%20Survey.pdf,PDF p.4 (printed p.7) table 'Example #2' row 'General Indemnity' column 'Fargo'; printed 6-month value 599,Fargo,General Indemnity,nd-2026-ex02,1198
nd-2026,ND,2026,https://www.insurance.nd.gov/sites/default/files/documents/Consumers/Auto/2026%20Auto%20Insurance%20Cost%20Survey.pdf,PDF p.4 (printed p.7) table 'Example #2' row 'General Indemnity' column 'Bismarck / Mandan'; printed 6-month value 605,Bismarck / Mandan,General Indemnity,nd-2026-ex02,1210
nd-2026,ND,2026,https://www.insurance.nd.gov/sites/default/files/documents/Consumers/Auto/2026%20Auto%20Insurance%20Cost%20Survey.pdf,PDF p.4 (printed p.7) table 'Example #2' row 'General Indemnity' column 'Grand Forks'; printed 6-month value 557,Grand Forks,General Indemnity,nd-2026-ex02,1114
nd-2026,ND,2026,https://www.insurance.nd.gov/sites/default/files/documents/Consumers/Auto/2026%20Auto%20Insurance%20Cost%20Survey.pdf,PDF p.4 (printed p.7) table 'Example #2' row 'General Indemnity' column 'Minot'; printed 6-month value 568,Minot,General Indemnity,nd-2026-ex02,1136
nd-2026,ND,2026,https://www.insurance.nd.gov/sites/default/files/documents/Consumers/Auto/2026%20Auto%20Insurance%20Cost%20Survey.pdf,PDF p.4 (printed p.7) table 'Example #2' row 'General Indemnity' column 'Remainder of State'; printed 6-month value 688,Remainder of State,General Indemnity,nd-2026-ex02,1376
nd-2026,ND,2026,https://www.insurance.nd.gov/sites/default/files/documents/Consumers/Auto/2026%20Auto%20Insurance%20Cost%20Survey.pdf,PDF p.4 (printed p.7) table 'Example #2' row 'Grinnell Compass/Mutual' column 'Fargo'; printed 6-month value 706,Fargo,Grinnell Compass/Mutual,nd-2026-ex02,1412
nd-2026,ND,2026,https://www.insurance.nd.gov/sites/default/files/documents/Consumers/Auto/2026%20Auto%20Insurance%20Cost%20Survey.pdf,PDF p.4 (printed p.7) table 'Example #2' row 'Grinnell Compass/Mutual' column 'Bismarck / Mandan'; printed 6-month value 772,Bismarck / Mandan,Grinnell Compass/Mutual,nd-2026-ex02,1544
nd-2026,ND,2026,https://www.insurance.nd.gov/sites/default/files/documents/Consumers/Auto/2026%20Auto%20Insurance%20Cost%20Survey.pdf,PDF p.4 (printed p.7) table 'Example #2' row 'Grinnell Compass/Mutual' column 'Grand Forks'; printed 6-month value 750,Grand Forks,Grinnell Compass/Mutual,nd-2026-ex02,1500
nd-2026,ND,2026,https://www.insurance.nd.gov/sites/default/files/documents/Consumers/Auto/2026%20Auto%20Insurance%20Cost%20Survey.pdf,PDF p.4 (printed p.7) table 'Example #2' row 'Grinnell Compass/Mutual' column 'Minot'; printed 6-month value 821,Minot,Grinnell Compass/Mutual,nd-2026-ex02,1642
nd-2026,ND,2026,https://www.insurance.nd.gov/sites/default/files/documents/Consumers/Auto/2026%20Auto%20Insurance%20Cost%20Survey.pdf,PDF p.4 (printed p.7) table 'Example #2' row 'Grinnell Compass/Mutual' column 'Remainder of State'; printed 6-month value 709,Remainder of State,Grinnell Compass/Mutual,nd-2026-ex02,1418
nd-2026,ND,2026,https://www.insurance.nd.gov/sites/default/files/documents/Consumers/Auto/2026%20Auto%20Insurance%20Cost%20Survey.pdf,PDF p.4 (printed p.7) table 'Example #2' row 'National Farmers Union' column 'Fargo'; printed 6-month value 300*,Fargo,National Farmers Union,nd-2026-ex02,600
nd-2026,ND,2026,https://www.insurance.nd.gov/sites/default/files/documents/Consumers/Auto/2026%20Auto%20Insurance%20Cost%20Survey.pdf,PDF p.4 (printed p.7) table 'Example #2' row 'National Farmers Union' column 'Bismarck / Mandan'; printed 6-month value 363*,Bismarck / Mandan,National Farmers Union,nd-2026-ex02,726
nd-2026,ND,2026,https://www.insurance.nd.gov/sites/default/files/documents/Consumers/Auto/2026%20Auto%20Insurance%20Cost%20Survey.pdf,PDF p.4 (printed p.7) table 'Example #2' row 'National Farmers Union' column 'Grand Forks'; printed 6-month value 327*,Grand Forks,National Farmers Union,nd-2026-ex02,654
nd-2026,ND,2026,https://www.insurance.nd.gov/sites/default/files/documents/Consumers/Auto/2026%20Auto%20Insurance%20Cost%20Survey.pdf,PDF p.4 (printed p.7) table 'Example #2' row 'National Farmers Union' column 'Minot'; printed 6-month value 451*,Minot,National Farmers Union,nd-2026-ex02,902
nd-2026,ND,2026,https://www.insurance.nd.gov/sites/default/files/documents/Consumers/Auto/2026%20Auto%20Insurance%20Cost%20Survey.pdf,PDF p.4 (printed p.7) table 'Example #2' row 'National Farmers Union' column 'Remainder of State'; printed 6-month value 621*,Remainder of State,National Farmers Union,nd-2026-ex02,1242
nd-2026,ND,2026,https://www.insurance.nd.gov/sites/default/files/documents/Consumers/Auto/2026%20Auto%20Insurance%20Cost%20Survey.pdf,PDF p.4 (printed p.7) table 'Example #2' row 'Nationwide Mutual' column 'Fargo'; printed 6-month value 523,Fargo,Nationwide Mutual,nd-2026-ex02,1046
nd-2026,ND,2026,https://www.insurance.nd.gov/sites/default/files/documents/Consumers/Auto/2026%20Auto%20Insurance%20Cost%20Survey.pdf,PDF p.4 (printed p.7) table 'Example #2' row 'Nationwide Mutual' column 'Bismarck / Mandan'; printed 6-month value 567,Bismarck / Mandan,Nationwide Mutual,nd-2026-ex02,1134
nd-2026,ND,2026,https://www.insurance.nd.gov/sites/default/files/documents/Consumers/Auto/2026%20Auto%20Insurance%20Cost%20Survey.pdf,PDF p.4 (printed p.7) table 'Example #2' row 'Nationwide Mutual' column 'Grand Forks'; printed 6-month value 504,Grand Forks,Nationwide Mutual,nd-2026-ex02,1008
nd-2026,ND,2026,https://www.insurance.nd.gov/sites/default/files/documents/Consumers/Auto/2026%20Auto%20Insurance%20Cost%20Survey.pdf,PDF p.4 (printed p.7) table 'Example #2' row 'Nationwide Mutual' column 'Minot'; printed 6-month value 574,Minot,Nationwide Mutual,nd-2026-ex02,1148
nd-2026,ND,2026,https://www.insurance.nd.gov/sites/default/files/documents/Consumers/Auto/2026%20Auto%20Insurance%20Cost%20Survey.pdf,PDF p.4 (printed p.7) table 'Example #2' row 'Nationwide Mutual' column 'Remainder of State'; printed 6-month value 601,Remainder of State,Nationwide Mutual,nd-2026-ex02,1202
nd-2026,ND,2026,https://www.insurance.nd.gov/sites/default/files/documents/Consumers/Auto/2026%20Auto%20Insurance%20Cost%20Survey.pdf,PDF p.4 (printed p.7) table 'Example #2' row 'Nodak' column 'Fargo'; printed 6-month value 431,Fargo,Nodak,nd-2026-ex02,862
nd-2026,ND,2026,https://www.insurance.nd.gov/sites/default/files/documents/Consumers/Auto/2026%20Auto%20Insurance%20Cost%20Survey.pdf,PDF p.4 (printed p.7) table 'Example #2' row 'Nodak' column 'Bismarck / Mandan'; printed 6-month value 489,Bismarck / Mandan,Nodak,nd-2026-ex02,978
nd-2026,ND,2026,https://www.insurance.nd.gov/sites/default/files/documents/Consumers/Auto/2026%20Auto%20Insurance%20Cost%20Survey.pdf,PDF p.4 (printed p.7) table 'Example #2' row 'Nodak' column 'Grand Forks'; printed 6-month value 531,Grand Forks,Nodak,nd-2026-ex02,1062
nd-2026,ND,2026,https://www.insurance.nd.gov/sites/default/files/documents/Consumers/Auto/2026%20Auto%20Insurance%20Cost%20Survey.pdf,PDF p.4 (printed p.7) table 'Example #2' row 'Nodak' column 'Minot'; printed 6-month value 566,Minot,Nodak,nd-2026-ex02,1132
nd-2026,ND,2026,https://www.insurance.nd.gov/sites/default/files/documents/Consumers/Auto/2026%20Auto%20Insurance%20Cost%20Survey.pdf,PDF p.4 (printed p.7) table 'Example #2' row 'Nodak' column 'Remainder of State'; printed 6-month value 467,Remainder of State,Nodak,nd-2026-ex02,934
nd-2026,ND,2026,https://www.insurance.nd.gov/sites/default/files/documents/Consumers/Auto/2026%20Auto%20Insurance%20Cost%20Survey.pdf,PDF p.4 (printed p.7) table 'Example #2' row 'North Star Mutual' column 'Fargo'; printed 6-month value 572,Fargo,North Star Mutual,nd-2026-ex02,1144
nd-2026,ND,2026,https://www.insurance.nd.gov/sites/default/files/documents/Consumers/Auto/2026%20Auto%20Insurance%20Cost%20Survey.pdf,PDF p.4 (printed p.7) table 'Example #2' row 'North Star Mutual' column 'Bismarck / Mandan'; printed 6-month value 713,Bismarck / Mandan,North Star Mutual,nd-2026-ex02,1426
nd-2026,ND,2026,https://www.insurance.nd.gov/sites/default/files/documents/Consumers/Auto/2026%20Auto%20Insurance%20Cost%20Survey.pdf,PDF p.4 (printed p.7) table 'Example #2' row 'North Star Mutual' column 'Grand Forks'; printed 6-month value 563,Grand Forks,North Star Mutual,nd-2026-ex02,1126
nd-2026,ND,2026,https://www.insurance.nd.gov/sites/default/files/documents/Consumers/Auto/2026%20Auto%20Insurance%20Cost%20Survey.pdf,PDF p.4 (printed p.7) table 'Example #2' row 'North Star Mutual' column 'Minot'; printed 6-month value 543,Minot,North Star Mutual,nd-2026-ex02,1086
nd-2026,ND,2026,https://www.insurance.nd.gov/sites/default/files/documents/Consumers/Auto/2026%20Auto%20Insurance%20Cost%20Survey.pdf,PDF p.4 (printed p.7) table 'Example #2' row 'North Star Mutual' column 'Remainder of State'; printed 6-month value 543,Remainder of State,North Star Mutual,nd-2026-ex02,1086
nd-2026,ND,2026,https://www.insurance.nd.gov/sites/default/files/documents/Consumers/Auto/2026%20Auto%20Insurance%20Cost%20Survey.pdf,PDF p.4 (printed p.7) table 'Example #2' row 'Owners Insurance' column 'Fargo'; printed 6-month value 727,Fargo,Owners Insurance,nd-2026-ex02,1454
nd-2026,ND,2026,https://www.insurance.nd.gov/sites/default/files/documents/Consumers/Auto/2026%20Auto%20Insurance%20Cost%20Survey.pdf,PDF p.4 (printed p.7) table 'Example #2' row 'Owners Insurance' column 'Bismarck / Mandan'; printed 6-month value 826,Bismarck / Mandan,Owners Insurance,nd-2026-ex02,1652
nd-2026,ND,2026,https://www.insurance.nd.gov/sites/default/files/documents/Consumers/Auto/2026%20Auto%20Insurance%20Cost%20Survey.pdf,PDF p.4 (printed p.7) table 'Example #2' row 'Owners Insurance' column 'Grand Forks'; printed 6-month value 703,Grand Forks,Owners Insurance,nd-2026-ex02,1406
nd-2026,ND,2026,https://www.insurance.nd.gov/sites/default/files/documents/Consumers/Auto/2026%20Auto%20Insurance%20Cost%20Survey.pdf,PDF p.4 (printed p.7) table 'Example #2' row 'Owners Insurance' column 'Minot'; printed 6-month value 704,Minot,Owners Insurance,nd-2026-ex02,1408
nd-2026,ND,2026,https://www.insurance.nd.gov/sites/default/files/documents/Consumers/Auto/2026%20Auto%20Insurance%20Cost%20Survey.pdf,PDF p.4 (printed p.7) table 'Example #2' row 'Owners Insurance' column 'Remainder of State'; printed 6-month value 709,Remainder of State,Owners Insurance,nd-2026-ex02,1418
nd-2026,ND,2026,https://www.insurance.nd.gov/sites/default/files/documents/Consumers/Auto/2026%20Auto%20Insurance%20Cost%20Survey.pdf,PDF p.4 (printed p.7) table 'Example #2' row 'Progressive Direct' column 'Fargo'; printed 6-month value 238,Fargo,Progressive Direct,nd-2026-ex02,476
nd-2026,ND,2026,https://www.insurance.nd.gov/sites/default/files/documents/Consumers/Auto/2026%20Auto%20Insurance%20Cost%20Survey.pdf,PDF p.4 (printed p.7) table 'Example #2' row 'Progressive Direct' column 'Bismarck / Mandan'; printed 6-month value 273,Bismarck / Mandan,Progressive Direct,nd-2026-ex02,546
nd-2026,ND,2026,https://www.insurance.nd.gov/sites/default/files/documents/Consumers/Auto/2026%20Auto%20Insurance%20Cost%20Survey.pdf,PDF p.4 (printed p.7) table 'Example #2' row 'Progressive Direct' column 'Grand Forks'; printed 6-month value 244,Grand Forks,Progressive Direct,nd-2026-ex02,488
nd-2026,ND,2026,https://www.insurance.nd.gov/sites/default/files/documents/Consumers/Auto/2026%20Auto%20Insurance%20Cost%20Survey.pdf,PDF p.4 (printed p.7) table 'Example #2' row 'Progressive Direct' column 'Minot'; printed 6-month value 283,Minot,Progressive Direct,nd-2026-ex02,566
nd-2026,ND,2026,https://www.insurance.nd.gov/sites/default/files/documents/Consumers/Auto/2026%20Auto%20Insurance%20Cost%20Survey.pdf,PDF p.4 (printed p.7) table 'Example #2' row 'Progressive Direct' column 'Remainder of State'; printed 6-month value 283,Remainder of State,Progressive Direct,nd-2026-ex02,566
nd-2026,ND,2026,https://www.insurance.nd.gov/sites/default/files/documents/Consumers/Auto/2026%20Auto%20Insurance%20Cost%20Survey.pdf,PDF p.4 (printed p.7) table 'Example #2' row 'Progressive Northwestern' column 'Fargo'; printed 6-month value 298,Fargo,Progressive Northwestern,nd-2026-ex02,596
nd-2026,ND,2026,https://www.insurance.nd.gov/sites/default/files/documents/Consumers/Auto/2026%20Auto%20Insurance%20Cost%20Survey.pdf,PDF p.4 (printed p.7) table 'Example #2' row 'Progressive Northwestern' column 'Bismarck / Mandan'; printed 6-month value 360,Bismarck / Mandan,Progressive Northwestern,nd-2026-ex02,720
nd-2026,ND,2026,https://www.insurance.nd.gov/sites/default/files/documents/Consumers/Auto/2026%20Auto%20Insurance%20Cost%20Survey.pdf,PDF p.4 (printed p.7) table 'Example #2' row 'Progressive Northwestern' column 'Grand Forks'; printed 6-month value 344,Grand Forks,Progressive Northwestern,nd-2026-ex02,688
nd-2026,ND,2026,https://www.insurance.nd.gov/sites/default/files/documents/Consumers/Auto/2026%20Auto%20Insurance%20Cost%20Survey.pdf,PDF p.4 (printed p.7) table 'Example #2' row 'Progressive Northwestern' column 'Minot'; printed 6-month value 384,Minot,Progressive Northwestern,nd-2026-ex02,768
nd-2026,ND,2026,https://www.insurance.nd.gov/sites/default/files/documents/Consumers/Auto/2026%20Auto%20Insurance%20Cost%20Survey.pdf,PDF p.4 (printed p.7) table 'Example #2' row 'Progressive Northwestern' column 'Remainder of State'; printed 6-month value 381,Remainder of State,Progressive Northwestern,nd-2026-ex02,762
nd-2026,ND,2026,https://www.insurance.nd.gov/sites/default/files/documents/Consumers/Auto/2026%20Auto%20Insurance%20Cost%20Survey.pdf,PDF p.4 (printed p.7) table 'Example #2' row 'RAM Mutual' column 'Fargo'; printed 6-month value 537,Fargo,RAM Mutual,nd-2026-ex02,1074
nd-2026,ND,2026,https://www.insurance.nd.gov/sites/default/files/documents/Consumers/Auto/2026%20Auto%20Insurance%20Cost%20Survey.pdf,PDF p.4 (printed p.7) table 'Example #2' row 'RAM Mutual' column 'Bismarck / Mandan'; printed 6-month value 689,Bismarck / Mandan,RAM Mutual,nd-2026-ex02,1378
nd-2026,ND,2026,https://www.insurance.nd.gov/sites/default/files/documents/Consumers/Auto/2026%20Auto%20Insurance%20Cost%20Survey.pdf,PDF p.4 (printed p.7) table 'Example #2' row 'RAM Mutual' column 'Grand Forks'; printed 6-month value 557,Grand Forks,RAM Mutual,nd-2026-ex02,1114
nd-2026,ND,2026,https://www.insurance.nd.gov/sites/default/files/documents/Consumers/Auto/2026%20Auto%20Insurance%20Cost%20Survey.pdf,PDF p.4 (printed p.7) table 'Example #2' row 'RAM Mutual' column 'Minot'; printed 6-month value 635,Minot,RAM Mutual,nd-2026-ex02,1270
nd-2026,ND,2026,https://www.insurance.nd.gov/sites/default/files/documents/Consumers/Auto/2026%20Auto%20Insurance%20Cost%20Survey.pdf,PDF p.4 (printed p.7) table 'Example #2' row 'RAM Mutual' column 'Remainder of State'; printed 6-month value 544,Remainder of State,RAM Mutual,nd-2026-ex02,1088
nd-2026,ND,2026,https://www.insurance.nd.gov/sites/default/files/documents/Consumers/Auto/2026%20Auto%20Insurance%20Cost%20Survey.pdf,PDF p.4 (printed p.7) table 'Example #2' row 'Safeco' column 'Fargo'; printed 6-month value 697**,Fargo,Safeco,nd-2026-ex02,1394
nd-2026,ND,2026,https://www.insurance.nd.gov/sites/default/files/documents/Consumers/Auto/2026%20Auto%20Insurance%20Cost%20Survey.pdf,PDF p.4 (printed p.7) table 'Example #2' row 'Safeco' column 'Bismarck / Mandan'; printed 6-month value 780**,Bismarck / Mandan,Safeco,nd-2026-ex02,1560
nd-2026,ND,2026,https://www.insurance.nd.gov/sites/default/files/documents/Consumers/Auto/2026%20Auto%20Insurance%20Cost%20Survey.pdf,PDF p.4 (printed p.7) table 'Example #2' row 'Safeco' column 'Grand Forks'; printed 6-month value 704**,Grand Forks,Safeco,nd-2026-ex02,1408
nd-2026,ND,2026,https://www.insurance.nd.gov/sites/default/files/documents/Consumers/Auto/2026%20Auto%20Insurance%20Cost%20Survey.pdf,PDF p.4 (printed p.7) table 'Example #2' row 'Safeco' column 'Minot'; printed 6-month value 742**,Minot,Safeco,nd-2026-ex02,1484
nd-2026,ND,2026,https://www.insurance.nd.gov/sites/default/files/documents/Consumers/Auto/2026%20Auto%20Insurance%20Cost%20Survey.pdf,PDF p.4 (printed p.7) table 'Example #2' row 'Safeco' column 'Remainder of State'; printed 6-month value 820**,Remainder of State,Safeco,nd-2026-ex02,1640
nd-2026,ND,2026,https://www.insurance.nd.gov/sites/default/files/documents/Consumers/Auto/2026%20Auto%20Insurance%20Cost%20Survey.pdf,PDF p.4 (printed p.7) table 'Example #2' row 'USAA' column 'Fargo'; printed 6-month value 579,Fargo,USAA,nd-2026-ex02,1158
nd-2026,ND,2026,https://www.insurance.nd.gov/sites/default/files/documents/Consumers/Auto/2026%20Auto%20Insurance%20Cost%20Survey.pdf,PDF p.4 (printed p.7) table 'Example #2' row 'USAA' column 'Bismarck / Mandan'; printed 6-month value 581,Bismarck / Mandan,USAA,nd-2026-ex02,1162
nd-2026,ND,2026,https://www.insurance.nd.gov/sites/default/files/documents/Consumers/Auto/2026%20Auto%20Insurance%20Cost%20Survey.pdf,PDF p.4 (printed p.7) table 'Example #2' row 'USAA' column 'Grand Forks'; printed 6-month value 537,Grand Forks,USAA,nd-2026-ex02,1074
nd-2026,ND,2026,https://www.insurance.nd.gov/sites/default/files/documents/Consumers/Auto/2026%20Auto%20Insurance%20Cost%20Survey.pdf,PDF p.4 (printed p.7) table 'Example #2' row 'USAA' column 'Minot'; printed 6-month value 546,Minot,USAA,nd-2026-ex02,1092
nd-2026,ND,2026,https://www.insurance.nd.gov/sites/default/files/documents/Consumers/Auto/2026%20Auto%20Insurance%20Cost%20Survey.pdf,PDF p.4 (printed p.7) table 'Example #2' row 'USAA' column 'Remainder of State'; printed 6-month value 655,Remainder of State,USAA,nd-2026-ex02,1310
nd-2026,ND,2026,https://www.insurance.nd.gov/sites/default/files/documents/Consumers/Auto/2026%20Auto%20Insurance%20Cost%20Survey.pdf,PDF p.5 (printed p.8) table 'Example #3' row 'Allstate' column 'Fargo'; printed 6-month value 1458,Fargo,Allstate,nd-2026-ex03,2916
nd-2026,ND,2026,https://www.insurance.nd.gov/sites/default/files/documents/Consumers/Auto/2026%20Auto%20Insurance%20Cost%20Survey.pdf,PDF p.5 (printed p.8) table 'Example #3' row 'Allstate' column 'Bismarck / Mandan'; printed 6-month value 1499,Bismarck / Mandan,Allstate,nd-2026-ex03,2998
nd-2026,ND,2026,https://www.insurance.nd.gov/sites/default/files/documents/Consumers/Auto/2026%20Auto%20Insurance%20Cost%20Survey.pdf,PDF p.5 (printed p.8) table 'Example #3' row 'Allstate' column 'Grand Forks'; printed 6-month value 1406,Grand Forks,Allstate,nd-2026-ex03,2812
nd-2026,ND,2026,https://www.insurance.nd.gov/sites/default/files/documents/Consumers/Auto/2026%20Auto%20Insurance%20Cost%20Survey.pdf,PDF p.5 (printed p.8) table 'Example #3' row 'Allstate' column 'Minot'; printed 6-month value 1428,Minot,Allstate,nd-2026-ex03,2856
nd-2026,ND,2026,https://www.insurance.nd.gov/sites/default/files/documents/Consumers/Auto/2026%20Auto%20Insurance%20Cost%20Survey.pdf,PDF p.5 (printed p.8) table 'Example #3' row 'Allstate' column 'Remainder of State'; printed 6-month value 1450,Remainder of State,Allstate,nd-2026-ex03,2900
nd-2026,ND,2026,https://www.insurance.nd.gov/sites/default/files/documents/Consumers/Auto/2026%20Auto%20Insurance%20Cost%20Survey.pdf,PDF p.5 (printed p.8) table 'Example #3' row 'Allstate North American' column 'Fargo'; printed 6-month value 201,Fargo,Allstate North American,nd-2026-ex03,402
nd-2026,ND,2026,https://www.insurance.nd.gov/sites/default/files/documents/Consumers/Auto/2026%20Auto%20Insurance%20Cost%20Survey.pdf,PDF p.5 (printed p.8) table 'Example #3' row 'Allstate North American' column 'Bismarck / Mandan'; printed 6-month value 182,Bismarck / Mandan,Allstate North American,nd-2026-ex03,364
nd-2026,ND,2026,https://www.insurance.nd.gov/sites/default/files/documents/Consumers/Auto/2026%20Auto%20Insurance%20Cost%20Survey.pdf,PDF p.5 (printed p.8) table 'Example #3' row 'Allstate North American' column 'Grand Forks'; printed 6-month value 196,Grand Forks,Allstate North American,nd-2026-ex03,392
nd-2026,ND,2026,https://www.insurance.nd.gov/sites/default/files/documents/Consumers/Auto/2026%20Auto%20Insurance%20Cost%20Survey.pdf,PDF p.5 (printed p.8) table 'Example #3' row 'Allstate North American' column 'Minot'; printed 6-month value 203,Minot,Allstate North American,nd-2026-ex03,406
nd-2026,ND,2026,https://www.insurance.nd.gov/sites/default/files/documents/Consumers/Auto/2026%20Auto%20Insurance%20Cost%20Survey.pdf,PDF p.5 (printed p.8) table 'Example #3' row 'Allstate North American' column 'Remainder of State'; printed 6-month value 203,Remainder of State,Allstate North American,nd-2026-ex03,406
nd-2026,ND,2026,https://www.insurance.nd.gov/sites/default/files/documents/Consumers/Auto/2026%20Auto%20Insurance%20Cost%20Survey.pdf,PDF p.5 (printed p.8) table 'Example #3' row 'American Family' column 'Fargo'; printed 6-month value 569,Fargo,American Family,nd-2026-ex03,1138
nd-2026,ND,2026,https://www.insurance.nd.gov/sites/default/files/documents/Consumers/Auto/2026%20Auto%20Insurance%20Cost%20Survey.pdf,PDF p.5 (printed p.8) table 'Example #3' row 'American Family' column 'Bismarck / Mandan'; printed 6-month value 681,Bismarck / Mandan,American Family,nd-2026-ex03,1362
nd-2026,ND,2026,https://www.insurance.nd.gov/sites/default/files/documents/Consumers/Auto/2026%20Auto%20Insurance%20Cost%20Survey.pdf,PDF p.5 (printed p.8) table 'Example #3' row 'American Family' column 'Grand Forks'; printed 6-month value 565,Grand Forks,American Family,nd-2026-ex03,1130
nd-2026,ND,2026,https://www.insurance.nd.gov/sites/default/files/documents/Consumers/Auto/2026%20Auto%20Insurance%20Cost%20Survey.pdf,PDF p.5 (printed p.8) table 'Example #3' row 'American Family' column 'Minot'; printed 6-month value 627,Minot,American Family,nd-2026-ex03,1254
nd-2026,ND,2026,https://www.insurance.nd.gov/sites/default/files/documents/Consumers/Auto/2026%20Auto%20Insurance%20Cost%20Survey.pdf,PDF p.5 (printed p.8) table 'Example #3' row 'American Family' column 'Remainder of State'; printed 6-month value 575,Remainder of State,American Family,nd-2026-ex03,1150
nd-2026,ND,2026,https://www.insurance.nd.gov/sites/default/files/documents/Consumers/Auto/2026%20Auto%20Insurance%20Cost%20Survey.pdf,PDF p.5 (printed p.8) table 'Example #3' row 'Auto Owners' column 'Fargo'; printed 6-month value 1106,Fargo,Auto Owners,nd-2026-ex03,2212
nd-2026,ND,2026,https://www.insurance.nd.gov/sites/default/files/documents/Consumers/Auto/2026%20Auto%20Insurance%20Cost%20Survey.pdf,PDF p.5 (printed p.8) table 'Example #3' row 'Auto Owners' column 'Bismarck / Mandan'; printed 6-month value 1274,Bismarck / Mandan,Auto Owners,nd-2026-ex03,2548
nd-2026,ND,2026,https://www.insurance.nd.gov/sites/default/files/documents/Consumers/Auto/2026%20Auto%20Insurance%20Cost%20Survey.pdf,PDF p.5 (printed p.8) table 'Example #3' row 'Auto Owners' column 'Grand Forks'; printed 6-month value 1077,Grand Forks,Auto Owners,nd-2026-ex03,2154
nd-2026,ND,2026,https://www.insurance.nd.gov/sites/default/files/documents/Consumers/Auto/2026%20Auto%20Insurance%20Cost%20Survey.pdf,PDF p.5 (printed p.8) table 'Example #3' row 'Auto Owners' column 'Minot'; printed 6-month value 1089,Minot,Auto Owners,nd-2026-ex03,2178
nd-2026,ND,2026,https://www.insurance.nd.gov/sites/default/files/documents/Consumers/Auto/2026%20Auto%20Insurance%20Cost%20Survey.pdf,PDF p.5 (printed p.8) table 'Example #3' row 'Auto Owners' column 'Remainder of State'; printed 6-month value 1098,Remainder of State,Auto Owners,nd-2026-ex03,2196
nd-2026,ND,2026,https://www.insurance.nd.gov/sites/default/files/documents/Consumers/Auto/2026%20Auto%20Insurance%20Cost%20Survey.pdf,PDF p.5 (printed p.8) table 'Example #3' row 'Casualty Insurance' column 'Fargo'; printed 6-month value 748,Fargo,Casualty Insurance,nd-2026-ex03,1496
nd-2026,ND,2026,https://www.insurance.nd.gov/sites/default/files/documents/Consumers/Auto/2026%20Auto%20Insurance%20Cost%20Survey.pdf,PDF p.5 (printed p.8) table 'Example #3' row 'Casualty Insurance' column 'Bismarck / Mandan'; printed 6-month value 762,Bismarck / Mandan,Casualty Insurance,nd-2026-ex03,1524
nd-2026,ND,2026,https://www.insurance.nd.gov/sites/default/files/documents/Consumers/Auto/2026%20Auto%20Insurance%20Cost%20Survey.pdf,PDF p.5 (printed p.8) table 'Example #3' row 'Casualty Insurance' column 'Grand Forks'; printed 6-month value 708,Grand Forks,Casualty Insurance,nd-2026-ex03,1416
nd-2026,ND,2026,https://www.insurance.nd.gov/sites/default/files/documents/Consumers/Auto/2026%20Auto%20Insurance%20Cost%20Survey.pdf,PDF p.5 (printed p.8) table 'Example #3' row 'Casualty Insurance' column 'Minot'; printed 6-month value 708,Minot,Casualty Insurance,nd-2026-ex03,1416
nd-2026,ND,2026,https://www.insurance.nd.gov/sites/default/files/documents/Consumers/Auto/2026%20Auto%20Insurance%20Cost%20Survey.pdf,PDF p.5 (printed p.8) table 'Example #3' row 'Casualty Insurance' column 'Remainder of State'; printed 6-month value 842,Remainder of State,Casualty Insurance,nd-2026-ex03,1684
nd-2026,ND,2026,https://www.insurance.nd.gov/sites/default/files/documents/Consumers/Auto/2026%20Auto%20Insurance%20Cost%20Survey.pdf,PDF p.5 (printed p.8) table 'Example #3' row 'COUNTRY Preferred' column 'Fargo'; printed 6-month value 614,Fargo,COUNTRY Preferred,nd-2026-ex03,1228
nd-2026,ND,2026,https://www.insurance.nd.gov/sites/default/files/documents/Consumers/Auto/2026%20Auto%20Insurance%20Cost%20Survey.pdf,PDF p.5 (printed p.8) table 'Example #3' row 'COUNTRY Preferred' column 'Bismarck / Mandan'; printed 6-month value 662,Bismarck / Mandan,COUNTRY Preferred,nd-2026-ex03,1324
nd-2026,ND,2026,https://www.insurance.nd.gov/sites/default/files/documents/Consumers/Auto/2026%20Auto%20Insurance%20Cost%20Survey.pdf,PDF p.5 (printed p.8) table 'Example #3' row 'COUNTRY Preferred' column 'Grand Forks'; printed 6-month value 590,Grand Forks,COUNTRY Preferred,nd-2026-ex03,1180
nd-2026,ND,2026,https://www.insurance.nd.gov/sites/default/files/documents/Consumers/Auto/2026%20Auto%20Insurance%20Cost%20Survey.pdf,PDF p.5 (printed p.8) table 'Example #3' row 'COUNTRY Preferred' column 'Minot'; printed 6-month value 680,Minot,COUNTRY Preferred,nd-2026-ex03,1360
nd-2026,ND,2026,https://www.insurance.nd.gov/sites/default/files/documents/Consumers/Auto/2026%20Auto%20Insurance%20Cost%20Survey.pdf,PDF p.5 (printed p.8) table 'Example #3' row 'COUNTRY Preferred' column 'Remainder of State'; printed 6-month value 675,Remainder of State,COUNTRY Preferred,nd-2026-ex03,1350
nd-2026,ND,2026,https://www.insurance.nd.gov/sites/default/files/documents/Consumers/Auto/2026%20Auto%20Insurance%20Cost%20Survey.pdf,PDF p.5 (printed p.8) table 'Example #3' row 'Farmers Group' column 'Fargo'; printed 6-month value 1112,Fargo,Farmers Group,nd-2026-ex03,2224
nd-2026,ND,2026,https://www.insurance.nd.gov/sites/default/files/documents/Consumers/Auto/2026%20Auto%20Insurance%20Cost%20Survey.pdf,PDF p.5 (printed p.8) table 'Example #3' row 'Farmers Group' column 'Bismarck / Mandan'; printed 6-month value 1268,Bismarck / Mandan,Farmers Group,nd-2026-ex03,2536
nd-2026,ND,2026,https://www.insurance.nd.gov/sites/default/files/documents/Consumers/Auto/2026%20Auto%20Insurance%20Cost%20Survey.pdf,PDF p.5 (printed p.8) table 'Example #3' row 'Farmers Group' column 'Grand Forks'; printed 6-month value 1110,Grand Forks,Farmers Group,nd-2026-ex03,2220
nd-2026,ND,2026,https://www.insurance.nd.gov/sites/default/files/documents/Consumers/Auto/2026%20Auto%20Insurance%20Cost%20Survey.pdf,PDF p.5 (printed p.8) table 'Example #3' row 'Farmers Group' column 'Minot'; printed 6-month value 1200,Minot,Farmers Group,nd-2026-ex03,2400
nd-2026,ND,2026,https://www.insurance.nd.gov/sites/default/files/documents/Consumers/Auto/2026%20Auto%20Insurance%20Cost%20Survey.pdf,PDF p.5 (printed p.8) table 'Example #3' row 'Farmers Group' column 'Remainder of State'; printed 6-month value 1204,Remainder of State,Farmers Group,nd-2026-ex03,2408
nd-2026,ND,2026,https://www.insurance.nd.gov/sites/default/files/documents/Consumers/Auto/2026%20Auto%20Insurance%20Cost%20Survey.pdf,PDF p.5 (printed p.8) table 'Example #3' row 'Farmers Property' column 'Fargo'; printed 6-month value 1014,Fargo,Farmers Property,nd-2026-ex03,2028
nd-2026,ND,2026,https://www.insurance.nd.gov/sites/default/files/documents/Consumers/Auto/2026%20Auto%20Insurance%20Cost%20Survey.pdf,PDF p.5 (printed p.8) table 'Example #3' row 'Farmers Property' column 'Bismarck / Mandan'; printed 6-month value 1117,Bismarck / Mandan,Farmers Property,nd-2026-ex03,2234
nd-2026,ND,2026,https://www.insurance.nd.gov/sites/default/files/documents/Consumers/Auto/2026%20Auto%20Insurance%20Cost%20Survey.pdf,PDF p.5 (printed p.8) table 'Example #3' row 'Farmers Property' column 'Grand Forks'; printed 6-month value 1102,Grand Forks,Farmers Property,nd-2026-ex03,2204
nd-2026,ND,2026,https://www.insurance.nd.gov/sites/default/files/documents/Consumers/Auto/2026%20Auto%20Insurance%20Cost%20Survey.pdf,PDF p.5 (printed p.8) table 'Example #3' row 'Farmers Property' column 'Minot'; printed 6-month value 1082,Minot,Farmers Property,nd-2026-ex03,2164
nd-2026,ND,2026,https://www.insurance.nd.gov/sites/default/files/documents/Consumers/Auto/2026%20Auto%20Insurance%20Cost%20Survey.pdf,PDF p.5 (printed p.8) table 'Example #3' row 'Farmers Property' column 'Remainder of State'; printed 6-month value 1108,Remainder of State,Farmers Property,nd-2026-ex03,2216
nd-2026,ND,2026,https://www.insurance.nd.gov/sites/default/files/documents/Consumers/Auto/2026%20Auto%20Insurance%20Cost%20Survey.pdf,PDF p.5 (printed p.8) table 'Example #3' row 'Garrison' column 'Fargo'; printed 6-month value 754,Fargo,Garrison,nd-2026-ex03,1508
nd-2026,ND,2026,https://www.insurance.nd.gov/sites/default/files/documents/Consumers/Auto/2026%20Auto%20Insurance%20Cost%20Survey.pdf,PDF p.5 (printed p.8) table 'Example #3' row 'Garrison' column 'Bismarck / Mandan'; printed 6-month value 764,Bismarck / Mandan,Garrison,nd-2026-ex03,1528
nd-2026,ND,2026,https://www.insurance.nd.gov/sites/default/files/documents/Consumers/Auto/2026%20Auto%20Insurance%20Cost%20Survey.pdf,PDF p.5 (printed p.8) table 'Example #3' row 'Garrison' column 'Grand Forks'; printed 6-month value 716,Grand Forks,Garrison,nd-2026-ex03,1432
nd-2026,ND,2026,https://www.insurance.nd.gov/sites/default/files/documents/Consumers/Auto/2026%20Auto%20Insurance%20Cost%20Survey.pdf,PDF p.5 (printed p.8) table 'Example #3' row 'Garrison' column 'Minot'; printed 6-month value 723,Minot,Garrison,nd-2026-ex03,1446
nd-2026,ND,2026,https://www.insurance.nd.gov/sites/default/files/documents/Consumers/Auto/2026%20Auto%20Insurance%20Cost%20Survey.pdf,PDF p.5 (printed p.8) table 'Example #3' row 'Garrison' column 'Remainder of State'; printed 6-month value 855,Remainder of State,Garrison,nd-2026-ex03,1710
nd-2026,ND,2026,https://www.insurance.nd.gov/sites/default/files/documents/Consumers/Auto/2026%20Auto%20Insurance%20Cost%20Survey.pdf,PDF p.5 (printed p.8) table 'Example #3' row 'GEICO Casualty' column 'Fargo'; printed 6-month value 658,Fargo,GEICO Casualty,nd-2026-ex03,1316
nd-2026,ND,2026,https://www.insurance.nd.gov/sites/default/files/documents/Consumers/Auto/2026%20Auto%20Insurance%20Cost%20Survey.pdf,PDF p.5 (printed p.8) table 'Example #3' row 'GEICO Casualty' column 'Bismarck / Mandan'; printed 6-month value 694,Bismarck / Mandan,GEICO Casualty,nd-2026-ex03,1388
nd-2026,ND,2026,https://www.insurance.nd.gov/sites/default/files/documents/Consumers/Auto/2026%20Auto%20Insurance%20Cost%20Survey.pdf,PDF p.5 (printed p.8) table 'Example #3' row 'GEICO Casualty' column 'Grand Forks'; printed 6-month value 588,Grand Forks,GEICO Casualty,nd-2026-ex03,1176
nd-2026,ND,2026,https://www.insurance.nd.gov/sites/default/files/documents/Consumers/Auto/2026%20Auto%20Insurance%20Cost%20Survey.pdf,PDF p.5 (printed p.8) table 'Example #3' row 'GEICO Casualty' column 'Minot'; printed 6-month value 671,Minot,GEICO Casualty,nd-2026-ex03,1342
nd-2026,ND,2026,https://www.insurance.nd.gov/sites/default/files/documents/Consumers/Auto/2026%20Auto%20Insurance%20Cost%20Survey.pdf,PDF p.5 (printed p.8) table 'Example #3' row 'GEICO Casualty' column 'Remainder of State'; printed 6-month value 790,Remainder of State,GEICO Casualty,nd-2026-ex03,1580
nd-2026,ND,2026,https://www.insurance.nd.gov/sites/default/files/documents/Consumers/Auto/2026%20Auto%20Insurance%20Cost%20Survey.pdf,PDF p.5 (printed p.8) table 'Example #3' row 'GEICO Marine' column 'Fargo'; printed 6-month value 690,Fargo,GEICO Marine,nd-2026-ex03,1380
nd-2026,ND,2026,https://www.insurance.nd.gov/sites/default/files/documents/Consumers/Auto/2026%20Auto%20Insurance%20Cost%20Survey.pdf,PDF p.5 (printed p.8) table 'Example #3' row 'GEICO Marine' column 'Bismarck / Mandan'; printed 6-month value 731,Bismarck / Mandan,GEICO Marine,nd-2026-ex03,1462
nd-2026,ND,2026,https://www.insurance.nd.gov/sites/default/files/documents/Consumers/Auto/2026%20Auto%20Insurance%20Cost%20Survey.pdf,PDF p.5 (printed p.8) table 'Example #3' row 'GEICO Marine' column 'Grand Forks'; printed 6-month value 615,Grand Forks,GEICO Marine,nd-2026-ex03,1230
nd-2026,ND,2026,https://www.insurance.nd.gov/sites/default/files/documents/Consumers/Auto/2026%20Auto%20Insurance%20Cost%20Survey.pdf,PDF p.5 (printed p.8) table 'Example #3' row 'GEICO Marine' column 'Minot'; printed 6-month value 706,Minot,GEICO Marine,nd-2026-ex03,1412
nd-2026,ND,2026,https://www.insurance.nd.gov/sites/default/files/documents/Consumers/Auto/2026%20Auto%20Insurance%20Cost%20Survey.pdf,PDF p.5 (printed p.8) table 'Example #3' row 'GEICO Marine' column 'Remainder of State'; printed 6-month value 828,Remainder of State,GEICO Marine,nd-2026-ex03,1656
nd-2026,ND,2026,https://www.insurance.nd.gov/sites/default/files/documents/Consumers/Auto/2026%20Auto%20Insurance%20Cost%20Survey.pdf,PDF p.5 (printed p.8) table 'Example #3' row 'General Indemnity' column 'Fargo'; printed 6-month value 796,Fargo,General Indemnity,nd-2026-ex03,1592
nd-2026,ND,2026,https://www.insurance.nd.gov/sites/default/files/documents/Consumers/Auto/2026%20Auto%20Insurance%20Cost%20Survey.pdf,PDF p.5 (printed p.8) table 'Example #3' row 'General Indemnity' column 'Bismarck / Mandan'; printed 6-month value 809,Bismarck / Mandan,General Indemnity,nd-2026-ex03,1618
nd-2026,ND,2026,https://www.insurance.nd.gov/sites/default/files/documents/Consumers/Auto/2026%20Auto%20Insurance%20Cost%20Survey.pdf,PDF p.5 (printed p.8) table 'Example #3' row 'General Indemnity' column 'Grand Forks'; printed 6-month value 743,Grand Forks,General Indemnity,nd-2026-ex03,1486
nd-2026,ND,2026,https://www.insurance.nd.gov/sites/default/files/documents/Consumers/Auto/2026%20Auto%20Insurance%20Cost%20Survey.pdf,PDF p.5 (printed p.8) table 'Example #3' row 'General Indemnity' column 'Minot'; printed 6-month value 757,Minot,General Indemnity,nd-2026-ex03,1514
nd-2026,ND,2026,https://www.insurance.nd.gov/sites/default/files/documents/Consumers/Auto/2026%20Auto%20Insurance%20Cost%20Survey.pdf,PDF p.5 (printed p.8) table 'Example #3' row 'General Indemnity' column 'Remainder of State'; printed 6-month value 911,Remainder of State,General Indemnity,nd-2026-ex03,1822
nd-2026,ND,2026,https://www.insurance.nd.gov/sites/default/files/documents/Consumers/Auto/2026%20Auto%20Insurance%20Cost%20Survey.pdf,PDF p.5 (printed p.8) table 'Example #3' row 'Grinnell Compass/Mutual' column 'Fargo'; printed 6-month value 419*,Fargo,Grinnell Compass/Mutual,nd-2026-ex03,838
nd-2026,ND,2026,https://www.insurance.nd.gov/sites/default/files/documents/Consumers/Auto/2026%20Auto%20Insurance%20Cost%20Survey.pdf,PDF p.5 (printed p.8) table 'Example #3' row 'Grinnell Compass/Mutual' column 'Bismarck / Mandan'; printed 6-month value 458*,Bismarck / Mandan,Grinnell Compass/Mutual,nd-2026-ex03,916
nd-2026,ND,2026,https://www.insurance.nd.gov/sites/default/files/documents/Consumers/Auto/2026%20Auto%20Insurance%20Cost%20Survey.pdf,PDF p.5 (printed p.8) table 'Example #3' row 'Grinnell Compass/Mutual' column 'Grand Forks'; printed 6-month value 441*,Grand Forks,Grinnell Compass/Mutual,nd-2026-ex03,882
nd-2026,ND,2026,https://www.insurance.nd.gov/sites/default/files/documents/Consumers/Auto/2026%20Auto%20Insurance%20Cost%20Survey.pdf,PDF p.5 (printed p.8) table 'Example #3' row 'Grinnell Compass/Mutual' column 'Minot'; printed 6-month value 482*,Minot,Grinnell Compass/Mutual,nd-2026-ex03,964
nd-2026,ND,2026,https://www.insurance.nd.gov/sites/default/files/documents/Consumers/Auto/2026%20Auto%20Insurance%20Cost%20Survey.pdf,PDF p.5 (printed p.8) table 'Example #3' row 'Grinnell Compass/Mutual' column 'Remainder of State'; printed 6-month value 419*,Remainder of State,Grinnell Compass/Mutual,nd-2026-ex03,838
nd-2026,ND,2026,https://www.insurance.nd.gov/sites/default/files/documents/Consumers/Auto/2026%20Auto%20Insurance%20Cost%20Survey.pdf,PDF p.5 (printed p.8) table 'Example #3' row 'National Farmers Union' column 'Fargo'; printed 6-month value 292,Fargo,National Farmers Union,nd-2026-ex03,584
nd-2026,ND,2026,https://www.insurance.nd.gov/sites/default/files/documents/Consumers/Auto/2026%20Auto%20Insurance%20Cost%20Survey.pdf,PDF p.5 (printed p.8) table 'Example #3' row 'National Farmers Union' column 'Bismarck / Mandan'; printed 6-month value 355,Bismarck / Mandan,National Farmers Union,nd-2026-ex03,710
nd-2026,ND,2026,https://www.insurance.nd.gov/sites/default/files/documents/Consumers/Auto/2026%20Auto%20Insurance%20Cost%20Survey.pdf,PDF p.5 (printed p.8) table 'Example #3' row 'National Farmers Union' column 'Grand Forks'; printed 6-month value 316,Grand Forks,National Farmers Union,nd-2026-ex03,632
nd-2026,ND,2026,https://www.insurance.nd.gov/sites/default/files/documents/Consumers/Auto/2026%20Auto%20Insurance%20Cost%20Survey.pdf,PDF p.5 (printed p.8) table 'Example #3' row 'National Farmers Union' column 'Minot'; printed 6-month value 433,Minot,National Farmers Union,nd-2026-ex03,866
nd-2026,ND,2026,https://www.insurance.nd.gov/sites/default/files/documents/Consumers/Auto/2026%20Auto%20Insurance%20Cost%20Survey.pdf,PDF p.5 (printed p.8) table 'Example #3' row 'National Farmers Union' column 'Remainder of State'; printed 6-month value 606,Remainder of State,National Farmers Union,nd-2026-ex03,1212
nd-2026,ND,2026,https://www.insurance.nd.gov/sites/default/files/documents/Consumers/Auto/2026%20Auto%20Insurance%20Cost%20Survey.pdf,PDF p.5 (printed p.8) table 'Example #3' row 'Nationwide Mutual' column 'Fargo'; printed 6-month value 709,Fargo,Nationwide Mutual,nd-2026-ex03,1418
nd-2026,ND,2026,https://www.insurance.nd.gov/sites/default/files/documents/Consumers/Auto/2026%20Auto%20Insurance%20Cost%20Survey.pdf,PDF p.5 (printed p.8) table 'Example #3' row 'Nationwide Mutual' column 'Bismarck / Mandan'; printed 6-month value 790,Bismarck / Mandan,Nationwide Mutual,nd-2026-ex03,1580
nd-2026,ND,2026,https://www.insurance.nd.gov/sites/default/files/documents/Consumers/Auto/2026%20Auto%20Insurance%20Cost%20Survey.pdf,PDF p.5 (printed p.8) table 'Example #3' row 'Nationwide Mutual' column 'Grand Forks'; printed 6-month value 688,Grand Forks,Nationwide Mutual,nd-2026-ex03,1376
nd-2026,ND,2026,https://www.insurance.nd.gov/sites/default/files/documents/Consumers/Auto/2026%20Auto%20Insurance%20Cost%20Survey.pdf,PDF p.5 (printed p.8) table 'Example #3' row 'Nationwide Mutual' column 'Minot'; printed 6-month value 792,Minot,Nationwide Mutual,nd-2026-ex03,1584
nd-2026,ND,2026,https://www.insurance.nd.gov/sites/default/files/documents/Consumers/Auto/2026%20Auto%20Insurance%20Cost%20Survey.pdf,PDF p.5 (printed p.8) table 'Example #3' row 'Nationwide Mutual' column 'Remainder of State'; printed 6-month value 858,Remainder of State,Nationwide Mutual,nd-2026-ex03,1716
nd-2026,ND,2026,https://www.insurance.nd.gov/sites/default/files/documents/Consumers/Auto/2026%20Auto%20Insurance%20Cost%20Survey.pdf,PDF p.5 (printed p.8) table 'Example #3' row 'Nodak' column 'Fargo'; printed 6-month value 598,Fargo,Nodak,nd-2026-ex03,1196
nd-2026,ND,2026,https://www.insurance.nd.gov/sites/default/files/documents/Consumers/Auto/2026%20Auto%20Insurance%20Cost%20Survey.pdf,PDF p.5 (printed p.8) table 'Example #3' row 'Nodak' column 'Bismarck / Mandan'; printed 6-month value 669,Bismarck / Mandan,Nodak,nd-2026-ex03,1338
nd-2026,ND,2026,https://www.insurance.nd.gov/sites/default/files/documents/Consumers/Auto/2026%20Auto%20Insurance%20Cost%20Survey.pdf,PDF p.5 (printed p.8) table 'Example #3' row 'Nodak' column 'Grand Forks'; printed 6-month value 734,Grand Forks,Nodak,nd-2026-ex03,1468
nd-2026,ND,2026,https://www.insurance.nd.gov/sites/default/files/documents/Consumers/Auto/2026%20Auto%20Insurance%20Cost%20Survey.pdf,PDF p.5 (printed p.8) table 'Example #3' row 'Nodak' column 'Minot'; printed 6-month value 764,Minot,Nodak,nd-2026-ex03,1528
nd-2026,ND,2026,https://www.insurance.nd.gov/sites/default/files/documents/Consumers/Auto/2026%20Auto%20Insurance%20Cost%20Survey.pdf,PDF p.5 (printed p.8) table 'Example #3' row 'Nodak' column 'Remainder of State'; printed 6-month value 634,Remainder of State,Nodak,nd-2026-ex03,1268
nd-2026,ND,2026,https://www.insurance.nd.gov/sites/default/files/documents/Consumers/Auto/2026%20Auto%20Insurance%20Cost%20Survey.pdf,PDF p.5 (printed p.8) table 'Example #3' row 'North Star Mutual' column 'Fargo'; printed 6-month value 782,Fargo,North Star Mutual,nd-2026-ex03,1564
nd-2026,ND,2026,https://www.insurance.nd.gov/sites/default/files/documents/Consumers/Auto/2026%20Auto%20Insurance%20Cost%20Survey.pdf,PDF p.5 (printed p.8) table 'Example #3' row 'North Star Mutual' column 'Bismarck / Mandan'; printed 6-month value 972,Bismarck / Mandan,North Star Mutual,nd-2026-ex03,1944
nd-2026,ND,2026,https://www.insurance.nd.gov/sites/default/files/documents/Consumers/Auto/2026%20Auto%20Insurance%20Cost%20Survey.pdf,PDF p.5 (printed p.8) table 'Example #3' row 'North Star Mutual' column 'Grand Forks'; printed 6-month value 771,Grand Forks,North Star Mutual,nd-2026-ex03,1542
nd-2026,ND,2026,https://www.insurance.nd.gov/sites/default/files/documents/Consumers/Auto/2026%20Auto%20Insurance%20Cost%20Survey.pdf,PDF p.5 (printed p.8) table 'Example #3' row 'North Star Mutual' column 'Minot'; printed 6-month value 746,Minot,North Star Mutual,nd-2026-ex03,1492
nd-2026,ND,2026,https://www.insurance.nd.gov/sites/default/files/documents/Consumers/Auto/2026%20Auto%20Insurance%20Cost%20Survey.pdf,PDF p.5 (printed p.8) table 'Example #3' row 'North Star Mutual' column 'Remainder of State'; printed 6-month value 739,Remainder of State,North Star Mutual,nd-2026-ex03,1478
nd-2026,ND,2026,https://www.insurance.nd.gov/sites/default/files/documents/Consumers/Auto/2026%20Auto%20Insurance%20Cost%20Survey.pdf,PDF p.5 (printed p.8) table 'Example #3' row 'Owners Insurance' column 'Fargo'; printed 6-month value 899,Fargo,Owners Insurance,nd-2026-ex03,1798
nd-2026,ND,2026,https://www.insurance.nd.gov/sites/default/files/documents/Consumers/Auto/2026%20Auto%20Insurance%20Cost%20Survey.pdf,PDF p.5 (printed p.8) table 'Example #3' row 'Owners Insurance' column 'Bismarck / Mandan'; printed 6-month value 1033,Bismarck / Mandan,Owners Insurance,nd-2026-ex03,2066
nd-2026,ND,2026,https://www.insurance.nd.gov/sites/default/files/documents/Consumers/Auto/2026%20Auto%20Insurance%20Cost%20Survey.pdf,PDF p.5 (printed p.8) table 'Example #3' row 'Owners Insurance' column 'Grand Forks'; printed 6-month value 876,Grand Forks,Owners Insurance,nd-2026-ex03,1752
nd-2026,ND,2026,https://www.insurance.nd.gov/sites/default/files/documents/Consumers/Auto/2026%20Auto%20Insurance%20Cost%20Survey.pdf,PDF p.5 (printed p.8) table 'Example #3' row 'Owners Insurance' column 'Minot'; printed 6-month value 883,Minot,Owners Insurance,nd-2026-ex03,1766
nd-2026,ND,2026,https://www.insurance.nd.gov/sites/default/files/documents/Consumers/Auto/2026%20Auto%20Insurance%20Cost%20Survey.pdf,PDF p.5 (printed p.8) table 'Example #3' row 'Owners Insurance' column 'Remainder of State'; printed 6-month value 890,Remainder of State,Owners Insurance,nd-2026-ex03,1780
nd-2026,ND,2026,https://www.insurance.nd.gov/sites/default/files/documents/Consumers/Auto/2026%20Auto%20Insurance%20Cost%20Survey.pdf,PDF p.5 (printed p.8) table 'Example #3' row 'Progressive Direct' column 'Fargo'; printed 6-month value 261,Fargo,Progressive Direct,nd-2026-ex03,522
nd-2026,ND,2026,https://www.insurance.nd.gov/sites/default/files/documents/Consumers/Auto/2026%20Auto%20Insurance%20Cost%20Survey.pdf,PDF p.5 (printed p.8) table 'Example #3' row 'Progressive Direct' column 'Bismarck / Mandan'; printed 6-month value 304,Bismarck / Mandan,Progressive Direct,nd-2026-ex03,608
nd-2026,ND,2026,https://www.insurance.nd.gov/sites/default/files/documents/Consumers/Auto/2026%20Auto%20Insurance%20Cost%20Survey.pdf,PDF p.5 (printed p.8) table 'Example #3' row 'Progressive Direct' column 'Grand Forks'; printed 6-month value 271,Grand Forks,Progressive Direct,nd-2026-ex03,542
nd-2026,ND,2026,https://www.insurance.nd.gov/sites/default/files/documents/Consumers/Auto/2026%20Auto%20Insurance%20Cost%20Survey.pdf,PDF p.5 (printed p.8) table 'Example #3' row 'Progressive Direct' column 'Minot'; printed 6-month value 314,Minot,Progressive Direct,nd-2026-ex03,628
nd-2026,ND,2026,https://www.insurance.nd.gov/sites/default/files/documents/Consumers/Auto/2026%20Auto%20Insurance%20Cost%20Survey.pdf,PDF p.5 (printed p.8) table 'Example #3' row 'Progressive Direct' column 'Remainder of State'; printed 6-month value 317,Remainder of State,Progressive Direct,nd-2026-ex03,634
nd-2026,ND,2026,https://www.insurance.nd.gov/sites/default/files/documents/Consumers/Auto/2026%20Auto%20Insurance%20Cost%20Survey.pdf,PDF p.5 (printed p.8) table 'Example #3' row 'Progressive Northwestern' column 'Fargo'; printed 6-month value 331,Fargo,Progressive Northwestern,nd-2026-ex03,662
nd-2026,ND,2026,https://www.insurance.nd.gov/sites/default/files/documents/Consumers/Auto/2026%20Auto%20Insurance%20Cost%20Survey.pdf,PDF p.5 (printed p.8) table 'Example #3' row 'Progressive Northwestern' column 'Bismarck / Mandan'; printed 6-month value 409,Bismarck / Mandan,Progressive Northwestern,nd-2026-ex03,818
nd-2026,ND,2026,https://www.insurance.nd.gov/sites/default/files/documents/Consumers/Auto/2026%20Auto%20Insurance%20Cost%20Survey.pdf,PDF p.5 (printed p.8) table 'Example #3' row 'Progressive Northwestern' column 'Grand Forks'; printed 6-month value 386,Grand Forks,Progressive Northwestern,nd-2026-ex03,772
nd-2026,ND,2026,https://www.insurance.nd.gov/sites/default/files/documents/Consumers/Auto/2026%20Auto%20Insurance%20Cost%20Survey.pdf,PDF p.5 (printed p.8) table 'Example #3' row 'Progressive Northwestern' column 'Minot'; printed 6-month value 429,Minot,Progressive Northwestern,nd-2026-ex03,858
nd-2026,ND,2026,https://www.insurance.nd.gov/sites/default/files/documents/Consumers/Auto/2026%20Auto%20Insurance%20Cost%20Survey.pdf,PDF p.5 (printed p.8) table 'Example #3' row 'Progressive Northwestern' column 'Remainder of State'; printed 6-month value 437,Remainder of State,Progressive Northwestern,nd-2026-ex03,874
nd-2026,ND,2026,https://www.insurance.nd.gov/sites/default/files/documents/Consumers/Auto/2026%20Auto%20Insurance%20Cost%20Survey.pdf,PDF p.5 (printed p.8) table 'Example #3' row 'RAM Mutual' column 'Fargo'; printed 6-month value 343,Fargo,RAM Mutual,nd-2026-ex03,686
nd-2026,ND,2026,https://www.insurance.nd.gov/sites/default/files/documents/Consumers/Auto/2026%20Auto%20Insurance%20Cost%20Survey.pdf,PDF p.5 (printed p.8) table 'Example #3' row 'RAM Mutual' column 'Bismarck / Mandan'; printed 6-month value 432,Bismarck / Mandan,RAM Mutual,nd-2026-ex03,864
nd-2026,ND,2026,https://www.insurance.nd.gov/sites/default/files/documents/Consumers/Auto/2026%20Auto%20Insurance%20Cost%20Survey.pdf,PDF p.5 (printed p.8) table 'Example #3' row 'RAM Mutual' column 'Grand Forks'; printed 6-month value 354,Grand Forks,RAM Mutual,nd-2026-ex03,708
nd-2026,ND,2026,https://www.insurance.nd.gov/sites/default/files/documents/Consumers/Auto/2026%20Auto%20Insurance%20Cost%20Survey.pdf,PDF p.5 (printed p.8) table 'Example #3' row 'RAM Mutual' column 'Minot'; printed 6-month value 405,Minot,RAM Mutual,nd-2026-ex03,810
nd-2026,ND,2026,https://www.insurance.nd.gov/sites/default/files/documents/Consumers/Auto/2026%20Auto%20Insurance%20Cost%20Survey.pdf,PDF p.5 (printed p.8) table 'Example #3' row 'RAM Mutual' column 'Remainder of State'; printed 6-month value 349,Remainder of State,RAM Mutual,nd-2026-ex03,698
nd-2026,ND,2026,https://www.insurance.nd.gov/sites/default/files/documents/Consumers/Auto/2026%20Auto%20Insurance%20Cost%20Survey.pdf,PDF p.5 (printed p.8) table 'Example #3' row 'Safeco' column 'Fargo'; printed 6-month value 749**,Fargo,Safeco,nd-2026-ex03,1498
nd-2026,ND,2026,https://www.insurance.nd.gov/sites/default/files/documents/Consumers/Auto/2026%20Auto%20Insurance%20Cost%20Survey.pdf,PDF p.5 (printed p.8) table 'Example #3' row 'Safeco' column 'Bismarck / Mandan'; printed 6-month value 855**,Bismarck / Mandan,Safeco,nd-2026-ex03,1710
nd-2026,ND,2026,https://www.insurance.nd.gov/sites/default/files/documents/Consumers/Auto/2026%20Auto%20Insurance%20Cost%20Survey.pdf,PDF p.5 (printed p.8) table 'Example #3' row 'Safeco' column 'Grand Forks'; printed 6-month value 761**,Grand Forks,Safeco,nd-2026-ex03,1522
nd-2026,ND,2026,https://www.insurance.nd.gov/sites/default/files/documents/Consumers/Auto/2026%20Auto%20Insurance%20Cost%20Survey.pdf,PDF p.5 (printed p.8) table 'Example #3' row 'Safeco' column 'Minot'; printed 6-month value 810**,Minot,Safeco,nd-2026-ex03,1620
nd-2026,ND,2026,https://www.insurance.nd.gov/sites/default/files/documents/Consumers/Auto/2026%20Auto%20Insurance%20Cost%20Survey.pdf,PDF p.5 (printed p.8) table 'Example #3' row 'Safeco' column 'Remainder of State'; printed 6-month value 897**,Remainder of State,Safeco,nd-2026-ex03,1794
nd-2026,ND,2026,https://www.insurance.nd.gov/sites/default/files/documents/Consumers/Auto/2026%20Auto%20Insurance%20Cost%20Survey.pdf,PDF p.5 (printed p.8) table 'Example #3' row 'USAA' column 'Fargo'; printed 6-month value 752,Fargo,USAA,nd-2026-ex03,1504
nd-2026,ND,2026,https://www.insurance.nd.gov/sites/default/files/documents/Consumers/Auto/2026%20Auto%20Insurance%20Cost%20Survey.pdf,PDF p.5 (printed p.8) table 'Example #3' row 'USAA' column 'Bismarck / Mandan'; printed 6-month value 757,Bismarck / Mandan,USAA,nd-2026-ex03,1514
nd-2026,ND,2026,https://www.insurance.nd.gov/sites/default/files/documents/Consumers/Auto/2026%20Auto%20Insurance%20Cost%20Survey.pdf,PDF p.5 (printed p.8) table 'Example #3' row 'USAA' column 'Grand Forks'; printed 6-month value 699,Grand Forks,USAA,nd-2026-ex03,1398
nd-2026,ND,2026,https://www.insurance.nd.gov/sites/default/files/documents/Consumers/Auto/2026%20Auto%20Insurance%20Cost%20Survey.pdf,PDF p.5 (printed p.8) table 'Example #3' row 'USAA' column 'Minot'; printed 6-month value 710,Minot,USAA,nd-2026-ex03,1420
nd-2026,ND,2026,https://www.insurance.nd.gov/sites/default/files/documents/Consumers/Auto/2026%20Auto%20Insurance%20Cost%20Survey.pdf,PDF p.5 (printed p.8) table 'Example #3' row 'USAA' column 'Remainder of State'; printed 6-month value 845,Remainder of State,USAA,nd-2026-ex03,1690
nd-2026,ND,2026,https://www.insurance.nd.gov/sites/default/files/documents/Consumers/Auto/2026%20Auto%20Insurance%20Cost%20Survey.pdf,PDF p.6 (printed p.10) table 'Example #5' row 'Allstate' column 'Fargo'; printed 6-month value 1933,Fargo,Allstate,nd-2026-ex05,3866
nd-2026,ND,2026,https://www.insurance.nd.gov/sites/default/files/documents/Consumers/Auto/2026%20Auto%20Insurance%20Cost%20Survey.pdf,PDF p.6 (printed p.10) table 'Example #5' row 'Allstate' column 'Bismarck / Mandan'; printed 6-month value 1967,Bismarck / Mandan,Allstate,nd-2026-ex05,3934
nd-2026,ND,2026,https://www.insurance.nd.gov/sites/default/files/documents/Consumers/Auto/2026%20Auto%20Insurance%20Cost%20Survey.pdf,PDF p.6 (printed p.10) table 'Example #5' row 'Allstate' column 'Grand Forks'; printed 6-month value 1856,Grand Forks,Allstate,nd-2026-ex05,3712
nd-2026,ND,2026,https://www.insurance.nd.gov/sites/default/files/documents/Consumers/Auto/2026%20Auto%20Insurance%20Cost%20Survey.pdf,PDF p.6 (printed p.10) table 'Example #5' row 'Allstate' column 'Minot'; printed 6-month value 1884,Minot,Allstate,nd-2026-ex05,3768
nd-2026,ND,2026,https://www.insurance.nd.gov/sites/default/files/documents/Consumers/Auto/2026%20Auto%20Insurance%20Cost%20Survey.pdf,PDF p.6 (printed p.10) table 'Example #5' row 'Allstate' column 'Remainder of State'; printed 6-month value 1899,Remainder of State,Allstate,nd-2026-ex05,3798
nd-2026,ND,2026,https://www.insurance.nd.gov/sites/default/files/documents/Consumers/Auto/2026%20Auto%20Insurance%20Cost%20Survey.pdf,PDF p.6 (printed p.10) table 'Example #5' row 'Allstate North American' column 'Fargo'; printed 6-month value 1099,Fargo,Allstate North American,nd-2026-ex05,2198
nd-2026,ND,2026,https://www.insurance.nd.gov/sites/default/files/documents/Consumers/Auto/2026%20Auto%20Insurance%20Cost%20Survey.pdf,PDF p.6 (printed p.10) table 'Example #5' row 'Allstate North American' column 'Bismarck / Mandan'; printed 6-month value 976,Bismarck / Mandan,Allstate North American,nd-2026-ex05,1952
nd-2026,ND,2026,https://www.insurance.nd.gov/sites/default/files/documents/Consumers/Auto/2026%20Auto%20Insurance%20Cost%20Survey.pdf,PDF p.6 (printed p.10) table 'Example #5' row 'Allstate North American' column 'Grand Forks'; printed 6-month value 1044,Grand Forks,Allstate North American,nd-2026-ex05,2088
nd-2026,ND,2026,https://www.insurance.nd.gov/sites/default/files/documents/Consumers/Auto/2026%20Auto%20Insurance%20Cost%20Survey.pdf,PDF p.6 (printed p.10) table 'Example #5' row 'Allstate North American' column 'Minot'; printed 6-month value 1054,Minot,Allstate North American,nd-2026-ex05,2108
nd-2026,ND,2026,https://www.insurance.nd.gov/sites/default/files/documents/Consumers/Auto/2026%20Auto%20Insurance%20Cost%20Survey.pdf,PDF p.6 (printed p.10) table 'Example #5' row 'Allstate North American' column 'Remainder of State'; printed 6-month value 1024,Remainder of State,Allstate North American,nd-2026-ex05,2048
nd-2026,ND,2026,https://www.insurance.nd.gov/sites/default/files/documents/Consumers/Auto/2026%20Auto%20Insurance%20Cost%20Survey.pdf,PDF p.6 (printed p.10) table 'Example #5' row 'American Family' column 'Fargo'; printed 6-month value 794,Fargo,American Family,nd-2026-ex05,1588
nd-2026,ND,2026,https://www.insurance.nd.gov/sites/default/files/documents/Consumers/Auto/2026%20Auto%20Insurance%20Cost%20Survey.pdf,PDF p.6 (printed p.10) table 'Example #5' row 'American Family' column 'Bismarck / Mandan'; printed 6-month value 894,Bismarck / Mandan,American Family,nd-2026-ex05,1788
nd-2026,ND,2026,https://www.insurance.nd.gov/sites/default/files/documents/Consumers/Auto/2026%20Auto%20Insurance%20Cost%20Survey.pdf,PDF p.6 (printed p.10) table 'Example #5' row 'American Family' column 'Grand Forks'; printed 6-month value 787,Grand Forks,American Family,nd-2026-ex05,1574
nd-2026,ND,2026,https://www.insurance.nd.gov/sites/default/files/documents/Consumers/Auto/2026%20Auto%20Insurance%20Cost%20Survey.pdf,PDF p.6 (printed p.10) table 'Example #5' row 'American Family' column 'Minot'; printed 6-month value 864,Minot,American Family,nd-2026-ex05,1728
nd-2026,ND,2026,https://www.insurance.nd.gov/sites/default/files/documents/Consumers/Auto/2026%20Auto%20Insurance%20Cost%20Survey.pdf,PDF p.6 (printed p.10) table 'Example #5' row 'American Family' column 'Remainder of State'; printed 6-month value 749,Remainder of State,American Family,nd-2026-ex05,1498
nd-2026,ND,2026,https://www.insurance.nd.gov/sites/default/files/documents/Consumers/Auto/2026%20Auto%20Insurance%20Cost%20Survey.pdf,PDF p.6 (printed p.10) table 'Example #5' row 'Auto Owners' column 'Fargo'; printed 6-month value 1430,Fargo,Auto Owners,nd-2026-ex05,2860
nd-2026,ND,2026,https://www.insurance.nd.gov/sites/default/files/documents/Consumers/Auto/2026%20Auto%20Insurance%20Cost%20Survey.pdf,PDF p.6 (printed p.10) table 'Example #5' row 'Auto Owners' column 'Bismarck / Mandan'; printed 6-month value 1610,Bismarck / Mandan,Auto Owners,nd-2026-ex05,3220
nd-2026,ND,2026,https://www.insurance.nd.gov/sites/default/files/documents/Consumers/Auto/2026%20Auto%20Insurance%20Cost%20Survey.pdf,PDF p.6 (printed p.10) table 'Example #5' row 'Auto Owners' column 'Grand Forks'; printed 6-month value 1404,Grand Forks,Auto Owners,nd-2026-ex05,2808
nd-2026,ND,2026,https://www.insurance.nd.gov/sites/default/files/documents/Consumers/Auto/2026%20Auto%20Insurance%20Cost%20Survey.pdf,PDF p.6 (printed p.10) table 'Example #5' row 'Auto Owners' column 'Minot'; printed 6-month value 1381,Minot,Auto Owners,nd-2026-ex05,2762
nd-2026,ND,2026,https://www.insurance.nd.gov/sites/default/files/documents/Consumers/Auto/2026%20Auto%20Insurance%20Cost%20Survey.pdf,PDF p.6 (printed p.10) table 'Example #5' row 'Auto Owners' column 'Remainder of State'; printed 6-month value 1389,Remainder of State,Auto Owners,nd-2026-ex05,2778
nd-2026,ND,2026,https://www.insurance.nd.gov/sites/default/files/documents/Consumers/Auto/2026%20Auto%20Insurance%20Cost%20Survey.pdf,PDF p.6 (printed p.10) table 'Example #5' row 'Casualty Insurance' column 'Fargo'; printed 6-month value 1389,Fargo,Casualty Insurance,nd-2026-ex05,2778
nd-2026,ND,2026,https://www.insurance.nd.gov/sites/default/files/documents/Consumers/Auto/2026%20Auto%20Insurance%20Cost%20Survey.pdf,PDF p.6 (printed p.10) table 'Example #5' row 'Casualty Insurance' column 'Bismarck / Mandan'; printed 6-month value 1346,Bismarck / Mandan,Casualty Insurance,nd-2026-ex05,2692
nd-2026,ND,2026,https://www.insurance.nd.gov/sites/default/files/documents/Consumers/Auto/2026%20Auto%20Insurance%20Cost%20Survey.pdf,PDF p.6 (printed p.10) table 'Example #5' row 'Casualty Insurance' column 'Grand Forks'; printed 6-month value 1281,Grand Forks,Casualty Insurance,nd-2026-ex05,2562
nd-2026,ND,2026,https://www.insurance.nd.gov/sites/default/files/documents/Consumers/Auto/2026%20Auto%20Insurance%20Cost%20Survey.pdf,PDF p.6 (printed p.10) table 'Example #5' row 'Casualty Insurance' column 'Minot'; printed 6-month value 1280,Minot,Casualty Insurance,nd-2026-ex05,2560
nd-2026,ND,2026,https://www.insurance.nd.gov/sites/default/files/documents/Consumers/Auto/2026%20Auto%20Insurance%20Cost%20Survey.pdf,PDF p.6 (printed p.10) table 'Example #5' row 'Casualty Insurance' column 'Remainder of State'; printed 6-month value 1440,Remainder of State,Casualty Insurance,nd-2026-ex05,2880
nd-2026,ND,2026,https://www.insurance.nd.gov/sites/default/files/documents/Consumers/Auto/2026%20Auto%20Insurance%20Cost%20Survey.pdf,PDF p.6 (printed p.10) table 'Example #5' row 'COUNTRY Preferred' column 'Fargo'; printed 6-month value 911,Fargo,COUNTRY Preferred,nd-2026-ex05,1822
nd-2026,ND,2026,https://www.insurance.nd.gov/sites/default/files/documents/Consumers/Auto/2026%20Auto%20Insurance%20Cost%20Survey.pdf,PDF p.6 (printed p.10) table 'Example #5' row 'COUNTRY Preferred' column 'Bismarck / Mandan'; printed 6-month value 919,Bismarck / Mandan,COUNTRY Preferred,nd-2026-ex05,1838
nd-2026,ND,2026,https://www.insurance.nd.gov/sites/default/files/documents/Consumers/Auto/2026%20Auto%20Insurance%20Cost%20Survey.pdf,PDF p.6 (printed p.10) table 'Example #5' row 'COUNTRY Preferred' column 'Grand Forks'; printed 6-month value 845,Grand Forks,COUNTRY Preferred,nd-2026-ex05,1690
nd-2026,ND,2026,https://www.insurance.nd.gov/sites/default/files/documents/Consumers/Auto/2026%20Auto%20Insurance%20Cost%20Survey.pdf,PDF p.6 (printed p.10) table 'Example #5' row 'COUNTRY Preferred' column 'Minot'; printed 6-month value 926,Minot,COUNTRY Preferred,nd-2026-ex05,1852
nd-2026,ND,2026,https://www.insurance.nd.gov/sites/default/files/documents/Consumers/Auto/2026%20Auto%20Insurance%20Cost%20Survey.pdf,PDF p.6 (printed p.10) table 'Example #5' row 'COUNTRY Preferred' column 'Remainder of State'; printed 6-month value 841,Remainder of State,COUNTRY Preferred,nd-2026-ex05,1682
nd-2026,ND,2026,https://www.insurance.nd.gov/sites/default/files/documents/Consumers/Auto/2026%20Auto%20Insurance%20Cost%20Survey.pdf,PDF p.6 (printed p.10) table 'Example #5' row 'Farmers Group' column 'Fargo'; printed 6-month value 2182,Fargo,Farmers Group,nd-2026-ex05,4364
nd-2026,ND,2026,https://www.insurance.nd.gov/sites/default/files/documents/Consumers/Auto/2026%20Auto%20Insurance%20Cost%20Survey.pdf,PDF p.6 (printed p.10) table 'Example #5' row 'Farmers Group' column 'Bismarck / Mandan'; printed 6-month value 2490,Bismarck / Mandan,Farmers Group,nd-2026-ex05,4980
nd-2026,ND,2026,https://www.insurance.nd.gov/sites/default/files/documents/Consumers/Auto/2026%20Auto%20Insurance%20Cost%20Survey.pdf,PDF p.6 (printed p.10) table 'Example #5' row 'Farmers Group' column 'Grand Forks'; printed 6-month value 2137,Grand Forks,Farmers Group,nd-2026-ex05,4274
nd-2026,ND,2026,https://www.insurance.nd.gov/sites/default/files/documents/Consumers/Auto/2026%20Auto%20Insurance%20Cost%20Survey.pdf,PDF p.6 (printed p.10) table 'Example #5' row 'Farmers Group' column 'Minot'; printed 6-month value 2137,Minot,Farmers Group,nd-2026-ex05,4274
nd-2026,ND,2026,https://www.insurance.nd.gov/sites/default/files/documents/Consumers/Auto/2026%20Auto%20Insurance%20Cost%20Survey.pdf,PDF p.6 (printed p.10) table 'Example #5' row 'Farmers Group' column 'Remainder of State'; printed 6-month value 2365,Remainder of State,Farmers Group,nd-2026-ex05,4730
nd-2026,ND,2026,https://www.insurance.nd.gov/sites/default/files/documents/Consumers/Auto/2026%20Auto%20Insurance%20Cost%20Survey.pdf,PDF p.6 (printed p.10) table 'Example #5' row 'Farmers Property' column 'Fargo'; printed 6-month value 2147,Fargo,Farmers Property,nd-2026-ex05,4294
nd-2026,ND,2026,https://www.insurance.nd.gov/sites/default/files/documents/Consumers/Auto/2026%20Auto%20Insurance%20Cost%20Survey.pdf,PDF p.6 (printed p.10) table 'Example #5' row 'Farmers Property' column 'Bismarck / Mandan'; printed 6-month value 2358,Bismarck / Mandan,Farmers Property,nd-2026-ex05,4716
nd-2026,ND,2026,https://www.insurance.nd.gov/sites/default/files/documents/Consumers/Auto/2026%20Auto%20Insurance%20Cost%20Survey.pdf,PDF p.6 (printed p.10) table 'Example #5' row 'Farmers Property' column 'Grand Forks'; printed 6-month value 2297,Grand Forks,Farmers Property,nd-2026-ex05,4594
nd-2026,ND,2026,https://www.insurance.nd.gov/sites/default/files/documents/Consumers/Auto/2026%20Auto%20Insurance%20Cost%20Survey.pdf,PDF p.6 (printed p.10) table 'Example #5' row 'Farmers Property' column 'Minot'; printed 6-month value 2297,Minot,Farmers Property,nd-2026-ex05,4594
nd-2026,ND,2026,https://www.insurance.nd.gov/sites/default/files/documents/Consumers/Auto/2026%20Auto%20Insurance%20Cost%20Survey.pdf,PDF p.6 (printed p.10) table 'Example #5' row 'Farmers Property' column 'Remainder of State'; printed 6-month value 2323,Remainder of State,Farmers Property,nd-2026-ex05,4646
nd-2026,ND,2026,https://www.insurance.nd.gov/sites/default/files/documents/Consumers/Auto/2026%20Auto%20Insurance%20Cost%20Survey.pdf,PDF p.6 (printed p.10) table 'Example #5' row 'Garrison' column 'Fargo'; printed 6-month value 1801,Fargo,Garrison,nd-2026-ex05,3602
nd-2026,ND,2026,https://www.insurance.nd.gov/sites/default/files/documents/Consumers/Auto/2026%20Auto%20Insurance%20Cost%20Survey.pdf,PDF p.6 (printed p.10) table 'Example #5' row 'Garrison' column 'Bismarck / Mandan'; printed 6-month value 1716,Bismarck / Mandan,Garrison,nd-2026-ex05,3432
nd-2026,ND,2026,https://www.insurance.nd.gov/sites/default/files/documents/Consumers/Auto/2026%20Auto%20Insurance%20Cost%20Survey.pdf,PDF p.6 (printed p.10) table 'Example #5' row 'Garrison' column 'Grand Forks'; printed 6-month value 1657,Grand Forks,Garrison,nd-2026-ex05,3314
nd-2026,ND,2026,https://www.insurance.nd.gov/sites/default/files/documents/Consumers/Auto/2026%20Auto%20Insurance%20Cost%20Survey.pdf,PDF p.6 (printed p.10) table 'Example #5' row 'Garrison' column 'Minot'; printed 6-month value 1674,Minot,Garrison,nd-2026-ex05,3348
nd-2026,ND,2026,https://www.insurance.nd.gov/sites/default/files/documents/Consumers/Auto/2026%20Auto%20Insurance%20Cost%20Survey.pdf,PDF p.6 (printed p.10) table 'Example #5' row 'Garrison' column 'Remainder of State'; printed 6-month value 1844,Remainder of State,Garrison,nd-2026-ex05,3688
nd-2026,ND,2026,https://www.insurance.nd.gov/sites/default/files/documents/Consumers/Auto/2026%20Auto%20Insurance%20Cost%20Survey.pdf,PDF p.6 (printed p.10) table 'Example #5' row 'GEICO Casualty' column 'Fargo'; printed 6-month value 967,Fargo,GEICO Casualty,nd-2026-ex05,1934
nd-2026,ND,2026,https://www.insurance.nd.gov/sites/default/files/documents/Consumers/Auto/2026%20Auto%20Insurance%20Cost%20Survey.pdf,PDF p.6 (printed p.10) table 'Example #5' row 'GEICO Casualty' column 'Bismarck / Mandan'; printed 6-month value 1012,Bismarck / Mandan,GEICO Casualty,nd-2026-ex05,2024
nd-2026,ND,2026,https://www.insurance.nd.gov/sites/default/files/documents/Consumers/Auto/2026%20Auto%20Insurance%20Cost%20Survey.pdf,PDF p.6 (printed p.10) table 'Example #5' row 'GEICO Casualty' column 'Grand Forks'; printed 6-month value 895,Grand Forks,GEICO Casualty,nd-2026-ex05,1790
nd-2026,ND,2026,https://www.insurance.nd.gov/sites/default/files/documents/Consumers/Auto/2026%20Auto%20Insurance%20Cost%20Survey.pdf,PDF p.6 (printed p.10) table 'Example #5' row 'GEICO Casualty' column 'Minot'; printed 6-month value 987,Minot,GEICO Casualty,nd-2026-ex05,1974
nd-2026,ND,2026,https://www.insurance.nd.gov/sites/default/files/documents/Consumers/Auto/2026%20Auto%20Insurance%20Cost%20Survey.pdf,PDF p.6 (printed p.10) table 'Example #5' row 'GEICO Casualty' column 'Remainder of State'; printed 6-month value 1113,Remainder of State,GEICO Casualty,nd-2026-ex05,2226
nd-2026,ND,2026,https://www.insurance.nd.gov/sites/default/files/documents/Consumers/Auto/2026%20Auto%20Insurance%20Cost%20Survey.pdf,PDF p.6 (printed p.10) table 'Example #5' row 'GEICO Marine' column 'Fargo'; printed 6-month value 1007,Fargo,GEICO Marine,nd-2026-ex05,2014
nd-2026,ND,2026,https://www.insurance.nd.gov/sites/default/files/documents/Consumers/Auto/2026%20Auto%20Insurance%20Cost%20Survey.pdf,PDF p.6 (printed p.10) table 'Example #5' row 'GEICO Marine' column 'Bismarck / Mandan'; printed 6-month value 1055,Bismarck / Mandan,GEICO Marine,nd-2026-ex05,2110
nd-2026,ND,2026,https://www.insurance.nd.gov/sites/default/files/documents/Consumers/Auto/2026%20Auto%20Insurance%20Cost%20Survey.pdf,PDF p.6 (printed p.10) table 'Example #5' row 'GEICO Marine' column 'Grand Forks'; printed 6-month value 896,Grand Forks,GEICO Marine,nd-2026-ex05,1792
nd-2026,ND,2026,https://www.insurance.nd.gov/sites/default/files/documents/Consumers/Auto/2026%20Auto%20Insurance%20Cost%20Survey.pdf,PDF p.6 (printed p.10) table 'Example #5' row 'GEICO Marine' column 'Minot'; printed 6-month value 1027,Minot,GEICO Marine,nd-2026-ex05,2054
nd-2026,ND,2026,https://www.insurance.nd.gov/sites/default/files/documents/Consumers/Auto/2026%20Auto%20Insurance%20Cost%20Survey.pdf,PDF p.6 (printed p.10) table 'Example #5' row 'GEICO Marine' column 'Remainder of State'; printed 6-month value 1159,Remainder of State,GEICO Marine,nd-2026-ex05,2318
nd-2026,ND,2026,https://www.insurance.nd.gov/sites/default/files/documents/Consumers/Auto/2026%20Auto%20Insurance%20Cost%20Survey.pdf,PDF p.6 (printed p.10) table 'Example #5' row 'General Indemnity' column 'Fargo'; printed 6-month value 1364,Fargo,General Indemnity,nd-2026-ex05,2728
nd-2026,ND,2026,https://www.insurance.nd.gov/sites/default/files/documents/Consumers/Auto/2026%20Auto%20Insurance%20Cost%20Survey.pdf,PDF p.6 (printed p.10) table 'Example #5' row 'General Indemnity' column 'Bismarck / Mandan'; printed 6-month value 1307,Bismarck / Mandan,General Indemnity,nd-2026-ex05,2614
nd-2026,ND,2026,https://www.insurance.nd.gov/sites/default/files/documents/Consumers/Auto/2026%20Auto%20Insurance%20Cost%20Survey.pdf,PDF p.6 (printed p.10) table 'Example #5' row 'General Indemnity' column 'Grand Forks'; printed 6-month value 1243,Grand Forks,General Indemnity,nd-2026-ex05,2486
nd-2026,ND,2026,https://www.insurance.nd.gov/sites/default/files/documents/Consumers/Auto/2026%20Auto%20Insurance%20Cost%20Survey.pdf,PDF p.6 (printed p.10) table 'Example #5' row 'General Indemnity' column 'Minot'; printed 6-month value 1257,Minot,General Indemnity,nd-2026-ex05,2514
nd-2026,ND,2026,https://www.insurance.nd.gov/sites/default/files/documents/Consumers/Auto/2026%20Auto%20Insurance%20Cost%20Survey.pdf,PDF p.6 (printed p.10) table 'Example #5' row 'General Indemnity' column 'Remainder of State'; printed 6-month value 1413,Remainder of State,General Indemnity,nd-2026-ex05,2826
nd-2026,ND,2026,https://www.insurance.nd.gov/sites/default/files/documents/Consumers/Auto/2026%20Auto%20Insurance%20Cost%20Survey.pdf,PDF p.6 (printed p.10) table 'Example #5' row 'Grinnell Compass/Mutual' column 'Fargo'; printed 6-month value 722*,Fargo,Grinnell Compass/Mutual,nd-2026-ex05,1444
nd-2026,ND,2026,https://www.insurance.nd.gov/sites/default/files/documents/Consumers/Auto/2026%20Auto%20Insurance%20Cost%20Survey.pdf,PDF p.6 (printed p.10) table 'Example #5' row 'Grinnell Compass/Mutual' column 'Bismarck / Mandan'; printed 6-month value 762*,Bismarck / Mandan,Grinnell Compass/Mutual,nd-2026-ex05,1524
nd-2026,ND,2026,https://www.insurance.nd.gov/sites/default/files/documents/Consumers/Auto/2026%20Auto%20Insurance%20Cost%20Survey.pdf,PDF p.6 (printed p.10) table 'Example #5' row 'Grinnell Compass/Mutual' column 'Grand Forks'; printed 6-month value 736*,Grand Forks,Grinnell Compass/Mutual,nd-2026-ex05,1472
nd-2026,ND,2026,https://www.insurance.nd.gov/sites/default/files/documents/Consumers/Auto/2026%20Auto%20Insurance%20Cost%20Survey.pdf,PDF p.6 (printed p.10) table 'Example #5' row 'Grinnell Compass/Mutual' column 'Minot'; printed 6-month value 808*,Minot,Grinnell Compass/Mutual,nd-2026-ex05,1616
nd-2026,ND,2026,https://www.insurance.nd.gov/sites/default/files/documents/Consumers/Auto/2026%20Auto%20Insurance%20Cost%20Survey.pdf,PDF p.6 (printed p.10) table 'Example #5' row 'Grinnell Compass/Mutual' column 'Remainder of State'; printed 6-month value 662*,Remainder of State,Grinnell Compass/Mutual,nd-2026-ex05,1324
nd-2026,ND,2026,https://www.insurance.nd.gov/sites/default/files/documents/Consumers/Auto/2026%20Auto%20Insurance%20Cost%20Survey.pdf,PDF p.6 (printed p.10) table 'Example #5' row 'National Farmers Union' column 'Fargo'; printed 6-month value 337*,Fargo,National Farmers Union,nd-2026-ex05,674
nd-2026,ND,2026,https://www.insurance.nd.gov/sites/default/files/documents/Consumers/Auto/2026%20Auto%20Insurance%20Cost%20Survey.pdf,PDF p.6 (printed p.10) table 'Example #5' row 'National Farmers Union' column 'Bismarck / Mandan'; printed 6-month value 396*,Bismarck / Mandan,National Farmers Union,nd-2026-ex05,792
nd-2026,ND,2026,https://www.insurance.nd.gov/sites/default/files/documents/Consumers/Auto/2026%20Auto%20Insurance%20Cost%20Survey.pdf,PDF p.6 (printed p.10) table 'Example #5' row 'National Farmers Union' column 'Grand Forks'; printed 6-month value 365*,Grand Forks,National Farmers Union,nd-2026-ex05,730
nd-2026,ND,2026,https://www.insurance.nd.gov/sites/default/files/documents/Consumers/Auto/2026%20Auto%20Insurance%20Cost%20Survey.pdf,PDF p.6 (printed p.10) table 'Example #5' row 'National Farmers Union' column 'Minot'; printed 6-month value 483*,Minot,National Farmers Union,nd-2026-ex05,966
nd-2026,ND,2026,https://www.insurance.nd.gov/sites/default/files/documents/Consumers/Auto/2026%20Auto%20Insurance%20Cost%20Survey.pdf,PDF p.6 (printed p.10) table 'Example #5' row 'National Farmers Union' column 'Remainder of State'; printed 6-month value 633*,Remainder of State,National Farmers Union,nd-2026-ex05,1266
nd-2026,ND,2026,https://www.insurance.nd.gov/sites/default/files/documents/Consumers/Auto/2026%20Auto%20Insurance%20Cost%20Survey.pdf,PDF p.6 (printed p.10) table 'Example #5' row 'Nationwide Mutual' column 'Fargo'; printed 6-month value 1205,Fargo,Nationwide Mutual,nd-2026-ex05,2410
nd-2026,ND,2026,https://www.insurance.nd.gov/sites/default/files/documents/Consumers/Auto/2026%20Auto%20Insurance%20Cost%20Survey.pdf,PDF p.6 (printed p.10) table 'Example #5' row 'Nationwide Mutual' column 'Bismarck / Mandan'; printed 6-month value 1283,Bismarck / Mandan,Nationwide Mutual,nd-2026-ex05,2566
nd-2026,ND,2026,https://www.insurance.nd.gov/sites/default/files/documents/Consumers/Auto/2026%20Auto%20Insurance%20Cost%20Survey.pdf,PDF p.6 (printed p.10) table 'Example #5' row 'Nationwide Mutual' column 'Grand Forks'; printed 6-month value 1145,Grand Forks,Nationwide Mutual,nd-2026-ex05,2290
nd-2026,ND,2026,https://www.insurance.nd.gov/sites/default/files/documents/Consumers/Auto/2026%20Auto%20Insurance%20Cost%20Survey.pdf,PDF p.6 (printed p.10) table 'Example #5' row 'Nationwide Mutual' column 'Minot'; printed 6-month value 1309,Minot,Nationwide Mutual,nd-2026-ex05,2618
nd-2026,ND,2026,https://www.insurance.nd.gov/sites/default/files/documents/Consumers/Auto/2026%20Auto%20Insurance%20Cost%20Survey.pdf,PDF p.6 (printed p.10) table 'Example #5' row 'Nationwide Mutual' column 'Remainder of State'; printed 6-month value 1300,Remainder of State,Nationwide Mutual,nd-2026-ex05,2600
nd-2026,ND,2026,https://www.insurance.nd.gov/sites/default/files/documents/Consumers/Auto/2026%20Auto%20Insurance%20Cost%20Survey.pdf,PDF p.6 (printed p.10) table 'Example #5' row 'Nodak' column 'Fargo'; printed 6-month value 731,Fargo,Nodak,nd-2026-ex05,1462
nd-2026,ND,2026,https://www.insurance.nd.gov/sites/default/files/documents/Consumers/Auto/2026%20Auto%20Insurance%20Cost%20Survey.pdf,PDF p.6 (printed p.10) table 'Example #5' row 'Nodak' column 'Bismarck / Mandan'; printed 6-month value 820,Bismarck / Mandan,Nodak,nd-2026-ex05,1640
nd-2026,ND,2026,https://www.insurance.nd.gov/sites/default/files/documents/Consumers/Auto/2026%20Auto%20Insurance%20Cost%20Survey.pdf,PDF p.6 (printed p.10) table 'Example #5' row 'Nodak' column 'Grand Forks'; printed 6-month value 895,Grand Forks,Nodak,nd-2026-ex05,1790
nd-2026,ND,2026,https://www.insurance.nd.gov/sites/default/files/documents/Consumers/Auto/2026%20Auto%20Insurance%20Cost%20Survey.pdf,PDF p.6 (printed p.10) table 'Example #5' row 'Nodak' column 'Minot'; printed 6-month value 934,Minot,Nodak,nd-2026-ex05,1868
nd-2026,ND,2026,https://www.insurance.nd.gov/sites/default/files/documents/Consumers/Auto/2026%20Auto%20Insurance%20Cost%20Survey.pdf,PDF p.6 (printed p.10) table 'Example #5' row 'Nodak' column 'Remainder of State'; printed 6-month value 775,Remainder of State,Nodak,nd-2026-ex05,1550
nd-2026,ND,2026,https://www.insurance.nd.gov/sites/default/files/documents/Consumers/Auto/2026%20Auto%20Insurance%20Cost%20Survey.pdf,PDF p.6 (printed p.10) table 'Example #5' row 'North Star Mutual' column 'Fargo'; printed 6-month value 917,Fargo,North Star Mutual,nd-2026-ex05,1834
nd-2026,ND,2026,https://www.insurance.nd.gov/sites/default/files/documents/Consumers/Auto/2026%20Auto%20Insurance%20Cost%20Survey.pdf,PDF p.6 (printed p.10) table 'Example #5' row 'North Star Mutual' column 'Bismarck / Mandan'; printed 6-month value 1138,Bismarck / Mandan,North Star Mutual,nd-2026-ex05,2276
nd-2026,ND,2026,https://www.insurance.nd.gov/sites/default/files/documents/Consumers/Auto/2026%20Auto%20Insurance%20Cost%20Survey.pdf,PDF p.6 (printed p.10) table 'Example #5' row 'North Star Mutual' column 'Grand Forks'; printed 6-month value 904,Grand Forks,North Star Mutual,nd-2026-ex05,1808
nd-2026,ND,2026,https://www.insurance.nd.gov/sites/default/files/documents/Consumers/Auto/2026%20Auto%20Insurance%20Cost%20Survey.pdf,PDF p.6 (printed p.10) table 'Example #5' row 'North Star Mutual' column 'Minot'; printed 6-month value 881,Minot,North Star Mutual,nd-2026-ex05,1762
nd-2026,ND,2026,https://www.insurance.nd.gov/sites/default/files/documents/Consumers/Auto/2026%20Auto%20Insurance%20Cost%20Survey.pdf,PDF p.6 (printed p.10) table 'Example #5' row 'North Star Mutual' column 'Remainder of State'; printed 6-month value 854,Remainder of State,North Star Mutual,nd-2026-ex05,1708
nd-2026,ND,2026,https://www.insurance.nd.gov/sites/default/files/documents/Consumers/Auto/2026%20Auto%20Insurance%20Cost%20Survey.pdf,PDF p.6 (printed p.10) table 'Example #5' row 'Owners Insurance' column 'Fargo'; printed 6-month value 1169,Fargo,Owners Insurance,nd-2026-ex05,2338
nd-2026,ND,2026,https://www.insurance.nd.gov/sites/default/files/documents/Consumers/Auto/2026%20Auto%20Insurance%20Cost%20Survey.pdf,PDF p.6 (printed p.10) table 'Example #5' row 'Owners Insurance' column 'Bismarck / Mandan'; printed 6-month value 1313,Bismarck / Mandan,Owners Insurance,nd-2026-ex05,2626
nd-2026,ND,2026,https://www.insurance.nd.gov/sites/default/files/documents/Consumers/Auto/2026%20Auto%20Insurance%20Cost%20Survey.pdf,PDF p.6 (printed p.10) table 'Example #5' row 'Owners Insurance' column 'Grand Forks'; printed 6-month value 1148,Grand Forks,Owners Insurance,nd-2026-ex05,2296
nd-2026,ND,2026,https://www.insurance.nd.gov/sites/default/files/documents/Consumers/Auto/2026%20Auto%20Insurance%20Cost%20Survey.pdf,PDF p.6 (printed p.10) table 'Example #5' row 'Owners Insurance' column 'Minot'; printed 6-month value 1127,Minot,Owners Insurance,nd-2026-ex05,2254
nd-2026,ND,2026,https://www.insurance.nd.gov/sites/default/files/documents/Consumers/Auto/2026%20Auto%20Insurance%20Cost%20Survey.pdf,PDF p.6 (printed p.10) table 'Example #5' row 'Owners Insurance' column 'Remainder of State'; printed 6-month value 1133,Remainder of State,Owners Insurance,nd-2026-ex05,2266
nd-2026,ND,2026,https://www.insurance.nd.gov/sites/default/files/documents/Consumers/Auto/2026%20Auto%20Insurance%20Cost%20Survey.pdf,PDF p.6 (printed p.10) table 'Example #5' row 'Progressive Direct' column 'Fargo'; printed 6-month value 333,Fargo,Progressive Direct,nd-2026-ex05,666
nd-2026,ND,2026,https://www.insurance.nd.gov/sites/default/files/documents/Consumers/Auto/2026%20Auto%20Insurance%20Cost%20Survey.pdf,PDF p.6 (printed p.10) table 'Example #5' row 'Progressive Direct' column 'Bismarck / Mandan'; printed 6-month value 351,Bismarck / Mandan,Progressive Direct,nd-2026-ex05,702
nd-2026,ND,2026,https://www.insurance.nd.gov/sites/default/files/documents/Consumers/Auto/2026%20Auto%20Insurance%20Cost%20Survey.pdf,PDF p.6 (printed p.10) table 'Example #5' row 'Progressive Direct' column 'Grand Forks'; printed 6-month value 330,Grand Forks,Progressive Direct,nd-2026-ex05,660
nd-2026,ND,2026,https://www.insurance.nd.gov/sites/default/files/documents/Consumers/Auto/2026%20Auto%20Insurance%20Cost%20Survey.pdf,PDF p.6 (printed p.10) table 'Example #5' row 'Progressive Direct' column 'Minot'; printed 6-month value 380,Minot,Progressive Direct,nd-2026-ex05,760
nd-2026,ND,2026,https://www.insurance.nd.gov/sites/default/files/documents/Consumers/Auto/2026%20Auto%20Insurance%20Cost%20Survey.pdf,PDF p.6 (printed p.10) table 'Example #5' row 'Progressive Direct' column 'Remainder of State'; printed 6-month value 351,Remainder of State,Progressive Direct,nd-2026-ex05,702
nd-2026,ND,2026,https://www.insurance.nd.gov/sites/default/files/documents/Consumers/Auto/2026%20Auto%20Insurance%20Cost%20Survey.pdf,PDF p.6 (printed p.10) table 'Example #5' row 'Progressive Northwestern' column 'Fargo'; printed 6-month value 434,Fargo,Progressive Northwestern,nd-2026-ex05,868
nd-2026,ND,2026,https://www.insurance.nd.gov/sites/default/files/documents/Consumers/Auto/2026%20Auto%20Insurance%20Cost%20Survey.pdf,PDF p.6 (printed p.10) table 'Example #5' row 'Progressive Northwestern' column 'Bismarck / Mandan'; printed 6-month value 478,Bismarck / Mandan,Progressive Northwestern,nd-2026-ex05,956
nd-2026,ND,2026,https://www.insurance.nd.gov/sites/default/files/documents/Consumers/Auto/2026%20Auto%20Insurance%20Cost%20Survey.pdf,PDF p.6 (printed p.10) table 'Example #5' row 'Progressive Northwestern' column 'Grand Forks'; printed 6-month value 489,Grand Forks,Progressive Northwestern,nd-2026-ex05,978
nd-2026,ND,2026,https://www.insurance.nd.gov/sites/default/files/documents/Consumers/Auto/2026%20Auto%20Insurance%20Cost%20Survey.pdf,PDF p.6 (printed p.10) table 'Example #5' row 'Progressive Northwestern' column 'Minot'; printed 6-month value 533,Minot,Progressive Northwestern,nd-2026-ex05,1066
nd-2026,ND,2026,https://www.insurance.nd.gov/sites/default/files/documents/Consumers/Auto/2026%20Auto%20Insurance%20Cost%20Survey.pdf,PDF p.6 (printed p.10) table 'Example #5' row 'Progressive Northwestern' column 'Remainder of State'; printed 6-month value 490,Remainder of State,Progressive Northwestern,nd-2026-ex05,980
nd-2026,ND,2026,https://www.insurance.nd.gov/sites/default/files/documents/Consumers/Auto/2026%20Auto%20Insurance%20Cost%20Survey.pdf,PDF p.6 (printed p.10) table 'Example #5' row 'RAM Mutual' column 'Fargo'; printed 6-month value 311*,Fargo,RAM Mutual,nd-2026-ex05,622
nd-2026,ND,2026,https://www.insurance.nd.gov/sites/default/files/documents/Consumers/Auto/2026%20Auto%20Insurance%20Cost%20Survey.pdf,PDF p.6 (printed p.10) table 'Example #5' row 'RAM Mutual' column 'Bismarck / Mandan'; printed 6-month value 390*,Bismarck / Mandan,RAM Mutual,nd-2026-ex05,780
nd-2026,ND,2026,https://www.insurance.nd.gov/sites/default/files/documents/Consumers/Auto/2026%20Auto%20Insurance%20Cost%20Survey.pdf,PDF p.6 (printed p.10) table 'Example #5' row 'RAM Mutual' column 'Grand Forks'; printed 6-month value 322*,Grand Forks,RAM Mutual,nd-2026-ex05,644
nd-2026,ND,2026,https://www.insurance.nd.gov/sites/default/files/documents/Consumers/Auto/2026%20Auto%20Insurance%20Cost%20Survey.pdf,PDF p.6 (printed p.10) table 'Example #5' row 'RAM Mutual' column 'Minot'; printed 6-month value 365*,Minot,RAM Mutual,nd-2026-ex05,730
nd-2026,ND,2026,https://www.insurance.nd.gov/sites/default/files/documents/Consumers/Auto/2026%20Auto%20Insurance%20Cost%20Survey.pdf,PDF p.6 (printed p.10) table 'Example #5' row 'RAM Mutual' column 'Remainder of State'; printed 6-month value 319*,Remainder of State,RAM Mutual,nd-2026-ex05,638
nd-2026,ND,2026,https://www.insurance.nd.gov/sites/default/files/documents/Consumers/Auto/2026%20Auto%20Insurance%20Cost%20Survey.pdf,PDF p.6 (printed p.10) table 'Example #5' row 'Safeco' column 'Fargo'; printed 6-month value 1917**,Fargo,Safeco,nd-2026-ex05,3834
nd-2026,ND,2026,https://www.insurance.nd.gov/sites/default/files/documents/Consumers/Auto/2026%20Auto%20Insurance%20Cost%20Survey.pdf,PDF p.6 (printed p.10) table 'Example #5' row 'Safeco' column 'Bismarck / Mandan'; printed 6-month value 2031**,Bismarck / Mandan,Safeco,nd-2026-ex05,4062
nd-2026,ND,2026,https://www.insurance.nd.gov/sites/default/files/documents/Consumers/Auto/2026%20Auto%20Insurance%20Cost%20Survey.pdf,PDF p.6 (printed p.10) table 'Example #5' row 'Safeco' column 'Grand Forks'; printed 6-month value 1878**,Grand Forks,Safeco,nd-2026-ex05,3756
nd-2026,ND,2026,https://www.insurance.nd.gov/sites/default/files/documents/Consumers/Auto/2026%20Auto%20Insurance%20Cost%20Survey.pdf,PDF p.6 (printed p.10) table 'Example #5' row 'Safeco' column 'Minot'; printed 6-month value 1938**,Minot,Safeco,nd-2026-ex05,3876
nd-2026,ND,2026,https://www.insurance.nd.gov/sites/default/files/documents/Consumers/Auto/2026%20Auto%20Insurance%20Cost%20Survey.pdf,PDF p.6 (printed p.10) table 'Example #5' row 'Safeco' column 'Remainder of State'; printed 6-month value 2017**,Remainder of State,Safeco,nd-2026-ex05,4034
nd-2026,ND,2026,https://www.insurance.nd.gov/sites/default/files/documents/Consumers/Auto/2026%20Auto%20Insurance%20Cost%20Survey.pdf,PDF p.6 (printed p.10) table 'Example #5' row 'USAA' column 'Fargo'; printed 6-month value 1468,Fargo,USAA,nd-2026-ex05,2936
nd-2026,ND,2026,https://www.insurance.nd.gov/sites/default/files/documents/Consumers/Auto/2026%20Auto%20Insurance%20Cost%20Survey.pdf,PDF p.6 (printed p.10) table 'Example #5' row 'USAA' column 'Bismarck / Mandan'; printed 6-month value 1406,Bismarck / Mandan,USAA,nd-2026-ex05,2812
nd-2026,ND,2026,https://www.insurance.nd.gov/sites/default/files/documents/Consumers/Auto/2026%20Auto%20Insurance%20Cost%20Survey.pdf,PDF p.6 (printed p.10) table 'Example #5' row 'USAA' column 'Grand Forks'; printed 6-month value 1336,Grand Forks,USAA,nd-2026-ex05,2672
nd-2026,ND,2026,https://www.insurance.nd.gov/sites/default/files/documents/Consumers/Auto/2026%20Auto%20Insurance%20Cost%20Survey.pdf,PDF p.6 (printed p.10) table 'Example #5' row 'USAA' column 'Minot'; printed 6-month value 1349,Minot,USAA,nd-2026-ex05,2698
nd-2026,ND,2026,https://www.insurance.nd.gov/sites/default/files/documents/Consumers/Auto/2026%20Auto%20Insurance%20Cost%20Survey.pdf,PDF p.6 (printed p.10) table 'Example #5' row 'USAA' column 'Remainder of State'; printed 6-month value 1519,Remainder of State,USAA,nd-2026-ex05,3038
nd-2026,ND,2026,https://www.insurance.nd.gov/sites/default/files/documents/Consumers/Auto/2026%20Auto%20Insurance%20Cost%20Survey.pdf,PDF p.6 (printed p.11) table 'Example #6' row 'Allstate' column 'Fargo'; printed 6-month value 1481,Fargo,Allstate,nd-2026-ex06,2962
nd-2026,ND,2026,https://www.insurance.nd.gov/sites/default/files/documents/Consumers/Auto/2026%20Auto%20Insurance%20Cost%20Survey.pdf,PDF p.6 (printed p.11) table 'Example #6' row 'Allstate' column 'Bismarck / Mandan'; printed 6-month value 1442,Bismarck / Mandan,Allstate,nd-2026-ex06,2884
nd-2026,ND,2026,https://www.insurance.nd.gov/sites/default/files/documents/Consumers/Auto/2026%20Auto%20Insurance%20Cost%20Survey.pdf,PDF p.6 (printed p.11) table 'Example #6' row 'Allstate' column 'Grand Forks'; printed 6-month value 1363,Grand Forks,Allstate,nd-2026-ex06,2726
nd-2026,ND,2026,https://www.insurance.nd.gov/sites/default/files/documents/Consumers/Auto/2026%20Auto%20Insurance%20Cost%20Survey.pdf,PDF p.6 (printed p.11) table 'Example #6' row 'Allstate' column 'Minot'; printed 6-month value 1358,Minot,Allstate,nd-2026-ex06,2716
nd-2026,ND,2026,https://www.insurance.nd.gov/sites/default/files/documents/Consumers/Auto/2026%20Auto%20Insurance%20Cost%20Survey.pdf,PDF p.6 (printed p.11) table 'Example #6' row 'Allstate' column 'Remainder of State'; printed 6-month value 1345,Remainder of State,Allstate,nd-2026-ex06,2690
nd-2026,ND,2026,https://www.insurance.nd.gov/sites/default/files/documents/Consumers/Auto/2026%20Auto%20Insurance%20Cost%20Survey.pdf,PDF p.6 (printed p.11) table 'Example #6' row 'Allstate North American' column 'Fargo'; printed 6-month value 818,Fargo,Allstate North American,nd-2026-ex06,1636
nd-2026,ND,2026,https://www.insurance.nd.gov/sites/default/files/documents/Consumers/Auto/2026%20Auto%20Insurance%20Cost%20Survey.pdf,PDF p.6 (printed p.11) table 'Example #6' row 'Allstate North American' column 'Bismarck / Mandan'; printed 6-month value 734,Bismarck / Mandan,Allstate North American,nd-2026-ex06,1468
nd-2026,ND,2026,https://www.insurance.nd.gov/sites/default/files/documents/Consumers/Auto/2026%20Auto%20Insurance%20Cost%20Survey.pdf,PDF p.6 (printed p.11) table 'Example #6' row 'Allstate North American' column 'Grand Forks'; printed 6-month value 783,Grand Forks,Allstate North American,nd-2026-ex06,1566
nd-2026,ND,2026,https://www.insurance.nd.gov/sites/default/files/documents/Consumers/Auto/2026%20Auto%20Insurance%20Cost%20Survey.pdf,PDF p.6 (printed p.11) table 'Example #6' row 'Allstate North American' column 'Minot'; printed 6-month value 789,Minot,Allstate North American,nd-2026-ex06,1578
nd-2026,ND,2026,https://www.insurance.nd.gov/sites/default/files/documents/Consumers/Auto/2026%20Auto%20Insurance%20Cost%20Survey.pdf,PDF p.6 (printed p.11) table 'Example #6' row 'Allstate North American' column 'Remainder of State'; printed 6-month value 772,Remainder of State,Allstate North American,nd-2026-ex06,1544
nd-2026,ND,2026,https://www.insurance.nd.gov/sites/default/files/documents/Consumers/Auto/2026%20Auto%20Insurance%20Cost%20Survey.pdf,PDF p.6 (printed p.11) table 'Example #6' row 'American Family' column 'Fargo'; printed 6-month value 700,Fargo,American Family,nd-2026-ex06,1400
nd-2026,ND,2026,https://www.insurance.nd.gov/sites/default/files/documents/Consumers/Auto/2026%20Auto%20Insurance%20Cost%20Survey.pdf,PDF p.6 (printed p.11) table 'Example #6' row 'American Family' column 'Bismarck / Mandan'; printed 6-month value 770,Bismarck / Mandan,American Family,nd-2026-ex06,1540
nd-2026,ND,2026,https://www.insurance.nd.gov/sites/default/files/documents/Consumers/Auto/2026%20Auto%20Insurance%20Cost%20Survey.pdf,PDF p.6 (printed p.11) table 'Example #6' row 'American Family' column 'Grand Forks'; printed 6-month value 696,Grand Forks,American Family,nd-2026-ex06,1392
nd-2026,ND,2026,https://www.insurance.nd.gov/sites/default/files/documents/Consumers/Auto/2026%20Auto%20Insurance%20Cost%20Survey.pdf,PDF p.6 (printed p.11) table 'Example #6' row 'American Family' column 'Minot'; printed 6-month value 755,Minot,American Family,nd-2026-ex06,1510
nd-2026,ND,2026,https://www.insurance.nd.gov/sites/default/files/documents/Consumers/Auto/2026%20Auto%20Insurance%20Cost%20Survey.pdf,PDF p.6 (printed p.11) table 'Example #6' row 'American Family' column 'Remainder of State'; printed 6-month value 659,Remainder of State,American Family,nd-2026-ex06,1318
nd-2026,ND,2026,https://www.insurance.nd.gov/sites/default/files/documents/Consumers/Auto/2026%20Auto%20Insurance%20Cost%20Survey.pdf,PDF p.6 (printed p.11) table 'Example #6' row 'Auto Owners' column 'Fargo'; printed 6-month value 1215,Fargo,Auto Owners,nd-2026-ex06,2430
nd-2026,ND,2026,https://www.insurance.nd.gov/sites/default/files/documents/Consumers/Auto/2026%20Auto%20Insurance%20Cost%20Survey.pdf,PDF p.6 (printed p.11) table 'Example #6' row 'Auto Owners' column 'Bismarck / Mandan'; printed 6-month value 1357,Bismarck / Mandan,Auto Owners,nd-2026-ex06,2714
nd-2026,ND,2026,https://www.insurance.nd.gov/sites/default/files/documents/Consumers/Auto/2026%20Auto%20Insurance%20Cost%20Survey.pdf,PDF p.6 (printed p.11) table 'Example #6' row 'Auto Owners' column 'Grand Forks'; printed 6-month value 1191,Grand Forks,Auto Owners,nd-2026-ex06,2382
nd-2026,ND,2026,https://www.insurance.nd.gov/sites/default/files/documents/Consumers/Auto/2026%20Auto%20Insurance%20Cost%20Survey.pdf,PDF p.6 (printed p.11) table 'Example #6' row 'Auto Owners' column 'Minot'; printed 6-month value 1163,Minot,Auto Owners,nd-2026-ex06,2326
nd-2026,ND,2026,https://www.insurance.nd.gov/sites/default/files/documents/Consumers/Auto/2026%20Auto%20Insurance%20Cost%20Survey.pdf,PDF p.6 (printed p.11) table 'Example #6' row 'Auto Owners' column 'Remainder of State'; printed 6-month value 1169,Remainder of State,Auto Owners,nd-2026-ex06,2338
nd-2026,ND,2026,https://www.insurance.nd.gov/sites/default/files/documents/Consumers/Auto/2026%20Auto%20Insurance%20Cost%20Survey.pdf,PDF p.6 (printed p.11) table 'Example #6' row 'Casualty Insurance' column 'Fargo'; printed 6-month value 1333,Fargo,Casualty Insurance,nd-2026-ex06,2666
nd-2026,ND,2026,https://www.insurance.nd.gov/sites/default/files/documents/Consumers/Auto/2026%20Auto%20Insurance%20Cost%20Survey.pdf,PDF p.6 (printed p.11) table 'Example #6' row 'Casualty Insurance' column 'Bismarck / Mandan'; printed 6-month value 1261,Bismarck / Mandan,Casualty Insurance,nd-2026-ex06,2522
nd-2026,ND,2026,https://www.insurance.nd.gov/sites/default/files/documents/Consumers/Auto/2026%20Auto%20Insurance%20Cost%20Survey.pdf,PDF p.6 (printed p.11) table 'Example #6' row 'Casualty Insurance' column 'Grand Forks'; printed 6-month value 1212,Grand Forks,Casualty Insurance,nd-2026-ex06,2424
nd-2026,ND,2026,https://www.insurance.nd.gov/sites/default/files/documents/Consumers/Auto/2026%20Auto%20Insurance%20Cost%20Survey.pdf,PDF p.6 (printed p.11) table 'Example #6' row 'Casualty Insurance' column 'Minot'; printed 6-month value 1222,Minot,Casualty Insurance,nd-2026-ex06,2444
nd-2026,ND,2026,https://www.insurance.nd.gov/sites/default/files/documents/Consumers/Auto/2026%20Auto%20Insurance%20Cost%20Survey.pdf,PDF p.6 (printed p.11) table 'Example #6' row 'Casualty Insurance' column 'Remainder of State'; printed 6-month value 1361,Remainder of State,Casualty Insurance,nd-2026-ex06,2722
nd-2026,ND,2026,https://www.insurance.nd.gov/sites/default/files/documents/Consumers/Auto/2026%20Auto%20Insurance%20Cost%20Survey.pdf,PDF p.6 (printed p.11) table 'Example #6' row 'COUNTRY Preferred' column 'Fargo'; printed 6-month value 764,Fargo,COUNTRY Preferred,nd-2026-ex06,1528
nd-2026,ND,2026,https://www.insurance.nd.gov/sites/default/files/documents/Consumers/Auto/2026%20Auto%20Insurance%20Cost%20Survey.pdf,PDF p.6 (printed p.11) table 'Example #6' row 'COUNTRY Preferred' column 'Bismarck / Mandan'; printed 6-month value 759,Bismarck / Mandan,COUNTRY Preferred,nd-2026-ex06,1518
nd-2026,ND,2026,https://www.insurance.nd.gov/sites/default/files/documents/Consumers/Auto/2026%20Auto%20Insurance%20Cost%20Survey.pdf,PDF p.6 (printed p.11) table 'Example #6' row 'COUNTRY Preferred' column 'Grand Forks'; printed 6-month value 707,Grand Forks,COUNTRY Preferred,nd-2026-ex06,1414
nd-2026,ND,2026,https://www.insurance.nd.gov/sites/default/files/documents/Consumers/Auto/2026%20Auto%20Insurance%20Cost%20Survey.pdf,PDF p.6 (printed p.11) table 'Example #6' row 'COUNTRY Preferred' column 'Minot'; printed 6-month value 762,Minot,COUNTRY Preferred,nd-2026-ex06,1524
nd-2026,ND,2026,https://www.insurance.nd.gov/sites/default/files/documents/Consumers/Auto/2026%20Auto%20Insurance%20Cost%20Survey.pdf,PDF p.6 (printed p.11) table 'Example #6' row 'COUNTRY Preferred' column 'Remainder of State'; printed 6-month value 684,Remainder of State,COUNTRY Preferred,nd-2026-ex06,1368
nd-2026,ND,2026,https://www.insurance.nd.gov/sites/default/files/documents/Consumers/Auto/2026%20Auto%20Insurance%20Cost%20Survey.pdf,PDF p.6 (printed p.11) table 'Example #6' row 'Farmers Group' column 'Fargo'; printed 6-month value 2299,Fargo,Farmers Group,nd-2026-ex06,4598
nd-2026,ND,2026,https://www.insurance.nd.gov/sites/default/files/documents/Consumers/Auto/2026%20Auto%20Insurance%20Cost%20Survey.pdf,PDF p.6 (printed p.11) table 'Example #6' row 'Farmers Group' column 'Bismarck / Mandan'; printed 6-month value 2694,Bismarck / Mandan,Farmers Group,nd-2026-ex06,5388
nd-2026,ND,2026,https://www.insurance.nd.gov/sites/default/files/documents/Consumers/Auto/2026%20Auto%20Insurance%20Cost%20Survey.pdf,PDF p.6 (printed p.11) table 'Example #6' row 'Farmers Group' column 'Grand Forks'; printed 6-month value 2284,Grand Forks,Farmers Group,nd-2026-ex06,4568
nd-2026,ND,2026,https://www.insurance.nd.gov/sites/default/files/documents/Consumers/Auto/2026%20Auto%20Insurance%20Cost%20Survey.pdf,PDF p.6 (printed p.11) table 'Example #6' row 'Farmers Group' column 'Minot'; printed 6-month value 2451,Minot,Farmers Group,nd-2026-ex06,4902
nd-2026,ND,2026,https://www.insurance.nd.gov/sites/default/files/documents/Consumers/Auto/2026%20Auto%20Insurance%20Cost%20Survey.pdf,PDF p.6 (printed p.11) table 'Example #6' row 'Farmers Group' column 'Remainder of State'; printed 6-month value 2461,Remainder of State,Farmers Group,nd-2026-ex06,4922
nd-2026,ND,2026,https://www.insurance.nd.gov/sites/default/files/documents/Consumers/Auto/2026%20Auto%20Insurance%20Cost%20Survey.pdf,PDF p.6 (printed p.11) table 'Example #6' row 'Farmers Property' column 'Fargo'; printed 6-month value 2534,Fargo,Farmers Property,nd-2026-ex06,5068
nd-2026,ND,2026,https://www.insurance.nd.gov/sites/default/files/documents/Consumers/Auto/2026%20Auto%20Insurance%20Cost%20Survey.pdf,PDF p.6 (printed p.11) table 'Example #6' row 'Farmers Property' column 'Bismarck / Mandan'; printed 6-month value 2883,Bismarck / Mandan,Farmers Property,nd-2026-ex06,5766
nd-2026,ND,2026,https://www.insurance.nd.gov/sites/default/files/documents/Consumers/Auto/2026%20Auto%20Insurance%20Cost%20Survey.pdf,PDF p.6 (printed p.11) table 'Example #6' row 'Farmers Property' column 'Grand Forks'; printed 6-month value 2736,Grand Forks,Farmers Property,nd-2026-ex06,5472
nd-2026,ND,2026,https://www.insurance.nd.gov/sites/default/files/documents/Consumers/Auto/2026%20Auto%20Insurance%20Cost%20Survey.pdf,PDF p.6 (printed p.11) table 'Example #6' row 'Farmers Property' column 'Minot'; printed 6-month value 2694,Minot,Farmers Property,nd-2026-ex06,5388
nd-2026,ND,2026,https://www.insurance.nd.gov/sites/default/files/documents/Consumers/Auto/2026%20Auto%20Insurance%20Cost%20Survey.pdf,PDF p.6 (printed p.11) table 'Example #6' row 'Farmers Property' column 'Remainder of State'; printed 6-month value 2788,Remainder of State,Farmers Property,nd-2026-ex06,5576
nd-2026,ND,2026,https://www.insurance.nd.gov/sites/default/files/documents/Consumers/Auto/2026%20Auto%20Insurance%20Cost%20Survey.pdf,PDF p.6 (printed p.11) table 'Example #6' row 'Garrison' column 'Fargo'; printed 6-month value 1804,Fargo,Garrison,nd-2026-ex06,3608
nd-2026,ND,2026,https://www.insurance.nd.gov/sites/default/files/documents/Consumers/Auto/2026%20Auto%20Insurance%20Cost%20Survey.pdf,PDF p.6 (printed p.11) table 'Example #6' row 'Garrison' column 'Bismarck / Mandan'; printed 6-month value 1685,Bismarck / Mandan,Garrison,nd-2026-ex06,3370
nd-2026,ND,2026,https://www.insurance.nd.gov/sites/default/files/documents/Consumers/Auto/2026%20Auto%20Insurance%20Cost%20Survey.pdf,PDF p.6 (printed p.11) table 'Example #6' row 'Garrison' column 'Grand Forks'; printed 6-month value 1641,Grand Forks,Garrison,nd-2026-ex06,3282
nd-2026,ND,2026,https://www.insurance.nd.gov/sites/default/files/documents/Consumers/Auto/2026%20Auto%20Insurance%20Cost%20Survey.pdf,PDF p.6 (printed p.11) table 'Example #6' row 'Garrison' column 'Minot'; printed 6-month value 1680,Minot,Garrison,nd-2026-ex06,3360
nd-2026,ND,2026,https://www.insurance.nd.gov/sites/default/files/documents/Consumers/Auto/2026%20Auto%20Insurance%20Cost%20Survey.pdf,PDF p.6 (printed p.11) table 'Example #6' row 'Garrison' column 'Remainder of State'; printed 6-month value 1826,Remainder of State,Garrison,nd-2026-ex06,3652
nd-2026,ND,2026,https://www.insurance.nd.gov/sites/default/files/documents/Consumers/Auto/2026%20Auto%20Insurance%20Cost%20Survey.pdf,PDF p.6 (printed p.11) table 'Example #6' row 'GEICO Casualty' column 'Fargo'; printed 6-month value 727,Fargo,GEICO Casualty,nd-2026-ex06,1454
nd-2026,ND,2026,https://www.insurance.nd.gov/sites/default/files/documents/Consumers/Auto/2026%20Auto%20Insurance%20Cost%20Survey.pdf,PDF p.6 (printed p.11) table 'Example #6' row 'GEICO Casualty' column 'Bismarck / Mandan'; printed 6-month value 774,Bismarck / Mandan,GEICO Casualty,nd-2026-ex06,1548
nd-2026,ND,2026,https://www.insurance.nd.gov/sites/default/files/documents/Consumers/Auto/2026%20Auto%20Insurance%20Cost%20Survey.pdf,PDF p.6 (printed p.11) table 'Example #6' row 'GEICO Casualty' column 'Grand Forks'; printed 6-month value 653,Grand Forks,GEICO Casualty,nd-2026-ex06,1306
nd-2026,ND,2026,https://www.insurance.nd.gov/sites/default/files/documents/Consumers/Auto/2026%20Auto%20Insurance%20Cost%20Survey.pdf,PDF p.6 (printed p.11) table 'Example #6' row 'GEICO Casualty' column 'Minot'; printed 6-month value 743,Minot,GEICO Casualty,nd-2026-ex06,1486
nd-2026,ND,2026,https://www.insurance.nd.gov/sites/default/files/documents/Consumers/Auto/2026%20Auto%20Insurance%20Cost%20Survey.pdf,PDF p.6 (printed p.11) table 'Example #6' row 'GEICO Casualty' column 'Remainder of State'; printed 6-month value 855,Remainder of State,GEICO Casualty,nd-2026-ex06,1710
nd-2026,ND,2026,https://www.insurance.nd.gov/sites/default/files/documents/Consumers/Auto/2026%20Auto%20Insurance%20Cost%20Survey.pdf,PDF p.6 (printed p.11) table 'Example #6' row 'GEICO Marine' column 'Fargo'; printed 6-month value 746,Fargo,GEICO Marine,nd-2026-ex06,1492
nd-2026,ND,2026,https://www.insurance.nd.gov/sites/default/files/documents/Consumers/Auto/2026%20Auto%20Insurance%20Cost%20Survey.pdf,PDF p.6 (printed p.11) table 'Example #6' row 'GEICO Marine' column 'Bismarck / Mandan'; printed 6-month value 795,Bismarck / Mandan,GEICO Marine,nd-2026-ex06,1590
nd-2026,ND,2026,https://www.insurance.nd.gov/sites/default/files/documents/Consumers/Auto/2026%20Auto%20Insurance%20Cost%20Survey.pdf,PDF p.6 (printed p.11) table 'Example #6' row 'GEICO Marine' column 'Grand Forks'; printed 6-month value 666,Grand Forks,GEICO Marine,nd-2026-ex06,1332
nd-2026,ND,2026,https://www.insurance.nd.gov/sites/default/files/documents/Consumers/Auto/2026%20Auto%20Insurance%20Cost%20Survey.pdf,PDF p.6 (printed p.11) table 'Example #6' row 'GEICO Marine' column 'Minot'; printed 6-month value 764,Minot,GEICO Marine,nd-2026-ex06,1528
nd-2026,ND,2026,https://www.insurance.nd.gov/sites/default/files/documents/Consumers/Auto/2026%20Auto%20Insurance%20Cost%20Survey.pdf,PDF p.6 (printed p.11) table 'Example #6' row 'GEICO Marine' column 'Remainder of State'; printed 6-month value 885,Remainder of State,GEICO Marine,nd-2026-ex06,1770
nd-2026,ND,2026,https://www.insurance.nd.gov/sites/default/files/documents/Consumers/Auto/2026%20Auto%20Insurance%20Cost%20Survey.pdf,PDF p.6 (printed p.11) table 'Example #6' row 'General Indemnity' column 'Fargo'; printed 6-month value 1349,Fargo,General Indemnity,nd-2026-ex06,2698
nd-2026,ND,2026,https://www.insurance.nd.gov/sites/default/files/documents/Consumers/Auto/2026%20Auto%20Insurance%20Cost%20Survey.pdf,PDF p.6 (printed p.11) table 'Example #6' row 'General Indemnity' column 'Bismarck / Mandan'; printed 6-month value 1268,Bismarck / Mandan,General Indemnity,nd-2026-ex06,2536
nd-2026,ND,2026,https://www.insurance.nd.gov/sites/default/files/documents/Consumers/Auto/2026%20Auto%20Insurance%20Cost%20Survey.pdf,PDF p.6 (printed p.11) table 'Example #6' row 'General Indemnity' column 'Grand Forks'; printed 6-month value 1225,Grand Forks,General Indemnity,nd-2026-ex06,2450
nd-2026,ND,2026,https://www.insurance.nd.gov/sites/default/files/documents/Consumers/Auto/2026%20Auto%20Insurance%20Cost%20Survey.pdf,PDF p.6 (printed p.11) table 'Example #6' row 'General Indemnity' column 'Minot'; printed 6-month value 1240,Minot,General Indemnity,nd-2026-ex06,2480
nd-2026,ND,2026,https://www.insurance.nd.gov/sites/default/files/documents/Consumers/Auto/2026%20Auto%20Insurance%20Cost%20Survey.pdf,PDF p.6 (printed p.11) table 'Example #6' row 'General Indemnity' column 'Remainder of State'; printed 6-month value 1387,Remainder of State,General Indemnity,nd-2026-ex06,2774
nd-2026,ND,2026,https://www.insurance.nd.gov/sites/default/files/documents/Consumers/Auto/2026%20Auto%20Insurance%20Cost%20Survey.pdf,PDF p.6 (printed p.11) table 'Example #6' row 'Grinnell Compass/Mutual' column 'Fargo'; printed 6-month value 1755,Fargo,Grinnell Compass/Mutual,nd-2026-ex06,3510
nd-2026,ND,2026,https://www.insurance.nd.gov/sites/default/files/documents/Consumers/Auto/2026%20Auto%20Insurance%20Cost%20Survey.pdf,PDF p.6 (printed p.11) table 'Example #6' row 'Grinnell Compass/Mutual' column 'Bismarck / Mandan'; printed 6-month value 1853,Bismarck / Mandan,Grinnell Compass/Mutual,nd-2026-ex06,3706
nd-2026,ND,2026,https://www.insurance.nd.gov/sites/default/files/documents/Consumers/Auto/2026%20Auto%20Insurance%20Cost%20Survey.pdf,PDF p.6 (printed p.11) table 'Example #6' row 'Grinnell Compass/Mutual' column 'Grand Forks'; printed 6-month value 1849,Grand Forks,Grinnell Compass/Mutual,nd-2026-ex06,3698
nd-2026,ND,2026,https://www.insurance.nd.gov/sites/default/files/documents/Consumers/Auto/2026%20Auto%20Insurance%20Cost%20Survey.pdf,PDF p.6 (printed p.11) table 'Example #6' row 'Grinnell Compass/Mutual' column 'Minot'; printed 6-month value 2023,Minot,Grinnell Compass/Mutual,nd-2026-ex06,4046
nd-2026,ND,2026,https://www.insurance.nd.gov/sites/default/files/documents/Consumers/Auto/2026%20Auto%20Insurance%20Cost%20Survey.pdf,PDF p.6 (printed p.11) table 'Example #6' row 'Grinnell Compass/Mutual' column 'Remainder of State'; printed 6-month value 1655,Remainder of State,Grinnell Compass/Mutual,nd-2026-ex06,3310
nd-2026,ND,2026,https://www.insurance.nd.gov/sites/default/files/documents/Consumers/Auto/2026%20Auto%20Insurance%20Cost%20Survey.pdf,PDF p.6 (printed p.11) table 'Example #6' row 'National Farmers Union' column 'Fargo'; printed 6-month value 778,Fargo,National Farmers Union,nd-2026-ex06,1556
nd-2026,ND,2026,https://www.insurance.nd.gov/sites/default/files/documents/Consumers/Auto/2026%20Auto%20Insurance%20Cost%20Survey.pdf,PDF p.6 (printed p.11) table 'Example #6' row 'National Farmers Union' column 'Bismarck / Mandan'; printed 6-month value 908,Bismarck / Mandan,National Farmers Union,nd-2026-ex06,1816
nd-2026,ND,2026,https://www.insurance.nd.gov/sites/default/files/documents/Consumers/Auto/2026%20Auto%20Insurance%20Cost%20Survey.pdf,PDF p.6 (printed p.11) table 'Example #6' row 'National Farmers Union' column 'Grand Forks'; printed 6-month value 852,Grand Forks,National Farmers Union,nd-2026-ex06,1704
nd-2026,ND,2026,https://www.insurance.nd.gov/sites/default/files/documents/Consumers/Auto/2026%20Auto%20Insurance%20Cost%20Survey.pdf,PDF p.6 (printed p.11) table 'Example #6' row 'National Farmers Union' column 'Minot'; printed 6-month value 1134,Minot,National Farmers Union,nd-2026-ex06,2268
nd-2026,ND,2026,https://www.insurance.nd.gov/sites/default/files/documents/Consumers/Auto/2026%20Auto%20Insurance%20Cost%20Survey.pdf,PDF p.6 (printed p.11) table 'Example #6' row 'National Farmers Union' column 'Remainder of State'; printed 6-month value 1433,Remainder of State,National Farmers Union,nd-2026-ex06,2866
nd-2026,ND,2026,https://www.insurance.nd.gov/sites/default/files/documents/Consumers/Auto/2026%20Auto%20Insurance%20Cost%20Survey.pdf,PDF p.6 (printed p.11) table 'Example #6' row 'Nationwide Mutual' column 'Fargo'; printed 6-month value 910,Fargo,Nationwide Mutual,nd-2026-ex06,1820
nd-2026,ND,2026,https://www.insurance.nd.gov/sites/default/files/documents/Consumers/Auto/2026%20Auto%20Insurance%20Cost%20Survey.pdf,PDF p.6 (printed p.11) table 'Example #6' row 'Nationwide Mutual' column 'Bismarck / Mandan'; printed 6-month value 956,Bismarck / Mandan,Nationwide Mutual,nd-2026-ex06,1912
nd-2026,ND,2026,https://www.insurance.nd.gov/sites/default/files/documents/Consumers/Auto/2026%20Auto%20Insurance%20Cost%20Survey.pdf,PDF p.6 (printed p.11) table 'Example #6' row 'Nationwide Mutual' column 'Grand Forks'; printed 6-month value 866,Grand Forks,Nationwide Mutual,nd-2026-ex06,1732
nd-2026,ND,2026,https://www.insurance.nd.gov/sites/default/files/documents/Consumers/Auto/2026%20Auto%20Insurance%20Cost%20Survey.pdf,PDF p.6 (printed p.11) table 'Example #6' row 'Nationwide Mutual' column 'Minot'; printed 6-month value 996,Minot,Nationwide Mutual,nd-2026-ex06,1992
nd-2026,ND,2026,https://www.insurance.nd.gov/sites/default/files/documents/Consumers/Auto/2026%20Auto%20Insurance%20Cost%20Survey.pdf,PDF p.6 (printed p.11) table 'Example #6' row 'Nationwide Mutual' column 'Remainder of State'; printed 6-month value 966,Remainder of State,Nationwide Mutual,nd-2026-ex06,1932
nd-2026,ND,2026,https://www.insurance.nd.gov/sites/default/files/documents/Consumers/Auto/2026%20Auto%20Insurance%20Cost%20Survey.pdf,PDF p.6 (printed p.11) table 'Example #6' row 'Nodak' column 'Fargo'; printed 6-month value 516,Fargo,Nodak,nd-2026-ex06,1032
nd-2026,ND,2026,https://www.insurance.nd.gov/sites/default/files/documents/Consumers/Auto/2026%20Auto%20Insurance%20Cost%20Survey.pdf,PDF p.6 (printed p.11) table 'Example #6' row 'Nodak' column 'Bismarck / Mandan'; printed 6-month value 603,Bismarck / Mandan,Nodak,nd-2026-ex06,1206
nd-2026,ND,2026,https://www.insurance.nd.gov/sites/default/files/documents/Consumers/Auto/2026%20Auto%20Insurance%20Cost%20Survey.pdf,PDF p.6 (printed p.11) table 'Example #6' row 'Nodak' column 'Grand Forks'; printed 6-month value 645,Grand Forks,Nodak,nd-2026-ex06,1290
nd-2026,ND,2026,https://www.insurance.nd.gov/sites/default/files/documents/Consumers/Auto/2026%20Auto%20Insurance%20Cost%20Survey.pdf,PDF p.6 (printed p.11) table 'Example #6' row 'Nodak' column 'Minot'; printed 6-month value 696,Minot,Nodak,nd-2026-ex06,1392
nd-2026,ND,2026,https://www.insurance.nd.gov/sites/default/files/documents/Consumers/Auto/2026%20Auto%20Insurance%20Cost%20Survey.pdf,PDF p.6 (printed p.11) table 'Example #6' row 'Nodak' column 'Remainder of State'; printed 6-month value 574,Remainder of State,Nodak,nd-2026-ex06,1148
nd-2026,ND,2026,https://www.insurance.nd.gov/sites/default/files/documents/Consumers/Auto/2026%20Auto%20Insurance%20Cost%20Survey.pdf,PDF p.6 (printed p.11) table 'Example #6' row 'North Star Mutual' column 'Fargo'; printed 6-month value 1004,Fargo,North Star Mutual,nd-2026-ex06,2008
nd-2026,ND,2026,https://www.insurance.nd.gov/sites/default/files/documents/Consumers/Auto/2026%20Auto%20Insurance%20Cost%20Survey.pdf,PDF p.6 (printed p.11) table 'Example #6' row 'North Star Mutual' column 'Bismarck / Mandan'; printed 6-month value 1245,Bismarck / Mandan,North Star Mutual,nd-2026-ex06,2490
nd-2026,ND,2026,https://www.insurance.nd.gov/sites/default/files/documents/Consumers/Auto/2026%20Auto%20Insurance%20Cost%20Survey.pdf,PDF p.6 (printed p.11) table 'Example #6' row 'North Star Mutual' column 'Grand Forks'; printed 6-month value 983,Grand Forks,North Star Mutual,nd-2026-ex06,1966
nd-2026,ND,2026,https://www.insurance.nd.gov/sites/default/files/documents/Consumers/Auto/2026%20Auto%20Insurance%20Cost%20Survey.pdf,PDF p.6 (printed p.11) table 'Example #6' row 'North Star Mutual' column 'Minot'; printed 6-month value 949,Minot,North Star Mutual,nd-2026-ex06,1898
nd-2026,ND,2026,https://www.insurance.nd.gov/sites/default/files/documents/Consumers/Auto/2026%20Auto%20Insurance%20Cost%20Survey.pdf,PDF p.6 (printed p.11) table 'Example #6' row 'North Star Mutual' column 'Remainder of State'; printed 6-month value 938,Remainder of State,North Star Mutual,nd-2026-ex06,1876
nd-2026,ND,2026,https://www.insurance.nd.gov/sites/default/files/documents/Consumers/Auto/2026%20Auto%20Insurance%20Cost%20Survey.pdf,PDF p.6 (printed p.11) table 'Example #6' row 'Owners Insurance' column 'Fargo'; printed 6-month value 998,Fargo,Owners Insurance,nd-2026-ex06,1996
nd-2026,ND,2026,https://www.insurance.nd.gov/sites/default/files/documents/Consumers/Auto/2026%20Auto%20Insurance%20Cost%20Survey.pdf,PDF p.6 (printed p.11) table 'Example #6' row 'Owners Insurance' column 'Bismarck / Mandan'; printed 6-month value 1112,Bismarck / Mandan,Owners Insurance,nd-2026-ex06,2224
nd-2026,ND,2026,https://www.insurance.nd.gov/sites/default/files/documents/Consumers/Auto/2026%20Auto%20Insurance%20Cost%20Survey.pdf,PDF p.6 (printed p.11) table 'Example #6' row 'Owners Insurance' column 'Grand Forks'; printed 6-month value 979,Grand Forks,Owners Insurance,nd-2026-ex06,1958
nd-2026,ND,2026,https://www.insurance.nd.gov/sites/default/files/documents/Consumers/Auto/2026%20Auto%20Insurance%20Cost%20Survey.pdf,PDF p.6 (printed p.11) table 'Example #6' row 'Owners Insurance' column 'Minot'; printed 6-month value 954,Minot,Owners Insurance,nd-2026-ex06,1908
nd-2026,ND,2026,https://www.insurance.nd.gov/sites/default/files/documents/Consumers/Auto/2026%20Auto%20Insurance%20Cost%20Survey.pdf,PDF p.6 (printed p.11) table 'Example #6' row 'Owners Insurance' column 'Remainder of State'; printed 6-month value 958,Remainder of State,Owners Insurance,nd-2026-ex06,1916
nd-2026,ND,2026,https://www.insurance.nd.gov/sites/default/files/documents/Consumers/Auto/2026%20Auto%20Insurance%20Cost%20Survey.pdf,PDF p.6 (printed p.11) table 'Example #6' row 'Progressive Direct' column 'Fargo'; printed 6-month value 398,Fargo,Progressive Direct,nd-2026-ex06,796
nd-2026,ND,2026,https://www.insurance.nd.gov/sites/default/files/documents/Consumers/Auto/2026%20Auto%20Insurance%20Cost%20Survey.pdf,PDF p.6 (printed p.11) table 'Example #6' row 'Progressive Direct' column 'Bismarck / Mandan'; printed 6-month value 439,Bismarck / Mandan,Progressive Direct,nd-2026-ex06,878
nd-2026,ND,2026,https://www.insurance.nd.gov/sites/default/files/documents/Consumers/Auto/2026%20Auto%20Insurance%20Cost%20Survey.pdf,PDF p.6 (printed p.11) table 'Example #6' row 'Progressive Direct' column 'Grand Forks'; printed 6-month value 398,Grand Forks,Progressive Direct,nd-2026-ex06,796
nd-2026,ND,2026,https://www.insurance.nd.gov/sites/default/files/documents/Consumers/Auto/2026%20Auto%20Insurance%20Cost%20Survey.pdf,PDF p.6 (printed p.11) table 'Example #6' row 'Progressive Direct' column 'Minot'; printed 6-month value 464,Minot,Progressive Direct,nd-2026-ex06,928
nd-2026,ND,2026,https://www.insurance.nd.gov/sites/default/files/documents/Consumers/Auto/2026%20Auto%20Insurance%20Cost%20Survey.pdf,PDF p.6 (printed p.11) table 'Example #6' row 'Progressive Direct' column 'Remainder of State'; printed 6-month value 449,Remainder of State,Progressive Direct,nd-2026-ex06,898
nd-2026,ND,2026,https://www.insurance.nd.gov/sites/default/files/documents/Consumers/Auto/2026%20Auto%20Insurance%20Cost%20Survey.pdf,PDF p.6 (printed p.11) table 'Example #6' row 'Progressive Northwestern' column 'Fargo'; printed 6-month value 463,Fargo,Progressive Northwestern,nd-2026-ex06,926
nd-2026,ND,2026,https://www.insurance.nd.gov/sites/default/files/documents/Consumers/Auto/2026%20Auto%20Insurance%20Cost%20Survey.pdf,PDF p.6 (printed p.11) table 'Example #6' row 'Progressive Northwestern' column 'Bismarck / Mandan'; printed 6-month value 535,Bismarck / Mandan,Progressive Northwestern,nd-2026-ex06,1070
nd-2026,ND,2026,https://www.insurance.nd.gov/sites/default/files/documents/Consumers/Auto/2026%20Auto%20Insurance%20Cost%20Survey.pdf,PDF p.6 (printed p.11) table 'Example #6' row 'Progressive Northwestern' column 'Grand Forks'; printed 6-month value 524,Grand Forks,Progressive Northwestern,nd-2026-ex06,1048
nd-2026,ND,2026,https://www.insurance.nd.gov/sites/default/files/documents/Consumers/Auto/2026%20Auto%20Insurance%20Cost%20Survey.pdf,PDF p.6 (printed p.11) table 'Example #6' row 'Progressive Northwestern' column 'Minot'; printed 6-month value 581,Minot,Progressive Northwestern,nd-2026-ex06,1162
nd-2026,ND,2026,https://www.insurance.nd.gov/sites/default/files/documents/Consumers/Auto/2026%20Auto%20Insurance%20Cost%20Survey.pdf,PDF p.6 (printed p.11) table 'Example #6' row 'Progressive Northwestern' column 'Remainder of State'; printed 6-month value 556,Remainder of State,Progressive Northwestern,nd-2026-ex06,1112
nd-2026,ND,2026,https://www.insurance.nd.gov/sites/default/files/documents/Consumers/Auto/2026%20Auto%20Insurance%20Cost%20Survey.pdf,PDF p.6 (printed p.11) table 'Example #6' row 'RAM Mutual' column 'Fargo'; printed 6-month value 1059,Fargo,RAM Mutual,nd-2026-ex06,2118
nd-2026,ND,2026,https://www.insurance.nd.gov/sites/default/files/documents/Consumers/Auto/2026%20Auto%20Insurance%20Cost%20Survey.pdf,PDF p.6 (printed p.11) table 'Example #6' row 'RAM Mutual' column 'Bismarck / Mandan'; printed 6-month value 1370,Bismarck / Mandan,RAM Mutual,nd-2026-ex06,2740
nd-2026,ND,2026,https://www.insurance.nd.gov/sites/default/files/documents/Consumers/Auto/2026%20Auto%20Insurance%20Cost%20Survey.pdf,PDF p.6 (printed p.11) table 'Example #6' row 'RAM Mutual' column 'Grand Forks'; printed 6-month value 1098,Grand Forks,RAM Mutual,nd-2026-ex06,2196
nd-2026,ND,2026,https://www.insurance.nd.gov/sites/default/files/documents/Consumers/Auto/2026%20Auto%20Insurance%20Cost%20Survey.pdf,PDF p.6 (printed p.11) table 'Example #6' row 'RAM Mutual' column 'Minot'; printed 6-month value 1250,Minot,RAM Mutual,nd-2026-ex06,2500
nd-2026,ND,2026,https://www.insurance.nd.gov/sites/default/files/documents/Consumers/Auto/2026%20Auto%20Insurance%20Cost%20Survey.pdf,PDF p.6 (printed p.11) table 'Example #6' row 'RAM Mutual' column 'Remainder of State'; printed 6-month value 1074,Remainder of State,RAM Mutual,nd-2026-ex06,2148
nd-2026,ND,2026,https://www.insurance.nd.gov/sites/default/files/documents/Consumers/Auto/2026%20Auto%20Insurance%20Cost%20Survey.pdf,PDF p.6 (printed p.11) table 'Example #6' row 'Safeco' column 'Fargo'; printed 6-month value 1849**,Fargo,Safeco,nd-2026-ex06,3698
nd-2026,ND,2026,https://www.insurance.nd.gov/sites/default/files/documents/Consumers/Auto/2026%20Auto%20Insurance%20Cost%20Survey.pdf,PDF p.6 (printed p.11) table 'Example #6' row 'Safeco' column 'Bismarck / Mandan'; printed 6-month value 1913**,Bismarck / Mandan,Safeco,nd-2026-ex06,3826
nd-2026,ND,2026,https://www.insurance.nd.gov/sites/default/files/documents/Consumers/Auto/2026%20Auto%20Insurance%20Cost%20Survey.pdf,PDF p.6 (printed p.11) table 'Example #6' row 'Safeco' column 'Grand Forks'; printed 6-month value 1801**,Grand Forks,Safeco,nd-2026-ex06,3602
nd-2026,ND,2026,https://www.insurance.nd.gov/sites/default/files/documents/Consumers/Auto/2026%20Auto%20Insurance%20Cost%20Survey.pdf,PDF p.6 (printed p.11) table 'Example #6' row 'Safeco' column 'Minot'; printed 6-month value 1837**,Minot,Safeco,nd-2026-ex06,3674
nd-2026,ND,2026,https://www.insurance.nd.gov/sites/default/files/documents/Consumers/Auto/2026%20Auto%20Insurance%20Cost%20Survey.pdf,PDF p.6 (printed p.11) table 'Example #6' row 'Safeco' column 'Remainder of State'; printed 6-month value 1873**,Remainder of State,Safeco,nd-2026-ex06,3746
nd-2026,ND,2026,https://www.insurance.nd.gov/sites/default/files/documents/Consumers/Auto/2026%20Auto%20Insurance%20Cost%20Survey.pdf,PDF p.6 (printed p.11) table 'Example #6' row 'USAA' column 'Fargo'; printed 6-month value 1358,Fargo,USAA,nd-2026-ex06,2716
nd-2026,ND,2026,https://www.insurance.nd.gov/sites/default/files/documents/Consumers/Auto/2026%20Auto%20Insurance%20Cost%20Survey.pdf,PDF p.6 (printed p.11) table 'Example #6' row 'USAA' column 'Bismarck / Mandan'; printed 6-month value 1275,Bismarck / Mandan,USAA,nd-2026-ex06,2550
nd-2026,ND,2026,https://www.insurance.nd.gov/sites/default/files/documents/Consumers/Auto/2026%20Auto%20Insurance%20Cost%20Survey.pdf,PDF p.6 (printed p.11) table 'Example #6' row 'USAA' column 'Grand Forks'; printed 6-month value 1232,Grand Forks,USAA,nd-2026-ex06,2464
nd-2026,ND,2026,https://www.insurance.nd.gov/sites/default/files/documents/Consumers/Auto/2026%20Auto%20Insurance%20Cost%20Survey.pdf,PDF p.6 (printed p.11) table 'Example #6' row 'USAA' column 'Minot'; printed 6-month value 1244,Minot,USAA,nd-2026-ex06,2488
nd-2026,ND,2026,https://www.insurance.nd.gov/sites/default/files/documents/Consumers/Auto/2026%20Auto%20Insurance%20Cost%20Survey.pdf,PDF p.6 (printed p.11) table 'Example #6' row 'USAA' column 'Remainder of State'; printed 6-month value 1392,Remainder of State,USAA,nd-2026-ex06,2784
nd-2026,ND,2026,https://www.insurance.nd.gov/sites/default/files/documents/Consumers/Auto/2026%20Auto%20Insurance%20Cost%20Survey.pdf,PDF p.7 (printed p.12) table 'Example #7' row 'Allstate' column 'Fargo'; printed 6-month value 1020,Fargo,Allstate,nd-2026-ex07,2040
nd-2026,ND,2026,https://www.insurance.nd.gov/sites/default/files/documents/Consumers/Auto/2026%20Auto%20Insurance%20Cost%20Survey.pdf,PDF p.7 (printed p.12) table 'Example #7' row 'Allstate' column 'Bismarck / Mandan'; printed 6-month value 1024,Bismarck / Mandan,Allstate,nd-2026-ex07,2048
nd-2026,ND,2026,https://www.insurance.nd.gov/sites/default/files/documents/Consumers/Auto/2026%20Auto%20Insurance%20Cost%20Survey.pdf,PDF p.7 (printed p.12) table 'Example #7' row 'Allstate' column 'Grand Forks'; printed 6-month value 947,Grand Forks,Allstate,nd-2026-ex07,1894
nd-2026,ND,2026,https://www.insurance.nd.gov/sites/default/files/documents/Consumers/Auto/2026%20Auto%20Insurance%20Cost%20Survey.pdf,PDF p.7 (printed p.12) table 'Example #7' row 'Allstate' column 'Minot'; printed 6-month value 956,Minot,Allstate,nd-2026-ex07,1912
nd-2026,ND,2026,https://www.insurance.nd.gov/sites/default/files/documents/Consumers/Auto/2026%20Auto%20Insurance%20Cost%20Survey.pdf,PDF p.7 (printed p.12) table 'Example #7' row 'Allstate' column 'Remainder of State'; printed 6-month value 967,Remainder of State,Allstate,nd-2026-ex07,1934
nd-2026,ND,2026,https://www.insurance.nd.gov/sites/default/files/documents/Consumers/Auto/2026%20Auto%20Insurance%20Cost%20Survey.pdf,PDF p.7 (printed p.12) table 'Example #7' row 'Allstate North American' column 'Fargo'; printed 6-month value 436,Fargo,Allstate North American,nd-2026-ex07,872
nd-2026,ND,2026,https://www.insurance.nd.gov/sites/default/files/documents/Consumers/Auto/2026%20Auto%20Insurance%20Cost%20Survey.pdf,PDF p.7 (printed p.12) table 'Example #7' row 'Allstate North American' column 'Bismarck / Mandan'; printed 6-month value 396,Bismarck / Mandan,Allstate North American,nd-2026-ex07,792
nd-2026,ND,2026,https://www.insurance.nd.gov/sites/default/files/documents/Consumers/Auto/2026%20Auto%20Insurance%20Cost%20Survey.pdf,PDF p.7 (printed p.12) table 'Example #7' row 'Allstate North American' column 'Grand Forks'; printed 6-month value 420,Grand Forks,Allstate North American,nd-2026-ex07,840
nd-2026,ND,2026,https://www.insurance.nd.gov/sites/default/files/documents/Consumers/Auto/2026%20Auto%20Insurance%20Cost%20Survey.pdf,PDF p.7 (printed p.12) table 'Example #7' row 'Allstate North American' column 'Minot'; printed 6-month value 421,Minot,Allstate North American,nd-2026-ex07,842
nd-2026,ND,2026,https://www.insurance.nd.gov/sites/default/files/documents/Consumers/Auto/2026%20Auto%20Insurance%20Cost%20Survey.pdf,PDF p.7 (printed p.12) table 'Example #7' row 'Allstate North American' column 'Remainder of State'; printed 6-month value 413,Remainder of State,Allstate North American,nd-2026-ex07,826
nd-2026,ND,2026,https://www.insurance.nd.gov/sites/default/files/documents/Consumers/Auto/2026%20Auto%20Insurance%20Cost%20Survey.pdf,PDF p.7 (printed p.12) table 'Example #7' row 'American Family' column 'Fargo'; printed 6-month value 425,Fargo,American Family,nd-2026-ex07,850
nd-2026,ND,2026,https://www.insurance.nd.gov/sites/default/files/documents/Consumers/Auto/2026%20Auto%20Insurance%20Cost%20Survey.pdf,PDF p.7 (printed p.12) table 'Example #7' row 'American Family' column 'Bismarck / Mandan'; printed 6-month value 504,Bismarck / Mandan,American Family,nd-2026-ex07,1008
nd-2026,ND,2026,https://www.insurance.nd.gov/sites/default/files/documents/Consumers/Auto/2026%20Auto%20Insurance%20Cost%20Survey.pdf,PDF p.7 (printed p.12) table 'Example #7' row 'American Family' column 'Grand Forks'; printed 6-month value 422,Grand Forks,American Family,nd-2026-ex07,844
nd-2026,ND,2026,https://www.insurance.nd.gov/sites/default/files/documents/Consumers/Auto/2026%20Auto%20Insurance%20Cost%20Survey.pdf,PDF p.7 (printed p.12) table 'Example #7' row 'American Family' column 'Minot'; printed 6-month value 466,Minot,American Family,nd-2026-ex07,932
nd-2026,ND,2026,https://www.insurance.nd.gov/sites/default/files/documents/Consumers/Auto/2026%20Auto%20Insurance%20Cost%20Survey.pdf,PDF p.7 (printed p.12) table 'Example #7' row 'American Family' column 'Remainder of State'; printed 6-month value 433,Remainder of State,American Family,nd-2026-ex07,866
nd-2026,ND,2026,https://www.insurance.nd.gov/sites/default/files/documents/Consumers/Auto/2026%20Auto%20Insurance%20Cost%20Survey.pdf,PDF p.7 (printed p.12) table 'Example #7' row 'Auto Owners' column 'Fargo'; printed 6-month value 767,Fargo,Auto Owners,nd-2026-ex07,1534
nd-2026,ND,2026,https://www.insurance.nd.gov/sites/default/files/documents/Consumers/Auto/2026%20Auto%20Insurance%20Cost%20Survey.pdf,PDF p.7 (printed p.12) table 'Example #7' row 'Auto Owners' column 'Bismarck / Mandan'; printed 6-month value 856,Bismarck / Mandan,Auto Owners,nd-2026-ex07,1712
nd-2026,ND,2026,https://www.insurance.nd.gov/sites/default/files/documents/Consumers/Auto/2026%20Auto%20Insurance%20Cost%20Survey.pdf,PDF p.7 (printed p.12) table 'Example #7' row 'Auto Owners' column 'Grand Forks'; printed 6-month value 743,Grand Forks,Auto Owners,nd-2026-ex07,1486
nd-2026,ND,2026,https://www.insurance.nd.gov/sites/default/files/documents/Consumers/Auto/2026%20Auto%20Insurance%20Cost%20Survey.pdf,PDF p.7 (printed p.12) table 'Example #7' row 'Auto Owners' column 'Minot'; printed 6-month value 731,Minot,Auto Owners,nd-2026-ex07,1462
nd-2026,ND,2026,https://www.insurance.nd.gov/sites/default/files/documents/Consumers/Auto/2026%20Auto%20Insurance%20Cost%20Survey.pdf,PDF p.7 (printed p.12) table 'Example #7' row 'Auto Owners' column 'Remainder of State'; printed 6-month value 734,Remainder of State,Auto Owners,nd-2026-ex07,1468
nd-2026,ND,2026,https://www.insurance.nd.gov/sites/default/files/documents/Consumers/Auto/2026%20Auto%20Insurance%20Cost%20Survey.pdf,PDF p.7 (printed p.12) table 'Example #7' row 'Casualty Insurance' column 'Fargo'; printed 6-month value 501,Fargo,Casualty Insurance,nd-2026-ex07,1002
nd-2026,ND,2026,https://www.insurance.nd.gov/sites/default/files/documents/Consumers/Auto/2026%20Auto%20Insurance%20Cost%20Survey.pdf,PDF p.7 (printed p.12) table 'Example #7' row 'Casualty Insurance' column 'Bismarck / Mandan'; printed 6-month value 489,Bismarck / Mandan,Casualty Insurance,nd-2026-ex07,978
nd-2026,ND,2026,https://www.insurance.nd.gov/sites/default/files/documents/Consumers/Auto/2026%20Auto%20Insurance%20Cost%20Survey.pdf,PDF p.7 (printed p.12) table 'Example #7' row 'Casualty Insurance' column 'Grand Forks'; printed 6-month value 464,Grand Forks,Casualty Insurance,nd-2026-ex07,928
nd-2026,ND,2026,https://www.insurance.nd.gov/sites/default/files/documents/Consumers/Auto/2026%20Auto%20Insurance%20Cost%20Survey.pdf,PDF p.7 (printed p.12) table 'Example #7' row 'Casualty Insurance' column 'Minot'; printed 6-month value 466,Minot,Casualty Insurance,nd-2026-ex07,932
nd-2026,ND,2026,https://www.insurance.nd.gov/sites/default/files/documents/Consumers/Auto/2026%20Auto%20Insurance%20Cost%20Survey.pdf,PDF p.7 (printed p.12) table 'Example #7' row 'Casualty Insurance' column 'Remainder of State'; printed 6-month value 535,Remainder of State,Casualty Insurance,nd-2026-ex07,1070
nd-2026,ND,2026,https://www.insurance.nd.gov/sites/default/files/documents/Consumers/Auto/2026%20Auto%20Insurance%20Cost%20Survey.pdf,PDF p.7 (printed p.12) table 'Example #7' row 'COUNTRY Preferred' column 'Fargo'; printed 6-month value 370,Fargo,COUNTRY Preferred,nd-2026-ex07,740
nd-2026,ND,2026,https://www.insurance.nd.gov/sites/default/files/documents/Consumers/Auto/2026%20Auto%20Insurance%20Cost%20Survey.pdf,PDF p.7 (printed p.12) table 'Example #7' row 'COUNTRY Preferred' column 'Bismarck / Mandan'; printed 6-month value 376,Bismarck / Mandan,COUNTRY Preferred,nd-2026-ex07,752
nd-2026,ND,2026,https://www.insurance.nd.gov/sites/default/files/documents/Consumers/Auto/2026%20Auto%20Insurance%20Cost%20Survey.pdf,PDF p.7 (printed p.12) table 'Example #7' row 'COUNTRY Preferred' column 'Grand Forks'; printed 6-month value 350,Grand Forks,COUNTRY Preferred,nd-2026-ex07,700
nd-2026,ND,2026,https://www.insurance.nd.gov/sites/default/files/documents/Consumers/Auto/2026%20Auto%20Insurance%20Cost%20Survey.pdf,PDF p.7 (printed p.12) table 'Example #7' row 'COUNTRY Preferred' column 'Minot'; printed 6-month value 380,Minot,COUNTRY Preferred,nd-2026-ex07,760
nd-2026,ND,2026,https://www.insurance.nd.gov/sites/default/files/documents/Consumers/Auto/2026%20Auto%20Insurance%20Cost%20Survey.pdf,PDF p.7 (printed p.12) table 'Example #7' row 'COUNTRY Preferred' column 'Remainder of State'; printed 6-month value 358,Remainder of State,COUNTRY Preferred,nd-2026-ex07,716
nd-2026,ND,2026,https://www.insurance.nd.gov/sites/default/files/documents/Consumers/Auto/2026%20Auto%20Insurance%20Cost%20Survey.pdf,PDF p.7 (printed p.12) table 'Example #7' row 'Farmers Group' column 'Fargo'; printed 6-month value 1002,Fargo,Farmers Group,nd-2026-ex07,2004
nd-2026,ND,2026,https://www.insurance.nd.gov/sites/default/files/documents/Consumers/Auto/2026%20Auto%20Insurance%20Cost%20Survey.pdf,PDF p.7 (printed p.12) table 'Example #7' row 'Farmers Group' column 'Bismarck / Mandan'; printed 6-month value 1164,Bismarck / Mandan,Farmers Group,nd-2026-ex07,2328
nd-2026,ND,2026,https://www.insurance.nd.gov/sites/default/files/documents/Consumers/Auto/2026%20Auto%20Insurance%20Cost%20Survey.pdf,PDF p.7 (printed p.12) table 'Example #7' row 'Farmers Group' column 'Grand Forks'; printed 6-month value 1001,Grand Forks,Farmers Group,nd-2026-ex07,2002
nd-2026,ND,2026,https://www.insurance.nd.gov/sites/default/files/documents/Consumers/Auto/2026%20Auto%20Insurance%20Cost%20Survey.pdf,PDF p.7 (printed p.12) table 'Example #7' row 'Farmers Group' column 'Minot'; printed 6-month value 1060,Minot,Farmers Group,nd-2026-ex07,2120
nd-2026,ND,2026,https://www.insurance.nd.gov/sites/default/files/documents/Consumers/Auto/2026%20Auto%20Insurance%20Cost%20Survey.pdf,PDF p.7 (printed p.12) table 'Example #7' row 'Farmers Group' column 'Remainder of State'; printed 6-month value 1072,Remainder of State,Farmers Group,nd-2026-ex07,2144
nd-2026,ND,2026,https://www.insurance.nd.gov/sites/default/files/documents/Consumers/Auto/2026%20Auto%20Insurance%20Cost%20Survey.pdf,PDF p.7 (printed p.12) table 'Example #7' row 'Farmers Property' column 'Fargo'; printed 6-month value 932,Fargo,Farmers Property,nd-2026-ex07,1864
nd-2026,ND,2026,https://www.insurance.nd.gov/sites/default/files/documents/Consumers/Auto/2026%20Auto%20Insurance%20Cost%20Survey.pdf,PDF p.7 (printed p.12) table 'Example #7' row 'Farmers Property' column 'Bismarck / Mandan'; printed 6-month value 1056,Bismarck / Mandan,Farmers Property,nd-2026-ex07,2112
nd-2026,ND,2026,https://www.insurance.nd.gov/sites/default/files/documents/Consumers/Auto/2026%20Auto%20Insurance%20Cost%20Survey.pdf,PDF p.7 (printed p.12) table 'Example #7' row 'Farmers Property' column 'Grand Forks'; printed 6-month value 1011,Grand Forks,Farmers Property,nd-2026-ex07,2022
nd-2026,ND,2026,https://www.insurance.nd.gov/sites/default/files/documents/Consumers/Auto/2026%20Auto%20Insurance%20Cost%20Survey.pdf,PDF p.7 (printed p.12) table 'Example #7' row 'Farmers Property' column 'Minot'; printed 6-month value 991,Minot,Farmers Property,nd-2026-ex07,1982
nd-2026,ND,2026,https://www.insurance.nd.gov/sites/default/files/documents/Consumers/Auto/2026%20Auto%20Insurance%20Cost%20Survey.pdf,PDF p.7 (printed p.12) table 'Example #7' row 'Farmers Property' column 'Remainder of State'; printed 6-month value 1028,Remainder of State,Farmers Property,nd-2026-ex07,2056
nd-2026,ND,2026,https://www.insurance.nd.gov/sites/default/files/documents/Consumers/Auto/2026%20Auto%20Insurance%20Cost%20Survey.pdf,PDF p.7 (printed p.12) table 'Example #7' row 'Garrison' column 'Fargo'; printed 6-month value 498,Fargo,Garrison,nd-2026-ex07,996
nd-2026,ND,2026,https://www.insurance.nd.gov/sites/default/files/documents/Consumers/Auto/2026%20Auto%20Insurance%20Cost%20Survey.pdf,PDF p.7 (printed p.12) table 'Example #7' row 'Garrison' column 'Bismarck / Mandan'; printed 6-month value 484,Bismarck / Mandan,Garrison,nd-2026-ex07,968
nd-2026,ND,2026,https://www.insurance.nd.gov/sites/default/files/documents/Consumers/Auto/2026%20Auto%20Insurance%20Cost%20Survey.pdf,PDF p.7 (printed p.12) table 'Example #7' row 'Garrison' column 'Grand Forks'; printed 6-month value 463,Grand Forks,Garrison,nd-2026-ex07,926
nd-2026,ND,2026,https://www.insurance.nd.gov/sites/default/files/documents/Consumers/Auto/2026%20Auto%20Insurance%20Cost%20Survey.pdf,PDF p.7 (printed p.12) table 'Example #7' row 'Garrison' column 'Minot'; printed 6-month value 472,Minot,Garrison,nd-2026-ex07,944
nd-2026,ND,2026,https://www.insurance.nd.gov/sites/default/files/documents/Consumers/Auto/2026%20Auto%20Insurance%20Cost%20Survey.pdf,PDF p.7 (printed p.12) table 'Example #7' row 'Garrison' column 'Remainder of State'; printed 6-month value 535,Remainder of State,Garrison,nd-2026-ex07,1070
nd-2026,ND,2026,https://www.insurance.nd.gov/sites/default/files/documents/Consumers/Auto/2026%20Auto%20Insurance%20Cost%20Survey.pdf,PDF p.7 (printed p.12) table 'Example #7' row 'GEICO Casualty' column 'Fargo'; printed 6-month value 438,Fargo,GEICO Casualty,nd-2026-ex07,876
nd-2026,ND,2026,https://www.insurance.nd.gov/sites/default/files/documents/Consumers/Auto/2026%20Auto%20Insurance%20Cost%20Survey.pdf,PDF p.7 (printed p.12) table 'Example #7' row 'GEICO Casualty' column 'Bismarck / Mandan'; printed 6-month value 467,Bismarck / Mandan,GEICO Casualty,nd-2026-ex07,934
nd-2026,ND,2026,https://www.insurance.nd.gov/sites/default/files/documents/Consumers/Auto/2026%20Auto%20Insurance%20Cost%20Survey.pdf,PDF p.7 (printed p.12) table 'Example #7' row 'GEICO Casualty' column 'Grand Forks'; printed 6-month value 394,Grand Forks,GEICO Casualty,nd-2026-ex07,788
nd-2026,ND,2026,https://www.insurance.nd.gov/sites/default/files/documents/Consumers/Auto/2026%20Auto%20Insurance%20Cost%20Survey.pdf,PDF p.7 (printed p.12) table 'Example #7' row 'GEICO Casualty' column 'Minot'; printed 6-month value 445,Minot,GEICO Casualty,nd-2026-ex07,890
nd-2026,ND,2026,https://www.insurance.nd.gov/sites/default/files/documents/Consumers/Auto/2026%20Auto%20Insurance%20Cost%20Survey.pdf,PDF p.7 (printed p.12) table 'Example #7' row 'GEICO Casualty' column 'Remainder of State'; printed 6-month value 501,Remainder of State,GEICO Casualty,nd-2026-ex07,1002
nd-2026,ND,2026,https://www.insurance.nd.gov/sites/default/files/documents/Consumers/Auto/2026%20Auto%20Insurance%20Cost%20Survey.pdf,PDF p.7 (printed p.12) table 'Example #7' row 'GEICO Marine' column 'Fargo'; printed 6-month value 434,Fargo,GEICO Marine,nd-2026-ex07,868
nd-2026,ND,2026,https://www.insurance.nd.gov/sites/default/files/documents/Consumers/Auto/2026%20Auto%20Insurance%20Cost%20Survey.pdf,PDF p.7 (printed p.12) table 'Example #7' row 'GEICO Marine' column 'Bismarck / Mandan'; printed 6-month value 464,Bismarck / Mandan,GEICO Marine,nd-2026-ex07,928
nd-2026,ND,2026,https://www.insurance.nd.gov/sites/default/files/documents/Consumers/Auto/2026%20Auto%20Insurance%20Cost%20Survey.pdf,PDF p.7 (printed p.12) table 'Example #7' row 'GEICO Marine' column 'Grand Forks'; printed 6-month value 386,Grand Forks,GEICO Marine,nd-2026-ex07,772
nd-2026,ND,2026,https://www.insurance.nd.gov/sites/default/files/documents/Consumers/Auto/2026%20Auto%20Insurance%20Cost%20Survey.pdf,PDF p.7 (printed p.12) table 'Example #7' row 'GEICO Marine' column 'Minot'; printed 6-month value 439,Minot,GEICO Marine,nd-2026-ex07,878
nd-2026,ND,2026,https://www.insurance.nd.gov/sites/default/files/documents/Consumers/Auto/2026%20Auto%20Insurance%20Cost%20Survey.pdf,PDF p.7 (printed p.12) table 'Example #7' row 'GEICO Marine' column 'Remainder of State'; printed 6-month value 500,Remainder of State,GEICO Marine,nd-2026-ex07,1000
nd-2026,ND,2026,https://www.insurance.nd.gov/sites/default/files/documents/Consumers/Auto/2026%20Auto%20Insurance%20Cost%20Survey.pdf,PDF p.7 (printed p.12) table 'Example #7' row 'General Indemnity' column 'Fargo'; printed 6-month value 468,Fargo,General Indemnity,nd-2026-ex07,936
nd-2026,ND,2026,https://www.insurance.nd.gov/sites/default/files/documents/Consumers/Auto/2026%20Auto%20Insurance%20Cost%20Survey.pdf,PDF p.7 (printed p.12) table 'Example #7' row 'General Indemnity' column 'Bismarck / Mandan'; printed 6-month value 459,Bismarck / Mandan,General Indemnity,nd-2026-ex07,918
nd-2026,ND,2026,https://www.insurance.nd.gov/sites/default/files/documents/Consumers/Auto/2026%20Auto%20Insurance%20Cost%20Survey.pdf,PDF p.7 (printed p.12) table 'Example #7' row 'General Indemnity' column 'Grand Forks'; printed 6-month value 433,Grand Forks,General Indemnity,nd-2026-ex07,866
nd-2026,ND,2026,https://www.insurance.nd.gov/sites/default/files/documents/Consumers/Auto/2026%20Auto%20Insurance%20Cost%20Survey.pdf,PDF p.7 (printed p.12) table 'Example #7' row 'General Indemnity' column 'Minot'; printed 6-month value 439,Minot,General Indemnity,nd-2026-ex07,878
nd-2026,ND,2026,https://www.insurance.nd.gov/sites/default/files/documents/Consumers/Auto/2026%20Auto%20Insurance%20Cost%20Survey.pdf,PDF p.7 (printed p.12) table 'Example #7' row 'General Indemnity' column 'Remainder of State'; printed 6-month value 512,Remainder of State,General Indemnity,nd-2026-ex07,1024
nd-2026,ND,2026,https://www.insurance.nd.gov/sites/default/files/documents/Consumers/Auto/2026%20Auto%20Insurance%20Cost%20Survey.pdf,PDF p.7 (printed p.12) table 'Example #7' row 'Grinnell Compass/Mutual' column 'Fargo'; printed 6-month value 661,Fargo,Grinnell Compass/Mutual,nd-2026-ex07,1322
nd-2026,ND,2026,https://www.insurance.nd.gov/sites/default/files/documents/Consumers/Auto/2026%20Auto%20Insurance%20Cost%20Survey.pdf,PDF p.7 (printed p.12) table 'Example #7' row 'Grinnell Compass/Mutual' column 'Bismarck / Mandan'; printed 6-month value 687,Bismarck / Mandan,Grinnell Compass/Mutual,nd-2026-ex07,1374
nd-2026,ND,2026,https://www.insurance.nd.gov/sites/default/files/documents/Consumers/Auto/2026%20Auto%20Insurance%20Cost%20Survey.pdf,PDF p.7 (printed p.12) table 'Example #7' row 'Grinnell Compass/Mutual' column 'Grand Forks'; printed 6-month value 691,Grand Forks,Grinnell Compass/Mutual,nd-2026-ex07,1382
nd-2026,ND,2026,https://www.insurance.nd.gov/sites/default/files/documents/Consumers/Auto/2026%20Auto%20Insurance%20Cost%20Survey.pdf,PDF p.7 (printed p.12) table 'Example #7' row 'Grinnell Compass/Mutual' column 'Minot'; printed 6-month value 756,Minot,Grinnell Compass/Mutual,nd-2026-ex07,1512
nd-2026,ND,2026,https://www.insurance.nd.gov/sites/default/files/documents/Consumers/Auto/2026%20Auto%20Insurance%20Cost%20Survey.pdf,PDF p.7 (printed p.12) table 'Example #7' row 'Grinnell Compass/Mutual' column 'Remainder of State'; printed 6-month value 606,Remainder of State,Grinnell Compass/Mutual,nd-2026-ex07,1212
nd-2026,ND,2026,https://www.insurance.nd.gov/sites/default/files/documents/Consumers/Auto/2026%20Auto%20Insurance%20Cost%20Survey.pdf,PDF p.7 (printed p.12) table 'Example #7' row 'National Farmers Union' column 'Fargo'; printed 6-month value 366,Fargo,National Farmers Union,nd-2026-ex07,732
nd-2026,ND,2026,https://www.insurance.nd.gov/sites/default/files/documents/Consumers/Auto/2026%20Auto%20Insurance%20Cost%20Survey.pdf,PDF p.7 (printed p.12) table 'Example #7' row 'National Farmers Union' column 'Bismarck / Mandan'; printed 6-month value 429,Bismarck / Mandan,National Farmers Union,nd-2026-ex07,858
nd-2026,ND,2026,https://www.insurance.nd.gov/sites/default/files/documents/Consumers/Auto/2026%20Auto%20Insurance%20Cost%20Survey.pdf,PDF p.7 (printed p.12) table 'Example #7' row 'National Farmers Union' column 'Grand Forks'; printed 6-month value 398,Grand Forks,National Farmers Union,nd-2026-ex07,796
nd-2026,ND,2026,https://www.insurance.nd.gov/sites/default/files/documents/Consumers/Auto/2026%20Auto%20Insurance%20Cost%20Survey.pdf,PDF p.7 (printed p.12) table 'Example #7' row 'National Farmers Union' column 'Minot'; printed 6-month value 531,Minot,National Farmers Union,nd-2026-ex07,1062
nd-2026,ND,2026,https://www.insurance.nd.gov/sites/default/files/documents/Consumers/Auto/2026%20Auto%20Insurance%20Cost%20Survey.pdf,PDF p.7 (printed p.12) table 'Example #7' row 'National Farmers Union' column 'Remainder of State'; printed 6-month value 687,Remainder of State,National Farmers Union,nd-2026-ex07,1374
nd-2026,ND,2026,https://www.insurance.nd.gov/sites/default/files/documents/Consumers/Auto/2026%20Auto%20Insurance%20Cost%20Survey.pdf,PDF p.7 (printed p.12) table 'Example #7' row 'Nationwide Mutual' column 'Fargo'; printed 6-month value 513,Fargo,Nationwide Mutual,nd-2026-ex07,1026
nd-2026,ND,2026,https://www.insurance.nd.gov/sites/default/files/documents/Consumers/Auto/2026%20Auto%20Insurance%20Cost%20Survey.pdf,PDF p.7 (printed p.12) table 'Example #7' row 'Nationwide Mutual' column 'Bismarck / Mandan'; printed 6-month value 562,Bismarck / Mandan,Nationwide Mutual,nd-2026-ex07,1124
nd-2026,ND,2026,https://www.insurance.nd.gov/sites/default/files/documents/Consumers/Auto/2026%20Auto%20Insurance%20Cost%20Survey.pdf,PDF p.7 (printed p.12) table 'Example #7' row 'Nationwide Mutual' column 'Grand Forks'; printed 6-month value 498,Grand Forks,Nationwide Mutual,nd-2026-ex07,996
nd-2026,ND,2026,https://www.insurance.nd.gov/sites/default/files/documents/Consumers/Auto/2026%20Auto%20Insurance%20Cost%20Survey.pdf,PDF p.7 (printed p.12) table 'Example #7' row 'Nationwide Mutual' column 'Minot'; printed 6-month value 575,Minot,Nationwide Mutual,nd-2026-ex07,1150
nd-2026,ND,2026,https://www.insurance.nd.gov/sites/default/files/documents/Consumers/Auto/2026%20Auto%20Insurance%20Cost%20Survey.pdf,PDF p.7 (printed p.12) table 'Example #7' row 'Nationwide Mutual' column 'Remainder of State'; printed 6-month value 605,Remainder of State,Nationwide Mutual,nd-2026-ex07,1210
nd-2026,ND,2026,https://www.insurance.nd.gov/sites/default/files/documents/Consumers/Auto/2026%20Auto%20Insurance%20Cost%20Survey.pdf,PDF p.7 (printed p.12) table 'Example #7' row 'Nodak' column 'Fargo'; printed 6-month value 377,Fargo,Nodak,nd-2026-ex07,754
nd-2026,ND,2026,https://www.insurance.nd.gov/sites/default/files/documents/Consumers/Auto/2026%20Auto%20Insurance%20Cost%20Survey.pdf,PDF p.7 (printed p.12) table 'Example #7' row 'Nodak' column 'Bismarck / Mandan'; printed 6-month value 402,Bismarck / Mandan,Nodak,nd-2026-ex07,804
nd-2026,ND,2026,https://www.insurance.nd.gov/sites/default/files/documents/Consumers/Auto/2026%20Auto%20Insurance%20Cost%20Survey.pdf,PDF p.7 (printed p.12) table 'Example #7' row 'Nodak' column 'Grand Forks'; printed 6-month value 457,Grand Forks,Nodak,nd-2026-ex07,914
nd-2026,ND,2026,https://www.insurance.nd.gov/sites/default/files/documents/Consumers/Auto/2026%20Auto%20Insurance%20Cost%20Survey.pdf,PDF p.7 (printed p.12) table 'Example #7' row 'Nodak' column 'Minot'; printed 6-month value 481,Minot,Nodak,nd-2026-ex07,962
nd-2026,ND,2026,https://www.insurance.nd.gov/sites/default/files/documents/Consumers/Auto/2026%20Auto%20Insurance%20Cost%20Survey.pdf,PDF p.7 (printed p.12) table 'Example #7' row 'Nodak' column 'Remainder of State'; printed 6-month value 386,Remainder of State,Nodak,nd-2026-ex07,772
nd-2026,ND,2026,https://www.insurance.nd.gov/sites/default/files/documents/Consumers/Auto/2026%20Auto%20Insurance%20Cost%20Survey.pdf,PDF p.7 (printed p.12) table 'Example #7' row 'North Star Mutual' column 'Fargo'; printed 6-month value 546,Fargo,North Star Mutual,nd-2026-ex07,1092
nd-2026,ND,2026,https://www.insurance.nd.gov/sites/default/files/documents/Consumers/Auto/2026%20Auto%20Insurance%20Cost%20Survey.pdf,PDF p.7 (printed p.12) table 'Example #7' row 'North Star Mutual' column 'Bismarck / Mandan'; printed 6-month value 674,Bismarck / Mandan,North Star Mutual,nd-2026-ex07,1348
nd-2026,ND,2026,https://www.insurance.nd.gov/sites/default/files/documents/Consumers/Auto/2026%20Auto%20Insurance%20Cost%20Survey.pdf,PDF p.7 (printed p.12) table 'Example #7' row 'North Star Mutual' column 'Grand Forks'; printed 6-month value 533,Grand Forks,North Star Mutual,nd-2026-ex07,1066
nd-2026,ND,2026,https://www.insurance.nd.gov/sites/default/files/documents/Consumers/Auto/2026%20Auto%20Insurance%20Cost%20Survey.pdf,PDF p.7 (printed p.12) table 'Example #7' row 'North Star Mutual' column 'Minot'; printed 6-month value 516,Minot,North Star Mutual,nd-2026-ex07,1032
nd-2026,ND,2026,https://www.insurance.nd.gov/sites/default/files/documents/Consumers/Auto/2026%20Auto%20Insurance%20Cost%20Survey.pdf,PDF p.7 (printed p.12) table 'Example #7' row 'North Star Mutual' column 'Remainder of State'; printed 6-month value 511,Remainder of State,North Star Mutual,nd-2026-ex07,1022
nd-2026,ND,2026,https://www.insurance.nd.gov/sites/default/files/documents/Consumers/Auto/2026%20Auto%20Insurance%20Cost%20Survey.pdf,PDF p.7 (printed p.12) table 'Example #7' row 'Owners Insurance' column 'Fargo'; printed 6-month value 629,Fargo,Owners Insurance,nd-2026-ex07,1258
nd-2026,ND,2026,https://www.insurance.nd.gov/sites/default/files/documents/Consumers/Auto/2026%20Auto%20Insurance%20Cost%20Survey.pdf,PDF p.7 (printed p.12) table 'Example #7' row 'Owners Insurance' column 'Bismarck / Mandan'; printed 6-month value 701,Bismarck / Mandan,Owners Insurance,nd-2026-ex07,1402
nd-2026,ND,2026,https://www.insurance.nd.gov/sites/default/files/documents/Consumers/Auto/2026%20Auto%20Insurance%20Cost%20Survey.pdf,PDF p.7 (printed p.12) table 'Example #7' row 'Owners Insurance' column 'Grand Forks'; printed 6-month value 610,Grand Forks,Owners Insurance,nd-2026-ex07,1220
nd-2026,ND,2026,https://www.insurance.nd.gov/sites/default/files/documents/Consumers/Auto/2026%20Auto%20Insurance%20Cost%20Survey.pdf,PDF p.7 (printed p.12) table 'Example #7' row 'Owners Insurance' column 'Minot'; printed 6-month value 599,Minot,Owners Insurance,nd-2026-ex07,1198
nd-2026,ND,2026,https://www.insurance.nd.gov/sites/default/files/documents/Consumers/Auto/2026%20Auto%20Insurance%20Cost%20Survey.pdf,PDF p.7 (printed p.12) table 'Example #7' row 'Owners Insurance' column 'Remainder of State'; printed 6-month value 601,Remainder of State,Owners Insurance,nd-2026-ex07,1202
nd-2026,ND,2026,https://www.insurance.nd.gov/sites/default/files/documents/Consumers/Auto/2026%20Auto%20Insurance%20Cost%20Survey.pdf,PDF p.7 (printed p.12) table 'Example #7' row 'Progressive Direct' column 'Fargo'; printed 6-month value 194,Fargo,Progressive Direct,nd-2026-ex07,388
nd-2026,ND,2026,https://www.insurance.nd.gov/sites/default/files/documents/Consumers/Auto/2026%20Auto%20Insurance%20Cost%20Survey.pdf,PDF p.7 (printed p.12) table 'Example #7' row 'Progressive Direct' column 'Bismarck / Mandan'; printed 6-month value 213,Bismarck / Mandan,Progressive Direct,nd-2026-ex07,426
nd-2026,ND,2026,https://www.insurance.nd.gov/sites/default/files/documents/Consumers/Auto/2026%20Auto%20Insurance%20Cost%20Survey.pdf,PDF p.7 (printed p.12) table 'Example #7' row 'Progressive Direct' column 'Grand Forks'; printed 6-month value 195,Grand Forks,Progressive Direct,nd-2026-ex07,390
nd-2026,ND,2026,https://www.insurance.nd.gov/sites/default/files/documents/Consumers/Auto/2026%20Auto%20Insurance%20Cost%20Survey.pdf,PDF p.7 (printed p.12) table 'Example #7' row 'Progressive Direct' column 'Minot'; printed 6-month value 225,Minot,Progressive Direct,nd-2026-ex07,450
nd-2026,ND,2026,https://www.insurance.nd.gov/sites/default/files/documents/Consumers/Auto/2026%20Auto%20Insurance%20Cost%20Survey.pdf,PDF p.7 (printed p.12) table 'Example #7' row 'Progressive Direct' column 'Remainder of State'; printed 6-month value 218,Remainder of State,Progressive Direct,nd-2026-ex07,436
nd-2026,ND,2026,https://www.insurance.nd.gov/sites/default/files/documents/Consumers/Auto/2026%20Auto%20Insurance%20Cost%20Survey.pdf,PDF p.7 (printed p.12) table 'Example #7' row 'Progressive Northwestern' column 'Fargo'; printed 6-month value 209,Fargo,Progressive Northwestern,nd-2026-ex07,418
nd-2026,ND,2026,https://www.insurance.nd.gov/sites/default/files/documents/Consumers/Auto/2026%20Auto%20Insurance%20Cost%20Survey.pdf,PDF p.7 (printed p.12) table 'Example #7' row 'Progressive Northwestern' column 'Bismarck / Mandan'; printed 6-month value 240,Bismarck / Mandan,Progressive Northwestern,nd-2026-ex07,480
nd-2026,ND,2026,https://www.insurance.nd.gov/sites/default/files/documents/Consumers/Auto/2026%20Auto%20Insurance%20Cost%20Survey.pdf,PDF p.7 (printed p.12) table 'Example #7' row 'Progressive Northwestern' column 'Grand Forks'; printed 6-month value 235,Grand Forks,Progressive Northwestern,nd-2026-ex07,470
nd-2026,ND,2026,https://www.insurance.nd.gov/sites/default/files/documents/Consumers/Auto/2026%20Auto%20Insurance%20Cost%20Survey.pdf,PDF p.7 (printed p.12) table 'Example #7' row 'Progressive Northwestern' column 'Minot'; printed 6-month value 259,Minot,Progressive Northwestern,nd-2026-ex07,518
nd-2026,ND,2026,https://www.insurance.nd.gov/sites/default/files/documents/Consumers/Auto/2026%20Auto%20Insurance%20Cost%20Survey.pdf,PDF p.7 (printed p.12) table 'Example #7' row 'Progressive Northwestern' column 'Remainder of State'; printed 6-month value 250,Remainder of State,Progressive Northwestern,nd-2026-ex07,500
nd-2026,ND,2026,https://www.insurance.nd.gov/sites/default/files/documents/Consumers/Auto/2026%20Auto%20Insurance%20Cost%20Survey.pdf,PDF p.7 (printed p.12) table 'Example #7' row 'RAM Mutual' column 'Fargo'; printed 6-month value 520,Fargo,RAM Mutual,nd-2026-ex07,1040
nd-2026,ND,2026,https://www.insurance.nd.gov/sites/default/files/documents/Consumers/Auto/2026%20Auto%20Insurance%20Cost%20Survey.pdf,PDF p.7 (printed p.12) table 'Example #7' row 'RAM Mutual' column 'Bismarck / Mandan'; printed 6-month value 665,Bismarck / Mandan,RAM Mutual,nd-2026-ex07,1330
nd-2026,ND,2026,https://www.insurance.nd.gov/sites/default/files/documents/Consumers/Auto/2026%20Auto%20Insurance%20Cost%20Survey.pdf,PDF p.7 (printed p.12) table 'Example #7' row 'RAM Mutual' column 'Grand Forks'; printed 6-month value 537,Grand Forks,RAM Mutual,nd-2026-ex07,1074
nd-2026,ND,2026,https://www.insurance.nd.gov/sites/default/files/documents/Consumers/Auto/2026%20Auto%20Insurance%20Cost%20Survey.pdf,PDF p.7 (printed p.12) table 'Example #7' row 'RAM Mutual' column 'Minot'; printed 6-month value 614,Minot,RAM Mutual,nd-2026-ex07,1228
nd-2026,ND,2026,https://www.insurance.nd.gov/sites/default/files/documents/Consumers/Auto/2026%20Auto%20Insurance%20Cost%20Survey.pdf,PDF p.7 (printed p.12) table 'Example #7' row 'RAM Mutual' column 'Remainder of State'; printed 6-month value 522,Remainder of State,RAM Mutual,nd-2026-ex07,1044
nd-2026,ND,2026,https://www.insurance.nd.gov/sites/default/files/documents/Consumers/Auto/2026%20Auto%20Insurance%20Cost%20Survey.pdf,PDF p.7 (printed p.12) table 'Example #7' row 'Safeco' column 'Fargo'; printed 6-month value 596**,Fargo,Safeco,nd-2026-ex07,1192
nd-2026,ND,2026,https://www.insurance.nd.gov/sites/default/files/documents/Consumers/Auto/2026%20Auto%20Insurance%20Cost%20Survey.pdf,PDF p.7 (printed p.12) table 'Example #7' row 'Safeco' column 'Bismarck / Mandan'; printed 6-month value 646**,Bismarck / Mandan,Safeco,nd-2026-ex07,1292
nd-2026,ND,2026,https://www.insurance.nd.gov/sites/default/files/documents/Consumers/Auto/2026%20Auto%20Insurance%20Cost%20Survey.pdf,PDF p.7 (printed p.12) table 'Example #7' row 'Safeco' column 'Grand Forks'; printed 6-month value 596**,Grand Forks,Safeco,nd-2026-ex07,1192
nd-2026,ND,2026,https://www.insurance.nd.gov/sites/default/files/documents/Consumers/Auto/2026%20Auto%20Insurance%20Cost%20Survey.pdf,PDF p.7 (printed p.12) table 'Example #7' row 'Safeco' column 'Minot'; printed 6-month value 618**,Minot,Safeco,nd-2026-ex07,1236
nd-2026,ND,2026,https://www.insurance.nd.gov/sites/default/files/documents/Consumers/Auto/2026%20Auto%20Insurance%20Cost%20Survey.pdf,PDF p.7 (printed p.12) table 'Example #7' row 'Safeco' column 'Remainder of State'; printed 6-month value 659**,Remainder of State,Safeco,nd-2026-ex07,1318
nd-2026,ND,2026,https://www.insurance.nd.gov/sites/default/files/documents/Consumers/Auto/2026%20Auto%20Insurance%20Cost%20Survey.pdf,PDF p.7 (printed p.12) table 'Example #7' row 'USAA' column 'Fargo'; printed 6-month value 507,Fargo,USAA,nd-2026-ex07,1014
nd-2026,ND,2026,https://www.insurance.nd.gov/sites/default/files/documents/Consumers/Auto/2026%20Auto%20Insurance%20Cost%20Survey.pdf,PDF p.7 (printed p.12) table 'Example #7' row 'USAA' column 'Bismarck / Mandan'; printed 6-month value 489,Bismarck / Mandan,USAA,nd-2026-ex07,978
nd-2026,ND,2026,https://www.insurance.nd.gov/sites/default/files/documents/Consumers/Auto/2026%20Auto%20Insurance%20Cost%20Survey.pdf,PDF p.7 (printed p.12) table 'Example #7' row 'USAA' column 'Grand Forks'; printed 6-month value 466,Grand Forks,USAA,nd-2026-ex07,932
nd-2026,ND,2026,https://www.insurance.nd.gov/sites/default/files/documents/Consumers/Auto/2026%20Auto%20Insurance%20Cost%20Survey.pdf,PDF p.7 (printed p.12) table 'Example #7' row 'USAA' column 'Minot'; printed 6-month value 471,Minot,USAA,nd-2026-ex07,942
nd-2026,ND,2026,https://www.insurance.nd.gov/sites/default/files/documents/Consumers/Auto/2026%20Auto%20Insurance%20Cost%20Survey.pdf,PDF p.7 (printed p.12) table 'Example #7' row 'USAA' column 'Remainder of State'; printed 6-month value 540,Remainder of State,USAA,nd-2026-ex07,1080
nd-2026,ND,2026,https://www.insurance.nd.gov/sites/default/files/documents/Consumers/Auto/2026%20Auto%20Insurance%20Cost%20Survey.pdf,PDF p.7 (printed p.13) table 'Example #8' row 'Allstate' column 'Fargo'; printed 6-month value 1711,Fargo,Allstate,nd-2026-ex08,3422
nd-2026,ND,2026,https://www.insurance.nd.gov/sites/default/files/documents/Consumers/Auto/2026%20Auto%20Insurance%20Cost%20Survey.pdf,PDF p.7 (printed p.13) table 'Example #8' row 'Allstate' column 'Bismarck / Mandan'; printed 6-month value 1695,Bismarck / Mandan,Allstate,nd-2026-ex08,3390
nd-2026,ND,2026,https://www.insurance.nd.gov/sites/default/files/documents/Consumers/Auto/2026%20Auto%20Insurance%20Cost%20Survey.pdf,PDF p.7 (printed p.13) table 'Example #8' row 'Allstate' column 'Grand Forks'; printed 6-month value 1642,Grand Forks,Allstate,nd-2026-ex08,3284
nd-2026,ND,2026,https://www.insurance.nd.gov/sites/default/files/documents/Consumers/Auto/2026%20Auto%20Insurance%20Cost%20Survey.pdf,PDF p.7 (printed p.13) table 'Example #8' row 'Allstate' column 'Minot'; printed 6-month value 1640,Minot,Allstate,nd-2026-ex08,3280
nd-2026,ND,2026,https://www.insurance.nd.gov/sites/default/files/documents/Consumers/Auto/2026%20Auto%20Insurance%20Cost%20Survey.pdf,PDF p.7 (printed p.13) table 'Example #8' row 'Allstate' column 'Remainder of State'; printed 6-month value 1634,Remainder of State,Allstate,nd-2026-ex08,3268
nd-2026,ND,2026,https://www.insurance.nd.gov/sites/default/files/documents/Consumers/Auto/2026%20Auto%20Insurance%20Cost%20Survey.pdf,PDF p.7 (printed p.13) table 'Example #8' row 'Allstate North American' column 'Fargo'; printed 6-month value 720,Fargo,Allstate North American,nd-2026-ex08,1440
nd-2026,ND,2026,https://www.insurance.nd.gov/sites/default/files/documents/Consumers/Auto/2026%20Auto%20Insurance%20Cost%20Survey.pdf,PDF p.7 (printed p.13) table 'Example #8' row 'Allstate North American' column 'Bismarck / Mandan'; printed 6-month value 646,Bismarck / Mandan,Allstate North American,nd-2026-ex08,1292
nd-2026,ND,2026,https://www.insurance.nd.gov/sites/default/files/documents/Consumers/Auto/2026%20Auto%20Insurance%20Cost%20Survey.pdf,PDF p.7 (printed p.13) table 'Example #8' row 'Allstate North American' column 'Grand Forks'; printed 6-month value 689,Grand Forks,Allstate North American,nd-2026-ex08,1378
nd-2026,ND,2026,https://www.insurance.nd.gov/sites/default/files/documents/Consumers/Auto/2026%20Auto%20Insurance%20Cost%20Survey.pdf,PDF p.7 (printed p.13) table 'Example #8' row 'Allstate North American' column 'Minot'; printed 6-month value 698,Minot,Allstate North American,nd-2026-ex08,1396
nd-2026,ND,2026,https://www.insurance.nd.gov/sites/default/files/documents/Consumers/Auto/2026%20Auto%20Insurance%20Cost%20Survey.pdf,PDF p.7 (printed p.13) table 'Example #8' row 'Allstate North American' column 'Remainder of State'; printed 6-month value 682,Remainder of State,Allstate North American,nd-2026-ex08,1364
nd-2026,ND,2026,https://www.insurance.nd.gov/sites/default/files/documents/Consumers/Auto/2026%20Auto%20Insurance%20Cost%20Survey.pdf,PDF p.7 (printed p.13) table 'Example #8' row 'American Family' column 'Fargo'; printed 6-month value 721,Fargo,American Family,nd-2026-ex08,1442
nd-2026,ND,2026,https://www.insurance.nd.gov/sites/default/files/documents/Consumers/Auto/2026%20Auto%20Insurance%20Cost%20Survey.pdf,PDF p.7 (printed p.13) table 'Example #8' row 'American Family' column 'Bismarck / Mandan'; printed 6-month value 812,Bismarck / Mandan,American Family,nd-2026-ex08,1624
nd-2026,ND,2026,https://www.insurance.nd.gov/sites/default/files/documents/Consumers/Auto/2026%20Auto%20Insurance%20Cost%20Survey.pdf,PDF p.7 (printed p.13) table 'Example #8' row 'American Family' column 'Grand Forks'; printed 6-month value 714,Grand Forks,American Family,nd-2026-ex08,1428
nd-2026,ND,2026,https://www.insurance.nd.gov/sites/default/files/documents/Consumers/Auto/2026%20Auto%20Insurance%20Cost%20Survey.pdf,PDF p.7 (printed p.13) table 'Example #8' row 'American Family' column 'Minot'; printed 6-month value 785,Minot,American Family,nd-2026-ex08,1570
nd-2026,ND,2026,https://www.insurance.nd.gov/sites/default/files/documents/Consumers/Auto/2026%20Auto%20Insurance%20Cost%20Survey.pdf,PDF p.7 (printed p.13) table 'Example #8' row 'American Family' column 'Remainder of State'; printed 6-month value 689,Remainder of State,American Family,nd-2026-ex08,1378
nd-2026,ND,2026,https://www.insurance.nd.gov/sites/default/files/documents/Consumers/Auto/2026%20Auto%20Insurance%20Cost%20Survey.pdf,PDF p.7 (printed p.13) table 'Example #8' row 'Auto Owners' column 'Fargo'; printed 6-month value 1492,Fargo,Auto Owners,nd-2026-ex08,2984
nd-2026,ND,2026,https://www.insurance.nd.gov/sites/default/files/documents/Consumers/Auto/2026%20Auto%20Insurance%20Cost%20Survey.pdf,PDF p.7 (printed p.13) table 'Example #8' row 'Auto Owners' column 'Bismarck / Mandan'; printed 6-month value 1703,Bismarck / Mandan,Auto Owners,nd-2026-ex08,3406
nd-2026,ND,2026,https://www.insurance.nd.gov/sites/default/files/documents/Consumers/Auto/2026%20Auto%20Insurance%20Cost%20Survey.pdf,PDF p.7 (printed p.13) table 'Example #8' row 'Auto Owners' column 'Grand Forks'; printed 6-month value 1450,Grand Forks,Auto Owners,nd-2026-ex08,2900
nd-2026,ND,2026,https://www.insurance.nd.gov/sites/default/files/documents/Consumers/Auto/2026%20Auto%20Insurance%20Cost%20Survey.pdf,PDF p.7 (printed p.13) table 'Example #8' row 'Auto Owners' column 'Minot'; printed 6-month value 1454,Minot,Auto Owners,nd-2026-ex08,2908
nd-2026,ND,2026,https://www.insurance.nd.gov/sites/default/files/documents/Consumers/Auto/2026%20Auto%20Insurance%20Cost%20Survey.pdf,PDF p.7 (printed p.13) table 'Example #8' row 'Auto Owners' column 'Remainder of State'; printed 6-month value 1465,Remainder of State,Auto Owners,nd-2026-ex08,2930
nd-2026,ND,2026,https://www.insurance.nd.gov/sites/default/files/documents/Consumers/Auto/2026%20Auto%20Insurance%20Cost%20Survey.pdf,PDF p.7 (printed p.13) table 'Example #8' row 'Casualty Insurance' column 'Fargo'; printed 6-month value 1002,Fargo,Casualty Insurance,nd-2026-ex08,2004
nd-2026,ND,2026,https://www.insurance.nd.gov/sites/default/files/documents/Consumers/Auto/2026%20Auto%20Insurance%20Cost%20Survey.pdf,PDF p.7 (printed p.13) table 'Example #8' row 'Casualty Insurance' column 'Bismarck / Mandan'; printed 6-month value 1013,Bismarck / Mandan,Casualty Insurance,nd-2026-ex08,2026
nd-2026,ND,2026,https://www.insurance.nd.gov/sites/default/files/documents/Consumers/Auto/2026%20Auto%20Insurance%20Cost%20Survey.pdf,PDF p.7 (printed p.13) table 'Example #8' row 'Casualty Insurance' column 'Grand Forks'; printed 6-month value 942,Grand Forks,Casualty Insurance,nd-2026-ex08,1884
nd-2026,ND,2026,https://www.insurance.nd.gov/sites/default/files/documents/Consumers/Auto/2026%20Auto%20Insurance%20Cost%20Survey.pdf,PDF p.7 (printed p.13) table 'Example #8' row 'Casualty Insurance' column 'Minot'; printed 6-month value 940,Minot,Casualty Insurance,nd-2026-ex08,1880
nd-2026,ND,2026,https://www.insurance.nd.gov/sites/default/files/documents/Consumers/Auto/2026%20Auto%20Insurance%20Cost%20Survey.pdf,PDF p.7 (printed p.13) table 'Example #8' row 'Casualty Insurance' column 'Remainder of State'; printed 6-month value 1118,Remainder of State,Casualty Insurance,nd-2026-ex08,2236
nd-2026,ND,2026,https://www.insurance.nd.gov/sites/default/files/documents/Consumers/Auto/2026%20Auto%20Insurance%20Cost%20Survey.pdf,PDF p.7 (printed p.13) table 'Example #8' row 'COUNTRY Preferred' column 'Fargo'; printed 6-month value 869,Fargo,COUNTRY Preferred,nd-2026-ex08,1738
nd-2026,ND,2026,https://www.insurance.nd.gov/sites/default/files/documents/Consumers/Auto/2026%20Auto%20Insurance%20Cost%20Survey.pdf,PDF p.7 (printed p.13) table 'Example #8' row 'COUNTRY Preferred' column 'Bismarck / Mandan'; printed 6-month value 897,Bismarck / Mandan,COUNTRY Preferred,nd-2026-ex08,1794
nd-2026,ND,2026,https://www.insurance.nd.gov/sites/default/files/documents/Consumers/Auto/2026%20Auto%20Insurance%20Cost%20Survey.pdf,PDF p.7 (printed p.13) table 'Example #8' row 'COUNTRY Preferred' column 'Grand Forks'; printed 6-month value 814,Grand Forks,COUNTRY Preferred,nd-2026-ex08,1628
nd-2026,ND,2026,https://www.insurance.nd.gov/sites/default/files/documents/Consumers/Auto/2026%20Auto%20Insurance%20Cost%20Survey.pdf,PDF p.7 (printed p.13) table 'Example #8' row 'COUNTRY Preferred' column 'Minot'; printed 6-month value 913,Minot,COUNTRY Preferred,nd-2026-ex08,1826
nd-2026,ND,2026,https://www.insurance.nd.gov/sites/default/files/documents/Consumers/Auto/2026%20Auto%20Insurance%20Cost%20Survey.pdf,PDF p.7 (printed p.13) table 'Example #8' row 'COUNTRY Preferred' column 'Remainder of State'; printed 6-month value 857,Remainder of State,COUNTRY Preferred,nd-2026-ex08,1714
nd-2026,ND,2026,https://www.insurance.nd.gov/sites/default/files/documents/Consumers/Auto/2026%20Auto%20Insurance%20Cost%20Survey.pdf,PDF p.7 (printed p.13) table 'Example #8' row 'Farmers Group' column 'Fargo'; printed 6-month value 2460,Fargo,Farmers Group,nd-2026-ex08,4920
nd-2026,ND,2026,https://www.insurance.nd.gov/sites/default/files/documents/Consumers/Auto/2026%20Auto%20Insurance%20Cost%20Survey.pdf,PDF p.7 (printed p.13) table 'Example #8' row 'Farmers Group' column 'Bismarck / Mandan'; printed 6-month value 2833,Bismarck / Mandan,Farmers Group,nd-2026-ex08,5666
nd-2026,ND,2026,https://www.insurance.nd.gov/sites/default/files/documents/Consumers/Auto/2026%20Auto%20Insurance%20Cost%20Survey.pdf,PDF p.7 (printed p.13) table 'Example #8' row 'Farmers Group' column 'Grand Forks'; printed 6-month value 2453,Grand Forks,Farmers Group,nd-2026-ex08,4906
nd-2026,ND,2026,https://www.insurance.nd.gov/sites/default/files/documents/Consumers/Auto/2026%20Auto%20Insurance%20Cost%20Survey.pdf,PDF p.7 (printed p.13) table 'Example #8' row 'Farmers Group' column 'Minot'; printed 6-month value 2653,Minot,Farmers Group,nd-2026-ex08,5306
nd-2026,ND,2026,https://www.insurance.nd.gov/sites/default/files/documents/Consumers/Auto/2026%20Auto%20Insurance%20Cost%20Survey.pdf,PDF p.7 (printed p.13) table 'Example #8' row 'Farmers Group' column 'Remainder of State'; printed 6-month value 2661,Remainder of State,Farmers Group,nd-2026-ex08,5322
nd-2026,ND,2026,https://www.insurance.nd.gov/sites/default/files/documents/Consumers/Auto/2026%20Auto%20Insurance%20Cost%20Survey.pdf,PDF p.7 (printed p.13) table 'Example #8' row 'Farmers Property' column 'Fargo'; printed 6-month value 2149,Fargo,Farmers Property,nd-2026-ex08,4298
nd-2026,ND,2026,https://www.insurance.nd.gov/sites/default/files/documents/Consumers/Auto/2026%20Auto%20Insurance%20Cost%20Survey.pdf,PDF p.7 (printed p.13) table 'Example #8' row 'Farmers Property' column 'Bismarck / Mandan'; printed 6-month value 2384,Bismarck / Mandan,Farmers Property,nd-2026-ex08,4768
nd-2026,ND,2026,https://www.insurance.nd.gov/sites/default/files/documents/Consumers/Auto/2026%20Auto%20Insurance%20Cost%20Survey.pdf,PDF p.7 (printed p.13) table 'Example #8' row 'Farmers Property' column 'Grand Forks'; printed 6-month value 2320,Grand Forks,Farmers Property,nd-2026-ex08,4640
nd-2026,ND,2026,https://www.insurance.nd.gov/sites/default/files/documents/Consumers/Auto/2026%20Auto%20Insurance%20Cost%20Survey.pdf,PDF p.7 (printed p.13) table 'Example #8' row 'Farmers Property' column 'Minot'; printed 6-month value 2284,Minot,Farmers Property,nd-2026-ex08,4568
nd-2026,ND,2026,https://www.insurance.nd.gov/sites/default/files/documents/Consumers/Auto/2026%20Auto%20Insurance%20Cost%20Survey.pdf,PDF p.7 (printed p.13) table 'Example #8' row 'Farmers Property' column 'Remainder of State'; printed 6-month value 2338,Remainder of State,Farmers Property,nd-2026-ex08,4676
nd-2026,ND,2026,https://www.insurance.nd.gov/sites/default/files/documents/Consumers/Auto/2026%20Auto%20Insurance%20Cost%20Survey.pdf,PDF p.7 (printed p.13) table 'Example #8' row 'Garrison' column 'Fargo'; printed 6-month value 1018,Fargo,Garrison,nd-2026-ex08,2036
nd-2026,ND,2026,https://www.insurance.nd.gov/sites/default/files/documents/Consumers/Auto/2026%20Auto%20Insurance%20Cost%20Survey.pdf,PDF p.7 (printed p.13) table 'Example #8' row 'Garrison' column 'Bismarck / Mandan'; printed 6-month value 1022,Bismarck / Mandan,Garrison,nd-2026-ex08,2044
nd-2026,ND,2026,https://www.insurance.nd.gov/sites/default/files/documents/Consumers/Auto/2026%20Auto%20Insurance%20Cost%20Survey.pdf,PDF p.7 (printed p.13) table 'Example #8' row 'Garrison' column 'Grand Forks'; printed 6-month value 960,Grand Forks,Garrison,nd-2026-ex08,1920
nd-2026,ND,2026,https://www.insurance.nd.gov/sites/default/files/documents/Consumers/Auto/2026%20Auto%20Insurance%20Cost%20Survey.pdf,PDF p.7 (printed p.13) table 'Example #8' row 'Garrison' column 'Minot'; printed 6-month value 969,Minot,Garrison,nd-2026-ex08,1938
nd-2026,ND,2026,https://www.insurance.nd.gov/sites/default/files/documents/Consumers/Auto/2026%20Auto%20Insurance%20Cost%20Survey.pdf,PDF p.7 (printed p.13) table 'Example #8' row 'Garrison' column 'Remainder of State'; printed 6-month value 1141,Remainder of State,Garrison,nd-2026-ex08,2282
nd-2026,ND,2026,https://www.insurance.nd.gov/sites/default/files/documents/Consumers/Auto/2026%20Auto%20Insurance%20Cost%20Survey.pdf,PDF p.7 (printed p.13) table 'Example #8' row 'GEICO Casualty' column 'Fargo'; printed 6-month value 953,Fargo,GEICO Casualty,nd-2026-ex08,1906
nd-2026,ND,2026,https://www.insurance.nd.gov/sites/default/files/documents/Consumers/Auto/2026%20Auto%20Insurance%20Cost%20Survey.pdf,PDF p.7 (printed p.13) table 'Example #8' row 'GEICO Casualty' column 'Bismarck / Mandan'; printed 6-month value 1003,Bismarck / Mandan,GEICO Casualty,nd-2026-ex08,2006
nd-2026,ND,2026,https://www.insurance.nd.gov/sites/default/files/documents/Consumers/Auto/2026%20Auto%20Insurance%20Cost%20Survey.pdf,PDF p.7 (printed p.13) table 'Example #8' row 'GEICO Casualty' column 'Grand Forks'; printed 6-month value 849,Grand Forks,GEICO Casualty,nd-2026-ex08,1698
nd-2026,ND,2026,https://www.insurance.nd.gov/sites/default/files/documents/Consumers/Auto/2026%20Auto%20Insurance%20Cost%20Survey.pdf,PDF p.7 (printed p.13) table 'Example #8' row 'GEICO Casualty' column 'Minot'; printed 6-month value 967,Minot,GEICO Casualty,nd-2026-ex08,1934
nd-2026,ND,2026,https://www.insurance.nd.gov/sites/default/files/documents/Consumers/Auto/2026%20Auto%20Insurance%20Cost%20Survey.pdf,PDF p.7 (printed p.13) table 'Example #8' row 'GEICO Casualty' column 'Remainder of State'; printed 6-month value 1089,Remainder of State,GEICO Casualty,nd-2026-ex08,2178
nd-2026,ND,2026,https://www.insurance.nd.gov/sites/default/files/documents/Consumers/Auto/2026%20Auto%20Insurance%20Cost%20Survey.pdf,PDF p.7 (printed p.13) table 'Example #8' row 'GEICO Marine' column 'Fargo'; printed 6-month value 1009,Fargo,GEICO Marine,nd-2026-ex08,2018
nd-2026,ND,2026,https://www.insurance.nd.gov/sites/default/files/documents/Consumers/Auto/2026%20Auto%20Insurance%20Cost%20Survey.pdf,PDF p.7 (printed p.13) table 'Example #8' row 'GEICO Marine' column 'Bismarck / Mandan'; printed 6-month value 1068,Bismarck / Mandan,GEICO Marine,nd-2026-ex08,2136
nd-2026,ND,2026,https://www.insurance.nd.gov/sites/default/files/documents/Consumers/Auto/2026%20Auto%20Insurance%20Cost%20Survey.pdf,PDF p.7 (printed p.13) table 'Example #8' row 'GEICO Marine' column 'Grand Forks'; printed 6-month value 899,Grand Forks,GEICO Marine,nd-2026-ex08,1798
nd-2026,ND,2026,https://www.insurance.nd.gov/sites/default/files/documents/Consumers/Auto/2026%20Auto%20Insurance%20Cost%20Survey.pdf,PDF p.7 (printed p.13) table 'Example #8' row 'GEICO Marine' column 'Minot'; printed 6-month value 1027,Minot,GEICO Marine,nd-2026-ex08,2054
nd-2026,ND,2026,https://www.insurance.nd.gov/sites/default/files/documents/Consumers/Auto/2026%20Auto%20Insurance%20Cost%20Survey.pdf,PDF p.7 (printed p.13) table 'Example #8' row 'GEICO Marine' column 'Remainder of State'; printed 6-month value 1154,Remainder of State,GEICO Marine,nd-2026-ex08,2308
nd-2026,ND,2026,https://www.insurance.nd.gov/sites/default/files/documents/Consumers/Auto/2026%20Auto%20Insurance%20Cost%20Survey.pdf,PDF p.7 (printed p.13) table 'Example #8' row 'General Indemnity' column 'Fargo'; printed 6-month value 1070,Fargo,General Indemnity,nd-2026-ex08,2140
nd-2026,ND,2026,https://www.insurance.nd.gov/sites/default/files/documents/Consumers/Auto/2026%20Auto%20Insurance%20Cost%20Survey.pdf,PDF p.7 (printed p.13) table 'Example #8' row 'General Indemnity' column 'Bismarck / Mandan'; printed 6-month value 1078,Bismarck / Mandan,General Indemnity,nd-2026-ex08,2156
nd-2026,ND,2026,https://www.insurance.nd.gov/sites/default/files/documents/Consumers/Auto/2026%20Auto%20Insurance%20Cost%20Survey.pdf,PDF p.7 (printed p.13) table 'Example #8' row 'General Indemnity' column 'Grand Forks'; printed 6-month value 993,Grand Forks,General Indemnity,nd-2026-ex08,1986
nd-2026,ND,2026,https://www.insurance.nd.gov/sites/default/files/documents/Consumers/Auto/2026%20Auto%20Insurance%20Cost%20Survey.pdf,PDF p.7 (printed p.13) table 'Example #8' row 'General Indemnity' column 'Minot'; printed 6-month value 1010,Minot,General Indemnity,nd-2026-ex08,2020
nd-2026,ND,2026,https://www.insurance.nd.gov/sites/default/files/documents/Consumers/Auto/2026%20Auto%20Insurance%20Cost%20Survey.pdf,PDF p.7 (printed p.13) table 'Example #8' row 'General Indemnity' column 'Remainder of State'; printed 6-month value 1213,Remainder of State,General Indemnity,nd-2026-ex08,2426
nd-2026,ND,2026,https://www.insurance.nd.gov/sites/default/files/documents/Consumers/Auto/2026%20Auto%20Insurance%20Cost%20Survey.pdf,PDF p.7 (printed p.13) table 'Example #8' row 'Grinnell Compass/Mutual' column 'Fargo'; printed 6-month value 692*,Fargo,Grinnell Compass/Mutual,nd-2026-ex08,1384
nd-2026,ND,2026,https://www.insurance.nd.gov/sites/default/files/documents/Consumers/Auto/2026%20Auto%20Insurance%20Cost%20Survey.pdf,PDF p.7 (printed p.13) table 'Example #8' row 'Grinnell Compass/Mutual' column 'Bismarck / Mandan'; printed 6-month value 745*,Bismarck / Mandan,Grinnell Compass/Mutual,nd-2026-ex08,1490
nd-2026,ND,2026,https://www.insurance.nd.gov/sites/default/files/documents/Consumers/Auto/2026%20Auto%20Insurance%20Cost%20Survey.pdf,PDF p.7 (printed p.13) table 'Example #8' row 'Grinnell Compass/Mutual' column 'Grand Forks'; printed 6-month value 720*,Grand Forks,Grinnell Compass/Mutual,nd-2026-ex08,1440
nd-2026,ND,2026,https://www.insurance.nd.gov/sites/default/files/documents/Consumers/Auto/2026%20Auto%20Insurance%20Cost%20Survey.pdf,PDF p.7 (printed p.13) table 'Example #8' row 'Grinnell Compass/Mutual' column 'Minot'; printed 6-month value 790*,Minot,Grinnell Compass/Mutual,nd-2026-ex08,1580
nd-2026,ND,2026,https://www.insurance.nd.gov/sites/default/files/documents/Consumers/Auto/2026%20Auto%20Insurance%20Cost%20Survey.pdf,PDF p.7 (printed p.13) table 'Example #8' row 'Grinnell Compass/Mutual' column 'Remainder of State'; printed 6-month value 665*,Remainder of State,Grinnell Compass/Mutual,nd-2026-ex08,1330
nd-2026,ND,2026,https://www.insurance.nd.gov/sites/default/files/documents/Consumers/Auto/2026%20Auto%20Insurance%20Cost%20Survey.pdf,PDF p.7 (printed p.13) table 'Example #8' row 'National Farmers Union' column 'Fargo'; printed 6-month value 314*,Fargo,National Farmers Union,nd-2026-ex08,628
nd-2026,ND,2026,https://www.insurance.nd.gov/sites/default/files/documents/Consumers/Auto/2026%20Auto%20Insurance%20Cost%20Survey.pdf,PDF p.7 (printed p.13) table 'Example #8' row 'National Farmers Union' column 'Bismarck / Mandan'; printed 6-month value 386*,Bismarck / Mandan,National Farmers Union,nd-2026-ex08,772
nd-2026,ND,2026,https://www.insurance.nd.gov/sites/default/files/documents/Consumers/Auto/2026%20Auto%20Insurance%20Cost%20Survey.pdf,PDF p.7 (printed p.13) table 'Example #8' row 'National Farmers Union' column 'Grand Forks'; printed 6-month value 340*,Grand Forks,National Farmers Union,nd-2026-ex08,680
nd-2026,ND,2026,https://www.insurance.nd.gov/sites/default/files/documents/Consumers/Auto/2026%20Auto%20Insurance%20Cost%20Survey.pdf,PDF p.7 (printed p.13) table 'Example #8' row 'National Farmers Union' column 'Minot'; printed 6-month value 470*,Minot,National Farmers Union,nd-2026-ex08,940
nd-2026,ND,2026,https://www.insurance.nd.gov/sites/default/files/documents/Consumers/Auto/2026%20Auto%20Insurance%20Cost%20Survey.pdf,PDF p.7 (printed p.13) table 'Example #8' row 'National Farmers Union' column 'Remainder of State'; printed 6-month value 673*,Remainder of State,National Farmers Union,nd-2026-ex08,1346
nd-2026,ND,2026,https://www.insurance.nd.gov/sites/default/files/documents/Consumers/Auto/2026%20Auto%20Insurance%20Cost%20Survey.pdf,PDF p.7 (printed p.13) table 'Example #8' row 'Nationwide Mutual' column 'Fargo'; printed 6-month value 1239,Fargo,Nationwide Mutual,nd-2026-ex08,2478
nd-2026,ND,2026,https://www.insurance.nd.gov/sites/default/files/documents/Consumers/Auto/2026%20Auto%20Insurance%20Cost%20Survey.pdf,PDF p.7 (printed p.13) table 'Example #8' row 'Nationwide Mutual' column 'Bismarck / Mandan'; printed 6-month value 1353,Bismarck / Mandan,Nationwide Mutual,nd-2026-ex08,2706
nd-2026,ND,2026,https://www.insurance.nd.gov/sites/default/files/documents/Consumers/Auto/2026%20Auto%20Insurance%20Cost%20Survey.pdf,PDF p.7 (printed p.13) table 'Example #8' row 'Nationwide Mutual' column 'Grand Forks'; printed 6-month value 1191,Grand Forks,Nationwide Mutual,nd-2026-ex08,2382
nd-2026,ND,2026,https://www.insurance.nd.gov/sites/default/files/documents/Consumers/Auto/2026%20Auto%20Insurance%20Cost%20Survey.pdf,PDF p.7 (printed p.13) table 'Example #8' row 'Nationwide Mutual' column 'Minot'; printed 6-month value 1378,Minot,Nationwide Mutual,nd-2026-ex08,2756
nd-2026,ND,2026,https://www.insurance.nd.gov/sites/default/files/documents/Consumers/Auto/2026%20Auto%20Insurance%20Cost%20Survey.pdf,PDF p.7 (printed p.13) table 'Example #8' row 'Nationwide Mutual' column 'Remainder of State'; printed 6-month value 1429,Remainder of State,Nationwide Mutual,nd-2026-ex08,2858
nd-2026,ND,2026,https://www.insurance.nd.gov/sites/default/files/documents/Consumers/Auto/2026%20Auto%20Insurance%20Cost%20Survey.pdf,PDF p.7 (printed p.13) table 'Example #8' row 'Nodak' column 'Fargo'; printed 6-month value 673,Fargo,Nodak,nd-2026-ex08,1346
nd-2026,ND,2026,https://www.insurance.nd.gov/sites/default/files/documents/Consumers/Auto/2026%20Auto%20Insurance%20Cost%20Survey.pdf,PDF p.7 (printed p.13) table 'Example #8' row 'Nodak' column 'Bismarck / Mandan'; printed 6-month value 718,Bismarck / Mandan,Nodak,nd-2026-ex08,1436
nd-2026,ND,2026,https://www.insurance.nd.gov/sites/default/files/documents/Consumers/Auto/2026%20Auto%20Insurance%20Cost%20Survey.pdf,PDF p.7 (printed p.13) table 'Example #8' row 'Nodak' column 'Grand Forks'; printed 6-month value 808,Grand Forks,Nodak,nd-2026-ex08,1616
nd-2026,ND,2026,https://www.insurance.nd.gov/sites/default/files/documents/Consumers/Auto/2026%20Auto%20Insurance%20Cost%20Survey.pdf,PDF p.7 (printed p.13) table 'Example #8' row 'Nodak' column 'Minot'; printed 6-month value 830,Minot,Nodak,nd-2026-ex08,1660
nd-2026,ND,2026,https://www.insurance.nd.gov/sites/default/files/documents/Consumers/Auto/2026%20Auto%20Insurance%20Cost%20Survey.pdf,PDF p.7 (printed p.13) table 'Example #8' row 'Nodak' column 'Remainder of State'; printed 6-month value 679,Remainder of State,Nodak,nd-2026-ex08,1358
nd-2026,ND,2026,https://www.insurance.nd.gov/sites/default/files/documents/Consumers/Auto/2026%20Auto%20Insurance%20Cost%20Survey.pdf,PDF p.7 (printed p.13) table 'Example #8' row 'North Star Mutual' column 'Fargo'; printed 6-month value 953,Fargo,North Star Mutual,nd-2026-ex08,1906
nd-2026,ND,2026,https://www.insurance.nd.gov/sites/default/files/documents/Consumers/Auto/2026%20Auto%20Insurance%20Cost%20Survey.pdf,PDF p.7 (printed p.13) table 'Example #8' row 'North Star Mutual' column 'Bismarck / Mandan'; printed 6-month value 1187,Bismarck / Mandan,North Star Mutual,nd-2026-ex08,2374
nd-2026,ND,2026,https://www.insurance.nd.gov/sites/default/files/documents/Consumers/Auto/2026%20Auto%20Insurance%20Cost%20Survey.pdf,PDF p.7 (printed p.13) table 'Example #8' row 'North Star Mutual' column 'Grand Forks'; printed 6-month value 941,Grand Forks,North Star Mutual,nd-2026-ex08,1882
nd-2026,ND,2026,https://www.insurance.nd.gov/sites/default/files/documents/Consumers/Auto/2026%20Auto%20Insurance%20Cost%20Survey.pdf,PDF p.7 (printed p.13) table 'Example #8' row 'North Star Mutual' column 'Minot'; printed 6-month value 915,Minot,North Star Mutual,nd-2026-ex08,1830
nd-2026,ND,2026,https://www.insurance.nd.gov/sites/default/files/documents/Consumers/Auto/2026%20Auto%20Insurance%20Cost%20Survey.pdf,PDF p.7 (printed p.13) table 'Example #8' row 'North Star Mutual' column 'Remainder of State'; printed 6-month value 895,Remainder of State,North Star Mutual,nd-2026-ex08,1790
nd-2026,ND,2026,https://www.insurance.nd.gov/sites/default/files/documents/Consumers/Auto/2026%20Auto%20Insurance%20Cost%20Survey.pdf,PDF p.7 (printed p.13) table 'Example #8' row 'Owners Insurance' column 'Fargo'; printed 6-month value 1219,Fargo,Owners Insurance,nd-2026-ex08,2438
nd-2026,ND,2026,https://www.insurance.nd.gov/sites/default/files/documents/Consumers/Auto/2026%20Auto%20Insurance%20Cost%20Survey.pdf,PDF p.7 (printed p.13) table 'Example #8' row 'Owners Insurance' column 'Bismarck / Mandan'; printed 6-month value 1386,Bismarck / Mandan,Owners Insurance,nd-2026-ex08,2772
nd-2026,ND,2026,https://www.insurance.nd.gov/sites/default/files/documents/Consumers/Auto/2026%20Auto%20Insurance%20Cost%20Survey.pdf,PDF p.7 (printed p.13) table 'Example #8' row 'Owners Insurance' column 'Grand Forks'; printed 6-month value 1184,Grand Forks,Owners Insurance,nd-2026-ex08,2368
nd-2026,ND,2026,https://www.insurance.nd.gov/sites/default/files/documents/Consumers/Auto/2026%20Auto%20Insurance%20Cost%20Survey.pdf,PDF p.7 (printed p.13) table 'Example #8' row 'Owners Insurance' column 'Minot'; printed 6-month value 1184,Minot,Owners Insurance,nd-2026-ex08,2368
nd-2026,ND,2026,https://www.insurance.nd.gov/sites/default/files/documents/Consumers/Auto/2026%20Auto%20Insurance%20Cost%20Survey.pdf,PDF p.7 (printed p.13) table 'Example #8' row 'Owners Insurance' column 'Remainder of State'; printed 6-month value 1192,Remainder of State,Owners Insurance,nd-2026-ex08,2384
nd-2026,ND,2026,https://www.insurance.nd.gov/sites/default/files/documents/Consumers/Auto/2026%20Auto%20Insurance%20Cost%20Survey.pdf,PDF p.7 (printed p.13) table 'Example #8' row 'Progressive Direct' column 'Fargo'; printed 6-month value 482,Fargo,Progressive Direct,nd-2026-ex08,964
nd-2026,ND,2026,https://www.insurance.nd.gov/sites/default/files/documents/Consumers/Auto/2026%20Auto%20Insurance%20Cost%20Survey.pdf,PDF p.7 (printed p.13) table 'Example #8' row 'Progressive Direct' column 'Bismarck / Mandan'; printed 6-month value 522,Bismarck / Mandan,Progressive Direct,nd-2026-ex08,1044
nd-2026,ND,2026,https://www.insurance.nd.gov/sites/default/files/documents/Consumers/Auto/2026%20Auto%20Insurance%20Cost%20Survey.pdf,PDF p.7 (printed p.13) table 'Example #8' row 'Progressive Direct' column 'Grand Forks'; printed 6-month value 483,Grand Forks,Progressive Direct,nd-2026-ex08,966
nd-2026,ND,2026,https://www.insurance.nd.gov/sites/default/files/documents/Consumers/Auto/2026%20Auto%20Insurance%20Cost%20Survey.pdf,PDF p.7 (printed p.13) table 'Example #8' row 'Progressive Direct' column 'Minot'; printed 6-month value 559,Minot,Progressive Direct,nd-2026-ex08,1118
nd-2026,ND,2026,https://www.insurance.nd.gov/sites/default/files/documents/Consumers/Auto/2026%20Auto%20Insurance%20Cost%20Survey.pdf,PDF p.7 (printed p.13) table 'Example #8' row 'Progressive Direct' column 'Remainder of State'; printed 6-month value 532,Remainder of State,Progressive Direct,nd-2026-ex08,1064
nd-2026,ND,2026,https://www.insurance.nd.gov/sites/default/files/documents/Consumers/Auto/2026%20Auto%20Insurance%20Cost%20Survey.pdf,PDF p.7 (printed p.13) table 'Example #8' row 'Progressive Northwestern' column 'Fargo'; printed 6-month value 699,Fargo,Progressive Northwestern,nd-2026-ex08,1398
nd-2026,ND,2026,https://www.insurance.nd.gov/sites/default/files/documents/Consumers/Auto/2026%20Auto%20Insurance%20Cost%20Survey.pdf,PDF p.7 (printed p.13) table 'Example #8' row 'Progressive Northwestern' column 'Bismarck / Mandan'; printed 6-month value 787,Bismarck / Mandan,Progressive Northwestern,nd-2026-ex08,1574
nd-2026,ND,2026,https://www.insurance.nd.gov/sites/default/files/documents/Consumers/Auto/2026%20Auto%20Insurance%20Cost%20Survey.pdf,PDF p.7 (printed p.13) table 'Example #8' row 'Progressive Northwestern' column 'Grand Forks'; printed 6-month value 787,Grand Forks,Progressive Northwestern,nd-2026-ex08,1574
nd-2026,ND,2026,https://www.insurance.nd.gov/sites/default/files/documents/Consumers/Auto/2026%20Auto%20Insurance%20Cost%20Survey.pdf,PDF p.7 (printed p.13) table 'Example #8' row 'Progressive Northwestern' column 'Minot'; printed 6-month value 864,Minot,Progressive Northwestern,nd-2026-ex08,1728
nd-2026,ND,2026,https://www.insurance.nd.gov/sites/default/files/documents/Consumers/Auto/2026%20Auto%20Insurance%20Cost%20Survey.pdf,PDF p.7 (printed p.13) table 'Example #8' row 'Progressive Northwestern' column 'Remainder of State'; printed 6-month value 812,Remainder of State,Progressive Northwestern,nd-2026-ex08,1624
nd-2026,ND,2026,https://www.insurance.nd.gov/sites/default/files/documents/Consumers/Auto/2026%20Auto%20Insurance%20Cost%20Survey.pdf,PDF p.7 (printed p.13) table 'Example #8' row 'RAM Mutual' column 'Fargo'; printed 6-month value 601*,Fargo,RAM Mutual,nd-2026-ex08,1202
nd-2026,ND,2026,https://www.insurance.nd.gov/sites/default/files/documents/Consumers/Auto/2026%20Auto%20Insurance%20Cost%20Survey.pdf,PDF p.7 (printed p.13) table 'Example #8' row 'RAM Mutual' column 'Bismarck / Mandan'; printed 6-month value 754*,Bismarck / Mandan,RAM Mutual,nd-2026-ex08,1508
nd-2026,ND,2026,https://www.insurance.nd.gov/sites/default/files/documents/Consumers/Auto/2026%20Auto%20Insurance%20Cost%20Survey.pdf,PDF p.7 (printed p.13) table 'Example #8' row 'RAM Mutual' column 'Grand Forks'; printed 6-month value 620*,Grand Forks,RAM Mutual,nd-2026-ex08,1240
nd-2026,ND,2026,https://www.insurance.nd.gov/sites/default/files/documents/Consumers/Auto/2026%20Auto%20Insurance%20Cost%20Survey.pdf,PDF p.7 (printed p.13) table 'Example #8' row 'RAM Mutual' column 'Minot'; printed 6-month value 699*,Minot,RAM Mutual,nd-2026-ex08,1398
nd-2026,ND,2026,https://www.insurance.nd.gov/sites/default/files/documents/Consumers/Auto/2026%20Auto%20Insurance%20Cost%20Survey.pdf,PDF p.7 (printed p.13) table 'Example #8' row 'RAM Mutual' column 'Remainder of State'; printed 6-month value 601*,Remainder of State,RAM Mutual,nd-2026-ex08,1202
nd-2026,ND,2026,https://www.insurance.nd.gov/sites/default/files/documents/Consumers/Auto/2026%20Auto%20Insurance%20Cost%20Survey.pdf,PDF p.7 (printed p.13) table 'Example #8' row 'Safeco' column 'Fargo'; printed 6-month value 948**,Fargo,Safeco,nd-2026-ex08,1896
nd-2026,ND,2026,https://www.insurance.nd.gov/sites/default/files/documents/Consumers/Auto/2026%20Auto%20Insurance%20Cost%20Survey.pdf,PDF p.7 (printed p.13) table 'Example #8' row 'Safeco' column 'Bismarck / Mandan'; printed 6-month value 1032**,Bismarck / Mandan,Safeco,nd-2026-ex08,2064
nd-2026,ND,2026,https://www.insurance.nd.gov/sites/default/files/documents/Consumers/Auto/2026%20Auto%20Insurance%20Cost%20Survey.pdf,PDF p.7 (printed p.13) table 'Example #8' row 'Safeco' column 'Grand Forks'; printed 6-month value 939**,Grand Forks,Safeco,nd-2026-ex08,1878
nd-2026,ND,2026,https://www.insurance.nd.gov/sites/default/files/documents/Consumers/Auto/2026%20Auto%20Insurance%20Cost%20Survey.pdf,PDF p.7 (printed p.13) table 'Example #8' row 'Safeco' column 'Minot'; printed 6-month value 982**,Minot,Safeco,nd-2026-ex08,1964
nd-2026,ND,2026,https://www.insurance.nd.gov/sites/default/files/documents/Consumers/Auto/2026%20Auto%20Insurance%20Cost%20Survey.pdf,PDF p.7 (printed p.13) table 'Example #8' row 'Safeco' column 'Remainder of State'; printed 6-month value 1057**,Remainder of State,Safeco,nd-2026-ex08,2114
nd-2026,ND,2026,https://www.insurance.nd.gov/sites/default/files/documents/Consumers/Auto/2026%20Auto%20Insurance%20Cost%20Survey.pdf,PDF p.7 (printed p.13) table 'Example #8' row 'USAA' column 'Fargo'; printed 6-month value 1084,Fargo,USAA,nd-2026-ex08,2168
nd-2026,ND,2026,https://www.insurance.nd.gov/sites/default/files/documents/Consumers/Auto/2026%20Auto%20Insurance%20Cost%20Survey.pdf,PDF p.7 (printed p.13) table 'Example #8' row 'USAA' column 'Bismarck / Mandan'; printed 6-month value 1080,Bismarck / Mandan,USAA,nd-2026-ex08,2160
nd-2026,ND,2026,https://www.insurance.nd.gov/sites/default/files/documents/Consumers/Auto/2026%20Auto%20Insurance%20Cost%20Survey.pdf,PDF p.7 (printed p.13) table 'Example #8' row 'USAA' column 'Grand Forks'; printed 6-month value 1002,Grand Forks,USAA,nd-2026-ex08,2004
nd-2026,ND,2026,https://www.insurance.nd.gov/sites/default/files/documents/Consumers/Auto/2026%20Auto%20Insurance%20Cost%20Survey.pdf,PDF p.7 (printed p.13) table 'Example #8' row 'USAA' column 'Minot'; printed 6-month value 1013,Minot,USAA,nd-2026-ex08,2026
nd-2026,ND,2026,https://www.insurance.nd.gov/sites/default/files/documents/Consumers/Auto/2026%20Auto%20Insurance%20Cost%20Survey.pdf,PDF p.7 (printed p.13) table 'Example #8' row 'USAA' column 'Remainder of State'; printed 6-month value 1205,Remainder of State,USAA,nd-2026-ex08,2410
nd-2026,ND,2026,https://www.insurance.nd.gov/sites/default/files/documents/Consumers/Auto/2026%20Auto%20Insurance%20Cost%20Survey.pdf,PDF p.8 (printed p.14) table 'Example #9' row 'Allstate' column 'Fargo'; printed 6-month value 1399,Fargo,Allstate,nd-2026-ex09,2798
nd-2026,ND,2026,https://www.insurance.nd.gov/sites/default/files/documents/Consumers/Auto/2026%20Auto%20Insurance%20Cost%20Survey.pdf,PDF p.8 (printed p.14) table 'Example #9' row 'Allstate' column 'Bismarck / Mandan'; printed 6-month value 1255,Bismarck / Mandan,Allstate,nd-2026-ex09,2510
nd-2026,ND,2026,https://www.insurance.nd.gov/sites/default/files/documents/Consumers/Auto/2026%20Auto%20Insurance%20Cost%20Survey.pdf,PDF p.8 (printed p.14) table 'Example #9' row 'Allstate' column 'Grand Forks'; printed 6-month value 1293,Grand Forks,Allstate,nd-2026-ex09,2586
nd-2026,ND,2026,https://www.insurance.nd.gov/sites/default/files/documents/Consumers/Auto/2026%20Auto%20Insurance%20Cost%20Survey.pdf,PDF p.8 (printed p.14) table 'Example #9' row 'Allstate' column 'Minot'; printed 6-month value 1188,Minot,Allstate,nd-2026-ex09,2376
nd-2026,ND,2026,https://www.insurance.nd.gov/sites/default/files/documents/Consumers/Auto/2026%20Auto%20Insurance%20Cost%20Survey.pdf,PDF p.8 (printed p.14) table 'Example #9' row 'Allstate' column 'Remainder of State'; printed 6-month value 1074,Remainder of State,Allstate,nd-2026-ex09,2148
nd-2026,ND,2026,https://www.insurance.nd.gov/sites/default/files/documents/Consumers/Auto/2026%20Auto%20Insurance%20Cost%20Survey.pdf,PDF p.8 (printed p.14) table 'Example #9' row 'Allstate North American' column 'Fargo'; printed 6-month value 356,Fargo,Allstate North American,nd-2026-ex09,712
nd-2026,ND,2026,https://www.insurance.nd.gov/sites/default/files/documents/Consumers/Auto/2026%20Auto%20Insurance%20Cost%20Survey.pdf,PDF p.8 (printed p.14) table 'Example #9' row 'Allstate North American' column 'Bismarck / Mandan'; printed 6-month value 306,Bismarck / Mandan,Allstate North American,nd-2026-ex09,612
nd-2026,ND,2026,https://www.insurance.nd.gov/sites/default/files/documents/Consumers/Auto/2026%20Auto%20Insurance%20Cost%20Survey.pdf,PDF p.8 (printed p.14) table 'Example #9' row 'Allstate North American' column 'Grand Forks'; printed 6-month value 322,Grand Forks,Allstate North American,nd-2026-ex09,644
nd-2026,ND,2026,https://www.insurance.nd.gov/sites/default/files/documents/Consumers/Auto/2026%20Auto%20Insurance%20Cost%20Survey.pdf,PDF p.8 (printed p.14) table 'Example #9' row 'Allstate North American' column 'Minot'; printed 6-month value 323,Minot,Allstate North American,nd-2026-ex09,646
nd-2026,ND,2026,https://www.insurance.nd.gov/sites/default/files/documents/Consumers/Auto/2026%20Auto%20Insurance%20Cost%20Survey.pdf,PDF p.8 (printed p.14) table 'Example #9' row 'Allstate North American' column 'Remainder of State'; printed 6-month value 293,Remainder of State,Allstate North American,nd-2026-ex09,586
nd-2026,ND,2026,https://www.insurance.nd.gov/sites/default/files/documents/Consumers/Auto/2026%20Auto%20Insurance%20Cost%20Survey.pdf,PDF p.8 (printed p.14) table 'Example #9' row 'American Family' column 'Fargo'; printed 6-month value 705,Fargo,American Family,nd-2026-ex09,1410
nd-2026,ND,2026,https://www.insurance.nd.gov/sites/default/files/documents/Consumers/Auto/2026%20Auto%20Insurance%20Cost%20Survey.pdf,PDF p.8 (printed p.14) table 'Example #9' row 'American Family' column 'Bismarck / Mandan'; printed 6-month value 701,Bismarck / Mandan,American Family,nd-2026-ex09,1402
nd-2026,ND,2026,https://www.insurance.nd.gov/sites/default/files/documents/Consumers/Auto/2026%20Auto%20Insurance%20Cost%20Survey.pdf,PDF p.8 (printed p.14) table 'Example #9' row 'American Family' column 'Grand Forks'; printed 6-month value 696,Grand Forks,American Family,nd-2026-ex09,1392
nd-2026,ND,2026,https://www.insurance.nd.gov/sites/default/files/documents/Consumers/Auto/2026%20Auto%20Insurance%20Cost%20Survey.pdf,PDF p.8 (printed p.14) table 'Example #9' row 'American Family' column 'Minot'; printed 6-month value 738,Minot,American Family,nd-2026-ex09,1476
nd-2026,ND,2026,https://www.insurance.nd.gov/sites/default/files/documents/Consumers/Auto/2026%20Auto%20Insurance%20Cost%20Survey.pdf,PDF p.8 (printed p.14) table 'Example #9' row 'American Family' column 'Remainder of State'; printed 6-month value 580,Remainder of State,American Family,nd-2026-ex09,1160
nd-2026,ND,2026,https://www.insurance.nd.gov/sites/default/files/documents/Consumers/Auto/2026%20Auto%20Insurance%20Cost%20Survey.pdf,PDF p.8 (printed p.14) table 'Example #9' row 'Auto Owners' column 'Fargo'; printed 6-month value 1476,Fargo,Auto Owners,nd-2026-ex09,2952
nd-2026,ND,2026,https://www.insurance.nd.gov/sites/default/files/documents/Consumers/Auto/2026%20Auto%20Insurance%20Cost%20Survey.pdf,PDF p.8 (printed p.14) table 'Example #9' row 'Auto Owners' column 'Bismarck / Mandan'; printed 6-month value 1578,Bismarck / Mandan,Auto Owners,nd-2026-ex09,3156
nd-2026,ND,2026,https://www.insurance.nd.gov/sites/default/files/documents/Consumers/Auto/2026%20Auto%20Insurance%20Cost%20Survey.pdf,PDF p.8 (printed p.14) table 'Example #9' row 'Auto Owners' column 'Grand Forks'; printed 6-month value 1493,Grand Forks,Auto Owners,nd-2026-ex09,2986
nd-2026,ND,2026,https://www.insurance.nd.gov/sites/default/files/documents/Consumers/Auto/2026%20Auto%20Insurance%20Cost%20Survey.pdf,PDF p.8 (printed p.14) table 'Example #9' row 'Auto Owners' column 'Minot'; printed 6-month value 1375,Minot,Auto Owners,nd-2026-ex09,2750
nd-2026,ND,2026,https://www.insurance.nd.gov/sites/default/files/documents/Consumers/Auto/2026%20Auto%20Insurance%20Cost%20Survey.pdf,PDF p.8 (printed p.14) table 'Example #9' row 'Auto Owners' column 'Remainder of State'; printed 6-month value 1374,Remainder of State,Auto Owners,nd-2026-ex09,2748
nd-2026,ND,2026,https://www.insurance.nd.gov/sites/default/files/documents/Consumers/Auto/2026%20Auto%20Insurance%20Cost%20Survey.pdf,PDF p.8 (printed p.14) table 'Example #9' row 'Casualty Insurance' column 'Fargo'; printed 6-month value 613,Fargo,Casualty Insurance,nd-2026-ex09,1226
nd-2026,ND,2026,https://www.insurance.nd.gov/sites/default/files/documents/Consumers/Auto/2026%20Auto%20Insurance%20Cost%20Survey.pdf,PDF p.8 (printed p.14) table 'Example #9' row 'Casualty Insurance' column 'Bismarck / Mandan'; printed 6-month value 533,Bismarck / Mandan,Casualty Insurance,nd-2026-ex09,1066
nd-2026,ND,2026,https://www.insurance.nd.gov/sites/default/files/documents/Consumers/Auto/2026%20Auto%20Insurance%20Cost%20Survey.pdf,PDF p.8 (printed p.14) table 'Example #9' row 'Casualty Insurance' column 'Grand Forks'; printed 6-month value 534,Grand Forks,Casualty Insurance,nd-2026-ex09,1068
nd-2026,ND,2026,https://www.insurance.nd.gov/sites/default/files/documents/Consumers/Auto/2026%20Auto%20Insurance%20Cost%20Survey.pdf,PDF p.8 (printed p.14) table 'Example #9' row 'Casualty Insurance' column 'Minot'; printed 6-month value 510,Minot,Casualty Insurance,nd-2026-ex09,1020
nd-2026,ND,2026,https://www.insurance.nd.gov/sites/default/files/documents/Consumers/Auto/2026%20Auto%20Insurance%20Cost%20Survey.pdf,PDF p.8 (printed p.14) table 'Example #9' row 'Casualty Insurance' column 'Remainder of State'; printed 6-month value 494,Remainder of State,Casualty Insurance,nd-2026-ex09,988
nd-2026,ND,2026,https://www.insurance.nd.gov/sites/default/files/documents/Consumers/Auto/2026%20Auto%20Insurance%20Cost%20Survey.pdf,PDF p.8 (printed p.14) table 'Example #9' row 'Farmers Group' column 'Fargo'; printed 6-month value 1661,Fargo,Farmers Group,nd-2026-ex09,3322
nd-2026,ND,2026,https://www.insurance.nd.gov/sites/default/files/documents/Consumers/Auto/2026%20Auto%20Insurance%20Cost%20Survey.pdf,PDF p.8 (printed p.14) table 'Example #9' row 'Farmers Group' column 'Bismarck / Mandan'; printed 6-month value 1899,Bismarck / Mandan,Farmers Group,nd-2026-ex09,3798
nd-2026,ND,2026,https://www.insurance.nd.gov/sites/default/files/documents/Consumers/Auto/2026%20Auto%20Insurance%20Cost%20Survey.pdf,PDF p.8 (printed p.14) table 'Example #9' row 'Farmers Group' column 'Grand Forks'; printed 6-month value 1582,Grand Forks,Farmers Group,nd-2026-ex09,3164
nd-2026,ND,2026,https://www.insurance.nd.gov/sites/default/files/documents/Consumers/Auto/2026%20Auto%20Insurance%20Cost%20Survey.pdf,PDF p.8 (printed p.14) table 'Example #9' row 'Farmers Group' column 'Minot'; printed 6-month value 1954,Minot,Farmers Group,nd-2026-ex09,3908
nd-2026,ND,2026,https://www.insurance.nd.gov/sites/default/files/documents/Consumers/Auto/2026%20Auto%20Insurance%20Cost%20Survey.pdf,PDF p.8 (printed p.14) table 'Example #9' row 'Farmers Group' column 'Remainder of State'; printed 6-month value 1909,Remainder of State,Farmers Group,nd-2026-ex09,3818
nd-2026,ND,2026,https://www.insurance.nd.gov/sites/default/files/documents/Consumers/Auto/2026%20Auto%20Insurance%20Cost%20Survey.pdf,PDF p.8 (printed p.14) table 'Example #9' row 'Farmers Property' column 'Fargo'; printed 6-month value 1893,Fargo,Farmers Property,nd-2026-ex09,3786
nd-2026,ND,2026,https://www.insurance.nd.gov/sites/default/files/documents/Consumers/Auto/2026%20Auto%20Insurance%20Cost%20Survey.pdf,PDF p.8 (printed p.14) table 'Example #9' row 'Farmers Property' column 'Bismarck / Mandan'; printed 6-month value 2041,Bismarck / Mandan,Farmers Property,nd-2026-ex09,4082
nd-2026,ND,2026,https://www.insurance.nd.gov/sites/default/files/documents/Consumers/Auto/2026%20Auto%20Insurance%20Cost%20Survey.pdf,PDF p.8 (printed p.14) table 'Example #9' row 'Farmers Property' column 'Grand Forks'; printed 6-month value 1870,Grand Forks,Farmers Property,nd-2026-ex09,3740
nd-2026,ND,2026,https://www.insurance.nd.gov/sites/default/files/documents/Consumers/Auto/2026%20Auto%20Insurance%20Cost%20Survey.pdf,PDF p.8 (printed p.14) table 'Example #9' row 'Farmers Property' column 'Minot'; printed 6-month value 1943,Minot,Farmers Property,nd-2026-ex09,3886
nd-2026,ND,2026,https://www.insurance.nd.gov/sites/default/files/documents/Consumers/Auto/2026%20Auto%20Insurance%20Cost%20Survey.pdf,PDF p.8 (printed p.14) table 'Example #9' row 'Farmers Property' column 'Remainder of State'; printed 6-month value 1823,Remainder of State,Farmers Property,nd-2026-ex09,3646
nd-2026,ND,2026,https://www.insurance.nd.gov/sites/default/files/documents/Consumers/Auto/2026%20Auto%20Insurance%20Cost%20Survey.pdf,PDF p.8 (printed p.14) table 'Example #9' row 'Garrison' column 'Fargo'; printed 6-month value 733,Fargo,Garrison,nd-2026-ex09,1466
nd-2026,ND,2026,https://www.insurance.nd.gov/sites/default/files/documents/Consumers/Auto/2026%20Auto%20Insurance%20Cost%20Survey.pdf,PDF p.8 (printed p.14) table 'Example #9' row 'Garrison' column 'Bismarck / Mandan'; printed 6-month value 628,Bismarck / Mandan,Garrison,nd-2026-ex09,1256
nd-2026,ND,2026,https://www.insurance.nd.gov/sites/default/files/documents/Consumers/Auto/2026%20Auto%20Insurance%20Cost%20Survey.pdf,PDF p.8 (printed p.14) table 'Example #9' row 'Garrison' column 'Grand Forks'; printed 6-month value 641,Grand Forks,Garrison,nd-2026-ex09,1282
nd-2026,ND,2026,https://www.insurance.nd.gov/sites/default/files/documents/Consumers/Auto/2026%20Auto%20Insurance%20Cost%20Survey.pdf,PDF p.8 (printed p.14) table 'Example #9' row 'Garrison' column 'Minot'; printed 6-month value 608,Minot,Garrison,nd-2026-ex09,1216
nd-2026,ND,2026,https://www.insurance.nd.gov/sites/default/files/documents/Consumers/Auto/2026%20Auto%20Insurance%20Cost%20Survey.pdf,PDF p.8 (printed p.14) table 'Example #9' row 'Garrison' column 'Remainder of State'; printed 6-month value 593,Remainder of State,Garrison,nd-2026-ex09,1186
nd-2026,ND,2026,https://www.insurance.nd.gov/sites/default/files/documents/Consumers/Auto/2026%20Auto%20Insurance%20Cost%20Survey.pdf,PDF p.8 (printed p.14) table 'Example #9' row 'GEICO Casualty' column 'Fargo'; printed 6-month value 488,Fargo,GEICO Casualty,nd-2026-ex09,976
nd-2026,ND,2026,https://www.insurance.nd.gov/sites/default/files/documents/Consumers/Auto/2026%20Auto%20Insurance%20Cost%20Survey.pdf,PDF p.8 (printed p.14) table 'Example #9' row 'GEICO Casualty' column 'Bismarck / Mandan'; printed 6-month value 475,Bismarck / Mandan,GEICO Casualty,nd-2026-ex09,950
nd-2026,ND,2026,https://www.insurance.nd.gov/sites/default/files/documents/Consumers/Auto/2026%20Auto%20Insurance%20Cost%20Survey.pdf,PDF p.8 (printed p.14) table 'Example #9' row 'GEICO Casualty' column 'Grand Forks'; printed 6-month value 432,Grand Forks,GEICO Casualty,nd-2026-ex09,864
nd-2026,ND,2026,https://www.insurance.nd.gov/sites/default/files/documents/Consumers/Auto/2026%20Auto%20Insurance%20Cost%20Survey.pdf,PDF p.8 (printed p.14) table 'Example #9' row 'GEICO Casualty' column 'Minot'; printed 6-month value 483,Minot,GEICO Casualty,nd-2026-ex09,966
nd-2026,ND,2026,https://www.insurance.nd.gov/sites/default/files/documents/Consumers/Auto/2026%20Auto%20Insurance%20Cost%20Survey.pdf,PDF p.8 (printed p.14) table 'Example #9' row 'GEICO Casualty' column 'Remainder of State'; printed 6-month value 378,Remainder of State,GEICO Casualty,nd-2026-ex09,756
nd-2026,ND,2026,https://www.insurance.nd.gov/sites/default/files/documents/Consumers/Auto/2026%20Auto%20Insurance%20Cost%20Survey.pdf,PDF p.8 (printed p.14) table 'Example #9' row 'GEICO Marine' column 'Fargo'; printed 6-month value 486,Fargo,GEICO Marine,nd-2026-ex09,972
nd-2026,ND,2026,https://www.insurance.nd.gov/sites/default/files/documents/Consumers/Auto/2026%20Auto%20Insurance%20Cost%20Survey.pdf,PDF p.8 (printed p.14) table 'Example #9' row 'GEICO Marine' column 'Bismarck / Mandan'; printed 6-month value 472,Bismarck / Mandan,GEICO Marine,nd-2026-ex09,944
nd-2026,ND,2026,https://www.insurance.nd.gov/sites/default/files/documents/Consumers/Auto/2026%20Auto%20Insurance%20Cost%20Survey.pdf,PDF p.8 (printed p.14) table 'Example #9' row 'GEICO Marine' column 'Grand Forks'; printed 6-month value 426,Grand Forks,GEICO Marine,nd-2026-ex09,852
nd-2026,ND,2026,https://www.insurance.nd.gov/sites/default/files/documents/Consumers/Auto/2026%20Auto%20Insurance%20Cost%20Survey.pdf,PDF p.8 (printed p.14) table 'Example #9' row 'GEICO Marine' column 'Minot'; printed 6-month value 481,Minot,GEICO Marine,nd-2026-ex09,962
nd-2026,ND,2026,https://www.insurance.nd.gov/sites/default/files/documents/Consumers/Auto/2026%20Auto%20Insurance%20Cost%20Survey.pdf,PDF p.8 (printed p.14) table 'Example #9' row 'GEICO Marine' column 'Remainder of State'; printed 6-month value 371,Remainder of State,GEICO Marine,nd-2026-ex09,742
nd-2026,ND,2026,https://www.insurance.nd.gov/sites/default/files/documents/Consumers/Auto/2026%20Auto%20Insurance%20Cost%20Survey.pdf,PDF p.8 (printed p.14) table 'Example #9' row 'General Indemnity' column 'Fargo'; printed 6-month value 624,Fargo,General Indemnity,nd-2026-ex09,1248
nd-2026,ND,2026,https://www.insurance.nd.gov/sites/default/files/documents/Consumers/Auto/2026%20Auto%20Insurance%20Cost%20Survey.pdf,PDF p.8 (printed p.14) table 'Example #9' row 'General Indemnity' column 'Bismarck / Mandan'; printed 6-month value 538,Bismarck / Mandan,General Indemnity,nd-2026-ex09,1076
nd-2026,ND,2026,https://www.insurance.nd.gov/sites/default/files/documents/Consumers/Auto/2026%20Auto%20Insurance%20Cost%20Survey.pdf,PDF p.8 (printed p.14) table 'Example #9' row 'General Indemnity' column 'Grand Forks'; printed 6-month value 538,Grand Forks,General Indemnity,nd-2026-ex09,1076
nd-2026,ND,2026,https://www.insurance.nd.gov/sites/default/files/documents/Consumers/Auto/2026%20Auto%20Insurance%20Cost%20Survey.pdf,PDF p.8 (printed p.14) table 'Example #9' row 'General Indemnity' column 'Minot'; printed 6-month value 517,Minot,General Indemnity,nd-2026-ex09,1034
nd-2026,ND,2026,https://www.insurance.nd.gov/sites/default/files/documents/Consumers/Auto/2026%20Auto%20Insurance%20Cost%20Survey.pdf,PDF p.8 (printed p.14) table 'Example #9' row 'General Indemnity' column 'Remainder of State'; printed 6-month value 509,Remainder of State,General Indemnity,nd-2026-ex09,1018
nd-2026,ND,2026,https://www.insurance.nd.gov/sites/default/files/documents/Consumers/Auto/2026%20Auto%20Insurance%20Cost%20Survey.pdf,PDF p.8 (printed p.14) table 'Example #9' row 'Grinnell Compass/Mutual' column 'Fargo'; printed 6-month value 1311,Fargo,Grinnell Compass/Mutual,nd-2026-ex09,2622
nd-2026,ND,2026,https://www.insurance.nd.gov/sites/default/files/documents/Consumers/Auto/2026%20Auto%20Insurance%20Cost%20Survey.pdf,PDF p.8 (printed p.14) table 'Example #9' row 'Grinnell Compass/Mutual' column 'Bismarck / Mandan'; printed 6-month value 1245,Bismarck / Mandan,Grinnell Compass/Mutual,nd-2026-ex09,2490
nd-2026,ND,2026,https://www.insurance.nd.gov/sites/default/files/documents/Consumers/Auto/2026%20Auto%20Insurance%20Cost%20Survey.pdf,PDF p.8 (printed p.14) table 'Example #9' row 'Grinnell Compass/Mutual' column 'Grand Forks'; printed 6-month value 1174,Grand Forks,Grinnell Compass/Mutual,nd-2026-ex09,2348
nd-2026,ND,2026,https://www.insurance.nd.gov/sites/default/files/documents/Consumers/Auto/2026%20Auto%20Insurance%20Cost%20Survey.pdf,PDF p.8 (printed p.14) table 'Example #9' row 'Grinnell Compass/Mutual' column 'Minot'; printed 6-month value 1308,Minot,Grinnell Compass/Mutual,nd-2026-ex09,2616
nd-2026,ND,2026,https://www.insurance.nd.gov/sites/default/files/documents/Consumers/Auto/2026%20Auto%20Insurance%20Cost%20Survey.pdf,PDF p.8 (printed p.14) table 'Example #9' row 'Grinnell Compass/Mutual' column 'Remainder of State'; printed 6-month value 866,Remainder of State,Grinnell Compass/Mutual,nd-2026-ex09,1732
nd-2026,ND,2026,https://www.insurance.nd.gov/sites/default/files/documents/Consumers/Auto/2026%20Auto%20Insurance%20Cost%20Survey.pdf,PDF p.8 (printed p.14) table 'Example #9' row 'National Farmers Union' column 'Fargo'; printed 6-month value 634,Fargo,National Farmers Union,nd-2026-ex09,1268
nd-2026,ND,2026,https://www.insurance.nd.gov/sites/default/files/documents/Consumers/Auto/2026%20Auto%20Insurance%20Cost%20Survey.pdf,PDF p.8 (printed p.14) table 'Example #9' row 'National Farmers Union' column 'Bismarck / Mandan'; printed 6-month value 696,Bismarck / Mandan,National Farmers Union,nd-2026-ex09,1392
nd-2026,ND,2026,https://www.insurance.nd.gov/sites/default/files/documents/Consumers/Auto/2026%20Auto%20Insurance%20Cost%20Survey.pdf,PDF p.8 (printed p.14) table 'Example #9' row 'National Farmers Union' column 'Grand Forks'; printed 6-month value 680,Grand Forks,National Farmers Union,nd-2026-ex09,1360
nd-2026,ND,2026,https://www.insurance.nd.gov/sites/default/files/documents/Consumers/Auto/2026%20Auto%20Insurance%20Cost%20Survey.pdf,PDF p.8 (printed p.14) table 'Example #9' row 'National Farmers Union' column 'Minot'; printed 6-month value 806,Minot,National Farmers Union,nd-2026-ex09,1612
nd-2026,ND,2026,https://www.insurance.nd.gov/sites/default/files/documents/Consumers/Auto/2026%20Auto%20Insurance%20Cost%20Survey.pdf,PDF p.8 (printed p.14) table 'Example #9' row 'National Farmers Union' column 'Remainder of State'; printed 6-month value 912,Remainder of State,National Farmers Union,nd-2026-ex09,1824
nd-2026,ND,2026,https://www.insurance.nd.gov/sites/default/files/documents/Consumers/Auto/2026%20Auto%20Insurance%20Cost%20Survey.pdf,PDF p.8 (printed p.14) table 'Example #9' row 'Nationwide Mutual' column 'Fargo'; printed 6-month value 862,Fargo,Nationwide Mutual,nd-2026-ex09,1724
nd-2026,ND,2026,https://www.insurance.nd.gov/sites/default/files/documents/Consumers/Auto/2026%20Auto%20Insurance%20Cost%20Survey.pdf,PDF p.8 (printed p.14) table 'Example #9' row 'Nationwide Mutual' column 'Bismarck / Mandan'; printed 6-month value 813,Bismarck / Mandan,Nationwide Mutual,nd-2026-ex09,1626
nd-2026,ND,2026,https://www.insurance.nd.gov/sites/default/files/documents/Consumers/Auto/2026%20Auto%20Insurance%20Cost%20Survey.pdf,PDF p.8 (printed p.14) table 'Example #9' row 'Nationwide Mutual' column 'Grand Forks'; printed 6-month value 780,Grand Forks,Nationwide Mutual,nd-2026-ex09,1560
nd-2026,ND,2026,https://www.insurance.nd.gov/sites/default/files/documents/Consumers/Auto/2026%20Auto%20Insurance%20Cost%20Survey.pdf,PDF p.8 (printed p.14) table 'Example #9' row 'Nationwide Mutual' column 'Minot'; printed 6-month value 809,Minot,Nationwide Mutual,nd-2026-ex09,1618
nd-2026,ND,2026,https://www.insurance.nd.gov/sites/default/files/documents/Consumers/Auto/2026%20Auto%20Insurance%20Cost%20Survey.pdf,PDF p.8 (printed p.14) table 'Example #9' row 'Nationwide Mutual' column 'Remainder of State'; printed 6-month value 666,Remainder of State,Nationwide Mutual,nd-2026-ex09,1332
nd-2026,ND,2026,https://www.insurance.nd.gov/sites/default/files/documents/Consumers/Auto/2026%20Auto%20Insurance%20Cost%20Survey.pdf,PDF p.8 (printed p.14) table 'Example #9' row 'Owners Insurance' column 'Fargo'; printed 6-month value 1240,Fargo,Owners Insurance,nd-2026-ex09,2480
nd-2026,ND,2026,https://www.insurance.nd.gov/sites/default/files/documents/Consumers/Auto/2026%20Auto%20Insurance%20Cost%20Survey.pdf,PDF p.8 (printed p.14) table 'Example #9' row 'Owners Insurance' column 'Bismarck / Mandan'; printed 6-month value 1325,Bismarck / Mandan,Owners Insurance,nd-2026-ex09,2650
nd-2026,ND,2026,https://www.insurance.nd.gov/sites/default/files/documents/Consumers/Auto/2026%20Auto%20Insurance%20Cost%20Survey.pdf,PDF p.8 (printed p.14) table 'Example #9' row 'Owners Insurance' column 'Grand Forks'; printed 6-month value 1255,Grand Forks,Owners Insurance,nd-2026-ex09,2510
nd-2026,ND,2026,https://www.insurance.nd.gov/sites/default/files/documents/Consumers/Auto/2026%20Auto%20Insurance%20Cost%20Survey.pdf,PDF p.8 (printed p.14) table 'Example #9' row 'Owners Insurance' column 'Minot'; printed 6-month value 1155,Minot,Owners Insurance,nd-2026-ex09,2310
nd-2026,ND,2026,https://www.insurance.nd.gov/sites/default/files/documents/Consumers/Auto/2026%20Auto%20Insurance%20Cost%20Survey.pdf,PDF p.8 (printed p.14) table 'Example #9' row 'Owners Insurance' column 'Remainder of State'; printed 6-month value 1155,Remainder of State,Owners Insurance,nd-2026-ex09,2310
nd-2026,ND,2026,https://www.insurance.nd.gov/sites/default/files/documents/Consumers/Auto/2026%20Auto%20Insurance%20Cost%20Survey.pdf,PDF p.8 (printed p.14) table 'Example #9' row 'Progressive Direct' column 'Fargo'; printed 6-month value 258,Fargo,Progressive Direct,nd-2026-ex09,516
nd-2026,ND,2026,https://www.insurance.nd.gov/sites/default/files/documents/Consumers/Auto/2026%20Auto%20Insurance%20Cost%20Survey.pdf,PDF p.8 (printed p.14) table 'Example #9' row 'Progressive Direct' column 'Bismarck / Mandan'; printed 6-month value 239,Bismarck / Mandan,Progressive Direct,nd-2026-ex09,478
nd-2026,ND,2026,https://www.insurance.nd.gov/sites/default/files/documents/Consumers/Auto/2026%20Auto%20Insurance%20Cost%20Survey.pdf,PDF p.8 (printed p.14) table 'Example #9' row 'Progressive Direct' column 'Grand Forks'; printed 6-month value 246,Grand Forks,Progressive Direct,nd-2026-ex09,492
nd-2026,ND,2026,https://www.insurance.nd.gov/sites/default/files/documents/Consumers/Auto/2026%20Auto%20Insurance%20Cost%20Survey.pdf,PDF p.8 (printed p.14) table 'Example #9' row 'Progressive Direct' column 'Minot'; printed 6-month value 275,Minot,Progressive Direct,nd-2026-ex09,550
nd-2026,ND,2026,https://www.insurance.nd.gov/sites/default/files/documents/Consumers/Auto/2026%20Auto%20Insurance%20Cost%20Survey.pdf,PDF p.8 (printed p.14) table 'Example #9' row 'Progressive Direct' column 'Remainder of State'; printed 6-month value 230,Remainder of State,Progressive Direct,nd-2026-ex09,460
nd-2026,ND,2026,https://www.insurance.nd.gov/sites/default/files/documents/Consumers/Auto/2026%20Auto%20Insurance%20Cost%20Survey.pdf,PDF p.8 (printed p.14) table 'Example #9' row 'Progressive Northwestern' column 'Fargo'; printed 6-month value 352,Fargo,Progressive Northwestern,nd-2026-ex09,704
nd-2026,ND,2026,https://www.insurance.nd.gov/sites/default/files/documents/Consumers/Auto/2026%20Auto%20Insurance%20Cost%20Survey.pdf,PDF p.8 (printed p.14) table 'Example #9' row 'Progressive Northwestern' column 'Bismarck / Mandan'; printed 6-month value 341,Bismarck / Mandan,Progressive Northwestern,nd-2026-ex09,682
nd-2026,ND,2026,https://www.insurance.nd.gov/sites/default/files/documents/Consumers/Auto/2026%20Auto%20Insurance%20Cost%20Survey.pdf,PDF p.8 (printed p.14) table 'Example #9' row 'Progressive Northwestern' column 'Grand Forks'; printed 6-month value 386,Grand Forks,Progressive Northwestern,nd-2026-ex09,772
nd-2026,ND,2026,https://www.insurance.nd.gov/sites/default/files/documents/Consumers/Auto/2026%20Auto%20Insurance%20Cost%20Survey.pdf,PDF p.8 (printed p.14) table 'Example #9' row 'Progressive Northwestern' column 'Minot'; printed 6-month value 401,Minot,Progressive Northwestern,nd-2026-ex09,802
nd-2026,ND,2026,https://www.insurance.nd.gov/sites/default/files/documents/Consumers/Auto/2026%20Auto%20Insurance%20Cost%20Survey.pdf,PDF p.8 (printed p.14) table 'Example #9' row 'Progressive Northwestern' column 'Remainder of State'; printed 6-month value 330,Remainder of State,Progressive Northwestern,nd-2026-ex09,660
nd-2026,ND,2026,https://www.insurance.nd.gov/sites/default/files/documents/Consumers/Auto/2026%20Auto%20Insurance%20Cost%20Survey.pdf,PDF p.8 (printed p.14) table 'Example #9' row 'RAM Mutual' column 'Fargo'; printed 6-month value 815,Fargo,RAM Mutual,nd-2026-ex09,1630
nd-2026,ND,2026,https://www.insurance.nd.gov/sites/default/files/documents/Consumers/Auto/2026%20Auto%20Insurance%20Cost%20Survey.pdf,PDF p.8 (printed p.14) table 'Example #9' row 'RAM Mutual' column 'Bismarck / Mandan'; printed 6-month value 930,Bismarck / Mandan,RAM Mutual,nd-2026-ex09,1860
nd-2026,ND,2026,https://www.insurance.nd.gov/sites/default/files/documents/Consumers/Auto/2026%20Auto%20Insurance%20Cost%20Survey.pdf,PDF p.8 (printed p.14) table 'Example #9' row 'RAM Mutual' column 'Grand Forks'; printed 6-month value 826,Grand Forks,RAM Mutual,nd-2026-ex09,1652
nd-2026,ND,2026,https://www.insurance.nd.gov/sites/default/files/documents/Consumers/Auto/2026%20Auto%20Insurance%20Cost%20Survey.pdf,PDF p.8 (printed p.14) table 'Example #9' row 'RAM Mutual' column 'Minot'; printed 6-month value 930,Minot,RAM Mutual,nd-2026-ex09,1860
nd-2026,ND,2026,https://www.insurance.nd.gov/sites/default/files/documents/Consumers/Auto/2026%20Auto%20Insurance%20Cost%20Survey.pdf,PDF p.8 (printed p.14) table 'Example #9' row 'RAM Mutual' column 'Remainder of State'; printed 6-month value 811,Remainder of State,RAM Mutual,nd-2026-ex09,1622
nd-2026,ND,2026,https://www.insurance.nd.gov/sites/default/files/documents/Consumers/Auto/2026%20Auto%20Insurance%20Cost%20Survey.pdf,PDF p.8 (printed p.14) table 'Example #9' row 'Safeco' column 'Fargo'; printed 6-month value 738**,Fargo,Safeco,nd-2026-ex09,1476
nd-2026,ND,2026,https://www.insurance.nd.gov/sites/default/files/documents/Consumers/Auto/2026%20Auto%20Insurance%20Cost%20Survey.pdf,PDF p.8 (printed p.14) table 'Example #9' row 'Safeco' column 'Bismarck / Mandan'; printed 6-month value 672**,Bismarck / Mandan,Safeco,nd-2026-ex09,1344
nd-2026,ND,2026,https://www.insurance.nd.gov/sites/default/files/documents/Consumers/Auto/2026%20Auto%20Insurance%20Cost%20Survey.pdf,PDF p.8 (printed p.14) table 'Example #9' row 'Safeco' column 'Grand Forks'; printed 6-month value 660**,Grand Forks,Safeco,nd-2026-ex09,1320
nd-2026,ND,2026,https://www.insurance.nd.gov/sites/default/files/documents/Consumers/Auto/2026%20Auto%20Insurance%20Cost%20Survey.pdf,PDF p.8 (printed p.14) table 'Example #9' row 'Safeco' column 'Minot'; printed 6-month value 666**,Minot,Safeco,nd-2026-ex09,1332
nd-2026,ND,2026,https://www.insurance.nd.gov/sites/default/files/documents/Consumers/Auto/2026%20Auto%20Insurance%20Cost%20Survey.pdf,PDF p.8 (printed p.14) table 'Example #9' row 'Safeco' column 'Remainder of State'; printed 6-month value 604**,Remainder of State,Safeco,nd-2026-ex09,1208
nd-2026,ND,2026,https://www.insurance.nd.gov/sites/default/files/documents/Consumers/Auto/2026%20Auto%20Insurance%20Cost%20Survey.pdf,PDF p.8 (printed p.14) table 'Example #9' row 'USAA' column 'Fargo'; printed 6-month value 680,Fargo,USAA,nd-2026-ex09,1360
nd-2026,ND,2026,https://www.insurance.nd.gov/sites/default/files/documents/Consumers/Auto/2026%20Auto%20Insurance%20Cost%20Survey.pdf,PDF p.8 (printed p.14) table 'Example #9' row 'USAA' column 'Bismarck / Mandan'; printed 6-month value 581,Bismarck / Mandan,USAA,nd-2026-ex09,1162
nd-2026,ND,2026,https://www.insurance.nd.gov/sites/default/files/documents/Consumers/Auto/2026%20Auto%20Insurance%20Cost%20Survey.pdf,PDF p.8 (printed p.14) table 'Example #9' row 'USAA' column 'Grand Forks'; printed 6-month value 585,Grand Forks,USAA,nd-2026-ex09,1170
nd-2026,ND,2026,https://www.insurance.nd.gov/sites/default/files/documents/Consumers/Auto/2026%20Auto%20Insurance%20Cost%20Survey.pdf,PDF p.8 (printed p.14) table 'Example #9' row 'USAA' column 'Minot'; printed 6-month value 562,Minot,USAA,nd-2026-ex09,1124
nd-2026,ND,2026,https://www.insurance.nd.gov/sites/default/files/documents/Consumers/Auto/2026%20Auto%20Insurance%20Cost%20Survey.pdf,PDF p.8 (printed p.14) table 'Example #9' row 'USAA' column 'Remainder of State'; printed 6-month value 550,Remainder of State,USAA,nd-2026-ex09,1100
nd-2026,ND,2026,https://www.insurance.nd.gov/sites/default/files/documents/Consumers/Auto/2026%20Auto%20Insurance%20Cost%20Survey.pdf,PDF p.8 (printed p.15) table 'Example #10' row 'Allstate' column 'Fargo'; printed 6-month value 793,Fargo,Allstate,nd-2026-ex10,1586
nd-2026,ND,2026,https://www.insurance.nd.gov/sites/default/files/documents/Consumers/Auto/2026%20Auto%20Insurance%20Cost%20Survey.pdf,PDF p.8 (printed p.15) table 'Example #10' row 'Allstate' column 'Bismarck / Mandan'; printed 6-month value 716,Bismarck / Mandan,Allstate,nd-2026-ex10,1432
nd-2026,ND,2026,https://www.insurance.nd.gov/sites/default/files/documents/Consumers/Auto/2026%20Auto%20Insurance%20Cost%20Survey.pdf,PDF p.8 (printed p.15) table 'Example #10' row 'Allstate' column 'Grand Forks'; printed 6-month value 736,Grand Forks,Allstate,nd-2026-ex10,1472
nd-2026,ND,2026,https://www.insurance.nd.gov/sites/default/files/documents/Consumers/Auto/2026%20Auto%20Insurance%20Cost%20Survey.pdf,PDF p.8 (printed p.15) table 'Example #10' row 'Allstate' column 'Minot'; printed 6-month value 682,Minot,Allstate,nd-2026-ex10,1364
nd-2026,ND,2026,https://www.insurance.nd.gov/sites/default/files/documents/Consumers/Auto/2026%20Auto%20Insurance%20Cost%20Survey.pdf,PDF p.8 (printed p.15) table 'Example #10' row 'Allstate' column 'Remainder of State'; printed 6-month value 628,Remainder of State,Allstate,nd-2026-ex10,1256
nd-2026,ND,2026,https://www.insurance.nd.gov/sites/default/files/documents/Consumers/Auto/2026%20Auto%20Insurance%20Cost%20Survey.pdf,PDF p.8 (printed p.15) table 'Example #10' row 'American Family' column 'Fargo'; printed 6-month value 569,Fargo,American Family,nd-2026-ex10,1138
nd-2026,ND,2026,https://www.insurance.nd.gov/sites/default/files/documents/Consumers/Auto/2026%20Auto%20Insurance%20Cost%20Survey.pdf,PDF p.8 (printed p.15) table 'Example #10' row 'American Family' column 'Bismarck / Mandan'; printed 6-month value 579,Bismarck / Mandan,American Family,nd-2026-ex10,1158
nd-2026,ND,2026,https://www.insurance.nd.gov/sites/default/files/documents/Consumers/Auto/2026%20Auto%20Insurance%20Cost%20Survey.pdf,PDF p.8 (printed p.15) table 'Example #10' row 'American Family' column 'Grand Forks'; printed 6-month value 561,Grand Forks,American Family,nd-2026-ex10,1122
nd-2026,ND,2026,https://www.insurance.nd.gov/sites/default/files/documents/Consumers/Auto/2026%20Auto%20Insurance%20Cost%20Survey.pdf,PDF p.8 (printed p.15) table 'Example #10' row 'American Family' column 'Minot'; printed 6-month value 597,Minot,American Family,nd-2026-ex10,1194
nd-2026,ND,2026,https://www.insurance.nd.gov/sites/default/files/documents/Consumers/Auto/2026%20Auto%20Insurance%20Cost%20Survey.pdf,PDF p.8 (printed p.15) table 'Example #10' row 'American Family' column 'Remainder of State'; printed 6-month value 490,Remainder of State,American Family,nd-2026-ex10,980
nd-2026,ND,2026,https://www.insurance.nd.gov/sites/default/files/documents/Consumers/Auto/2026%20Auto%20Insurance%20Cost%20Survey.pdf,PDF p.8 (printed p.15) table 'Example #10' row 'Auto Owners' column 'Fargo'; printed 6-month value 408,Fargo,Auto Owners,nd-2026-ex10,816
nd-2026,ND,2026,https://www.insurance.nd.gov/sites/default/files/documents/Consumers/Auto/2026%20Auto%20Insurance%20Cost%20Survey.pdf,PDF p.8 (printed p.15) table 'Example #10' row 'Auto Owners' column 'Bismarck / Mandan'; printed 6-month value 436,Bismarck / Mandan,Auto Owners,nd-2026-ex10,872
nd-2026,ND,2026,https://www.insurance.nd.gov/sites/default/files/documents/Consumers/Auto/2026%20Auto%20Insurance%20Cost%20Survey.pdf,PDF p.8 (printed p.15) table 'Example #10' row 'Auto Owners' column 'Grand Forks'; printed 6-month value 413,Grand Forks,Auto Owners,nd-2026-ex10,826
nd-2026,ND,2026,https://www.insurance.nd.gov/sites/default/files/documents/Consumers/Auto/2026%20Auto%20Insurance%20Cost%20Survey.pdf,PDF p.8 (printed p.15) table 'Example #10' row 'Auto Owners' column 'Minot'; printed 6-month value 381,Minot,Auto Owners,nd-2026-ex10,762
nd-2026,ND,2026,https://www.insurance.nd.gov/sites/default/files/documents/Consumers/Auto/2026%20Auto%20Insurance%20Cost%20Survey.pdf,PDF p.8 (printed p.15) table 'Example #10' row 'Auto Owners' column 'Remainder of State'; printed 6-month value 380,Remainder of State,Auto Owners,nd-2026-ex10,760
nd-2026,ND,2026,https://www.insurance.nd.gov/sites/default/files/documents/Consumers/Auto/2026%20Auto%20Insurance%20Cost%20Survey.pdf,PDF p.8 (printed p.15) table 'Example #10' row 'Casualty Insurance' column 'Fargo'; printed 6-month value 328,Fargo,Casualty Insurance,nd-2026-ex10,656
nd-2026,ND,2026,https://www.insurance.nd.gov/sites/default/files/documents/Consumers/Auto/2026%20Auto%20Insurance%20Cost%20Survey.pdf,PDF p.8 (printed p.15) table 'Example #10' row 'Casualty Insurance' column 'Bismarck / Mandan'; printed 6-month value 286,Bismarck / Mandan,Casualty Insurance,nd-2026-ex10,572
nd-2026,ND,2026,https://www.insurance.nd.gov/sites/default/files/documents/Consumers/Auto/2026%20Auto%20Insurance%20Cost%20Survey.pdf,PDF p.8 (printed p.15) table 'Example #10' row 'Casualty Insurance' column 'Grand Forks'; printed 6-month value 286,Grand Forks,Casualty Insurance,nd-2026-ex10,572
nd-2026,ND,2026,https://www.insurance.nd.gov/sites/default/files/documents/Consumers/Auto/2026%20Auto%20Insurance%20Cost%20Survey.pdf,PDF p.8 (printed p.15) table 'Example #10' row 'Casualty Insurance' column 'Minot'; printed 6-month value 272,Minot,Casualty Insurance,nd-2026-ex10,544
nd-2026,ND,2026,https://www.insurance.nd.gov/sites/default/files/documents/Consumers/Auto/2026%20Auto%20Insurance%20Cost%20Survey.pdf,PDF p.8 (printed p.15) table 'Example #10' row 'Casualty Insurance' column 'Remainder of State'; printed 6-month value 267,Remainder of State,Casualty Insurance,nd-2026-ex10,534
nd-2026,ND,2026,https://www.insurance.nd.gov/sites/default/files/documents/Consumers/Auto/2026%20Auto%20Insurance%20Cost%20Survey.pdf,PDF p.8 (printed p.15) table 'Example #10' row 'Farmers Group' column 'Fargo'; printed 6-month value 901,Fargo,Farmers Group,nd-2026-ex10,1802
nd-2026,ND,2026,https://www.insurance.nd.gov/sites/default/files/documents/Consumers/Auto/2026%20Auto%20Insurance%20Cost%20Survey.pdf,PDF p.8 (printed p.15) table 'Example #10' row 'Farmers Group' column 'Bismarck / Mandan'; printed 6-month value 1028,Bismarck / Mandan,Farmers Group,nd-2026-ex10,2056
nd-2026,ND,2026,https://www.insurance.nd.gov/sites/default/files/documents/Consumers/Auto/2026%20Auto%20Insurance%20Cost%20Survey.pdf,PDF p.8 (printed p.15) table 'Example #10' row 'Farmers Group' column 'Grand Forks'; printed 6-month value 874,Grand Forks,Farmers Group,nd-2026-ex10,1748
nd-2026,ND,2026,https://www.insurance.nd.gov/sites/default/files/documents/Consumers/Auto/2026%20Auto%20Insurance%20Cost%20Survey.pdf,PDF p.8 (printed p.15) table 'Example #10' row 'Farmers Group' column 'Minot'; printed 6-month value 1047,Minot,Farmers Group,nd-2026-ex10,2094
nd-2026,ND,2026,https://www.insurance.nd.gov/sites/default/files/documents/Consumers/Auto/2026%20Auto%20Insurance%20Cost%20Survey.pdf,PDF p.8 (printed p.15) table 'Example #10' row 'Farmers Group' column 'Remainder of State'; printed 6-month value 1038,Remainder of State,Farmers Group,nd-2026-ex10,2076
nd-2026,ND,2026,https://www.insurance.nd.gov/sites/default/files/documents/Consumers/Auto/2026%20Auto%20Insurance%20Cost%20Survey.pdf,PDF p.8 (printed p.15) table 'Example #10' row 'Farmers Property' column 'Fargo'; printed 6-month value 1387,Fargo,Farmers Property,nd-2026-ex10,2774
nd-2026,ND,2026,https://www.insurance.nd.gov/sites/default/files/documents/Consumers/Auto/2026%20Auto%20Insurance%20Cost%20Survey.pdf,PDF p.8 (printed p.15) table 'Example #10' row 'Farmers Property' column 'Bismarck / Mandan'; printed 6-month value 1487,Bismarck / Mandan,Farmers Property,nd-2026-ex10,2974
nd-2026,ND,2026,https://www.insurance.nd.gov/sites/default/files/documents/Consumers/Auto/2026%20Auto%20Insurance%20Cost%20Survey.pdf,PDF p.8 (printed p.15) table 'Example #10' row 'Farmers Property' column 'Grand Forks'; printed 6-month value 1372,Grand Forks,Farmers Property,nd-2026-ex10,2744
nd-2026,ND,2026,https://www.insurance.nd.gov/sites/default/files/documents/Consumers/Auto/2026%20Auto%20Insurance%20Cost%20Survey.pdf,PDF p.8 (printed p.15) table 'Example #10' row 'Farmers Property' column 'Minot'; printed 6-month value 1422,Minot,Farmers Property,nd-2026-ex10,2844
nd-2026,ND,2026,https://www.insurance.nd.gov/sites/default/files/documents/Consumers/Auto/2026%20Auto%20Insurance%20Cost%20Survey.pdf,PDF p.8 (printed p.15) table 'Example #10' row 'Farmers Property' column 'Remainder of State'; printed 6-month value 1336,Remainder of State,Farmers Property,nd-2026-ex10,2672
nd-2026,ND,2026,https://www.insurance.nd.gov/sites/default/files/documents/Consumers/Auto/2026%20Auto%20Insurance%20Cost%20Survey.pdf,PDF p.8 (printed p.15) table 'Example #10' row 'Garrison' column 'Fargo'; printed 6-month value 360,Fargo,Garrison,nd-2026-ex10,720
nd-2026,ND,2026,https://www.insurance.nd.gov/sites/default/files/documents/Consumers/Auto/2026%20Auto%20Insurance%20Cost%20Survey.pdf,PDF p.8 (printed p.15) table 'Example #10' row 'Garrison' column 'Bismarck / Mandan'; printed 6-month value 309,Bismarck / Mandan,Garrison,nd-2026-ex10,618
nd-2026,ND,2026,https://www.insurance.nd.gov/sites/default/files/documents/Consumers/Auto/2026%20Auto%20Insurance%20Cost%20Survey.pdf,PDF p.8 (printed p.15) table 'Example #10' row 'Garrison' column 'Grand Forks'; printed 6-month value 315,Grand Forks,Garrison,nd-2026-ex10,630
nd-2026,ND,2026,https://www.insurance.nd.gov/sites/default/files/documents/Consumers/Auto/2026%20Auto%20Insurance%20Cost%20Survey.pdf,PDF p.8 (printed p.15) table 'Example #10' row 'Garrison' column 'Minot'; printed 6-month value 297,Minot,Garrison,nd-2026-ex10,594
nd-2026,ND,2026,https://www.insurance.nd.gov/sites/default/files/documents/Consumers/Auto/2026%20Auto%20Insurance%20Cost%20Survey.pdf,PDF p.8 (printed p.15) table 'Example #10' row 'Garrison' column 'Remainder of State'; printed 6-month value 294,Remainder of State,Garrison,nd-2026-ex10,588
nd-2026,ND,2026,https://www.insurance.nd.gov/sites/default/files/documents/Consumers/Auto/2026%20Auto%20Insurance%20Cost%20Survey.pdf,PDF p.8 (printed p.15) table 'Example #10' row 'GEICO Casualty' column 'Fargo'; printed 6-month value 302,Fargo,GEICO Casualty,nd-2026-ex10,604
nd-2026,ND,2026,https://www.insurance.nd.gov/sites/default/files/documents/Consumers/Auto/2026%20Auto%20Insurance%20Cost%20Survey.pdf,PDF p.8 (printed p.15) table 'Example #10' row 'GEICO Casualty' column 'Bismarck / Mandan'; printed 6-month value 292,Bismarck / Mandan,GEICO Casualty,nd-2026-ex10,584
nd-2026,ND,2026,https://www.insurance.nd.gov/sites/default/files/documents/Consumers/Auto/2026%20Auto%20Insurance%20Cost%20Survey.pdf,PDF p.8 (printed p.15) table 'Example #10' row 'GEICO Casualty' column 'Grand Forks'; printed 6-month value 265,Grand Forks,GEICO Casualty,nd-2026-ex10,530
nd-2026,ND,2026,https://www.insurance.nd.gov/sites/default/files/documents/Consumers/Auto/2026%20Auto%20Insurance%20Cost%20Survey.pdf,PDF p.8 (printed p.15) table 'Example #10' row 'GEICO Casualty' column 'Minot'; printed 6-month value 291,Minot,GEICO Casualty,nd-2026-ex10,582
nd-2026,ND,2026,https://www.insurance.nd.gov/sites/default/files/documents/Consumers/Auto/2026%20Auto%20Insurance%20Cost%20Survey.pdf,PDF p.8 (printed p.15) table 'Example #10' row 'GEICO Casualty' column 'Remainder of State'; printed 6-month value 242,Remainder of State,GEICO Casualty,nd-2026-ex10,484
nd-2026,ND,2026,https://www.insurance.nd.gov/sites/default/files/documents/Consumers/Auto/2026%20Auto%20Insurance%20Cost%20Survey.pdf,PDF p.8 (printed p.15) table 'Example #10' row 'GEICO Marine' column 'Fargo'; printed 6-month value 293,Fargo,GEICO Marine,nd-2026-ex10,586
nd-2026,ND,2026,https://www.insurance.nd.gov/sites/default/files/documents/Consumers/Auto/2026%20Auto%20Insurance%20Cost%20Survey.pdf,PDF p.8 (printed p.15) table 'Example #10' row 'GEICO Marine' column 'Bismarck / Mandan'; printed 6-month value 282,Bismarck / Mandan,GEICO Marine,nd-2026-ex10,564
nd-2026,ND,2026,https://www.insurance.nd.gov/sites/default/files/documents/Consumers/Auto/2026%20Auto%20Insurance%20Cost%20Survey.pdf,PDF p.8 (printed p.15) table 'Example #10' row 'GEICO Marine' column 'Grand Forks'; printed 6-month value 253,Grand Forks,GEICO Marine,nd-2026-ex10,506
nd-2026,ND,2026,https://www.insurance.nd.gov/sites/default/files/documents/Consumers/Auto/2026%20Auto%20Insurance%20Cost%20Survey.pdf,PDF p.8 (printed p.15) table 'Example #10' row 'GEICO Marine' column 'Minot'; printed 6-month value 280,Minot,GEICO Marine,nd-2026-ex10,560
nd-2026,ND,2026,https://www.insurance.nd.gov/sites/default/files/documents/Consumers/Auto/2026%20Auto%20Insurance%20Cost%20Survey.pdf,PDF p.8 (printed p.15) table 'Example #10' row 'GEICO Marine' column 'Remainder of State'; printed 6-month value 227,Remainder of State,GEICO Marine,nd-2026-ex10,454
nd-2026,ND,2026,https://www.insurance.nd.gov/sites/default/files/documents/Consumers/Auto/2026%20Auto%20Insurance%20Cost%20Survey.pdf,PDF p.8 (printed p.15) table 'Example #10' row 'General Indemnity' column 'Fargo'; printed 6-month value 296,Fargo,General Indemnity,nd-2026-ex10,592
nd-2026,ND,2026,https://www.insurance.nd.gov/sites/default/files/documents/Consumers/Auto/2026%20Auto%20Insurance%20Cost%20Survey.pdf,PDF p.8 (printed p.15) table 'Example #10' row 'General Indemnity' column 'Bismarck / Mandan'; printed 6-month value 256,Bismarck / Mandan,General Indemnity,nd-2026-ex10,512
nd-2026,ND,2026,https://www.insurance.nd.gov/sites/default/files/documents/Consumers/Auto/2026%20Auto%20Insurance%20Cost%20Survey.pdf,PDF p.8 (printed p.15) table 'Example #10' row 'General Indemnity' column 'Grand Forks'; printed 6-month value 256,Grand Forks,General Indemnity,nd-2026-ex10,512
nd-2026,ND,2026,https://www.insurance.nd.gov/sites/default/files/documents/Consumers/Auto/2026%20Auto%20Insurance%20Cost%20Survey.pdf,PDF p.8 (printed p.15) table 'Example #10' row 'General Indemnity' column 'Minot'; printed 6-month value 245,Minot,General Indemnity,nd-2026-ex10,490
nd-2026,ND,2026,https://www.insurance.nd.gov/sites/default/files/documents/Consumers/Auto/2026%20Auto%20Insurance%20Cost%20Survey.pdf,PDF p.8 (printed p.15) table 'Example #10' row 'General Indemnity' column 'Remainder of State'; printed 6-month value 243,Remainder of State,General Indemnity,nd-2026-ex10,486
nd-2026,ND,2026,https://www.insurance.nd.gov/sites/default/files/documents/Consumers/Auto/2026%20Auto%20Insurance%20Cost%20Survey.pdf,PDF p.8 (printed p.15) table 'Example #10' row 'Grinnell Compass/Mutual' column 'Fargo'; printed 6-month value 580,Fargo,Grinnell Compass/Mutual,nd-2026-ex10,1160
nd-2026,ND,2026,https://www.insurance.nd.gov/sites/default/files/documents/Consumers/Auto/2026%20Auto%20Insurance%20Cost%20Survey.pdf,PDF p.8 (printed p.15) table 'Example #10' row 'Grinnell Compass/Mutual' column 'Bismarck / Mandan'; printed 6-month value 547,Bismarck / Mandan,Grinnell Compass/Mutual,nd-2026-ex10,1094
nd-2026,ND,2026,https://www.insurance.nd.gov/sites/default/files/documents/Consumers/Auto/2026%20Auto%20Insurance%20Cost%20Survey.pdf,PDF p.8 (printed p.15) table 'Example #10' row 'Grinnell Compass/Mutual' column 'Grand Forks'; printed 6-month value 519,Grand Forks,Grinnell Compass/Mutual,nd-2026-ex10,1038
nd-2026,ND,2026,https://www.insurance.nd.gov/sites/default/files/documents/Consumers/Auto/2026%20Auto%20Insurance%20Cost%20Survey.pdf,PDF p.8 (printed p.15) table 'Example #10' row 'Grinnell Compass/Mutual' column 'Minot'; printed 6-month value 576,Minot,Grinnell Compass/Mutual,nd-2026-ex10,1152
nd-2026,ND,2026,https://www.insurance.nd.gov/sites/default/files/documents/Consumers/Auto/2026%20Auto%20Insurance%20Cost%20Survey.pdf,PDF p.8 (printed p.15) table 'Example #10' row 'Grinnell Compass/Mutual' column 'Remainder of State'; printed 6-month value 380,Remainder of State,Grinnell Compass/Mutual,nd-2026-ex10,760
nd-2026,ND,2026,https://www.insurance.nd.gov/sites/default/files/documents/Consumers/Auto/2026%20Auto%20Insurance%20Cost%20Survey.pdf,PDF p.8 (printed p.15) table 'Example #10' row 'National Farmers Union' column 'Fargo'; printed 6-month value 250,Fargo,National Farmers Union,nd-2026-ex10,500
nd-2026,ND,2026,https://www.insurance.nd.gov/sites/default/files/documents/Consumers/Auto/2026%20Auto%20Insurance%20Cost%20Survey.pdf,PDF p.8 (printed p.15) table 'Example #10' row 'National Farmers Union' column 'Bismarck / Mandan'; printed 6-month value 274,Bismarck / Mandan,National Farmers Union,nd-2026-ex10,548
nd-2026,ND,2026,https://www.insurance.nd.gov/sites/default/files/documents/Consumers/Auto/2026%20Auto%20Insurance%20Cost%20Survey.pdf,PDF p.8 (printed p.15) table 'Example #10' row 'National Farmers Union' column 'Grand Forks'; printed 6-month value 267,Grand Forks,National Farmers Union,nd-2026-ex10,534
nd-2026,ND,2026,https://www.insurance.nd.gov/sites/default/files/documents/Consumers/Auto/2026%20Auto%20Insurance%20Cost%20Survey.pdf,PDF p.8 (printed p.15) table 'Example #10' row 'National Farmers Union' column 'Minot'; printed 6-month value 314,Minot,National Farmers Union,nd-2026-ex10,628
nd-2026,ND,2026,https://www.insurance.nd.gov/sites/default/files/documents/Consumers/Auto/2026%20Auto%20Insurance%20Cost%20Survey.pdf,PDF p.8 (printed p.15) table 'Example #10' row 'National Farmers Union' column 'Remainder of State'; printed 6-month value 361,Remainder of State,National Farmers Union,nd-2026-ex10,722
nd-2026,ND,2026,https://www.insurance.nd.gov/sites/default/files/documents/Consumers/Auto/2026%20Auto%20Insurance%20Cost%20Survey.pdf,PDF p.8 (printed p.15) table 'Example #10' row 'Nationwide Mutual' column 'Fargo'; printed 6-month value 581,Fargo,Nationwide Mutual,nd-2026-ex10,1162
nd-2026,ND,2026,https://www.insurance.nd.gov/sites/default/files/documents/Consumers/Auto/2026%20Auto%20Insurance%20Cost%20Survey.pdf,PDF p.8 (printed p.15) table 'Example #10' row 'Nationwide Mutual' column 'Bismarck / Mandan'; printed 6-month value 553,Bismarck / Mandan,Nationwide Mutual,nd-2026-ex10,1106
nd-2026,ND,2026,https://www.insurance.nd.gov/sites/default/files/documents/Consumers/Auto/2026%20Auto%20Insurance%20Cost%20Survey.pdf,PDF p.8 (printed p.15) table 'Example #10' row 'Nationwide Mutual' column 'Grand Forks'; printed 6-month value 533,Grand Forks,Nationwide Mutual,nd-2026-ex10,1066
nd-2026,ND,2026,https://www.insurance.nd.gov/sites/default/files/documents/Consumers/Auto/2026%20Auto%20Insurance%20Cost%20Survey.pdf,PDF p.8 (printed p.15) table 'Example #10' row 'Nationwide Mutual' column 'Minot'; printed 6-month value 546,Minot,Nationwide Mutual,nd-2026-ex10,1092
nd-2026,ND,2026,https://www.insurance.nd.gov/sites/default/files/documents/Consumers/Auto/2026%20Auto%20Insurance%20Cost%20Survey.pdf,PDF p.8 (printed p.15) table 'Example #10' row 'Nationwide Mutual' column 'Remainder of State'; printed 6-month value 473,Remainder of State,Nationwide Mutual,nd-2026-ex10,946
nd-2026,ND,2026,https://www.insurance.nd.gov/sites/default/files/documents/Consumers/Auto/2026%20Auto%20Insurance%20Cost%20Survey.pdf,PDF p.8 (printed p.15) table 'Example #10' row 'Owners Insurance' column 'Fargo'; printed 6-month value 347,Fargo,Owners Insurance,nd-2026-ex10,694
nd-2026,ND,2026,https://www.insurance.nd.gov/sites/default/files/documents/Consumers/Auto/2026%20Auto%20Insurance%20Cost%20Survey.pdf,PDF p.8 (printed p.15) table 'Example #10' row 'Owners Insurance' column 'Bismarck / Mandan'; printed 6-month value 371,Bismarck / Mandan,Owners Insurance,nd-2026-ex10,742
nd-2026,ND,2026,https://www.insurance.nd.gov/sites/default/files/documents/Consumers/Auto/2026%20Auto%20Insurance%20Cost%20Survey.pdf,PDF p.8 (printed p.15) table 'Example #10' row 'Owners Insurance' column 'Grand Forks'; printed 6-month value 351,Grand Forks,Owners Insurance,nd-2026-ex10,702
nd-2026,ND,2026,https://www.insurance.nd.gov/sites/default/files/documents/Consumers/Auto/2026%20Auto%20Insurance%20Cost%20Survey.pdf,PDF p.8 (printed p.15) table 'Example #10' row 'Owners Insurance' column 'Minot'; printed 6-month value 324,Minot,Owners Insurance,nd-2026-ex10,648
nd-2026,ND,2026,https://www.insurance.nd.gov/sites/default/files/documents/Consumers/Auto/2026%20Auto%20Insurance%20Cost%20Survey.pdf,PDF p.8 (printed p.15) table 'Example #10' row 'Owners Insurance' column 'Remainder of State'; printed 6-month value 323,Remainder of State,Owners Insurance,nd-2026-ex10,646
nd-2026,ND,2026,https://www.insurance.nd.gov/sites/default/files/documents/Consumers/Auto/2026%20Auto%20Insurance%20Cost%20Survey.pdf,PDF p.8 (printed p.15) table 'Example #10' row 'Progressive Direct' column 'Fargo'; printed 6-month value 120,Fargo,Progressive Direct,nd-2026-ex10,240
nd-2026,ND,2026,https://www.insurance.nd.gov/sites/default/files/documents/Consumers/Auto/2026%20Auto%20Insurance%20Cost%20Survey.pdf,PDF p.8 (printed p.15) table 'Example #10' row 'Progressive Direct' column 'Bismarck / Mandan'; printed 6-month value 114,Bismarck / Mandan,Progressive Direct,nd-2026-ex10,228
nd-2026,ND,2026,https://www.insurance.nd.gov/sites/default/files/documents/Consumers/Auto/2026%20Auto%20Insurance%20Cost%20Survey.pdf,PDF p.8 (printed p.15) table 'Example #10' row 'Progressive Direct' column 'Grand Forks'; printed 6-month value 117,Grand Forks,Progressive Direct,nd-2026-ex10,234
nd-2026,ND,2026,https://www.insurance.nd.gov/sites/default/files/documents/Consumers/Auto/2026%20Auto%20Insurance%20Cost%20Survey.pdf,PDF p.8 (printed p.15) table 'Example #10' row 'Progressive Direct' column 'Minot'; printed 6-month value 127,Minot,Progressive Direct,nd-2026-ex10,254
nd-2026,ND,2026,https://www.insurance.nd.gov/sites/default/files/documents/Consumers/Auto/2026%20Auto%20Insurance%20Cost%20Survey.pdf,PDF p.8 (printed p.15) table 'Example #10' row 'Progressive Direct' column 'Remainder of State'; printed 6-month value 111,Remainder of State,Progressive Direct,nd-2026-ex10,222
nd-2026,ND,2026,https://www.insurance.nd.gov/sites/default/files/documents/Consumers/Auto/2026%20Auto%20Insurance%20Cost%20Survey.pdf,PDF p.8 (printed p.15) table 'Example #10' row 'Progressive Northwestern' column 'Fargo'; printed 6-month value 144,Fargo,Progressive Northwestern,nd-2026-ex10,288
nd-2026,ND,2026,https://www.insurance.nd.gov/sites/default/files/documents/Consumers/Auto/2026%20Auto%20Insurance%20Cost%20Survey.pdf,PDF p.8 (printed p.15) table 'Example #10' row 'Progressive Northwestern' column 'Bismarck / Mandan'; printed 6-month value 141,Bismarck / Mandan,Progressive Northwestern,nd-2026-ex10,282
nd-2026,ND,2026,https://www.insurance.nd.gov/sites/default/files/documents/Consumers/Auto/2026%20Auto%20Insurance%20Cost%20Survey.pdf,PDF p.8 (printed p.15) table 'Example #10' row 'Progressive Northwestern' column 'Grand Forks'; printed 6-month value 157,Grand Forks,Progressive Northwestern,nd-2026-ex10,314
nd-2026,ND,2026,https://www.insurance.nd.gov/sites/default/files/documents/Consumers/Auto/2026%20Auto%20Insurance%20Cost%20Survey.pdf,PDF p.8 (printed p.15) table 'Example #10' row 'Progressive Northwestern' column 'Minot'; printed 6-month value 161,Minot,Progressive Northwestern,nd-2026-ex10,322
nd-2026,ND,2026,https://www.insurance.nd.gov/sites/default/files/documents/Consumers/Auto/2026%20Auto%20Insurance%20Cost%20Survey.pdf,PDF p.8 (printed p.15) table 'Example #10' row 'Progressive Northwestern' column 'Remainder of State'; printed 6-month value 137,Remainder of State,Progressive Northwestern,nd-2026-ex10,274
nd-2026,ND,2026,https://www.insurance.nd.gov/sites/default/files/documents/Consumers/Auto/2026%20Auto%20Insurance%20Cost%20Survey.pdf,PDF p.8 (printed p.15) table 'Example #10' row 'Safeco' column 'Fargo'; printed 6-month value 386**,Fargo,Safeco,nd-2026-ex10,772
nd-2026,ND,2026,https://www.insurance.nd.gov/sites/default/files/documents/Consumers/Auto/2026%20Auto%20Insurance%20Cost%20Survey.pdf,PDF p.8 (printed p.15) table 'Example #10' row 'Safeco' column 'Bismarck / Mandan'; printed 6-month value 349**,Bismarck / Mandan,Safeco,nd-2026-ex10,698
nd-2026,ND,2026,https://www.insurance.nd.gov/sites/default/files/documents/Consumers/Auto/2026%20Auto%20Insurance%20Cost%20Survey.pdf,PDF p.8 (printed p.15) table 'Example #10' row 'Safeco' column 'Grand Forks'; printed 6-month value 344**,Grand Forks,Safeco,nd-2026-ex10,688
nd-2026,ND,2026,https://www.insurance.nd.gov/sites/default/files/documents/Consumers/Auto/2026%20Auto%20Insurance%20Cost%20Survey.pdf,PDF p.8 (printed p.15) table 'Example #10' row 'Safeco' column 'Minot'; printed 6-month value 347**,Minot,Safeco,nd-2026-ex10,694
nd-2026,ND,2026,https://www.insurance.nd.gov/sites/default/files/documents/Consumers/Auto/2026%20Auto%20Insurance%20Cost%20Survey.pdf,PDF p.8 (printed p.15) table 'Example #10' row 'Safeco' column 'Remainder of State'; printed 6-month value 315**,Remainder of State,Safeco,nd-2026-ex10,630
nd-2026,ND,2026,https://www.insurance.nd.gov/sites/default/files/documents/Consumers/Auto/2026%20Auto%20Insurance%20Cost%20Survey.pdf,PDF p.8 (printed p.15) table 'Example #10' row 'USAA' column 'Fargo'; printed 6-month value 352,Fargo,USAA,nd-2026-ex10,704
nd-2026,ND,2026,https://www.insurance.nd.gov/sites/default/files/documents/Consumers/Auto/2026%20Auto%20Insurance%20Cost%20Survey.pdf,PDF p.8 (printed p.15) table 'Example #10' row 'USAA' column 'Bismarck / Mandan'; printed 6-month value 302,Bismarck / Mandan,USAA,nd-2026-ex10,604
nd-2026,ND,2026,https://www.insurance.nd.gov/sites/default/files/documents/Consumers/Auto/2026%20Auto%20Insurance%20Cost%20Survey.pdf,PDF p.8 (printed p.15) table 'Example #10' row 'USAA' column 'Grand Forks'; printed 6-month value 304,Grand Forks,USAA,nd-2026-ex10,608
nd-2026,ND,2026,https://www.insurance.nd.gov/sites/default/files/documents/Consumers/Auto/2026%20Auto%20Insurance%20Cost%20Survey.pdf,PDF p.8 (printed p.15) table 'Example #10' row 'USAA' column 'Minot'; printed 6-month value 290,Minot,USAA,nd-2026-ex10,580
nd-2026,ND,2026,https://www.insurance.nd.gov/sites/default/files/documents/Consumers/Auto/2026%20Auto%20Insurance%20Cost%20Survey.pdf,PDF p.8 (printed p.15) table 'Example #10' row 'USAA' column 'Remainder of State'; printed 6-month value 287,Remainder of State,USAA,nd-2026-ex10,574
nd-2026,ND,2026,https://www.insurance.nd.gov/sites/default/files/documents/Consumers/Auto/2026%20Auto%20Insurance%20Cost%20Survey.pdf,PDF p.9 (printed p.16) table 'Example #11' row 'Allstate' column 'Fargo'; printed 6-month value 1605,Fargo,Allstate,nd-2026-ex11,3210
nd-2026,ND,2026,https://www.insurance.nd.gov/sites/default/files/documents/Consumers/Auto/2026%20Auto%20Insurance%20Cost%20Survey.pdf,PDF p.9 (printed p.16) table 'Example #11' row 'Allstate' column 'Bismarck / Mandan'; printed 6-month value 1746,Bismarck / Mandan,Allstate,nd-2026-ex11,3492
nd-2026,ND,2026,https://www.insurance.nd.gov/sites/default/files/documents/Consumers/Auto/2026%20Auto%20Insurance%20Cost%20Survey.pdf,PDF p.9 (printed p.16) table 'Example #11' row 'Allstate' column 'Grand Forks'; printed 6-month value 1512,Grand Forks,Allstate,nd-2026-ex11,3024
nd-2026,ND,2026,https://www.insurance.nd.gov/sites/default/files/documents/Consumers/Auto/2026%20Auto%20Insurance%20Cost%20Survey.pdf,PDF p.9 (printed p.16) table 'Example #11' row 'Allstate' column 'Minot'; printed 6-month value 1580,Minot,Allstate,nd-2026-ex11,3160
nd-2026,ND,2026,https://www.insurance.nd.gov/sites/default/files/documents/Consumers/Auto/2026%20Auto%20Insurance%20Cost%20Survey.pdf,PDF p.9 (printed p.16) table 'Example #11' row 'Allstate' column 'Remainder of State'; printed 6-month value 1637,Remainder of State,Allstate,nd-2026-ex11,3274
nd-2026,ND,2026,https://www.insurance.nd.gov/sites/default/files/documents/Consumers/Auto/2026%20Auto%20Insurance%20Cost%20Survey.pdf,PDF p.9 (printed p.16) table 'Example #11' row 'American Family' column 'Fargo'; printed 6-month value 290,Fargo,American Family,nd-2026-ex11,580
nd-2026,ND,2026,https://www.insurance.nd.gov/sites/default/files/documents/Consumers/Auto/2026%20Auto%20Insurance%20Cost%20Survey.pdf,PDF p.9 (printed p.16) table 'Example #11' row 'American Family' column 'Bismarck / Mandan'; printed 6-month value 295,Bismarck / Mandan,American Family,nd-2026-ex11,590
nd-2026,ND,2026,https://www.insurance.nd.gov/sites/default/files/documents/Consumers/Auto/2026%20Auto%20Insurance%20Cost%20Survey.pdf,PDF p.9 (printed p.16) table 'Example #11' row 'American Family' column 'Grand Forks'; printed 6-month value 287,Grand Forks,American Family,nd-2026-ex11,574
nd-2026,ND,2026,https://www.insurance.nd.gov/sites/default/files/documents/Consumers/Auto/2026%20Auto%20Insurance%20Cost%20Survey.pdf,PDF p.9 (printed p.16) table 'Example #11' row 'American Family' column 'Minot'; printed 6-month value 301,Minot,American Family,nd-2026-ex11,602
nd-2026,ND,2026,https://www.insurance.nd.gov/sites/default/files/documents/Consumers/Auto/2026%20Auto%20Insurance%20Cost%20Survey.pdf,PDF p.9 (printed p.16) table 'Example #11' row 'American Family' column 'Remainder of State'; printed 6-month value 262,Remainder of State,American Family,nd-2026-ex11,524
nd-2026,ND,2026,https://www.insurance.nd.gov/sites/default/files/documents/Consumers/Auto/2026%20Auto%20Insurance%20Cost%20Survey.pdf,PDF p.9 (printed p.16) table 'Example #11' row 'Auto Owners' column 'Fargo'; printed 6-month value 317,Fargo,Auto Owners,nd-2026-ex11,634
nd-2026,ND,2026,https://www.insurance.nd.gov/sites/default/files/documents/Consumers/Auto/2026%20Auto%20Insurance%20Cost%20Survey.pdf,PDF p.9 (printed p.16) table 'Example #11' row 'Auto Owners' column 'Bismarck / Mandan'; printed 6-month value 338,Bismarck / Mandan,Auto Owners,nd-2026-ex11,676
nd-2026,ND,2026,https://www.insurance.nd.gov/sites/default/files/documents/Consumers/Auto/2026%20Auto%20Insurance%20Cost%20Survey.pdf,PDF p.9 (printed p.16) table 'Example #11' row 'Auto Owners' column 'Grand Forks'; printed 6-month value 321,Grand Forks,Auto Owners,nd-2026-ex11,642
nd-2026,ND,2026,https://www.insurance.nd.gov/sites/default/files/documents/Consumers/Auto/2026%20Auto%20Insurance%20Cost%20Survey.pdf,PDF p.9 (printed p.16) table 'Example #11' row 'Auto Owners' column 'Minot'; printed 6-month value 295,Minot,Auto Owners,nd-2026-ex11,590
nd-2026,ND,2026,https://www.insurance.nd.gov/sites/default/files/documents/Consumers/Auto/2026%20Auto%20Insurance%20Cost%20Survey.pdf,PDF p.9 (printed p.16) table 'Example #11' row 'Auto Owners' column 'Remainder of State'; printed 6-month value 295,Remainder of State,Auto Owners,nd-2026-ex11,590
nd-2026,ND,2026,https://www.insurance.nd.gov/sites/default/files/documents/Consumers/Auto/2026%20Auto%20Insurance%20Cost%20Survey.pdf,PDF p.9 (printed p.16) table 'Example #11' row 'Casualty Insurance' column 'Fargo'; printed 6-month value 153,Fargo,Casualty Insurance,nd-2026-ex11,306
nd-2026,ND,2026,https://www.insurance.nd.gov/sites/default/files/documents/Consumers/Auto/2026%20Auto%20Insurance%20Cost%20Survey.pdf,PDF p.9 (printed p.16) table 'Example #11' row 'Casualty Insurance' column 'Bismarck / Mandan'; printed 6-month value 135,Bismarck / Mandan,Casualty Insurance,nd-2026-ex11,270
nd-2026,ND,2026,https://www.insurance.nd.gov/sites/default/files/documents/Consumers/Auto/2026%20Auto%20Insurance%20Cost%20Survey.pdf,PDF p.9 (printed p.16) table 'Example #11' row 'Casualty Insurance' column 'Grand Forks'; printed 6-month value 135,Grand Forks,Casualty Insurance,nd-2026-ex11,270
nd-2026,ND,2026,https://www.insurance.nd.gov/sites/default/files/documents/Consumers/Auto/2026%20Auto%20Insurance%20Cost%20Survey.pdf,PDF p.9 (printed p.16) table 'Example #11' row 'Casualty Insurance' column 'Minot'; printed 6-month value 129,Minot,Casualty Insurance,nd-2026-ex11,258
nd-2026,ND,2026,https://www.insurance.nd.gov/sites/default/files/documents/Consumers/Auto/2026%20Auto%20Insurance%20Cost%20Survey.pdf,PDF p.9 (printed p.16) table 'Example #11' row 'Casualty Insurance' column 'Remainder of State'; printed 6-month value 126,Remainder of State,Casualty Insurance,nd-2026-ex11,252
nd-2026,ND,2026,https://www.insurance.nd.gov/sites/default/files/documents/Consumers/Auto/2026%20Auto%20Insurance%20Cost%20Survey.pdf,PDF p.9 (printed p.16) table 'Example #11' row 'Farmers Group' column 'Fargo'; printed 6-month value 465,Fargo,Farmers Group,nd-2026-ex11,930
nd-2026,ND,2026,https://www.insurance.nd.gov/sites/default/files/documents/Consumers/Auto/2026%20Auto%20Insurance%20Cost%20Survey.pdf,PDF p.9 (printed p.16) table 'Example #11' row 'Farmers Group' column 'Bismarck / Mandan'; printed 6-month value 531,Bismarck / Mandan,Farmers Group,nd-2026-ex11,1062
nd-2026,ND,2026,https://www.insurance.nd.gov/sites/default/files/documents/Consumers/Auto/2026%20Auto%20Insurance%20Cost%20Survey.pdf,PDF p.9 (printed p.16) table 'Example #11' row 'Farmers Group' column 'Grand Forks'; printed 6-month value 441,Grand Forks,Farmers Group,nd-2026-ex11,882
nd-2026,ND,2026,https://www.insurance.nd.gov/sites/default/files/documents/Consumers/Auto/2026%20Auto%20Insurance%20Cost%20Survey.pdf,PDF p.9 (printed p.16) table 'Example #11' row 'Farmers Group' column 'Minot'; printed 6-month value 545,Minot,Farmers Group,nd-2026-ex11,1090
nd-2026,ND,2026,https://www.insurance.nd.gov/sites/default/files/documents/Consumers/Auto/2026%20Auto%20Insurance%20Cost%20Survey.pdf,PDF p.9 (printed p.16) table 'Example #11' row 'Farmers Group' column 'Remainder of State'; printed 6-month value 536,Remainder of State,Farmers Group,nd-2026-ex11,1072
nd-2026,ND,2026,https://www.insurance.nd.gov/sites/default/files/documents/Consumers/Auto/2026%20Auto%20Insurance%20Cost%20Survey.pdf,PDF p.9 (printed p.16) table 'Example #11' row 'Farmers Property' column 'Fargo'; printed 6-month value 537,Fargo,Farmers Property,nd-2026-ex11,1074
nd-2026,ND,2026,https://www.insurance.nd.gov/sites/default/files/documents/Consumers/Auto/2026%20Auto%20Insurance%20Cost%20Survey.pdf,PDF p.9 (printed p.16) table 'Example #11' row 'Farmers Property' column 'Bismarck / Mandan'; printed 6-month value 579,Bismarck / Mandan,Farmers Property,nd-2026-ex11,1158
nd-2026,ND,2026,https://www.insurance.nd.gov/sites/default/files/documents/Consumers/Auto/2026%20Auto%20Insurance%20Cost%20Survey.pdf,PDF p.9 (printed p.16) table 'Example #11' row 'Farmers Property' column 'Grand Forks'; printed 6-month value 527,Grand Forks,Farmers Property,nd-2026-ex11,1054
nd-2026,ND,2026,https://www.insurance.nd.gov/sites/default/files/documents/Consumers/Auto/2026%20Auto%20Insurance%20Cost%20Survey.pdf,PDF p.9 (printed p.16) table 'Example #11' row 'Farmers Property' column 'Minot'; printed 6-month value 549,Minot,Farmers Property,nd-2026-ex11,1098
nd-2026,ND,2026,https://www.insurance.nd.gov/sites/default/files/documents/Consumers/Auto/2026%20Auto%20Insurance%20Cost%20Survey.pdf,PDF p.9 (printed p.16) table 'Example #11' row 'Farmers Property' column 'Remainder of State'; printed 6-month value 516,Remainder of State,Farmers Property,nd-2026-ex11,1032
nd-2026,ND,2026,https://www.insurance.nd.gov/sites/default/files/documents/Consumers/Auto/2026%20Auto%20Insurance%20Cost%20Survey.pdf,PDF p.9 (printed p.16) table 'Example #11' row 'Garrison' column 'Fargo'; printed 6-month value 168,Fargo,Garrison,nd-2026-ex11,336
nd-2026,ND,2026,https://www.insurance.nd.gov/sites/default/files/documents/Consumers/Auto/2026%20Auto%20Insurance%20Cost%20Survey.pdf,PDF p.9 (printed p.16) table 'Example #11' row 'Garrison' column 'Bismarck / Mandan'; printed 6-month value 146,Bismarck / Mandan,Garrison,nd-2026-ex11,292
nd-2026,ND,2026,https://www.insurance.nd.gov/sites/default/files/documents/Consumers/Auto/2026%20Auto%20Insurance%20Cost%20Survey.pdf,PDF p.9 (printed p.16) table 'Example #11' row 'Garrison' column 'Grand Forks'; printed 6-month value 148,Grand Forks,Garrison,nd-2026-ex11,296
nd-2026,ND,2026,https://www.insurance.nd.gov/sites/default/files/documents/Consumers/Auto/2026%20Auto%20Insurance%20Cost%20Survey.pdf,PDF p.9 (printed p.16) table 'Example #11' row 'Garrison' column 'Minot'; printed 6-month value 141,Minot,Garrison,nd-2026-ex11,282
nd-2026,ND,2026,https://www.insurance.nd.gov/sites/default/files/documents/Consumers/Auto/2026%20Auto%20Insurance%20Cost%20Survey.pdf,PDF p.9 (printed p.16) table 'Example #11' row 'Garrison' column 'Remainder of State'; printed 6-month value 139,Remainder of State,Garrison,nd-2026-ex11,278
nd-2026,ND,2026,https://www.insurance.nd.gov/sites/default/files/documents/Consumers/Auto/2026%20Auto%20Insurance%20Cost%20Survey.pdf,PDF p.9 (printed p.16) table 'Example #11' row 'General Indemnity' column 'Fargo'; printed 6-month value 150,Fargo,General Indemnity,nd-2026-ex11,300
nd-2026,ND,2026,https://www.insurance.nd.gov/sites/default/files/documents/Consumers/Auto/2026%20Auto%20Insurance%20Cost%20Survey.pdf,PDF p.9 (printed p.16) table 'Example #11' row 'General Indemnity' column 'Bismarck / Mandan'; printed 6-month value 131,Bismarck / Mandan,General Indemnity,nd-2026-ex11,262
nd-2026,ND,2026,https://www.insurance.nd.gov/sites/default/files/documents/Consumers/Auto/2026%20Auto%20Insurance%20Cost%20Survey.pdf,PDF p.9 (printed p.16) table 'Example #11' row 'General Indemnity' column 'Grand Forks'; printed 6-month value 131,Grand Forks,General Indemnity,nd-2026-ex11,262
nd-2026,ND,2026,https://www.insurance.nd.gov/sites/default/files/documents/Consumers/Auto/2026%20Auto%20Insurance%20Cost%20Survey.pdf,PDF p.9 (printed p.16) table 'Example #11' row 'General Indemnity' column 'Minot'; printed 6-month value 126,Minot,General Indemnity,nd-2026-ex11,252
nd-2026,ND,2026,https://www.insurance.nd.gov/sites/default/files/documents/Consumers/Auto/2026%20Auto%20Insurance%20Cost%20Survey.pdf,PDF p.9 (printed p.16) table 'Example #11' row 'General Indemnity' column 'Remainder of State'; printed 6-month value 125,Remainder of State,General Indemnity,nd-2026-ex11,250
nd-2026,ND,2026,https://www.insurance.nd.gov/sites/default/files/documents/Consumers/Auto/2026%20Auto%20Insurance%20Cost%20Survey.pdf,PDF p.9 (printed p.16) table 'Example #11' row 'National Farmers Union' column 'Fargo'; printed 6-month value 147,Fargo,National Farmers Union,nd-2026-ex11,294
nd-2026,ND,2026,https://www.insurance.nd.gov/sites/default/files/documents/Consumers/Auto/2026%20Auto%20Insurance%20Cost%20Survey.pdf,PDF p.9 (printed p.16) table 'Example #11' row 'National Farmers Union' column 'Bismarck / Mandan'; printed 6-month value 160,Bismarck / Mandan,National Farmers Union,nd-2026-ex11,320
nd-2026,ND,2026,https://www.insurance.nd.gov/sites/default/files/documents/Consumers/Auto/2026%20Auto%20Insurance%20Cost%20Survey.pdf,PDF p.9 (printed p.16) table 'Example #11' row 'National Farmers Union' column 'Grand Forks'; printed 6-month value 156,Grand Forks,National Farmers Union,nd-2026-ex11,312
nd-2026,ND,2026,https://www.insurance.nd.gov/sites/default/files/documents/Consumers/Auto/2026%20Auto%20Insurance%20Cost%20Survey.pdf,PDF p.9 (printed p.16) table 'Example #11' row 'National Farmers Union' column 'Minot'; printed 6-month value 184,Minot,National Farmers Union,nd-2026-ex11,368
nd-2026,ND,2026,https://www.insurance.nd.gov/sites/default/files/documents/Consumers/Auto/2026%20Auto%20Insurance%20Cost%20Survey.pdf,PDF p.9 (printed p.16) table 'Example #11' row 'National Farmers Union' column 'Remainder of State'; printed 6-month value 212,Remainder of State,National Farmers Union,nd-2026-ex11,424
nd-2026,ND,2026,https://www.insurance.nd.gov/sites/default/files/documents/Consumers/Auto/2026%20Auto%20Insurance%20Cost%20Survey.pdf,PDF p.9 (printed p.16) table 'Example #11' row 'Owners Insurance' column 'Fargo'; printed 6-month value 266,Fargo,Owners Insurance,nd-2026-ex11,532
nd-2026,ND,2026,https://www.insurance.nd.gov/sites/default/files/documents/Consumers/Auto/2026%20Auto%20Insurance%20Cost%20Survey.pdf,PDF p.9 (printed p.16) table 'Example #11' row 'Owners Insurance' column 'Bismarck / Mandan'; printed 6-month value 284,Bismarck / Mandan,Owners Insurance,nd-2026-ex11,568
nd-2026,ND,2026,https://www.insurance.nd.gov/sites/default/files/documents/Consumers/Auto/2026%20Auto%20Insurance%20Cost%20Survey.pdf,PDF p.9 (printed p.16) table 'Example #11' row 'Owners Insurance' column 'Grand Forks'; printed 6-month value 269,Grand Forks,Owners Insurance,nd-2026-ex11,538
nd-2026,ND,2026,https://www.insurance.nd.gov/sites/default/files/documents/Consumers/Auto/2026%20Auto%20Insurance%20Cost%20Survey.pdf,PDF p.9 (printed p.16) table 'Example #11' row 'Owners Insurance' column 'Minot'; printed 6-month value 248,Minot,Owners Insurance,nd-2026-ex11,496
nd-2026,ND,2026,https://www.insurance.nd.gov/sites/default/files/documents/Consumers/Auto/2026%20Auto%20Insurance%20Cost%20Survey.pdf,PDF p.9 (printed p.16) table 'Example #11' row 'Owners Insurance' column 'Remainder of State'; printed 6-month value 248,Remainder of State,Owners Insurance,nd-2026-ex11,496
nd-2026,ND,2026,https://www.insurance.nd.gov/sites/default/files/documents/Consumers/Auto/2026%20Auto%20Insurance%20Cost%20Survey.pdf,PDF p.9 (printed p.16) table 'Example #11' row 'Progressive Direct' column 'Fargo'; printed 6-month value 145,Fargo,Progressive Direct,nd-2026-ex11,290
nd-2026,ND,2026,https://www.insurance.nd.gov/sites/default/files/documents/Consumers/Auto/2026%20Auto%20Insurance%20Cost%20Survey.pdf,PDF p.9 (printed p.16) table 'Example #11' row 'Progressive Direct' column 'Bismarck / Mandan'; printed 6-month value 138,Bismarck / Mandan,Progressive Direct,nd-2026-ex11,276
nd-2026,ND,2026,https://www.insurance.nd.gov/sites/default/files/documents/Consumers/Auto/2026%20Auto%20Insurance%20Cost%20Survey.pdf,PDF p.9 (printed p.16) table 'Example #11' row 'Progressive Direct' column 'Grand Forks'; printed 6-month value 140,Grand Forks,Progressive Direct,nd-2026-ex11,280
nd-2026,ND,2026,https://www.insurance.nd.gov/sites/default/files/documents/Consumers/Auto/2026%20Auto%20Insurance%20Cost%20Survey.pdf,PDF p.9 (printed p.16) table 'Example #11' row 'Progressive Direct' column 'Minot'; printed 6-month value 152,Minot,Progressive Direct,nd-2026-ex11,304
nd-2026,ND,2026,https://www.insurance.nd.gov/sites/default/files/documents/Consumers/Auto/2026%20Auto%20Insurance%20Cost%20Survey.pdf,PDF p.9 (printed p.16) table 'Example #11' row 'Progressive Direct' column 'Remainder of State'; printed 6-month value 134,Remainder of State,Progressive Direct,nd-2026-ex11,268
nd-2026,ND,2026,https://www.insurance.nd.gov/sites/default/files/documents/Consumers/Auto/2026%20Auto%20Insurance%20Cost%20Survey.pdf,PDF p.9 (printed p.16) table 'Example #11' row 'Progressive Northwestern' column 'Fargo'; printed 6-month value 182,Fargo,Progressive Northwestern,nd-2026-ex11,364
nd-2026,ND,2026,https://www.insurance.nd.gov/sites/default/files/documents/Consumers/Auto/2026%20Auto%20Insurance%20Cost%20Survey.pdf,PDF p.9 (printed p.16) table 'Example #11' row 'Progressive Northwestern' column 'Bismarck / Mandan'; printed 6-month value 177,Bismarck / Mandan,Progressive Northwestern,nd-2026-ex11,354
nd-2026,ND,2026,https://www.insurance.nd.gov/sites/default/files/documents/Consumers/Auto/2026%20Auto%20Insurance%20Cost%20Survey.pdf,PDF p.9 (printed p.16) table 'Example #11' row 'Progressive Northwestern' column 'Grand Forks'; printed 6-month value 199,Grand Forks,Progressive Northwestern,nd-2026-ex11,398
nd-2026,ND,2026,https://www.insurance.nd.gov/sites/default/files/documents/Consumers/Auto/2026%20Auto%20Insurance%20Cost%20Survey.pdf,PDF p.9 (printed p.16) table 'Example #11' row 'Progressive Northwestern' column 'Minot'; printed 6-month value 205,Minot,Progressive Northwestern,nd-2026-ex11,410
nd-2026,ND,2026,https://www.insurance.nd.gov/sites/default/files/documents/Consumers/Auto/2026%20Auto%20Insurance%20Cost%20Survey.pdf,PDF p.9 (printed p.16) table 'Example #11' row 'Progressive Northwestern' column 'Remainder of State'; printed 6-month value 171,Remainder of State,Progressive Northwestern,nd-2026-ex11,342
nd-2026,ND,2026,https://www.insurance.nd.gov/sites/default/files/documents/Consumers/Auto/2026%20Auto%20Insurance%20Cost%20Survey.pdf,PDF p.9 (printed p.16) table 'Example #11' row 'Safeco' column 'Fargo'; printed 6-month value 251**,Fargo,Safeco,nd-2026-ex11,502
nd-2026,ND,2026,https://www.insurance.nd.gov/sites/default/files/documents/Consumers/Auto/2026%20Auto%20Insurance%20Cost%20Survey.pdf,PDF p.9 (printed p.16) table 'Example #11' row 'Safeco' column 'Bismarck / Mandan'; printed 6-month value 231**,Bismarck / Mandan,Safeco,nd-2026-ex11,462
nd-2026,ND,2026,https://www.insurance.nd.gov/sites/default/files/documents/Consumers/Auto/2026%20Auto%20Insurance%20Cost%20Survey.pdf,PDF p.9 (printed p.16) table 'Example #11' row 'Safeco' column 'Grand Forks'; printed 6-month value 227**,Grand Forks,Safeco,nd-2026-ex11,454
nd-2026,ND,2026,https://www.insurance.nd.gov/sites/default/files/documents/Consumers/Auto/2026%20Auto%20Insurance%20Cost%20Survey.pdf,PDF p.9 (printed p.16) table 'Example #11' row 'Safeco' column 'Minot'; printed 6-month value 229**,Minot,Safeco,nd-2026-ex11,458
nd-2026,ND,2026,https://www.insurance.nd.gov/sites/default/files/documents/Consumers/Auto/2026%20Auto%20Insurance%20Cost%20Survey.pdf,PDF p.9 (printed p.16) table 'Example #11' row 'Safeco' column 'Remainder of State'; printed 6-month value 209**,Remainder of State,Safeco,nd-2026-ex11,418
nd-2026,ND,2026,https://www.insurance.nd.gov/sites/default/files/documents/Consumers/Auto/2026%20Auto%20Insurance%20Cost%20Survey.pdf,PDF p.9 (printed p.16) table 'Example #11' row 'USAA' column 'Fargo'; printed 6-month value 163,Fargo,USAA,nd-2026-ex11,326
nd-2026,ND,2026,https://www.insurance.nd.gov/sites/default/files/documents/Consumers/Auto/2026%20Auto%20Insurance%20Cost%20Survey.pdf,PDF p.9 (printed p.16) table 'Example #11' row 'USAA' column 'Bismarck / Mandan'; printed 6-month value 141,Bismarck / Mandan,USAA,nd-2026-ex11,282
nd-2026,ND,2026,https://www.insurance.nd.gov/sites/default/files/documents/Consumers/Auto/2026%20Auto%20Insurance%20Cost%20Survey.pdf,PDF p.9 (printed p.16) table 'Example #11' row 'USAA' column 'Grand Forks'; printed 6-month value 142,Grand Forks,USAA,nd-2026-ex11,284
nd-2026,ND,2026,https://www.insurance.nd.gov/sites/default/files/documents/Consumers/Auto/2026%20Auto%20Insurance%20Cost%20Survey.pdf,PDF p.9 (printed p.16) table 'Example #11' row 'USAA' column 'Minot'; printed 6-month value 136,Minot,USAA,nd-2026-ex11,272
nd-2026,ND,2026,https://www.insurance.nd.gov/sites/default/files/documents/Consumers/Auto/2026%20Auto%20Insurance%20Cost%20Survey.pdf,PDF p.9 (printed p.16) table 'Example #11' row 'USAA' column 'Remainder of State'; printed 6-month value 134,Remainder of State,USAA,nd-2026-ex11,268
nd-2026,ND,2026,https://www.insurance.nd.gov/sites/default/files/documents/Consumers/Auto/2026%20Auto%20Insurance%20Cost%20Survey.pdf,PDF p.9 (printed p.17) table 'Example #12' row 'Allstate' column 'Fargo'; printed 6-month value 1301,Fargo,Allstate,nd-2026-ex12,2602
nd-2026,ND,2026,https://www.insurance.nd.gov/sites/default/files/documents/Consumers/Auto/2026%20Auto%20Insurance%20Cost%20Survey.pdf,PDF p.9 (printed p.17) table 'Example #12' row 'Allstate' column 'Bismarck / Mandan'; printed 6-month value 1371,Bismarck / Mandan,Allstate,nd-2026-ex12,2742
nd-2026,ND,2026,https://www.insurance.nd.gov/sites/default/files/documents/Consumers/Auto/2026%20Auto%20Insurance%20Cost%20Survey.pdf,PDF p.9 (printed p.17) table 'Example #12' row 'Allstate' column 'Grand Forks'; printed 6-month value 1223,Grand Forks,Allstate,nd-2026-ex12,2446
nd-2026,ND,2026,https://www.insurance.nd.gov/sites/default/files/documents/Consumers/Auto/2026%20Auto%20Insurance%20Cost%20Survey.pdf,PDF p.9 (printed p.17) table 'Example #12' row 'Allstate' column 'Minot'; printed 6-month value 1242,Minot,Allstate,nd-2026-ex12,2484
nd-2026,ND,2026,https://www.insurance.nd.gov/sites/default/files/documents/Consumers/Auto/2026%20Auto%20Insurance%20Cost%20Survey.pdf,PDF p.9 (printed p.17) table 'Example #12' row 'Allstate' column 'Remainder of State'; printed 6-month value 1269,Remainder of State,Allstate,nd-2026-ex12,2538
nd-2026,ND,2026,https://www.insurance.nd.gov/sites/default/files/documents/Consumers/Auto/2026%20Auto%20Insurance%20Cost%20Survey.pdf,PDF p.9 (printed p.17) table 'Example #12' row 'American Family' column 'Fargo'; printed 6-month value 306,Fargo,American Family,nd-2026-ex12,612
nd-2026,ND,2026,https://www.insurance.nd.gov/sites/default/files/documents/Consumers/Auto/2026%20Auto%20Insurance%20Cost%20Survey.pdf,PDF p.9 (printed p.17) table 'Example #12' row 'American Family' column 'Bismarck / Mandan'; printed 6-month value 314,Bismarck / Mandan,American Family,nd-2026-ex12,628
nd-2026,ND,2026,https://www.insurance.nd.gov/sites/default/files/documents/Consumers/Auto/2026%20Auto%20Insurance%20Cost%20Survey.pdf,PDF p.9 (printed p.17) table 'Example #12' row 'American Family' column 'Grand Forks'; printed 6-month value 302,Grand Forks,American Family,nd-2026-ex12,604
nd-2026,ND,2026,https://www.insurance.nd.gov/sites/default/files/documents/Consumers/Auto/2026%20Auto%20Insurance%20Cost%20Survey.pdf,PDF p.9 (printed p.17) table 'Example #12' row 'American Family' column 'Minot'; printed 6-month value 319,Minot,American Family,nd-2026-ex12,638
nd-2026,ND,2026,https://www.insurance.nd.gov/sites/default/files/documents/Consumers/Auto/2026%20Auto%20Insurance%20Cost%20Survey.pdf,PDF p.9 (printed p.17) table 'Example #12' row 'American Family' column 'Remainder of State'; printed 6-month value 278,Remainder of State,American Family,nd-2026-ex12,556
nd-2026,ND,2026,https://www.insurance.nd.gov/sites/default/files/documents/Consumers/Auto/2026%20Auto%20Insurance%20Cost%20Survey.pdf,PDF p.9 (printed p.17) table 'Example #12' row 'Auto Owners' column 'Fargo'; printed 6-month value 270,Fargo,Auto Owners,nd-2026-ex12,540
nd-2026,ND,2026,https://www.insurance.nd.gov/sites/default/files/documents/Consumers/Auto/2026%20Auto%20Insurance%20Cost%20Survey.pdf,PDF p.9 (printed p.17) table 'Example #12' row 'Auto Owners' column 'Bismarck / Mandan'; printed 6-month value 289,Bismarck / Mandan,Auto Owners,nd-2026-ex12,578
nd-2026,ND,2026,https://www.insurance.nd.gov/sites/default/files/documents/Consumers/Auto/2026%20Auto%20Insurance%20Cost%20Survey.pdf,PDF p.9 (printed p.17) table 'Example #12' row 'Auto Owners' column 'Grand Forks'; printed 6-month value 274,Grand Forks,Auto Owners,nd-2026-ex12,548
nd-2026,ND,2026,https://www.insurance.nd.gov/sites/default/files/documents/Consumers/Auto/2026%20Auto%20Insurance%20Cost%20Survey.pdf,PDF p.9 (printed p.17) table 'Example #12' row 'Auto Owners' column 'Minot'; printed 6-month value 252,Minot,Auto Owners,nd-2026-ex12,504
nd-2026,ND,2026,https://www.insurance.nd.gov/sites/default/files/documents/Consumers/Auto/2026%20Auto%20Insurance%20Cost%20Survey.pdf,PDF p.9 (printed p.17) table 'Example #12' row 'Auto Owners' column 'Remainder of State'; printed 6-month value 252,Remainder of State,Auto Owners,nd-2026-ex12,504
nd-2026,ND,2026,https://www.insurance.nd.gov/sites/default/files/documents/Consumers/Auto/2026%20Auto%20Insurance%20Cost%20Survey.pdf,PDF p.9 (printed p.17) table 'Example #12' row 'Casualty Insurance' column 'Fargo'; printed 6-month value 162,Fargo,Casualty Insurance,nd-2026-ex12,324
nd-2026,ND,2026,https://www.insurance.nd.gov/sites/default/files/documents/Consumers/Auto/2026%20Auto%20Insurance%20Cost%20Survey.pdf,PDF p.9 (printed p.17) table 'Example #12' row 'Casualty Insurance' column 'Bismarck / Mandan'; printed 6-month value 143,Bismarck / Mandan,Casualty Insurance,nd-2026-ex12,286
nd-2026,ND,2026,https://www.insurance.nd.gov/sites/default/files/documents/Consumers/Auto/2026%20Auto%20Insurance%20Cost%20Survey.pdf,PDF p.9 (printed p.17) table 'Example #12' row 'Casualty Insurance' column 'Grand Forks'; printed 6-month value 142,Grand Forks,Casualty Insurance,nd-2026-ex12,284
nd-2026,ND,2026,https://www.insurance.nd.gov/sites/default/files/documents/Consumers/Auto/2026%20Auto%20Insurance%20Cost%20Survey.pdf,PDF p.9 (printed p.17) table 'Example #12' row 'Casualty Insurance' column 'Minot'; printed 6-month value 136,Minot,Casualty Insurance,nd-2026-ex12,272
nd-2026,ND,2026,https://www.insurance.nd.gov/sites/default/files/documents/Consumers/Auto/2026%20Auto%20Insurance%20Cost%20Survey.pdf,PDF p.9 (printed p.17) table 'Example #12' row 'Casualty Insurance' column 'Remainder of State'; printed 6-month value 134,Remainder of State,Casualty Insurance,nd-2026-ex12,268
nd-2026,ND,2026,https://www.insurance.nd.gov/sites/default/files/documents/Consumers/Auto/2026%20Auto%20Insurance%20Cost%20Survey.pdf,PDF p.9 (printed p.17) table 'Example #12' row 'Farmers Group' column 'Fargo'; printed 6-month value 425,Fargo,Farmers Group,nd-2026-ex12,850
nd-2026,ND,2026,https://www.insurance.nd.gov/sites/default/files/documents/Consumers/Auto/2026%20Auto%20Insurance%20Cost%20Survey.pdf,PDF p.9 (printed p.17) table 'Example #12' row 'Farmers Group' column 'Bismarck / Mandan'; printed 6-month value 486,Bismarck / Mandan,Farmers Group,nd-2026-ex12,972
nd-2026,ND,2026,https://www.insurance.nd.gov/sites/default/files/documents/Consumers/Auto/2026%20Auto%20Insurance%20Cost%20Survey.pdf,PDF p.9 (printed p.17) table 'Example #12' row 'Farmers Group' column 'Grand Forks'; printed 6-month value 415,Grand Forks,Farmers Group,nd-2026-ex12,830
nd-2026,ND,2026,https://www.insurance.nd.gov/sites/default/files/documents/Consumers/Auto/2026%20Auto%20Insurance%20Cost%20Survey.pdf,PDF p.9 (printed p.17) table 'Example #12' row 'Farmers Group' column 'Minot'; printed 6-month value 486,Minot,Farmers Group,nd-2026-ex12,972
nd-2026,ND,2026,https://www.insurance.nd.gov/sites/default/files/documents/Consumers/Auto/2026%20Auto%20Insurance%20Cost%20Survey.pdf,PDF p.9 (printed p.17) table 'Example #12' row 'Farmers Group' column 'Remainder of State'; printed 6-month value 492,Remainder of State,Farmers Group,nd-2026-ex12,984
nd-2026,ND,2026,https://www.insurance.nd.gov/sites/default/files/documents/Consumers/Auto/2026%20Auto%20Insurance%20Cost%20Survey.pdf,PDF p.9 (printed p.17) table 'Example #12' row 'Farmers Property' column 'Fargo'; printed 6-month value 481,Fargo,Farmers Property,nd-2026-ex12,962
nd-2026,ND,2026,https://www.insurance.nd.gov/sites/default/files/documents/Consumers/Auto/2026%20Auto%20Insurance%20Cost%20Survey.pdf,PDF p.9 (printed p.17) table 'Example #12' row 'Farmers Property' column 'Bismarck / Mandan'; printed 6-month value 522,Bismarck / Mandan,Farmers Property,nd-2026-ex12,1044
nd-2026,ND,2026,https://www.insurance.nd.gov/sites/default/files/documents/Consumers/Auto/2026%20Auto%20Insurance%20Cost%20Survey.pdf,PDF p.9 (printed p.17) table 'Example #12' row 'Farmers Property' column 'Grand Forks'; printed 6-month value 478,Grand Forks,Farmers Property,nd-2026-ex12,956
nd-2026,ND,2026,https://www.insurance.nd.gov/sites/default/files/documents/Consumers/Auto/2026%20Auto%20Insurance%20Cost%20Survey.pdf,PDF p.9 (printed p.17) table 'Example #12' row 'Farmers Property' column 'Minot'; printed 6-month value 493,Minot,Farmers Property,nd-2026-ex12,986
nd-2026,ND,2026,https://www.insurance.nd.gov/sites/default/files/documents/Consumers/Auto/2026%20Auto%20Insurance%20Cost%20Survey.pdf,PDF p.9 (printed p.17) table 'Example #12' row 'Farmers Property' column 'Remainder of State'; printed 6-month value 462,Remainder of State,Farmers Property,nd-2026-ex12,924
nd-2026,ND,2026,https://www.insurance.nd.gov/sites/default/files/documents/Consumers/Auto/2026%20Auto%20Insurance%20Cost%20Survey.pdf,PDF p.9 (printed p.17) table 'Example #12' row 'Garrison' column 'Fargo'; printed 6-month value 174,Fargo,Garrison,nd-2026-ex12,348
nd-2026,ND,2026,https://www.insurance.nd.gov/sites/default/files/documents/Consumers/Auto/2026%20Auto%20Insurance%20Cost%20Survey.pdf,PDF p.9 (printed p.17) table 'Example #12' row 'Garrison' column 'Bismarck / Mandan'; printed 6-month value 151,Bismarck / Mandan,Garrison,nd-2026-ex12,302
nd-2026,ND,2026,https://www.insurance.nd.gov/sites/default/files/documents/Consumers/Auto/2026%20Auto%20Insurance%20Cost%20Survey.pdf,PDF p.9 (printed p.17) table 'Example #12' row 'Garrison' column 'Grand Forks'; printed 6-month value 153,Grand Forks,Garrison,nd-2026-ex12,306
nd-2026,ND,2026,https://www.insurance.nd.gov/sites/default/files/documents/Consumers/Auto/2026%20Auto%20Insurance%20Cost%20Survey.pdf,PDF p.9 (printed p.17) table 'Example #12' row 'Garrison' column 'Minot'; printed 6-month value 145,Minot,Garrison,nd-2026-ex12,290
nd-2026,ND,2026,https://www.insurance.nd.gov/sites/default/files/documents/Consumers/Auto/2026%20Auto%20Insurance%20Cost%20Survey.pdf,PDF p.9 (printed p.17) table 'Example #12' row 'Garrison' column 'Remainder of State'; printed 6-month value 144,Remainder of State,Garrison,nd-2026-ex12,288
nd-2026,ND,2026,https://www.insurance.nd.gov/sites/default/files/documents/Consumers/Auto/2026%20Auto%20Insurance%20Cost%20Survey.pdf,PDF p.9 (printed p.17) table 'Example #12' row 'General Indemnity' column 'Fargo'; printed 6-month value 166,Fargo,General Indemnity,nd-2026-ex12,332
nd-2026,ND,2026,https://www.insurance.nd.gov/sites/default/files/documents/Consumers/Auto/2026%20Auto%20Insurance%20Cost%20Survey.pdf,PDF p.9 (printed p.17) table 'Example #12' row 'General Indemnity' column 'Bismarck / Mandan'; printed 6-month value 144,Bismarck / Mandan,General Indemnity,nd-2026-ex12,288
nd-2026,ND,2026,https://www.insurance.nd.gov/sites/default/files/documents/Consumers/Auto/2026%20Auto%20Insurance%20Cost%20Survey.pdf,PDF p.9 (printed p.17) table 'Example #12' row 'General Indemnity' column 'Grand Forks'; printed 6-month value 145,Grand Forks,General Indemnity,nd-2026-ex12,290
nd-2026,ND,2026,https://www.insurance.nd.gov/sites/default/files/documents/Consumers/Auto/2026%20Auto%20Insurance%20Cost%20Survey.pdf,PDF p.9 (printed p.17) table 'Example #12' row 'General Indemnity' column 'Minot'; printed 6-month value 138,Minot,General Indemnity,nd-2026-ex12,276
nd-2026,ND,2026,https://www.insurance.nd.gov/sites/default/files/documents/Consumers/Auto/2026%20Auto%20Insurance%20Cost%20Survey.pdf,PDF p.9 (printed p.17) table 'Example #12' row 'General Indemnity' column 'Remainder of State'; printed 6-month value 138,Remainder of State,General Indemnity,nd-2026-ex12,276
nd-2026,ND,2026,https://www.insurance.nd.gov/sites/default/files/documents/Consumers/Auto/2026%20Auto%20Insurance%20Cost%20Survey.pdf,PDF p.9 (printed p.17) table 'Example #12' row 'Grinnell Compass/Mutual' column 'Fargo'; printed 6-month value 477,Fargo,Grinnell Compass/Mutual,nd-2026-ex12,954
nd-2026,ND,2026,https://www.insurance.nd.gov/sites/default/files/documents/Consumers/Auto/2026%20Auto%20Insurance%20Cost%20Survey.pdf,PDF p.9 (printed p.17) table 'Example #12' row 'Grinnell Compass/Mutual' column 'Bismarck / Mandan'; printed 6-month value 450,Bismarck / Mandan,Grinnell Compass/Mutual,nd-2026-ex12,900
nd-2026,ND,2026,https://www.insurance.nd.gov/sites/default/files/documents/Consumers/Auto/2026%20Auto%20Insurance%20Cost%20Survey.pdf,PDF p.9 (printed p.17) table 'Example #12' row 'Grinnell Compass/Mutual' column 'Grand Forks'; printed 6-month value 428,Grand Forks,Grinnell Compass/Mutual,nd-2026-ex12,856
nd-2026,ND,2026,https://www.insurance.nd.gov/sites/default/files/documents/Consumers/Auto/2026%20Auto%20Insurance%20Cost%20Survey.pdf,PDF p.9 (printed p.17) table 'Example #12' row 'Grinnell Compass/Mutual' column 'Minot'; printed 6-month value 474,Minot,Grinnell Compass/Mutual,nd-2026-ex12,948
nd-2026,ND,2026,https://www.insurance.nd.gov/sites/default/files/documents/Consumers/Auto/2026%20Auto%20Insurance%20Cost%20Survey.pdf,PDF p.9 (printed p.17) table 'Example #12' row 'Grinnell Compass/Mutual' column 'Remainder of State'; printed 6-month value 314,Remainder of State,Grinnell Compass/Mutual,nd-2026-ex12,628
nd-2026,ND,2026,https://www.insurance.nd.gov/sites/default/files/documents/Consumers/Auto/2026%20Auto%20Insurance%20Cost%20Survey.pdf,PDF p.9 (printed p.17) table 'Example #12' row 'National Farmers Union' column 'Fargo'; printed 6-month value 232,Fargo,National Farmers Union,nd-2026-ex12,464
nd-2026,ND,2026,https://www.insurance.nd.gov/sites/default/files/documents/Consumers/Auto/2026%20Auto%20Insurance%20Cost%20Survey.pdf,PDF p.9 (printed p.17) table 'Example #12' row 'National Farmers Union' column 'Bismarck / Mandan'; printed 6-month value 254,Bismarck / Mandan,National Farmers Union,nd-2026-ex12,508
nd-2026,ND,2026,https://www.insurance.nd.gov/sites/default/files/documents/Consumers/Auto/2026%20Auto%20Insurance%20Cost%20Survey.pdf,PDF p.9 (printed p.17) table 'Example #12' row 'National Farmers Union' column 'Grand Forks'; printed 6-month value 248,Grand Forks,National Farmers Union,nd-2026-ex12,496
nd-2026,ND,2026,https://www.insurance.nd.gov/sites/default/files/documents/Consumers/Auto/2026%20Auto%20Insurance%20Cost%20Survey.pdf,PDF p.9 (printed p.17) table 'Example #12' row 'National Farmers Union' column 'Minot'; printed 6-month value 290,Minot,National Farmers Union,nd-2026-ex12,580
nd-2026,ND,2026,https://www.insurance.nd.gov/sites/default/files/documents/Consumers/Auto/2026%20Auto%20Insurance%20Cost%20Survey.pdf,PDF p.9 (printed p.17) table 'Example #12' row 'National Farmers Union' column 'Remainder of State'; printed 6-month value 336,Remainder of State,National Farmers Union,nd-2026-ex12,672
nd-2026,ND,2026,https://www.insurance.nd.gov/sites/default/files/documents/Consumers/Auto/2026%20Auto%20Insurance%20Cost%20Survey.pdf,PDF p.9 (printed p.17) table 'Example #12' row 'Owners Insurance' column 'Fargo'; printed 6-month value 227,Fargo,Owners Insurance,nd-2026-ex12,454
nd-2026,ND,2026,https://www.insurance.nd.gov/sites/default/files/documents/Consumers/Auto/2026%20Auto%20Insurance%20Cost%20Survey.pdf,PDF p.9 (printed p.17) table 'Example #12' row 'Owners Insurance' column 'Bismarck / Mandan'; printed 6-month value 243,Bismarck / Mandan,Owners Insurance,nd-2026-ex12,486
nd-2026,ND,2026,https://www.insurance.nd.gov/sites/default/files/documents/Consumers/Auto/2026%20Auto%20Insurance%20Cost%20Survey.pdf,PDF p.9 (printed p.17) table 'Example #12' row 'Owners Insurance' column 'Grand Forks'; printed 6-month value 230,Grand Forks,Owners Insurance,nd-2026-ex12,460
nd-2026,ND,2026,https://www.insurance.nd.gov/sites/default/files/documents/Consumers/Auto/2026%20Auto%20Insurance%20Cost%20Survey.pdf,PDF p.9 (printed p.17) table 'Example #12' row 'Owners Insurance' column 'Minot'; printed 6-month value 212,Minot,Owners Insurance,nd-2026-ex12,424
nd-2026,ND,2026,https://www.insurance.nd.gov/sites/default/files/documents/Consumers/Auto/2026%20Auto%20Insurance%20Cost%20Survey.pdf,PDF p.9 (printed p.17) table 'Example #12' row 'Owners Insurance' column 'Remainder of State'; printed 6-month value 212,Remainder of State,Owners Insurance,nd-2026-ex12,424
nd-2026,ND,2026,https://www.insurance.nd.gov/sites/default/files/documents/Consumers/Auto/2026%20Auto%20Insurance%20Cost%20Survey.pdf,PDF p.9 (printed p.17) table 'Example #12' row 'Progressive Direct' column 'Fargo'; printed 6-month value 132,Fargo,Progressive Direct,nd-2026-ex12,264
nd-2026,ND,2026,https://www.insurance.nd.gov/sites/default/files/documents/Consumers/Auto/2026%20Auto%20Insurance%20Cost%20Survey.pdf,PDF p.9 (printed p.17) table 'Example #12' row 'Progressive Direct' column 'Bismarck / Mandan'; printed 6-month value 125,Bismarck / Mandan,Progressive Direct,nd-2026-ex12,250
nd-2026,ND,2026,https://www.insurance.nd.gov/sites/default/files/documents/Consumers/Auto/2026%20Auto%20Insurance%20Cost%20Survey.pdf,PDF p.9 (printed p.17) table 'Example #12' row 'Progressive Direct' column 'Grand Forks'; printed 6-month value 129,Grand Forks,Progressive Direct,nd-2026-ex12,258
nd-2026,ND,2026,https://www.insurance.nd.gov/sites/default/files/documents/Consumers/Auto/2026%20Auto%20Insurance%20Cost%20Survey.pdf,PDF p.9 (printed p.17) table 'Example #12' row 'Progressive Direct' column 'Minot'; printed 6-month value 138,Minot,Progressive Direct,nd-2026-ex12,276
nd-2026,ND,2026,https://www.insurance.nd.gov/sites/default/files/documents/Consumers/Auto/2026%20Auto%20Insurance%20Cost%20Survey.pdf,PDF p.9 (printed p.17) table 'Example #12' row 'Progressive Direct' column 'Remainder of State'; printed 6-month value 122,Remainder of State,Progressive Direct,nd-2026-ex12,244
nd-2026,ND,2026,https://www.insurance.nd.gov/sites/default/files/documents/Consumers/Auto/2026%20Auto%20Insurance%20Cost%20Survey.pdf,PDF p.9 (printed p.17) table 'Example #12' row 'Progressive Northwestern' column 'Fargo'; printed 6-month value 155,Fargo,Progressive Northwestern,nd-2026-ex12,310
nd-2026,ND,2026,https://www.insurance.nd.gov/sites/default/files/documents/Consumers/Auto/2026%20Auto%20Insurance%20Cost%20Survey.pdf,PDF p.9 (printed p.17) table 'Example #12' row 'Progressive Northwestern' column 'Bismarck / Mandan'; printed 6-month value 150,Bismarck / Mandan,Progressive Northwestern,nd-2026-ex12,300
nd-2026,ND,2026,https://www.insurance.nd.gov/sites/default/files/documents/Consumers/Auto/2026%20Auto%20Insurance%20Cost%20Survey.pdf,PDF p.9 (printed p.17) table 'Example #12' row 'Progressive Northwestern' column 'Grand Forks'; printed 6-month value 169,Grand Forks,Progressive Northwestern,nd-2026-ex12,338
nd-2026,ND,2026,https://www.insurance.nd.gov/sites/default/files/documents/Consumers/Auto/2026%20Auto%20Insurance%20Cost%20Survey.pdf,PDF p.9 (printed p.17) table 'Example #12' row 'Progressive Northwestern' column 'Minot'; printed 6-month value 174,Minot,Progressive Northwestern,nd-2026-ex12,348
nd-2026,ND,2026,https://www.insurance.nd.gov/sites/default/files/documents/Consumers/Auto/2026%20Auto%20Insurance%20Cost%20Survey.pdf,PDF p.9 (printed p.17) table 'Example #12' row 'Progressive Northwestern' column 'Remainder of State'; printed 6-month value 147,Remainder of State,Progressive Northwestern,nd-2026-ex12,294
nd-2026,ND,2026,https://www.insurance.nd.gov/sites/default/files/documents/Consumers/Auto/2026%20Auto%20Insurance%20Cost%20Survey.pdf,PDF p.9 (printed p.17) table 'Example #12' row 'Safeco' column 'Fargo'; printed 6-month value 254**,Fargo,Safeco,nd-2026-ex12,508
nd-2026,ND,2026,https://www.insurance.nd.gov/sites/default/files/documents/Consumers/Auto/2026%20Auto%20Insurance%20Cost%20Survey.pdf,PDF p.9 (printed p.17) table 'Example #12' row 'Safeco' column 'Bismarck / Mandan'; printed 6-month value 233**,Bismarck / Mandan,Safeco,nd-2026-ex12,466
nd-2026,ND,2026,https://www.insurance.nd.gov/sites/default/files/documents/Consumers/Auto/2026%20Auto%20Insurance%20Cost%20Survey.pdf,PDF p.9 (printed p.17) table 'Example #12' row 'Safeco' column 'Grand Forks'; printed 6-month value 229**,Grand Forks,Safeco,nd-2026-ex12,458
nd-2026,ND,2026,https://www.insurance.nd.gov/sites/default/files/documents/Consumers/Auto/2026%20Auto%20Insurance%20Cost%20Survey.pdf,PDF p.9 (printed p.17) table 'Example #12' row 'Safeco' column 'Minot'; printed 6-month value 231**,Minot,Safeco,nd-2026-ex12,462
nd-2026,ND,2026,https://www.insurance.nd.gov/sites/default/files/documents/Consumers/Auto/2026%20Auto%20Insurance%20Cost%20Survey.pdf,PDF p.9 (printed p.17) table 'Example #12' row 'Safeco' column 'Remainder of State'; printed 6-month value 211**,Remainder of State,Safeco,nd-2026-ex12,422
nd-2026,ND,2026,https://www.insurance.nd.gov/sites/default/files/documents/Consumers/Auto/2026%20Auto%20Insurance%20Cost%20Survey.pdf,PDF p.9 (printed p.17) table 'Example #12' row 'USAA' column 'Fargo'; printed 6-month value 168,Fargo,USAA,nd-2026-ex12,336
nd-2026,ND,2026,https://www.insurance.nd.gov/sites/default/files/documents/Consumers/Auto/2026%20Auto%20Insurance%20Cost%20Survey.pdf,PDF p.9 (printed p.17) table 'Example #12' row 'USAA' column 'Bismarck / Mandan'; printed 6-month value 145,Bismarck / Mandan,USAA,nd-2026-ex12,290
nd-2026,ND,2026,https://www.insurance.nd.gov/sites/default/files/documents/Consumers/Auto/2026%20Auto%20Insurance%20Cost%20Survey.pdf,PDF p.9 (printed p.17) table 'Example #12' row 'USAA' column 'Grand Forks'; printed 6-month value 146,Grand Forks,USAA,nd-2026-ex12,292
nd-2026,ND,2026,https://www.insurance.nd.gov/sites/default/files/documents/Consumers/Auto/2026%20Auto%20Insurance%20Cost%20Survey.pdf,PDF p.9 (printed p.17) table 'Example #12' row 'USAA' column 'Minot'; printed 6-month value 139,Minot,USAA,nd-2026-ex12,278
nd-2026,ND,2026,https://www.insurance.nd.gov/sites/default/files/documents/Consumers/Auto/2026%20Auto%20Insurance%20Cost%20Survey.pdf,PDF p.9 (printed p.17) table 'Example #12' row 'USAA' column 'Remainder of State'; printed 6-month value 139,Remainder of State,USAA,nd-2026-ex12,278
