source_id,state,data_year,url,locator,territory,carrier,profile_id,annual_premium
ok-2026,OK,2026,https://www.oid.ok.gov/wp-content/uploads/2026/09/PPA-Rate-Comparisons-9-1-2026.pdf,"PDF p.1 table 'OKLAHOMA CITY' row 'ALLSTATE FIRE & CASUALTY INS. CO.' column 'A-Male'; printed 6-month value $6,845",OKLAHOMA CITY,ALLSTATE FIRE & CASUALTY INS. CO.,ok-2026-A-male,13690
ok-2026,OK,2026,https://www.oid.ok.gov/wp-content/uploads/2026/09/PPA-Rate-Comparisons-9-1-2026.pdf,"PDF p.1 table 'OKLAHOMA CITY' row 'ALLSTATE FIRE & CASUALTY INS. CO.' column 'A-Female'; printed 6-month value $6,287",OKLAHOMA CITY,ALLSTATE FIRE & CASUALTY INS. CO.,ok-2026-A-female,12574
ok-2026,OK,2026,https://www.oid.ok.gov/wp-content/uploads/2026/09/PPA-Rate-Comparisons-9-1-2026.pdf,"PDF p.1 table 'OKLAHOMA CITY' row 'ALLSTATE FIRE & CASUALTY INS. CO.' column 'B-Male'; printed 6-month value $2,067",OKLAHOMA CITY,ALLSTATE FIRE & CASUALTY INS. CO.,ok-2026-B-male,4134
ok-2026,OK,2026,https://www.oid.ok.gov/wp-content/uploads/2026/09/PPA-Rate-Comparisons-9-1-2026.pdf,"PDF p.1 table 'OKLAHOMA CITY' row 'ALLSTATE FIRE & CASUALTY INS. CO.' column 'B-Female'; printed 6-month value $1,683",OKLAHOMA CITY,ALLSTATE FIRE & CASUALTY INS. CO.,ok-2026-B-female,3366
ok-2026,OK,2026,https://www.oid.ok.gov/wp-content/uploads/2026/09/PPA-Rate-Comparisons-9-1-2026.pdf,"PDF p.1 table 'OKLAHOMA CITY' row 'ALLSTATE FIRE & CASUALTY INS. CO.' column 'C-Male'; printed 6-month value $1,095",OKLAHOMA CITY,ALLSTATE FIRE & CASUALTY INS. CO.,ok-2026-C-male,2190
ok-2026,OK,2026,https://www.oid.ok.gov/wp-content/uploads/2026/09/PPA-Rate-Comparisons-9-1-2026.pdf,"PDF p.1 table 'OKLAHOMA CITY' row 'ALLSTATE FIRE & CASUALTY INS. CO.' column 'C-Female'; printed 6-month value $1,095",OKLAHOMA CITY,ALLSTATE FIRE & CASUALTY INS. CO.,ok-2026-C-female,2190
ok-2026,OK,2026,https://www.oid.ok.gov/wp-content/uploads/2026/09/PPA-Rate-Comparisons-9-1-2026.pdf,"PDF p.1 table 'OKLAHOMA CITY' row 'ALLSTATE FIRE & CASUALTY INS. CO.' column 'D-Male'; printed 6-month value $1,074",OKLAHOMA CITY,ALLSTATE FIRE & CASUALTY INS. CO.,ok-2026-D-male,2148
ok-2026,OK,2026,https://www.oid.ok.gov/wp-content/uploads/2026/09/PPA-Rate-Comparisons-9-1-2026.pdf,"PDF p.1 table 'OKLAHOMA CITY' row 'ALLSTATE FIRE & CASUALTY INS. CO.' column 'D-Female'; printed 6-month value $1,016",OKLAHOMA CITY,ALLSTATE FIRE & CASUALTY INS. CO.,ok-2026-D-female,2032
ok-2026,OK,2026,https://www.oid.ok.gov/wp-content/uploads/2026/09/PPA-Rate-Comparisons-9-1-2026.pdf,"PDF p.1 table 'OKLAHOMA CITY' row 'ALLSTATE FIRE & CASUALTY INS. CO.' column 'E-Male'; printed 6-month value $1,136",OKLAHOMA CITY,ALLSTATE FIRE & CASUALTY INS. CO.,ok-2026-E-male,2272
ok-2026,OK,2026,https://www.oid.ok.gov/wp-content/uploads/2026/09/PPA-Rate-Comparisons-9-1-2026.pdf,"PDF p.1 table 'OKLAHOMA CITY' row 'ALLSTATE FIRE & CASUALTY INS. CO.' column 'E-Female'; printed 6-month value $1,074",OKLAHOMA CITY,ALLSTATE FIRE & CASUALTY INS. CO.,ok-2026-E-female,2148
ok-2026,OK,2026,https://www.oid.ok.gov/wp-content/uploads/2026/09/PPA-Rate-Comparisons-9-1-2026.pdf,"PDF p.1 table 'OKLAHOMA CITY' row 'AMERICAN FARMERS & RANCHERS MUTUAL INS. CO.' column 'A-Male'; printed 6-month value $3,067",OKLAHOMA CITY,AMERICAN FARMERS & RANCHERS MUTUAL INS. CO.,ok-2026-A-male,6134
ok-2026,OK,2026,https://www.oid.ok.gov/wp-content/uploads/2026/09/PPA-Rate-Comparisons-9-1-2026.pdf,"PDF p.1 table 'OKLAHOMA CITY' row 'AMERICAN FARMERS & RANCHERS MUTUAL INS. CO.' column 'A-Female'; printed 6-month value $2,940",OKLAHOMA CITY,AMERICAN FARMERS & RANCHERS MUTUAL INS. CO.,ok-2026-A-female,5880
ok-2026,OK,2026,https://www.oid.ok.gov/wp-content/uploads/2026/09/PPA-Rate-Comparisons-9-1-2026.pdf,"PDF p.1 table 'OKLAHOMA CITY' row 'AMERICAN FARMERS & RANCHERS MUTUAL INS. CO.' column 'B-Male'; printed 6-month value $2,127",OKLAHOMA CITY,AMERICAN FARMERS & RANCHERS MUTUAL INS. CO.,ok-2026-B-male,4254
ok-2026,OK,2026,https://www.oid.ok.gov/wp-content/uploads/2026/09/PPA-Rate-Comparisons-9-1-2026.pdf,"PDF p.1 table 'OKLAHOMA CITY' row 'AMERICAN FARMERS & RANCHERS MUTUAL INS. CO.' column 'B-Female'; printed 6-month value $2,046",OKLAHOMA CITY,AMERICAN FARMERS & RANCHERS MUTUAL INS. CO.,ok-2026-B-female,4092
ok-2026,OK,2026,https://www.oid.ok.gov/wp-content/uploads/2026/09/PPA-Rate-Comparisons-9-1-2026.pdf,"PDF p.1 table 'OKLAHOMA CITY' row 'AMERICAN FARMERS & RANCHERS MUTUAL INS. CO.' column 'C-Male'; printed 6-month value $1,406",OKLAHOMA CITY,AMERICAN FARMERS & RANCHERS MUTUAL INS. CO.,ok-2026-C-male,2812
ok-2026,OK,2026,https://www.oid.ok.gov/wp-content/uploads/2026/09/PPA-Rate-Comparisons-9-1-2026.pdf,"PDF p.1 table 'OKLAHOMA CITY' row 'AMERICAN FARMERS & RANCHERS MUTUAL INS. CO.' column 'C-Female'; printed 6-month value $1,359",OKLAHOMA CITY,AMERICAN FARMERS & RANCHERS MUTUAL INS. CO.,ok-2026-C-female,2718
ok-2026,OK,2026,https://www.oid.ok.gov/wp-content/uploads/2026/09/PPA-Rate-Comparisons-9-1-2026.pdf,"PDF p.1 table 'OKLAHOMA CITY' row 'AMERICAN FARMERS & RANCHERS MUTUAL INS. CO.' column 'D-Male'; printed 6-month value $1,383",OKLAHOMA CITY,AMERICAN FARMERS & RANCHERS MUTUAL INS. CO.,ok-2026-D-male,2766
ok-2026,OK,2026,https://www.oid.ok.gov/wp-content/uploads/2026/09/PPA-Rate-Comparisons-9-1-2026.pdf,"PDF p.1 table 'OKLAHOMA CITY' row 'AMERICAN FARMERS & RANCHERS MUTUAL INS. CO.' column 'D-Female'; printed 6-month value $1,337",OKLAHOMA CITY,AMERICAN FARMERS & RANCHERS MUTUAL INS. CO.,ok-2026-D-female,2674
ok-2026,OK,2026,https://www.oid.ok.gov/wp-content/uploads/2026/09/PPA-Rate-Comparisons-9-1-2026.pdf,"PDF p.1 table 'OKLAHOMA CITY' row 'AMERICAN FARMERS & RANCHERS MUTUAL INS. CO.' column 'E-Male'; printed 6-month value $1,384",OKLAHOMA CITY,AMERICAN FARMERS & RANCHERS MUTUAL INS. CO.,ok-2026-E-male,2768
ok-2026,OK,2026,https://www.oid.ok.gov/wp-content/uploads/2026/09/PPA-Rate-Comparisons-9-1-2026.pdf,"PDF p.1 table 'OKLAHOMA CITY' row 'AMERICAN FARMERS & RANCHERS MUTUAL INS. CO.' column 'E-Female'; printed 6-month value $1,338",OKLAHOMA CITY,AMERICAN FARMERS & RANCHERS MUTUAL INS. CO.,ok-2026-E-female,2676
ok-2026,OK,2026,https://www.oid.ok.gov/wp-content/uploads/2026/09/PPA-Rate-Comparisons-9-1-2026.pdf,"PDF p.1 table 'OKLAHOMA CITY' row 'AMERICAN MERCURY INS. CO.' column 'A-Male'; printed 6-month value $4,689",OKLAHOMA CITY,AMERICAN MERCURY INS. CO.,ok-2026-A-male,9378
ok-2026,OK,2026,https://www.oid.ok.gov/wp-content/uploads/2026/09/PPA-Rate-Comparisons-9-1-2026.pdf,"PDF p.1 table 'OKLAHOMA CITY' row 'AMERICAN MERCURY INS. CO.' column 'A-Female'; printed 6-month value $4,157",OKLAHOMA CITY,AMERICAN MERCURY INS. CO.,ok-2026-A-female,8314
ok-2026,OK,2026,https://www.oid.ok.gov/wp-content/uploads/2026/09/PPA-Rate-Comparisons-9-1-2026.pdf,"PDF p.1 table 'OKLAHOMA CITY' row 'AMERICAN MERCURY INS. CO.' column 'B-Male'; printed 6-month value $2,978",OKLAHOMA CITY,AMERICAN MERCURY INS. CO.,ok-2026-B-male,5956
ok-2026,OK,2026,https://www.oid.ok.gov/wp-content/uploads/2026/09/PPA-Rate-Comparisons-9-1-2026.pdf,"PDF p.1 table 'OKLAHOMA CITY' row 'AMERICAN MERCURY INS. CO.' column 'B-Female'; printed 6-month value $2,336",OKLAHOMA CITY,AMERICAN MERCURY INS. CO.,ok-2026-B-female,4672
ok-2026,OK,2026,https://www.oid.ok.gov/wp-content/uploads/2026/09/PPA-Rate-Comparisons-9-1-2026.pdf,"PDF p.1 table 'OKLAHOMA CITY' row 'AMERICAN MERCURY INS. CO.' column 'C-Male'; printed 6-month value $1,229",OKLAHOMA CITY,AMERICAN MERCURY INS. CO.,ok-2026-C-male,2458
ok-2026,OK,2026,https://www.oid.ok.gov/wp-content/uploads/2026/09/PPA-Rate-Comparisons-9-1-2026.pdf,"PDF p.1 table 'OKLAHOMA CITY' row 'AMERICAN MERCURY INS. CO.' column 'C-Female'; printed 6-month value $1,253",OKLAHOMA CITY,AMERICAN MERCURY INS. CO.,ok-2026-C-female,2506
ok-2026,OK,2026,https://www.oid.ok.gov/wp-content/uploads/2026/09/PPA-Rate-Comparisons-9-1-2026.pdf,PDF p.1 table 'OKLAHOMA CITY' row 'AMERICAN MERCURY INS. CO.' column 'D-Male'; printed 6-month value $980,OKLAHOMA CITY,AMERICAN MERCURY INS. CO.,ok-2026-D-male,1960
ok-2026,OK,2026,https://www.oid.ok.gov/wp-content/uploads/2026/09/PPA-Rate-Comparisons-9-1-2026.pdf,"PDF p.1 table 'OKLAHOMA CITY' row 'AMERICAN MERCURY INS. CO.' column 'D-Female'; printed 6-month value $1,016",OKLAHOMA CITY,AMERICAN MERCURY INS. CO.,ok-2026-D-female,2032
ok-2026,OK,2026,https://www.oid.ok.gov/wp-content/uploads/2026/09/PPA-Rate-Comparisons-9-1-2026.pdf,"PDF p.1 table 'OKLAHOMA CITY' row 'AMERICAN MERCURY INS. CO.' column 'E-Male'; printed 6-month value $1,082",OKLAHOMA CITY,AMERICAN MERCURY INS. CO.,ok-2026-E-male,2164
ok-2026,OK,2026,https://www.oid.ok.gov/wp-content/uploads/2026/09/PPA-Rate-Comparisons-9-1-2026.pdf,"PDF p.1 table 'OKLAHOMA CITY' row 'AMERICAN MERCURY INS. CO.' column 'E-Female'; printed 6-month value $1,103",OKLAHOMA CITY,AMERICAN MERCURY INS. CO.,ok-2026-E-female,2206
ok-2026,OK,2026,https://www.oid.ok.gov/wp-content/uploads/2026/09/PPA-Rate-Comparisons-9-1-2026.pdf,"PDF p.1 table 'OKLAHOMA CITY' row 'CSAA GENERAL INS. CO.' column 'A-Male'; printed 6-month value $5,653",OKLAHOMA CITY,CSAA GENERAL INS. CO.,ok-2026-A-male,11306
ok-2026,OK,2026,https://www.oid.ok.gov/wp-content/uploads/2026/09/PPA-Rate-Comparisons-9-1-2026.pdf,"PDF p.1 table 'OKLAHOMA CITY' row 'CSAA GENERAL INS. CO.' column 'A-Female'; printed 6-month value $5,775",OKLAHOMA CITY,CSAA GENERAL INS. CO.,ok-2026-A-female,11550
ok-2026,OK,2026,https://www.oid.ok.gov/wp-content/uploads/2026/09/PPA-Rate-Comparisons-9-1-2026.pdf,"PDF p.1 table 'OKLAHOMA CITY' row 'CSAA GENERAL INS. CO.' column 'B-Male'; printed 6-month value $1,724",OKLAHOMA CITY,CSAA GENERAL INS. CO.,ok-2026-B-male,3448
ok-2026,OK,2026,https://www.oid.ok.gov/wp-content/uploads/2026/09/PPA-Rate-Comparisons-9-1-2026.pdf,"PDF p.1 table 'OKLAHOMA CITY' row 'CSAA GENERAL INS. CO.' column 'B-Female'; printed 6-month value $1,735",OKLAHOMA CITY,CSAA GENERAL INS. CO.,ok-2026-B-female,3470
ok-2026,OK,2026,https://www.oid.ok.gov/wp-content/uploads/2026/09/PPA-Rate-Comparisons-9-1-2026.pdf,"PDF p.1 table 'OKLAHOMA CITY' row 'CSAA GENERAL INS. CO.' column 'C-Male'; printed 6-month value $1,153",OKLAHOMA CITY,CSAA GENERAL INS. CO.,ok-2026-C-male,2306
ok-2026,OK,2026,https://www.oid.ok.gov/wp-content/uploads/2026/09/PPA-Rate-Comparisons-9-1-2026.pdf,"PDF p.1 table 'OKLAHOMA CITY' row 'CSAA GENERAL INS. CO.' column 'C-Female'; printed 6-month value $1,054",OKLAHOMA CITY,CSAA GENERAL INS. CO.,ok-2026-C-female,2108
ok-2026,OK,2026,https://www.oid.ok.gov/wp-content/uploads/2026/09/PPA-Rate-Comparisons-9-1-2026.pdf,"PDF p.1 table 'OKLAHOMA CITY' row 'CSAA GENERAL INS. CO.' column 'D-Male'; printed 6-month value $1,028",OKLAHOMA CITY,CSAA GENERAL INS. CO.,ok-2026-D-male,2056
ok-2026,OK,2026,https://www.oid.ok.gov/wp-content/uploads/2026/09/PPA-Rate-Comparisons-9-1-2026.pdf,PDF p.1 table 'OKLAHOMA CITY' row 'CSAA GENERAL INS. CO.' column 'D-Female'; printed 6-month value $908,OKLAHOMA CITY,CSAA GENERAL INS. CO.,ok-2026-D-female,1816
ok-2026,OK,2026,https://www.oid.ok.gov/wp-content/uploads/2026/09/PPA-Rate-Comparisons-9-1-2026.pdf,"PDF p.1 table 'OKLAHOMA CITY' row 'CSAA GENERAL INS. CO.' column 'E-Male'; printed 6-month value $1,128",OKLAHOMA CITY,CSAA GENERAL INS. CO.,ok-2026-E-male,2256
ok-2026,OK,2026,https://www.oid.ok.gov/wp-content/uploads/2026/09/PPA-Rate-Comparisons-9-1-2026.pdf,PDF p.1 table 'OKLAHOMA CITY' row 'CSAA GENERAL INS. CO.' column 'E-Female'; printed 6-month value $919,OKLAHOMA CITY,CSAA GENERAL INS. CO.,ok-2026-E-female,1838
ok-2026,OK,2026,https://www.oid.ok.gov/wp-content/uploads/2026/09/PPA-Rate-Comparisons-9-1-2026.pdf,"PDF p.1 table 'OKLAHOMA CITY' row 'EQUITY INSURANCE COMPANY' column 'A-Male'; printed 6-month value $5,700",OKLAHOMA CITY,EQUITY INSURANCE COMPANY,ok-2026-A-male,11400
ok-2026,OK,2026,https://www.oid.ok.gov/wp-content/uploads/2026/09/PPA-Rate-Comparisons-9-1-2026.pdf,"PDF p.1 table 'OKLAHOMA CITY' row 'EQUITY INSURANCE COMPANY' column 'A-Female'; printed 6-month value $4,138",OKLAHOMA CITY,EQUITY INSURANCE COMPANY,ok-2026-A-female,8276
ok-2026,OK,2026,https://www.oid.ok.gov/wp-content/uploads/2026/09/PPA-Rate-Comparisons-9-1-2026.pdf,"PDF p.1 table 'OKLAHOMA CITY' row 'EQUITY INSURANCE COMPANY' column 'B-Male'; printed 6-month value $3,060",OKLAHOMA CITY,EQUITY INSURANCE COMPANY,ok-2026-B-male,6120
ok-2026,OK,2026,https://www.oid.ok.gov/wp-content/uploads/2026/09/PPA-Rate-Comparisons-9-1-2026.pdf,"PDF p.1 table 'OKLAHOMA CITY' row 'EQUITY INSURANCE COMPANY' column 'B-Female'; printed 6-month value $2,760",OKLAHOMA CITY,EQUITY INSURANCE COMPANY,ok-2026-B-female,5520
ok-2026,OK,2026,https://www.oid.ok.gov/wp-content/uploads/2026/09/PPA-Rate-Comparisons-9-1-2026.pdf,"PDF p.1 table 'OKLAHOMA CITY' row 'EQUITY INSURANCE COMPANY' column 'C-Male'; printed 6-month value $1,686",OKLAHOMA CITY,EQUITY INSURANCE COMPANY,ok-2026-C-male,3372
ok-2026,OK,2026,https://www.oid.ok.gov/wp-content/uploads/2026/09/PPA-Rate-Comparisons-9-1-2026.pdf,"PDF p.1 table 'OKLAHOMA CITY' row 'EQUITY INSURANCE COMPANY' column 'C-Female'; printed 6-month value $1,639",OKLAHOMA CITY,EQUITY INSURANCE COMPANY,ok-2026-C-female,3278
ok-2026,OK,2026,https://www.oid.ok.gov/wp-content/uploads/2026/09/PPA-Rate-Comparisons-9-1-2026.pdf,"PDF p.1 table 'OKLAHOMA CITY' row 'EQUITY INSURANCE COMPANY' column 'D-Male'; printed 6-month value $1,574",OKLAHOMA CITY,EQUITY INSURANCE COMPANY,ok-2026-D-male,3148
ok-2026,OK,2026,https://www.oid.ok.gov/wp-content/uploads/2026/09/PPA-Rate-Comparisons-9-1-2026.pdf,"PDF p.1 table 'OKLAHOMA CITY' row 'EQUITY INSURANCE COMPANY' column 'D-Female'; printed 6-month value $1,633",OKLAHOMA CITY,EQUITY INSURANCE COMPANY,ok-2026-D-female,3266
ok-2026,OK,2026,https://www.oid.ok.gov/wp-content/uploads/2026/09/PPA-Rate-Comparisons-9-1-2026.pdf,"PDF p.1 table 'OKLAHOMA CITY' row 'EQUITY INSURANCE COMPANY' column 'E-Male'; printed 6-month value $1,979",OKLAHOMA CITY,EQUITY INSURANCE COMPANY,ok-2026-E-male,3958
ok-2026,OK,2026,https://www.oid.ok.gov/wp-content/uploads/2026/09/PPA-Rate-Comparisons-9-1-2026.pdf,"PDF p.1 table 'OKLAHOMA CITY' row 'EQUITY INSURANCE COMPANY' column 'E-Female'; printed 6-month value $1,925",OKLAHOMA CITY,EQUITY INSURANCE COMPANY,ok-2026-E-female,3850
ok-2026,OK,2026,https://www.oid.ok.gov/wp-content/uploads/2026/09/PPA-Rate-Comparisons-9-1-2026.pdf,"PDF p.1 table 'OKLAHOMA CITY' row 'FARMERS INSURANCE COMPANY (**Mid-Century Insurance Company)' column 'A-Male'; printed 6-month value $4,365",OKLAHOMA CITY,FARMERS INSURANCE COMPANY (**Mid-Century Insurance Company),ok-2026-A-male,8730
ok-2026,OK,2026,https://www.oid.ok.gov/wp-content/uploads/2026/09/PPA-Rate-Comparisons-9-1-2026.pdf,"PDF p.1 table 'OKLAHOMA CITY' row 'FARMERS INSURANCE COMPANY (**Mid-Century Insurance Company)' column 'A-Female'; printed 6-month value $3,367",OKLAHOMA CITY,FARMERS INSURANCE COMPANY (**Mid-Century Insurance Company),ok-2026-A-female,6734
ok-2026,OK,2026,https://www.oid.ok.gov/wp-content/uploads/2026/09/PPA-Rate-Comparisons-9-1-2026.pdf,"PDF p.1 table 'OKLAHOMA CITY' row 'FARMERS INSURANCE COMPANY (**Mid-Century Insurance Company)' column 'B-Male'; printed 6-month value $1,825",OKLAHOMA CITY,FARMERS INSURANCE COMPANY (**Mid-Century Insurance Company),ok-2026-B-male,3650
ok-2026,OK,2026,https://www.oid.ok.gov/wp-content/uploads/2026/09/PPA-Rate-Comparisons-9-1-2026.pdf,"PDF p.1 table 'OKLAHOMA CITY' row 'FARMERS INSURANCE COMPANY (**Mid-Century Insurance Company)' column 'B-Female'; printed 6-month value $1,552",OKLAHOMA CITY,FARMERS INSURANCE COMPANY (**Mid-Century Insurance Company),ok-2026-B-female,3104
ok-2026,OK,2026,https://www.oid.ok.gov/wp-content/uploads/2026/09/PPA-Rate-Comparisons-9-1-2026.pdf,PDF p.1 table 'OKLAHOMA CITY' row 'FARMERS INSURANCE COMPANY (**Mid-Century Insurance Company)' column 'C-Male'; printed 6-month value $842,OKLAHOMA CITY,FARMERS INSURANCE COMPANY (**Mid-Century Insurance Company),ok-2026-C-male,1684
ok-2026,OK,2026,https://www.oid.ok.gov/wp-content/uploads/2026/09/PPA-Rate-Comparisons-9-1-2026.pdf,PDF p.1 table 'OKLAHOMA CITY' row 'FARMERS INSURANCE COMPANY (**Mid-Century Insurance Company)' column 'C-Female'; printed 6-month value $933,OKLAHOMA CITY,FARMERS INSURANCE COMPANY (**Mid-Century Insurance Company),ok-2026-C-female,1866
ok-2026,OK,2026,https://www.oid.ok.gov/wp-content/uploads/2026/09/PPA-Rate-Comparisons-9-1-2026.pdf,PDF p.1 table 'OKLAHOMA CITY' row 'FARMERS INSURANCE COMPANY (**Mid-Century Insurance Company)' column 'D-Male'; printed 6-month value $737,OKLAHOMA CITY,FARMERS INSURANCE COMPANY (**Mid-Century Insurance Company),ok-2026-D-male,1474
ok-2026,OK,2026,https://www.oid.ok.gov/wp-content/uploads/2026/09/PPA-Rate-Comparisons-9-1-2026.pdf,PDF p.1 table 'OKLAHOMA CITY' row 'FARMERS INSURANCE COMPANY (**Mid-Century Insurance Company)' column 'D-Female'; printed 6-month value $756,OKLAHOMA CITY,FARMERS INSURANCE COMPANY (**Mid-Century Insurance Company),ok-2026-D-female,1512
ok-2026,OK,2026,https://www.oid.ok.gov/wp-content/uploads/2026/09/PPA-Rate-Comparisons-9-1-2026.pdf,PDF p.1 table 'OKLAHOMA CITY' row 'FARMERS INSURANCE COMPANY (**Mid-Century Insurance Company)' column 'E-Male'; printed 6-month value $653,OKLAHOMA CITY,FARMERS INSURANCE COMPANY (**Mid-Century Insurance Company),ok-2026-E-male,1306
ok-2026,OK,2026,https://www.oid.ok.gov/wp-content/uploads/2026/09/PPA-Rate-Comparisons-9-1-2026.pdf,PDF p.1 table 'OKLAHOMA CITY' row 'FARMERS INSURANCE COMPANY (**Mid-Century Insurance Company)' column 'E-Female'; printed 6-month value $714,OKLAHOMA CITY,FARMERS INSURANCE COMPANY (**Mid-Century Insurance Company),ok-2026-E-female,1428
ok-2026,OK,2026,https://www.oid.ok.gov/wp-content/uploads/2026/09/PPA-Rate-Comparisons-9-1-2026.pdf,"PDF p.1 table 'OKLAHOMA CITY' row 'GARRISON PROPERTY & CASUALTY INSURANCE CO.' column 'A-Male'; printed 6-month value $3,902",OKLAHOMA CITY,GARRISON PROPERTY & CASUALTY INSURANCE CO.,ok-2026-A-male,7804
ok-2026,OK,2026,https://www.oid.ok.gov/wp-content/uploads/2026/09/PPA-Rate-Comparisons-9-1-2026.pdf,"PDF p.1 table 'OKLAHOMA CITY' row 'GARRISON PROPERTY & CASUALTY INSURANCE CO.' column 'A-Female'; printed 6-month value $3,764",OKLAHOMA CITY,GARRISON PROPERTY & CASUALTY INSURANCE CO.,ok-2026-A-female,7528
ok-2026,OK,2026,https://www.oid.ok.gov/wp-content/uploads/2026/09/PPA-Rate-Comparisons-9-1-2026.pdf,"PDF p.1 table 'OKLAHOMA CITY' row 'GARRISON PROPERTY & CASUALTY INSURANCE CO.' column 'B-Male'; printed 6-month value $1,414",OKLAHOMA CITY,GARRISON PROPERTY & CASUALTY INSURANCE CO.,ok-2026-B-male,2828
ok-2026,OK,2026,https://www.oid.ok.gov/wp-content/uploads/2026/09/PPA-Rate-Comparisons-9-1-2026.pdf,"PDF p.1 table 'OKLAHOMA CITY' row 'GARRISON PROPERTY & CASUALTY INSURANCE CO.' column 'B-Female'; printed 6-month value $1,364",OKLAHOMA CITY,GARRISON PROPERTY & CASUALTY INSURANCE CO.,ok-2026-B-female,2728
ok-2026,OK,2026,https://www.oid.ok.gov/wp-content/uploads/2026/09/PPA-Rate-Comparisons-9-1-2026.pdf,PDF p.1 table 'OKLAHOMA CITY' row 'GARRISON PROPERTY & CASUALTY INSURANCE CO.' column 'C-Male'; printed 6-month value $786,OKLAHOMA CITY,GARRISON PROPERTY & CASUALTY INSURANCE CO.,ok-2026-C-male,1572
ok-2026,OK,2026,https://www.oid.ok.gov/wp-content/uploads/2026/09/PPA-Rate-Comparisons-9-1-2026.pdf,PDF p.1 table 'OKLAHOMA CITY' row 'GARRISON PROPERTY & CASUALTY INSURANCE CO.' column 'C-Female'; printed 6-month value $769,OKLAHOMA CITY,GARRISON PROPERTY & CASUALTY INSURANCE CO.,ok-2026-C-female,1538
ok-2026,OK,2026,https://www.oid.ok.gov/wp-content/uploads/2026/09/PPA-Rate-Comparisons-9-1-2026.pdf,PDF p.1 table 'OKLAHOMA CITY' row 'GARRISON PROPERTY & CASUALTY INSURANCE CO.' column 'D-Male'; printed 6-month value $699,OKLAHOMA CITY,GARRISON PROPERTY & CASUALTY INSURANCE CO.,ok-2026-D-male,1398
ok-2026,OK,2026,https://www.oid.ok.gov/wp-content/uploads/2026/09/PPA-Rate-Comparisons-9-1-2026.pdf,PDF p.1 table 'OKLAHOMA CITY' row 'GARRISON PROPERTY & CASUALTY INSURANCE CO.' column 'D-Female'; printed 6-month value $696,OKLAHOMA CITY,GARRISON PROPERTY & CASUALTY INSURANCE CO.,ok-2026-D-female,1392
ok-2026,OK,2026,https://www.oid.ok.gov/wp-content/uploads/2026/09/PPA-Rate-Comparisons-9-1-2026.pdf,PDF p.1 table 'OKLAHOMA CITY' row 'GARRISON PROPERTY & CASUALTY INSURANCE CO.' column 'E-Male'; printed 6-month value $715,OKLAHOMA CITY,GARRISON PROPERTY & CASUALTY INSURANCE CO.,ok-2026-E-male,1430
ok-2026,OK,2026,https://www.oid.ok.gov/wp-content/uploads/2026/09/PPA-Rate-Comparisons-9-1-2026.pdf,PDF p.1 table 'OKLAHOMA CITY' row 'GARRISON PROPERTY & CASUALTY INSURANCE CO.' column 'E-Female'; printed 6-month value $719,OKLAHOMA CITY,GARRISON PROPERTY & CASUALTY INSURANCE CO.,ok-2026-E-female,1438
ok-2026,OK,2026,https://www.oid.ok.gov/wp-content/uploads/2026/09/PPA-Rate-Comparisons-9-1-2026.pdf,"PDF p.1 table 'OKLAHOMA CITY' row 'GEICO SECURE INS. CO. (*GEICO CASUALTY CO.)' column 'A-Male'; printed 6-month value $2,065",OKLAHOMA CITY,GEICO SECURE INS. CO. (*GEICO CASUALTY CO.),ok-2026-A-male,4130
ok-2026,OK,2026,https://www.oid.ok.gov/wp-content/uploads/2026/09/PPA-Rate-Comparisons-9-1-2026.pdf,"PDF p.1 table 'OKLAHOMA CITY' row 'GEICO SECURE INS. CO. (*GEICO CASUALTY CO.)' column 'A-Female'; printed 6-month value $2,101",OKLAHOMA CITY,GEICO SECURE INS. CO. (*GEICO CASUALTY CO.),ok-2026-A-female,4202
ok-2026,OK,2026,https://www.oid.ok.gov/wp-content/uploads/2026/09/PPA-Rate-Comparisons-9-1-2026.pdf,PDF p.1 table 'OKLAHOMA CITY' row 'GEICO SECURE INS. CO. (*GEICO CASUALTY CO.)' column 'B-Male'; printed 6-month value $649,OKLAHOMA CITY,GEICO SECURE INS. CO. (*GEICO CASUALTY CO.),ok-2026-B-male,1298
ok-2026,OK,2026,https://www.oid.ok.gov/wp-content/uploads/2026/09/PPA-Rate-Comparisons-9-1-2026.pdf,PDF p.1 table 'OKLAHOMA CITY' row 'GEICO SECURE INS. CO. (*GEICO CASUALTY CO.)' column 'B-Female'; printed 6-month value $660,OKLAHOMA CITY,GEICO SECURE INS. CO. (*GEICO CASUALTY CO.),ok-2026-B-female,1320
ok-2026,OK,2026,https://www.oid.ok.gov/wp-content/uploads/2026/09/PPA-Rate-Comparisons-9-1-2026.pdf,PDF p.1 table 'OKLAHOMA CITY' row 'GEICO SECURE INS. CO. (*GEICO CASUALTY CO.)' column 'C-Male'; printed 6-month value $391,OKLAHOMA CITY,GEICO SECURE INS. CO. (*GEICO CASUALTY CO.),ok-2026-C-male,782
ok-2026,OK,2026,https://www.oid.ok.gov/wp-content/uploads/2026/09/PPA-Rate-Comparisons-9-1-2026.pdf,PDF p.1 table 'OKLAHOMA CITY' row 'GEICO SECURE INS. CO. (*GEICO CASUALTY CO.)' column 'C-Female'; printed 6-month value $391,OKLAHOMA CITY,GEICO SECURE INS. CO. (*GEICO CASUALTY CO.),ok-2026-C-female,782
ok-2026,OK,2026,https://www.oid.ok.gov/wp-content/uploads/2026/09/PPA-Rate-Comparisons-9-1-2026.pdf,PDF p.1 table 'OKLAHOMA CITY' row 'GEICO SECURE INS. CO. (*GEICO CASUALTY CO.)' column 'D-Male'; printed 6-month value $371,OKLAHOMA CITY,GEICO SECURE INS. CO. (*GEICO CASUALTY CO.),ok-2026-D-male,742
ok-2026,OK,2026,https://www.oid.ok.gov/wp-content/uploads/2026/09/PPA-Rate-Comparisons-9-1-2026.pdf,PDF p.1 table 'OKLAHOMA CITY' row 'GEICO SECURE INS. CO. (*GEICO CASUALTY CO.)' column 'D-Female'; printed 6-month value $371,OKLAHOMA CITY,GEICO SECURE INS. CO. (*GEICO CASUALTY CO.),ok-2026-D-female,742
ok-2026,OK,2026,https://www.oid.ok.gov/wp-content/uploads/2026/09/PPA-Rate-Comparisons-9-1-2026.pdf,PDF p.1 table 'OKLAHOMA CITY' row 'GEICO SECURE INS. CO. (*GEICO CASUALTY CO.)' column 'E-Male'; printed 6-month value $392,OKLAHOMA CITY,GEICO SECURE INS. CO. (*GEICO CASUALTY CO.),ok-2026-E-male,784
ok-2026,OK,2026,https://www.oid.ok.gov/wp-content/uploads/2026/09/PPA-Rate-Comparisons-9-1-2026.pdf,PDF p.1 table 'OKLAHOMA CITY' row 'GEICO SECURE INS. CO. (*GEICO CASUALTY CO.)' column 'E-Female'; printed 6-month value $392,OKLAHOMA CITY,GEICO SECURE INS. CO. (*GEICO CASUALTY CO.),ok-2026-E-female,784
ok-2026,OK,2026,https://www.oid.ok.gov/wp-content/uploads/2026/09/PPA-Rate-Comparisons-9-1-2026.pdf,"PDF p.1 table 'OKLAHOMA CITY' row 'OKLAHOMA FARM BUREAU MUTUAL INS. CO.' column 'A-Male'; printed 6-month value $4,494",OKLAHOMA CITY,OKLAHOMA FARM BUREAU MUTUAL INS. CO.,ok-2026-A-male,8988
ok-2026,OK,2026,https://www.oid.ok.gov/wp-content/uploads/2026/09/PPA-Rate-Comparisons-9-1-2026.pdf,"PDF p.1 table 'OKLAHOMA CITY' row 'OKLAHOMA FARM BUREAU MUTUAL INS. CO.' column 'A-Female'; printed 6-month value $2,796",OKLAHOMA CITY,OKLAHOMA FARM BUREAU MUTUAL INS. CO.,ok-2026-A-female,5592
ok-2026,OK,2026,https://www.oid.ok.gov/wp-content/uploads/2026/09/PPA-Rate-Comparisons-9-1-2026.pdf,"PDF p.1 table 'OKLAHOMA CITY' row 'OKLAHOMA FARM BUREAU MUTUAL INS. CO.' column 'B-Male'; printed 6-month value $2,590",OKLAHOMA CITY,OKLAHOMA FARM BUREAU MUTUAL INS. CO.,ok-2026-B-male,5180
ok-2026,OK,2026,https://www.oid.ok.gov/wp-content/uploads/2026/09/PPA-Rate-Comparisons-9-1-2026.pdf,"PDF p.1 table 'OKLAHOMA CITY' row 'OKLAHOMA FARM BUREAU MUTUAL INS. CO.' column 'B-Female'; printed 6-month value $1,907",OKLAHOMA CITY,OKLAHOMA FARM BUREAU MUTUAL INS. CO.,ok-2026-B-female,3814
ok-2026,OK,2026,https://www.oid.ok.gov/wp-content/uploads/2026/09/PPA-Rate-Comparisons-9-1-2026.pdf,"PDF p.1 table 'OKLAHOMA CITY' row 'OKLAHOMA FARM BUREAU MUTUAL INS. CO.' column 'C-Male'; printed 6-month value $1,134",OKLAHOMA CITY,OKLAHOMA FARM BUREAU MUTUAL INS. CO.,ok-2026-C-male,2268
ok-2026,OK,2026,https://www.oid.ok.gov/wp-content/uploads/2026/09/PPA-Rate-Comparisons-9-1-2026.pdf,"PDF p.1 table 'OKLAHOMA CITY' row 'OKLAHOMA FARM BUREAU MUTUAL INS. CO.' column 'C-Female'; printed 6-month value $1,134",OKLAHOMA CITY,OKLAHOMA FARM BUREAU MUTUAL INS. CO.,ok-2026-C-female,2268
ok-2026,OK,2026,https://www.oid.ok.gov/wp-content/uploads/2026/09/PPA-Rate-Comparisons-9-1-2026.pdf,"PDF p.1 table 'OKLAHOMA CITY' row 'OKLAHOMA FARM BUREAU MUTUAL INS. CO.' column 'D-Male'; printed 6-month value $1,021",OKLAHOMA CITY,OKLAHOMA FARM BUREAU MUTUAL INS. CO.,ok-2026-D-male,2042
ok-2026,OK,2026,https://www.oid.ok.gov/wp-content/uploads/2026/09/PPA-Rate-Comparisons-9-1-2026.pdf,"PDF p.1 table 'OKLAHOMA CITY' row 'OKLAHOMA FARM BUREAU MUTUAL INS. CO.' column 'D-Female'; printed 6-month value $1,021",OKLAHOMA CITY,OKLAHOMA FARM BUREAU MUTUAL INS. CO.,ok-2026-D-female,2042
ok-2026,OK,2026,https://www.oid.ok.gov/wp-content/uploads/2026/09/PPA-Rate-Comparisons-9-1-2026.pdf,PDF p.1 table 'OKLAHOMA CITY' row 'OKLAHOMA FARM BUREAU MUTUAL INS. CO.' column 'E-Male'; printed 6-month value $939,OKLAHOMA CITY,OKLAHOMA FARM BUREAU MUTUAL INS. CO.,ok-2026-E-male,1878
ok-2026,OK,2026,https://www.oid.ok.gov/wp-content/uploads/2026/09/PPA-Rate-Comparisons-9-1-2026.pdf,PDF p.1 table 'OKLAHOMA CITY' row 'OKLAHOMA FARM BUREAU MUTUAL INS. CO.' column 'E-Female'; printed 6-month value $939,OKLAHOMA CITY,OKLAHOMA FARM BUREAU MUTUAL INS. CO.,ok-2026-E-female,1878
ok-2026,OK,2026,https://www.oid.ok.gov/wp-content/uploads/2026/09/PPA-Rate-Comparisons-9-1-2026.pdf,"PDF p.1 table 'OKLAHOMA CITY' row 'PROGRESSIVE DIRECT INS. CO.' column 'A-Male'; printed 6-month value $4,494",OKLAHOMA CITY,PROGRESSIVE DIRECT INS. CO.,ok-2026-A-male,8988
ok-2026,OK,2026,https://www.oid.ok.gov/wp-content/uploads/2026/09/PPA-Rate-Comparisons-9-1-2026.pdf,"PDF p.1 table 'OKLAHOMA CITY' row 'PROGRESSIVE DIRECT INS. CO.' column 'A-Female'; printed 6-month value $3,975",OKLAHOMA CITY,PROGRESSIVE DIRECT INS. CO.,ok-2026-A-female,7950
ok-2026,OK,2026,https://www.oid.ok.gov/wp-content/uploads/2026/09/PPA-Rate-Comparisons-9-1-2026.pdf,"PDF p.1 table 'OKLAHOMA CITY' row 'PROGRESSIVE DIRECT INS. CO.' column 'B-Male'; printed 6-month value $1,718",OKLAHOMA CITY,PROGRESSIVE DIRECT INS. CO.,ok-2026-B-male,3436
ok-2026,OK,2026,https://www.oid.ok.gov/wp-content/uploads/2026/09/PPA-Rate-Comparisons-9-1-2026.pdf,"PDF p.1 table 'OKLAHOMA CITY' row 'PROGRESSIVE DIRECT INS. CO.' column 'B-Female'; printed 6-month value $1,488",OKLAHOMA CITY,PROGRESSIVE DIRECT INS. CO.,ok-2026-B-female,2976
ok-2026,OK,2026,https://www.oid.ok.gov/wp-content/uploads/2026/09/PPA-Rate-Comparisons-9-1-2026.pdf,"PDF p.1 table 'OKLAHOMA CITY' row 'PROGRESSIVE DIRECT INS. CO.' column 'C-Male'; printed 6-month value $1,006",OKLAHOMA CITY,PROGRESSIVE DIRECT INS. CO.,ok-2026-C-male,2012
ok-2026,OK,2026,https://www.oid.ok.gov/wp-content/uploads/2026/09/PPA-Rate-Comparisons-9-1-2026.pdf,PDF p.1 table 'OKLAHOMA CITY' row 'PROGRESSIVE DIRECT INS. CO.' column 'C-Female'; printed 6-month value $972,OKLAHOMA CITY,PROGRESSIVE DIRECT INS. CO.,ok-2026-C-female,1944
ok-2026,OK,2026,https://www.oid.ok.gov/wp-content/uploads/2026/09/PPA-Rate-Comparisons-9-1-2026.pdf,PDF p.1 table 'OKLAHOMA CITY' row 'PROGRESSIVE DIRECT INS. CO.' column 'D-Male'; printed 6-month value $846,OKLAHOMA CITY,PROGRESSIVE DIRECT INS. CO.,ok-2026-D-male,1692
ok-2026,OK,2026,https://www.oid.ok.gov/wp-content/uploads/2026/09/PPA-Rate-Comparisons-9-1-2026.pdf,PDF p.1 table 'OKLAHOMA CITY' row 'PROGRESSIVE DIRECT INS. CO.' column 'D-Female'; printed 6-month value $769,OKLAHOMA CITY,PROGRESSIVE DIRECT INS. CO.,ok-2026-D-female,1538
ok-2026,OK,2026,https://www.oid.ok.gov/wp-content/uploads/2026/09/PPA-Rate-Comparisons-9-1-2026.pdf,PDF p.1 table 'OKLAHOMA CITY' row 'PROGRESSIVE DIRECT INS. CO.' column 'E-Male'; printed 6-month value $826,OKLAHOMA CITY,PROGRESSIVE DIRECT INS. CO.,ok-2026-E-male,1652
ok-2026,OK,2026,https://www.oid.ok.gov/wp-content/uploads/2026/09/PPA-Rate-Comparisons-9-1-2026.pdf,PDF p.1 table 'OKLAHOMA CITY' row 'PROGRESSIVE DIRECT INS. CO.' column 'E-Female'; printed 6-month value $773,OKLAHOMA CITY,PROGRESSIVE DIRECT INS. CO.,ok-2026-E-female,1546
ok-2026,OK,2026,https://www.oid.ok.gov/wp-content/uploads/2026/09/PPA-Rate-Comparisons-9-1-2026.pdf,"PDF p.1 table 'OKLAHOMA CITY' row 'PROGRESSIVE NORTHERN INS. CO.' column 'A-Male'; printed 6-month value $4,861",OKLAHOMA CITY,PROGRESSIVE NORTHERN INS. CO.,ok-2026-A-male,9722
ok-2026,OK,2026,https://www.oid.ok.gov/wp-content/uploads/2026/09/PPA-Rate-Comparisons-9-1-2026.pdf,"PDF p.1 table 'OKLAHOMA CITY' row 'PROGRESSIVE NORTHERN INS. CO.' column 'A-Female'; printed 6-month value $4,247",OKLAHOMA CITY,PROGRESSIVE NORTHERN INS. CO.,ok-2026-A-female,8494
ok-2026,OK,2026,https://www.oid.ok.gov/wp-content/uploads/2026/09/PPA-Rate-Comparisons-9-1-2026.pdf,"PDF p.1 table 'OKLAHOMA CITY' row 'PROGRESSIVE NORTHERN INS. CO.' column 'B-Male'; printed 6-month value $1,742",OKLAHOMA CITY,PROGRESSIVE NORTHERN INS. CO.,ok-2026-B-male,3484
ok-2026,OK,2026,https://www.oid.ok.gov/wp-content/uploads/2026/09/PPA-Rate-Comparisons-9-1-2026.pdf,"PDF p.1 table 'OKLAHOMA CITY' row 'PROGRESSIVE NORTHERN INS. CO.' column 'B-Female'; printed 6-month value $1,409",OKLAHOMA CITY,PROGRESSIVE NORTHERN INS. CO.,ok-2026-B-female,2818
ok-2026,OK,2026,https://www.oid.ok.gov/wp-content/uploads/2026/09/PPA-Rate-Comparisons-9-1-2026.pdf,"PDF p.1 table 'OKLAHOMA CITY' row 'PROGRESSIVE NORTHERN INS. CO.' column 'C-Male'; printed 6-month value $1,033",OKLAHOMA CITY,PROGRESSIVE NORTHERN INS. CO.,ok-2026-C-male,2066
ok-2026,OK,2026,https://www.oid.ok.gov/wp-content/uploads/2026/09/PPA-Rate-Comparisons-9-1-2026.pdf,PDF p.1 table 'OKLAHOMA CITY' row 'PROGRESSIVE NORTHERN INS. CO.' column 'C-Female'; printed 6-month value $929,OKLAHOMA CITY,PROGRESSIVE NORTHERN INS. CO.,ok-2026-C-female,1858
ok-2026,OK,2026,https://www.oid.ok.gov/wp-content/uploads/2026/09/PPA-Rate-Comparisons-9-1-2026.pdf,PDF p.1 table 'OKLAHOMA CITY' row 'PROGRESSIVE NORTHERN INS. CO.' column 'D-Male'; printed 6-month value $761,OKLAHOMA CITY,PROGRESSIVE NORTHERN INS. CO.,ok-2026-D-male,1522
ok-2026,OK,2026,https://www.oid.ok.gov/wp-content/uploads/2026/09/PPA-Rate-Comparisons-9-1-2026.pdf,PDF p.1 table 'OKLAHOMA CITY' row 'PROGRESSIVE NORTHERN INS. CO.' column 'D-Female'; printed 6-month value $687,OKLAHOMA CITY,PROGRESSIVE NORTHERN INS. CO.,ok-2026-D-female,1374
ok-2026,OK,2026,https://www.oid.ok.gov/wp-content/uploads/2026/09/PPA-Rate-Comparisons-9-1-2026.pdf,PDF p.1 table 'OKLAHOMA CITY' row 'PROGRESSIVE NORTHERN INS. CO.' column 'E-Male'; printed 6-month value $735,OKLAHOMA CITY,PROGRESSIVE NORTHERN INS. CO.,ok-2026-E-male,1470
ok-2026,OK,2026,https://www.oid.ok.gov/wp-content/uploads/2026/09/PPA-Rate-Comparisons-9-1-2026.pdf,PDF p.1 table 'OKLAHOMA CITY' row 'PROGRESSIVE NORTHERN INS. CO.' column 'E-Female'; printed 6-month value $659,OKLAHOMA CITY,PROGRESSIVE NORTHERN INS. CO.,ok-2026-E-female,1318
ok-2026,OK,2026,https://www.oid.ok.gov/wp-content/uploads/2026/09/PPA-Rate-Comparisons-9-1-2026.pdf,"PDF p.1 table 'OKLAHOMA CITY' row 'SAFECO INSURANCE CO. OF AMERICA' column 'A-Male'; printed 6-month value $2,222",OKLAHOMA CITY,SAFECO INSURANCE CO. OF AMERICA,ok-2026-A-male,4444
ok-2026,OK,2026,https://www.oid.ok.gov/wp-content/uploads/2026/09/PPA-Rate-Comparisons-9-1-2026.pdf,"PDF p.1 table 'OKLAHOMA CITY' row 'SAFECO INSURANCE CO. OF AMERICA' column 'A-Female'; printed 6-month value $2,034",OKLAHOMA CITY,SAFECO INSURANCE CO. OF AMERICA,ok-2026-A-female,4068
ok-2026,OK,2026,https://www.oid.ok.gov/wp-content/uploads/2026/09/PPA-Rate-Comparisons-9-1-2026.pdf,PDF p.1 table 'OKLAHOMA CITY' row 'SAFECO INSURANCE CO. OF AMERICA' column 'B-Male'; printed 6-month value $996,OKLAHOMA CITY,SAFECO INSURANCE CO. OF AMERICA,ok-2026-B-male,1992
ok-2026,OK,2026,https://www.oid.ok.gov/wp-content/uploads/2026/09/PPA-Rate-Comparisons-9-1-2026.pdf,PDF p.1 table 'OKLAHOMA CITY' row 'SAFECO INSURANCE CO. OF AMERICA' column 'B-Female'; printed 6-month value $938,OKLAHOMA CITY,SAFECO INSURANCE CO. OF AMERICA,ok-2026-B-female,1876
ok-2026,OK,2026,https://www.oid.ok.gov/wp-content/uploads/2026/09/PPA-Rate-Comparisons-9-1-2026.pdf,PDF p.1 table 'OKLAHOMA CITY' row 'SAFECO INSURANCE CO. OF AMERICA' column 'C-Male'; printed 6-month value $554,OKLAHOMA CITY,SAFECO INSURANCE CO. OF AMERICA,ok-2026-C-male,1108
ok-2026,OK,2026,https://www.oid.ok.gov/wp-content/uploads/2026/09/PPA-Rate-Comparisons-9-1-2026.pdf,PDF p.1 table 'OKLAHOMA CITY' row 'SAFECO INSURANCE CO. OF AMERICA' column 'C-Female'; printed 6-month value $519,OKLAHOMA CITY,SAFECO INSURANCE CO. OF AMERICA,ok-2026-C-female,1038
ok-2026,OK,2026,https://www.oid.ok.gov/wp-content/uploads/2026/09/PPA-Rate-Comparisons-9-1-2026.pdf,PDF p.1 table 'OKLAHOMA CITY' row 'SAFECO INSURANCE CO. OF AMERICA' column 'D-Male'; printed 6-month value $567,OKLAHOMA CITY,SAFECO INSURANCE CO. OF AMERICA,ok-2026-D-male,1134
ok-2026,OK,2026,https://www.oid.ok.gov/wp-content/uploads/2026/09/PPA-Rate-Comparisons-9-1-2026.pdf,PDF p.1 table 'OKLAHOMA CITY' row 'SAFECO INSURANCE CO. OF AMERICA' column 'D-Female'; printed 6-month value $529,OKLAHOMA CITY,SAFECO INSURANCE CO. OF AMERICA,ok-2026-D-female,1058
ok-2026,OK,2026,https://www.oid.ok.gov/wp-content/uploads/2026/09/PPA-Rate-Comparisons-9-1-2026.pdf,PDF p.1 table 'OKLAHOMA CITY' row 'SAFECO INSURANCE CO. OF AMERICA' column 'E-Male'; printed 6-month value $571,OKLAHOMA CITY,SAFECO INSURANCE CO. OF AMERICA,ok-2026-E-male,1142
ok-2026,OK,2026,https://www.oid.ok.gov/wp-content/uploads/2026/09/PPA-Rate-Comparisons-9-1-2026.pdf,PDF p.1 table 'OKLAHOMA CITY' row 'SAFECO INSURANCE CO. OF AMERICA' column 'E-Female'; printed 6-month value $511,OKLAHOMA CITY,SAFECO INSURANCE CO. OF AMERICA,ok-2026-E-female,1022
ok-2026,OK,2026,https://www.oid.ok.gov/wp-content/uploads/2026/09/PPA-Rate-Comparisons-9-1-2026.pdf,"PDF p.1 table 'OKLAHOMA CITY' row 'SHELTER MUTUAL INSURANCE CO.' column 'A-Male'; printed 6-month value $2,591",OKLAHOMA CITY,SHELTER MUTUAL INSURANCE CO.,ok-2026-A-male,5182
ok-2026,OK,2026,https://www.oid.ok.gov/wp-content/uploads/2026/09/PPA-Rate-Comparisons-9-1-2026.pdf,"PDF p.1 table 'OKLAHOMA CITY' row 'SHELTER MUTUAL INSURANCE CO.' column 'A-Female'; printed 6-month value $1,898",OKLAHOMA CITY,SHELTER MUTUAL INSURANCE CO.,ok-2026-A-female,3796
ok-2026,OK,2026,https://www.oid.ok.gov/wp-content/uploads/2026/09/PPA-Rate-Comparisons-9-1-2026.pdf,"PDF p.1 table 'OKLAHOMA CITY' row 'SHELTER MUTUAL INSURANCE CO.' column 'B-Male'; printed 6-month value $1,691",OKLAHOMA CITY,SHELTER MUTUAL INSURANCE CO.,ok-2026-B-male,3382
ok-2026,OK,2026,https://www.oid.ok.gov/wp-content/uploads/2026/09/PPA-Rate-Comparisons-9-1-2026.pdf,"PDF p.1 table 'OKLAHOMA CITY' row 'SHELTER MUTUAL INSURANCE CO.' column 'B-Female'; printed 6-month value $1,385",OKLAHOMA CITY,SHELTER MUTUAL INSURANCE CO.,ok-2026-B-female,2770
ok-2026,OK,2026,https://www.oid.ok.gov/wp-content/uploads/2026/09/PPA-Rate-Comparisons-9-1-2026.pdf,PDF p.1 table 'OKLAHOMA CITY' row 'SHELTER MUTUAL INSURANCE CO.' column 'C-Male'; printed 6-month value $823,OKLAHOMA CITY,SHELTER MUTUAL INSURANCE CO.,ok-2026-C-male,1646
ok-2026,OK,2026,https://www.oid.ok.gov/wp-content/uploads/2026/09/PPA-Rate-Comparisons-9-1-2026.pdf,PDF p.1 table 'OKLAHOMA CITY' row 'SHELTER MUTUAL INSURANCE CO.' column 'C-Female'; printed 6-month value $818,OKLAHOMA CITY,SHELTER MUTUAL INSURANCE CO.,ok-2026-C-female,1636
ok-2026,OK,2026,https://www.oid.ok.gov/wp-content/uploads/2026/09/PPA-Rate-Comparisons-9-1-2026.pdf,PDF p.1 table 'OKLAHOMA CITY' row 'SHELTER MUTUAL INSURANCE CO.' column 'D-Male'; printed 6-month value $676,OKLAHOMA CITY,SHELTER MUTUAL INSURANCE CO.,ok-2026-D-male,1352
ok-2026,OK,2026,https://www.oid.ok.gov/wp-content/uploads/2026/09/PPA-Rate-Comparisons-9-1-2026.pdf,PDF p.1 table 'OKLAHOMA CITY' row 'SHELTER MUTUAL INSURANCE CO.' column 'D-Female'; printed 6-month value $640,OKLAHOMA CITY,SHELTER MUTUAL INSURANCE CO.,ok-2026-D-female,1280
ok-2026,OK,2026,https://www.oid.ok.gov/wp-content/uploads/2026/09/PPA-Rate-Comparisons-9-1-2026.pdf,PDF p.1 table 'OKLAHOMA CITY' row 'SHELTER MUTUAL INSURANCE CO.' column 'E-Male'; printed 6-month value $660,OKLAHOMA CITY,SHELTER MUTUAL INSURANCE CO.,ok-2026-E-male,1320
ok-2026,OK,2026,https://www.oid.ok.gov/wp-content/uploads/2026/09/PPA-Rate-Comparisons-9-1-2026.pdf,PDF p.1 table 'OKLAHOMA CITY' row 'SHELTER MUTUAL INSURANCE CO.' column 'E-Female'; printed 6-month value $632,OKLAHOMA CITY,SHELTER MUTUAL INSURANCE CO.,ok-2026-E-female,1264
ok-2026,OK,2026,https://www.oid.ok.gov/wp-content/uploads/2026/09/PPA-Rate-Comparisons-9-1-2026.pdf,"PDF p.1 table 'OKLAHOMA CITY' row 'STANDARD FIRE INS. CO.' column 'A-Male'; printed 6-month value $3,993",OKLAHOMA CITY,STANDARD FIRE INS. CO.,ok-2026-A-male,7986
ok-2026,OK,2026,https://www.oid.ok.gov/wp-content/uploads/2026/09/PPA-Rate-Comparisons-9-1-2026.pdf,"PDF p.1 table 'OKLAHOMA CITY' row 'STANDARD FIRE INS. CO.' column 'A-Female'; printed 6-month value $3,131",OKLAHOMA CITY,STANDARD FIRE INS. CO.,ok-2026-A-female,6262
ok-2026,OK,2026,https://www.oid.ok.gov/wp-content/uploads/2026/09/PPA-Rate-Comparisons-9-1-2026.pdf,"PDF p.1 table 'OKLAHOMA CITY' row 'STANDARD FIRE INS. CO.' column 'B-Male'; printed 6-month value $1,775",OKLAHOMA CITY,STANDARD FIRE INS. CO.,ok-2026-B-male,3550
ok-2026,OK,2026,https://www.oid.ok.gov/wp-content/uploads/2026/09/PPA-Rate-Comparisons-9-1-2026.pdf,"PDF p.1 table 'OKLAHOMA CITY' row 'STANDARD FIRE INS. CO.' column 'B-Female'; printed 6-month value $1,501",OKLAHOMA CITY,STANDARD FIRE INS. CO.,ok-2026-B-female,3002
ok-2026,OK,2026,https://www.oid.ok.gov/wp-content/uploads/2026/09/PPA-Rate-Comparisons-9-1-2026.pdf,"PDF p.1 table 'OKLAHOMA CITY' row 'STANDARD FIRE INS. CO.' column 'C-Male'; printed 6-month value $1,155",OKLAHOMA CITY,STANDARD FIRE INS. CO.,ok-2026-C-male,2310
ok-2026,OK,2026,https://www.oid.ok.gov/wp-content/uploads/2026/09/PPA-Rate-Comparisons-9-1-2026.pdf,"PDF p.1 table 'OKLAHOMA CITY' row 'STANDARD FIRE INS. CO.' column 'C-Female'; printed 6-month value $1,097",OKLAHOMA CITY,STANDARD FIRE INS. CO.,ok-2026-C-female,2194
ok-2026,OK,2026,https://www.oid.ok.gov/wp-content/uploads/2026/09/PPA-Rate-Comparisons-9-1-2026.pdf,PDF p.1 table 'OKLAHOMA CITY' row 'STANDARD FIRE INS. CO.' column 'D-Male'; printed 6-month value $916,OKLAHOMA CITY,STANDARD FIRE INS. CO.,ok-2026-D-male,1832
ok-2026,OK,2026,https://www.oid.ok.gov/wp-content/uploads/2026/09/PPA-Rate-Comparisons-9-1-2026.pdf,PDF p.1 table 'OKLAHOMA CITY' row 'STANDARD FIRE INS. CO.' column 'D-Female'; printed 6-month value $865,OKLAHOMA CITY,STANDARD FIRE INS. CO.,ok-2026-D-female,1730
ok-2026,OK,2026,https://www.oid.ok.gov/wp-content/uploads/2026/09/PPA-Rate-Comparisons-9-1-2026.pdf,"PDF p.1 table 'OKLAHOMA CITY' row 'STANDARD FIRE INS. CO.' column 'E-Male'; printed 6-month value $1,003",OKLAHOMA CITY,STANDARD FIRE INS. CO.,ok-2026-E-male,2006
ok-2026,OK,2026,https://www.oid.ok.gov/wp-content/uploads/2026/09/PPA-Rate-Comparisons-9-1-2026.pdf,PDF p.1 table 'OKLAHOMA CITY' row 'STANDARD FIRE INS. CO.' column 'E-Female'; printed 6-month value $908,OKLAHOMA CITY,STANDARD FIRE INS. CO.,ok-2026-E-female,1816
ok-2026,OK,2026,https://www.oid.ok.gov/wp-content/uploads/2026/09/PPA-Rate-Comparisons-9-1-2026.pdf,"PDF p.1 table 'OKLAHOMA CITY' row 'STATE FARM FIRE & CASUALTY CO.' column 'A-Male'; printed 6-month value $1,578",OKLAHOMA CITY,STATE FARM FIRE & CASUALTY CO.,ok-2026-A-male,3156
ok-2026,OK,2026,https://www.oid.ok.gov/wp-content/uploads/2026/09/PPA-Rate-Comparisons-9-1-2026.pdf,"PDF p.1 table 'OKLAHOMA CITY' row 'STATE FARM FIRE & CASUALTY CO.' column 'A-Female'; printed 6-month value $1,581",OKLAHOMA CITY,STATE FARM FIRE & CASUALTY CO.,ok-2026-A-female,3162
ok-2026,OK,2026,https://www.oid.ok.gov/wp-content/uploads/2026/09/PPA-Rate-Comparisons-9-1-2026.pdf,"PDF p.1 table 'OKLAHOMA CITY' row 'STATE FARM FIRE & CASUALTY CO.' column 'B-Male'; printed 6-month value $2,937",OKLAHOMA CITY,STATE FARM FIRE & CASUALTY CO.,ok-2026-B-male,5874
ok-2026,OK,2026,https://www.oid.ok.gov/wp-content/uploads/2026/09/PPA-Rate-Comparisons-9-1-2026.pdf,"PDF p.1 table 'OKLAHOMA CITY' row 'STATE FARM FIRE & CASUALTY CO.' column 'B-Female'; printed 6-month value $2,968",OKLAHOMA CITY,STATE FARM FIRE & CASUALTY CO.,ok-2026-B-female,5936
ok-2026,OK,2026,https://www.oid.ok.gov/wp-content/uploads/2026/09/PPA-Rate-Comparisons-9-1-2026.pdf,"PDF p.1 table 'OKLAHOMA CITY' row 'STATE FARM FIRE & CASUALTY CO.' column 'C-Male'; printed 6-month value $2,486",OKLAHOMA CITY,STATE FARM FIRE & CASUALTY CO.,ok-2026-C-male,4972
ok-2026,OK,2026,https://www.oid.ok.gov/wp-content/uploads/2026/09/PPA-Rate-Comparisons-9-1-2026.pdf,"PDF p.1 table 'OKLAHOMA CITY' row 'STATE FARM FIRE & CASUALTY CO.' column 'C-Female'; printed 6-month value $2,511",OKLAHOMA CITY,STATE FARM FIRE & CASUALTY CO.,ok-2026-C-female,5022
ok-2026,OK,2026,https://www.oid.ok.gov/wp-content/uploads/2026/09/PPA-Rate-Comparisons-9-1-2026.pdf,"PDF p.1 table 'OKLAHOMA CITY' row 'STATE FARM FIRE & CASUALTY CO.' column 'D-Male'; printed 6-month value $2,349",OKLAHOMA CITY,STATE FARM FIRE & CASUALTY CO.,ok-2026-D-male,4698
ok-2026,OK,2026,https://www.oid.ok.gov/wp-content/uploads/2026/09/PPA-Rate-Comparisons-9-1-2026.pdf,"PDF p.1 table 'OKLAHOMA CITY' row 'STATE FARM FIRE & CASUALTY CO.' column 'D-Female'; printed 6-month value $2,351",OKLAHOMA CITY,STATE FARM FIRE & CASUALTY CO.,ok-2026-D-female,4702
ok-2026,OK,2026,https://www.oid.ok.gov/wp-content/uploads/2026/09/PPA-Rate-Comparisons-9-1-2026.pdf,"PDF p.1 table 'OKLAHOMA CITY' row 'STATE FARM FIRE & CASUALTY CO.' column 'E-Male'; printed 6-month value $1,082",OKLAHOMA CITY,STATE FARM FIRE & CASUALTY CO.,ok-2026-E-male,2164
ok-2026,OK,2026,https://www.oid.ok.gov/wp-content/uploads/2026/09/PPA-Rate-Comparisons-9-1-2026.pdf,"PDF p.1 table 'OKLAHOMA CITY' row 'STATE FARM FIRE & CASUALTY CO.' column 'E-Female'; printed 6-month value $1,138",OKLAHOMA CITY,STATE FARM FIRE & CASUALTY CO.,ok-2026-E-female,2276
ok-2026,OK,2026,https://www.oid.ok.gov/wp-content/uploads/2026/09/PPA-Rate-Comparisons-9-1-2026.pdf,"PDF p.1 table 'OKLAHOMA CITY' row 'STATE FARM MUTUAL AUTOMOBILE INS. CO.' column 'A-Male'; printed 6-month value $1,158",OKLAHOMA CITY,STATE FARM MUTUAL AUTOMOBILE INS. CO.,ok-2026-A-male,2316
ok-2026,OK,2026,https://www.oid.ok.gov/wp-content/uploads/2026/09/PPA-Rate-Comparisons-9-1-2026.pdf,"PDF p.1 table 'OKLAHOMA CITY' row 'STATE FARM MUTUAL AUTOMOBILE INS. CO.' column 'A-Female'; printed 6-month value $1,161",OKLAHOMA CITY,STATE FARM MUTUAL AUTOMOBILE INS. CO.,ok-2026-A-female,2322
ok-2026,OK,2026,https://www.oid.ok.gov/wp-content/uploads/2026/09/PPA-Rate-Comparisons-9-1-2026.pdf,"PDF p.1 table 'OKLAHOMA CITY' row 'STATE FARM MUTUAL AUTOMOBILE INS. CO.' column 'B-Male'; printed 6-month value $2,156",OKLAHOMA CITY,STATE FARM MUTUAL AUTOMOBILE INS. CO.,ok-2026-B-male,4312
ok-2026,OK,2026,https://www.oid.ok.gov/wp-content/uploads/2026/09/PPA-Rate-Comparisons-9-1-2026.pdf,"PDF p.1 table 'OKLAHOMA CITY' row 'STATE FARM MUTUAL AUTOMOBILE INS. CO.' column 'B-Female'; printed 6-month value $2,179",OKLAHOMA CITY,STATE FARM MUTUAL AUTOMOBILE INS. CO.,ok-2026-B-female,4358
ok-2026,OK,2026,https://www.oid.ok.gov/wp-content/uploads/2026/09/PPA-Rate-Comparisons-9-1-2026.pdf,"PDF p.1 table 'OKLAHOMA CITY' row 'STATE FARM MUTUAL AUTOMOBILE INS. CO.' column 'C-Male'; printed 6-month value $1,826",OKLAHOMA CITY,STATE FARM MUTUAL AUTOMOBILE INS. CO.,ok-2026-C-male,3652
ok-2026,OK,2026,https://www.oid.ok.gov/wp-content/uploads/2026/09/PPA-Rate-Comparisons-9-1-2026.pdf,"PDF p.1 table 'OKLAHOMA CITY' row 'STATE FARM MUTUAL AUTOMOBILE INS. CO.' column 'C-Female'; printed 6-month value $1,844",OKLAHOMA CITY,STATE FARM MUTUAL AUTOMOBILE INS. CO.,ok-2026-C-female,3688
ok-2026,OK,2026,https://www.oid.ok.gov/wp-content/uploads/2026/09/PPA-Rate-Comparisons-9-1-2026.pdf,"PDF p.1 table 'OKLAHOMA CITY' row 'STATE FARM MUTUAL AUTOMOBILE INS. CO.' column 'D-Male'; printed 6-month value $1,725",OKLAHOMA CITY,STATE FARM MUTUAL AUTOMOBILE INS. CO.,ok-2026-D-male,3450
ok-2026,OK,2026,https://www.oid.ok.gov/wp-content/uploads/2026/09/PPA-Rate-Comparisons-9-1-2026.pdf,"PDF p.1 table 'OKLAHOMA CITY' row 'STATE FARM MUTUAL AUTOMOBILE INS. CO.' column 'D-Female'; printed 6-month value $1,726",OKLAHOMA CITY,STATE FARM MUTUAL AUTOMOBILE INS. CO.,ok-2026-D-female,3452
ok-2026,OK,2026,https://www.oid.ok.gov/wp-content/uploads/2026/09/PPA-Rate-Comparisons-9-1-2026.pdf,PDF p.1 table 'OKLAHOMA CITY' row 'STATE FARM MUTUAL AUTOMOBILE INS. CO.' column 'E-Male'; printed 6-month value $794,OKLAHOMA CITY,STATE FARM MUTUAL AUTOMOBILE INS. CO.,ok-2026-E-male,1588
ok-2026,OK,2026,https://www.oid.ok.gov/wp-content/uploads/2026/09/PPA-Rate-Comparisons-9-1-2026.pdf,PDF p.1 table 'OKLAHOMA CITY' row 'STATE FARM MUTUAL AUTOMOBILE INS. CO.' column 'E-Female'; printed 6-month value $836,OKLAHOMA CITY,STATE FARM MUTUAL AUTOMOBILE INS. CO.,ok-2026-E-female,1672
ok-2026,OK,2026,https://www.oid.ok.gov/wp-content/uploads/2026/09/PPA-Rate-Comparisons-9-1-2026.pdf,"PDF p.1 table 'OKLAHOMA CITY' row 'TRADERS INSURANCE COMPANY' column 'A-Male'; printed 6-month value $5,256",OKLAHOMA CITY,TRADERS INSURANCE COMPANY,ok-2026-A-male,10512
ok-2026,OK,2026,https://www.oid.ok.gov/wp-content/uploads/2026/09/PPA-Rate-Comparisons-9-1-2026.pdf,"PDF p.1 table 'OKLAHOMA CITY' row 'TRADERS INSURANCE COMPANY' column 'A-Female'; printed 6-month value $4,105",OKLAHOMA CITY,TRADERS INSURANCE COMPANY,ok-2026-A-female,8210
ok-2026,OK,2026,https://www.oid.ok.gov/wp-content/uploads/2026/09/PPA-Rate-Comparisons-9-1-2026.pdf,"PDF p.1 table 'OKLAHOMA CITY' row 'TRADERS INSURANCE COMPANY' column 'B-Male'; printed 6-month value $3,431",OKLAHOMA CITY,TRADERS INSURANCE COMPANY,ok-2026-B-male,6862
ok-2026,OK,2026,https://www.oid.ok.gov/wp-content/uploads/2026/09/PPA-Rate-Comparisons-9-1-2026.pdf,"PDF p.1 table 'OKLAHOMA CITY' row 'TRADERS INSURANCE COMPANY' column 'B-Female'; printed 6-month value $2,656",OKLAHOMA CITY,TRADERS INSURANCE COMPANY,ok-2026-B-female,5312
ok-2026,OK,2026,https://www.oid.ok.gov/wp-content/uploads/2026/09/PPA-Rate-Comparisons-9-1-2026.pdf,"PDF p.1 table 'OKLAHOMA CITY' row 'TRADERS INSURANCE COMPANY' column 'C-Male'; printed 6-month value $1,180",OKLAHOMA CITY,TRADERS INSURANCE COMPANY,ok-2026-C-male,2360
ok-2026,OK,2026,https://www.oid.ok.gov/wp-content/uploads/2026/09/PPA-Rate-Comparisons-9-1-2026.pdf,"PDF p.1 table 'OKLAHOMA CITY' row 'TRADERS INSURANCE COMPANY' column 'C-Female'; printed 6-month value $1,167",OKLAHOMA CITY,TRADERS INSURANCE COMPANY,ok-2026-C-female,2334
ok-2026,OK,2026,https://www.oid.ok.gov/wp-content/uploads/2026/09/PPA-Rate-Comparisons-9-1-2026.pdf,"PDF p.1 table 'OKLAHOMA CITY' row 'TRADERS INSURANCE COMPANY' column 'D-Male'; printed 6-month value $1,166",OKLAHOMA CITY,TRADERS INSURANCE COMPANY,ok-2026-D-male,2332
ok-2026,OK,2026,https://www.oid.ok.gov/wp-content/uploads/2026/09/PPA-Rate-Comparisons-9-1-2026.pdf,"PDF p.1 table 'OKLAHOMA CITY' row 'TRADERS INSURANCE COMPANY' column 'D-Female'; printed 6-month value $1,125",OKLAHOMA CITY,TRADERS INSURANCE COMPANY,ok-2026-D-female,2250
ok-2026,OK,2026,https://www.oid.ok.gov/wp-content/uploads/2026/09/PPA-Rate-Comparisons-9-1-2026.pdf,"PDF p.1 table 'OKLAHOMA CITY' row 'TRADERS INSURANCE COMPANY' column 'E-Male'; printed 6-month value $1,359",OKLAHOMA CITY,TRADERS INSURANCE COMPANY,ok-2026-E-male,2718
ok-2026,OK,2026,https://www.oid.ok.gov/wp-content/uploads/2026/09/PPA-Rate-Comparisons-9-1-2026.pdf,"PDF p.1 table 'OKLAHOMA CITY' row 'TRADERS INSURANCE COMPANY' column 'E-Female'; printed 6-month value $1,324",OKLAHOMA CITY,TRADERS INSURANCE COMPANY,ok-2026-E-female,2648
ok-2026,OK,2026,https://www.oid.ok.gov/wp-content/uploads/2026/09/PPA-Rate-Comparisons-9-1-2026.pdf,"PDF p.1 table 'OKLAHOMA CITY' row 'UNITED SERVICES AUTOMOBILE ASSN. (*USAA)' column 'A-Male'; printed 6-month value $3,320",OKLAHOMA CITY,UNITED SERVICES AUTOMOBILE ASSN. (*USAA),ok-2026-A-male,6640
ok-2026,OK,2026,https://www.oid.ok.gov/wp-content/uploads/2026/09/PPA-Rate-Comparisons-9-1-2026.pdf,"PDF p.1 table 'OKLAHOMA CITY' row 'UNITED SERVICES AUTOMOBILE ASSN. (*USAA)' column 'A-Female'; printed 6-month value $3,163",OKLAHOMA CITY,UNITED SERVICES AUTOMOBILE ASSN. (*USAA),ok-2026-A-female,6326
ok-2026,OK,2026,https://www.oid.ok.gov/wp-content/uploads/2026/09/PPA-Rate-Comparisons-9-1-2026.pdf,"PDF p.1 table 'OKLAHOMA CITY' row 'UNITED SERVICES AUTOMOBILE ASSN. (*USAA)' column 'B-Male'; printed 6-month value $1,247",OKLAHOMA CITY,UNITED SERVICES AUTOMOBILE ASSN. (*USAA),ok-2026-B-male,2494
ok-2026,OK,2026,https://www.oid.ok.gov/wp-content/uploads/2026/09/PPA-Rate-Comparisons-9-1-2026.pdf,"PDF p.1 table 'OKLAHOMA CITY' row 'UNITED SERVICES AUTOMOBILE ASSN. (*USAA)' column 'B-Female'; printed 6-month value $1,174",OKLAHOMA CITY,UNITED SERVICES AUTOMOBILE ASSN. (*USAA),ok-2026-B-female,2348
ok-2026,OK,2026,https://www.oid.ok.gov/wp-content/uploads/2026/09/PPA-Rate-Comparisons-9-1-2026.pdf,PDF p.1 table 'OKLAHOMA CITY' row 'UNITED SERVICES AUTOMOBILE ASSN. (*USAA)' column 'C-Male'; printed 6-month value $692,OKLAHOMA CITY,UNITED SERVICES AUTOMOBILE ASSN. (*USAA),ok-2026-C-male,1384
ok-2026,OK,2026,https://www.oid.ok.gov/wp-content/uploads/2026/09/PPA-Rate-Comparisons-9-1-2026.pdf,PDF p.1 table 'OKLAHOMA CITY' row 'UNITED SERVICES AUTOMOBILE ASSN. (*USAA)' column 'C-Female'; printed 6-month value $686,OKLAHOMA CITY,UNITED SERVICES AUTOMOBILE ASSN. (*USAA),ok-2026-C-female,1372
ok-2026,OK,2026,https://www.oid.ok.gov/wp-content/uploads/2026/09/PPA-Rate-Comparisons-9-1-2026.pdf,PDF p.1 table 'OKLAHOMA CITY' row 'UNITED SERVICES AUTOMOBILE ASSN. (*USAA)' column 'D-Male'; printed 6-month value $634,OKLAHOMA CITY,UNITED SERVICES AUTOMOBILE ASSN. (*USAA),ok-2026-D-male,1268
ok-2026,OK,2026,https://www.oid.ok.gov/wp-content/uploads/2026/09/PPA-Rate-Comparisons-9-1-2026.pdf,PDF p.1 table 'OKLAHOMA CITY' row 'UNITED SERVICES AUTOMOBILE ASSN. (*USAA)' column 'D-Female'; printed 6-month value $630,OKLAHOMA CITY,UNITED SERVICES AUTOMOBILE ASSN. (*USAA),ok-2026-D-female,1260
ok-2026,OK,2026,https://www.oid.ok.gov/wp-content/uploads/2026/09/PPA-Rate-Comparisons-9-1-2026.pdf,PDF p.1 table 'OKLAHOMA CITY' row 'UNITED SERVICES AUTOMOBILE ASSN. (*USAA)' column 'E-Male'; printed 6-month value $648,OKLAHOMA CITY,UNITED SERVICES AUTOMOBILE ASSN. (*USAA),ok-2026-E-male,1296
ok-2026,OK,2026,https://www.oid.ok.gov/wp-content/uploads/2026/09/PPA-Rate-Comparisons-9-1-2026.pdf,PDF p.1 table 'OKLAHOMA CITY' row 'UNITED SERVICES AUTOMOBILE ASSN. (*USAA)' column 'E-Female'; printed 6-month value $655,OKLAHOMA CITY,UNITED SERVICES AUTOMOBILE ASSN. (*USAA),ok-2026-E-female,1310
ok-2026,OK,2026,https://www.oid.ok.gov/wp-content/uploads/2026/09/PPA-Rate-Comparisons-9-1-2026.pdf,"PDF p.1 table 'OKLAHOMA CITY' row 'USAA CASUALTY INS. CO.' column 'A-Male'; printed 6-month value $3,459",OKLAHOMA CITY,USAA CASUALTY INS. CO.,ok-2026-A-male,6918
ok-2026,OK,2026,https://www.oid.ok.gov/wp-content/uploads/2026/09/PPA-Rate-Comparisons-9-1-2026.pdf,"PDF p.1 table 'OKLAHOMA CITY' row 'USAA CASUALTY INS. CO.' column 'A-Female'; printed 6-month value $3,343",OKLAHOMA CITY,USAA CASUALTY INS. CO.,ok-2026-A-female,6686
ok-2026,OK,2026,https://www.oid.ok.gov/wp-content/uploads/2026/09/PPA-Rate-Comparisons-9-1-2026.pdf,"PDF p.1 table 'OKLAHOMA CITY' row 'USAA CASUALTY INS. CO.' column 'B-Male'; printed 6-month value $1,293",OKLAHOMA CITY,USAA CASUALTY INS. CO.,ok-2026-B-male,2586
ok-2026,OK,2026,https://www.oid.ok.gov/wp-content/uploads/2026/09/PPA-Rate-Comparisons-9-1-2026.pdf,"PDF p.1 table 'OKLAHOMA CITY' row 'USAA CASUALTY INS. CO.' column 'B-Female'; printed 6-month value $1,247",OKLAHOMA CITY,USAA CASUALTY INS. CO.,ok-2026-B-female,2494
ok-2026,OK,2026,https://www.oid.ok.gov/wp-content/uploads/2026/09/PPA-Rate-Comparisons-9-1-2026.pdf,PDF p.1 table 'OKLAHOMA CITY' row 'USAA CASUALTY INS. CO.' column 'C-Male'; printed 6-month value $726,OKLAHOMA CITY,USAA CASUALTY INS. CO.,ok-2026-C-male,1452
ok-2026,OK,2026,https://www.oid.ok.gov/wp-content/uploads/2026/09/PPA-Rate-Comparisons-9-1-2026.pdf,PDF p.1 table 'OKLAHOMA CITY' row 'USAA CASUALTY INS. CO.' column 'C-Female'; printed 6-month value $710,OKLAHOMA CITY,USAA CASUALTY INS. CO.,ok-2026-C-female,1420
ok-2026,OK,2026,https://www.oid.ok.gov/wp-content/uploads/2026/09/PPA-Rate-Comparisons-9-1-2026.pdf,PDF p.1 table 'OKLAHOMA CITY' row 'USAA CASUALTY INS. CO.' column 'D-Male'; printed 6-month value $624,OKLAHOMA CITY,USAA CASUALTY INS. CO.,ok-2026-D-male,1248
ok-2026,OK,2026,https://www.oid.ok.gov/wp-content/uploads/2026/09/PPA-Rate-Comparisons-9-1-2026.pdf,PDF p.1 table 'OKLAHOMA CITY' row 'USAA CASUALTY INS. CO.' column 'D-Female'; printed 6-month value $623,OKLAHOMA CITY,USAA CASUALTY INS. CO.,ok-2026-D-female,1246
ok-2026,OK,2026,https://www.oid.ok.gov/wp-content/uploads/2026/09/PPA-Rate-Comparisons-9-1-2026.pdf,PDF p.1 table 'OKLAHOMA CITY' row 'USAA CASUALTY INS. CO.' column 'E-Male'; printed 6-month value $640,OKLAHOMA CITY,USAA CASUALTY INS. CO.,ok-2026-E-male,1280
ok-2026,OK,2026,https://www.oid.ok.gov/wp-content/uploads/2026/09/PPA-Rate-Comparisons-9-1-2026.pdf,PDF p.1 table 'OKLAHOMA CITY' row 'USAA CASUALTY INS. CO.' column 'E-Female'; printed 6-month value $645,OKLAHOMA CITY,USAA CASUALTY INS. CO.,ok-2026-E-female,1290
ok-2026,OK,2026,https://www.oid.ok.gov/wp-content/uploads/2026/09/PPA-Rate-Comparisons-9-1-2026.pdf,"PDF p.1 table 'OKLAHOMA CITY' row 'USAA GENERAL INDEMNITY CO.' column 'A-Male'; printed 6-month value $4,666",OKLAHOMA CITY,USAA GENERAL INDEMNITY CO.,ok-2026-A-male,9332
ok-2026,OK,2026,https://www.oid.ok.gov/wp-content/uploads/2026/09/PPA-Rate-Comparisons-9-1-2026.pdf,"PDF p.1 table 'OKLAHOMA CITY' row 'USAA GENERAL INDEMNITY CO.' column 'A-Female'; printed 6-month value $4,498",OKLAHOMA CITY,USAA GENERAL INDEMNITY CO.,ok-2026-A-female,8996
ok-2026,OK,2026,https://www.oid.ok.gov/wp-content/uploads/2026/09/PPA-Rate-Comparisons-9-1-2026.pdf,"PDF p.1 table 'OKLAHOMA CITY' row 'USAA GENERAL INDEMNITY CO.' column 'B-Male'; printed 6-month value $1,644",OKLAHOMA CITY,USAA GENERAL INDEMNITY CO.,ok-2026-B-male,3288
ok-2026,OK,2026,https://www.oid.ok.gov/wp-content/uploads/2026/09/PPA-Rate-Comparisons-9-1-2026.pdf,"PDF p.1 table 'OKLAHOMA CITY' row 'USAA GENERAL INDEMNITY CO.' column 'B-Female'; printed 6-month value $1,586",OKLAHOMA CITY,USAA GENERAL INDEMNITY CO.,ok-2026-B-female,3172
ok-2026,OK,2026,https://www.oid.ok.gov/wp-content/uploads/2026/09/PPA-Rate-Comparisons-9-1-2026.pdf,PDF p.1 table 'OKLAHOMA CITY' row 'USAA GENERAL INDEMNITY CO.' column 'C-Male'; printed 6-month value $901,OKLAHOMA CITY,USAA GENERAL INDEMNITY CO.,ok-2026-C-male,1802
ok-2026,OK,2026,https://www.oid.ok.gov/wp-content/uploads/2026/09/PPA-Rate-Comparisons-9-1-2026.pdf,PDF p.1 table 'OKLAHOMA CITY' row 'USAA GENERAL INDEMNITY CO.' column 'C-Female'; printed 6-month value $881,OKLAHOMA CITY,USAA GENERAL INDEMNITY CO.,ok-2026-C-female,1762
ok-2026,OK,2026,https://www.oid.ok.gov/wp-content/uploads/2026/09/PPA-Rate-Comparisons-9-1-2026.pdf,PDF p.1 table 'OKLAHOMA CITY' row 'USAA GENERAL INDEMNITY CO.' column 'D-Male'; printed 6-month value $801,OKLAHOMA CITY,USAA GENERAL INDEMNITY CO.,ok-2026-D-male,1602
ok-2026,OK,2026,https://www.oid.ok.gov/wp-content/uploads/2026/09/PPA-Rate-Comparisons-9-1-2026.pdf,PDF p.1 table 'OKLAHOMA CITY' row 'USAA GENERAL INDEMNITY CO.' column 'D-Female'; printed 6-month value $799,OKLAHOMA CITY,USAA GENERAL INDEMNITY CO.,ok-2026-D-female,1598
ok-2026,OK,2026,https://www.oid.ok.gov/wp-content/uploads/2026/09/PPA-Rate-Comparisons-9-1-2026.pdf,PDF p.1 table 'OKLAHOMA CITY' row 'USAA GENERAL INDEMNITY CO.' column 'E-Male'; printed 6-month value $823,OKLAHOMA CITY,USAA GENERAL INDEMNITY CO.,ok-2026-E-male,1646
ok-2026,OK,2026,https://www.oid.ok.gov/wp-content/uploads/2026/09/PPA-Rate-Comparisons-9-1-2026.pdf,PDF p.1 table 'OKLAHOMA CITY' row 'USAA GENERAL INDEMNITY CO.' column 'E-Female'; printed 6-month value $828,OKLAHOMA CITY,USAA GENERAL INDEMNITY CO.,ok-2026-E-female,1656
ok-2026,OK,2026,https://www.oid.ok.gov/wp-content/uploads/2026/09/PPA-Rate-Comparisons-9-1-2026.pdf,"PDF p.1 table 'TULSA' row 'ALLSTATE FIRE & CASUALTY INS. CO.' column 'A-Male'; printed 6-month value $6,590",TULSA,ALLSTATE FIRE & CASUALTY INS. CO.,ok-2026-A-male,13180
ok-2026,OK,2026,https://www.oid.ok.gov/wp-content/uploads/2026/09/PPA-Rate-Comparisons-9-1-2026.pdf,"PDF p.1 table 'TULSA' row 'ALLSTATE FIRE & CASUALTY INS. CO.' column 'A-Female'; printed 6-month value $6,057",TULSA,ALLSTATE FIRE & CASUALTY INS. CO.,ok-2026-A-female,12114
ok-2026,OK,2026,https://www.oid.ok.gov/wp-content/uploads/2026/09/PPA-Rate-Comparisons-9-1-2026.pdf,"PDF p.1 table 'TULSA' row 'ALLSTATE FIRE & CASUALTY INS. CO.' column 'B-Male'; printed 6-month value $1,916",TULSA,ALLSTATE FIRE & CASUALTY INS. CO.,ok-2026-B-male,3832
ok-2026,OK,2026,https://www.oid.ok.gov/wp-content/uploads/2026/09/PPA-Rate-Comparisons-9-1-2026.pdf,"PDF p.1 table 'TULSA' row 'ALLSTATE FIRE & CASUALTY INS. CO.' column 'B-Female'; printed 6-month value $1,564",TULSA,ALLSTATE FIRE & CASUALTY INS. CO.,ok-2026-B-female,3128
ok-2026,OK,2026,https://www.oid.ok.gov/wp-content/uploads/2026/09/PPA-Rate-Comparisons-9-1-2026.pdf,"PDF p.1 table 'TULSA' row 'ALLSTATE FIRE & CASUALTY INS. CO.' column 'C-Male'; printed 6-month value $1,020",TULSA,ALLSTATE FIRE & CASUALTY INS. CO.,ok-2026-C-male,2040
ok-2026,OK,2026,https://www.oid.ok.gov/wp-content/uploads/2026/09/PPA-Rate-Comparisons-9-1-2026.pdf,"PDF p.1 table 'TULSA' row 'ALLSTATE FIRE & CASUALTY INS. CO.' column 'C-Female'; printed 6-month value $1,024",TULSA,ALLSTATE FIRE & CASUALTY INS. CO.,ok-2026-C-female,2048
ok-2026,OK,2026,https://www.oid.ok.gov/wp-content/uploads/2026/09/PPA-Rate-Comparisons-9-1-2026.pdf,"PDF p.1 table 'TULSA' row 'ALLSTATE FIRE & CASUALTY INS. CO.' column 'D-Male'; printed 6-month value $1,007",TULSA,ALLSTATE FIRE & CASUALTY INS. CO.,ok-2026-D-male,2014
ok-2026,OK,2026,https://www.oid.ok.gov/wp-content/uploads/2026/09/PPA-Rate-Comparisons-9-1-2026.pdf,PDF p.1 table 'TULSA' row 'ALLSTATE FIRE & CASUALTY INS. CO.' column 'D-Female'; printed 6-month value $953,TULSA,ALLSTATE FIRE & CASUALTY INS. CO.,ok-2026-D-female,1906
ok-2026,OK,2026,https://www.oid.ok.gov/wp-content/uploads/2026/09/PPA-Rate-Comparisons-9-1-2026.pdf,"PDF p.1 table 'TULSA' row 'ALLSTATE FIRE & CASUALTY INS. CO.' column 'E-Male'; printed 6-month value $1,072",TULSA,ALLSTATE FIRE & CASUALTY INS. CO.,ok-2026-E-male,2144
ok-2026,OK,2026,https://www.oid.ok.gov/wp-content/uploads/2026/09/PPA-Rate-Comparisons-9-1-2026.pdf,"PDF p.1 table 'TULSA' row 'ALLSTATE FIRE & CASUALTY INS. CO.' column 'E-Female'; printed 6-month value $1,015",TULSA,ALLSTATE FIRE & CASUALTY INS. CO.,ok-2026-E-female,2030
ok-2026,OK,2026,https://www.oid.ok.gov/wp-content/uploads/2026/09/PPA-Rate-Comparisons-9-1-2026.pdf,"PDF p.1 table 'TULSA' row 'AMERICAN FARMERS & RANCHERS MUTUAL INS. CO.' column 'A-Male'; printed 6-month value $3,106",TULSA,AMERICAN FARMERS & RANCHERS MUTUAL INS. CO.,ok-2026-A-male,6212
ok-2026,OK,2026,https://www.oid.ok.gov/wp-content/uploads/2026/09/PPA-Rate-Comparisons-9-1-2026.pdf,"PDF p.1 table 'TULSA' row 'AMERICAN FARMERS & RANCHERS MUTUAL INS. CO.' column 'A-Female'; printed 6-month value $2,977",TULSA,AMERICAN FARMERS & RANCHERS MUTUAL INS. CO.,ok-2026-A-female,5954
ok-2026,OK,2026,https://www.oid.ok.gov/wp-content/uploads/2026/09/PPA-Rate-Comparisons-9-1-2026.pdf,"PDF p.1 table 'TULSA' row 'AMERICAN FARMERS & RANCHERS MUTUAL INS. CO.' column 'B-Male'; printed 6-month value $2,147",TULSA,AMERICAN FARMERS & RANCHERS MUTUAL INS. CO.,ok-2026-B-male,4294
ok-2026,OK,2026,https://www.oid.ok.gov/wp-content/uploads/2026/09/PPA-Rate-Comparisons-9-1-2026.pdf,"PDF p.1 table 'TULSA' row 'AMERICAN FARMERS & RANCHERS MUTUAL INS. CO.' column 'B-Female'; printed 6-month value $2,064",TULSA,AMERICAN FARMERS & RANCHERS MUTUAL INS. CO.,ok-2026-B-female,4128
ok-2026,OK,2026,https://www.oid.ok.gov/wp-content/uploads/2026/09/PPA-Rate-Comparisons-9-1-2026.pdf,"PDF p.1 table 'TULSA' row 'AMERICAN FARMERS & RANCHERS MUTUAL INS. CO.' column 'C-Male'; printed 6-month value $1,411",TULSA,AMERICAN FARMERS & RANCHERS MUTUAL INS. CO.,ok-2026-C-male,2822
ok-2026,OK,2026,https://www.oid.ok.gov/wp-content/uploads/2026/09/PPA-Rate-Comparisons-9-1-2026.pdf,"PDF p.1 table 'TULSA' row 'AMERICAN FARMERS & RANCHERS MUTUAL INS. CO.' column 'C-Female'; printed 6-month value $1,363",TULSA,AMERICAN FARMERS & RANCHERS MUTUAL INS. CO.,ok-2026-C-female,2726
ok-2026,OK,2026,https://www.oid.ok.gov/wp-content/uploads/2026/09/PPA-Rate-Comparisons-9-1-2026.pdf,"PDF p.1 table 'TULSA' row 'AMERICAN FARMERS & RANCHERS MUTUAL INS. CO.' column 'D-Male'; printed 6-month value $1,387",TULSA,AMERICAN FARMERS & RANCHERS MUTUAL INS. CO.,ok-2026-D-male,2774
ok-2026,OK,2026,https://www.oid.ok.gov/wp-content/uploads/2026/09/PPA-Rate-Comparisons-9-1-2026.pdf,"PDF p.1 table 'TULSA' row 'AMERICAN FARMERS & RANCHERS MUTUAL INS. CO.' column 'D-Female'; printed 6-month value $1,340",TULSA,AMERICAN FARMERS & RANCHERS MUTUAL INS. CO.,ok-2026-D-female,2680
ok-2026,OK,2026,https://www.oid.ok.gov/wp-content/uploads/2026/09/PPA-Rate-Comparisons-9-1-2026.pdf,"PDF p.1 table 'TULSA' row 'AMERICAN FARMERS & RANCHERS MUTUAL INS. CO.' column 'E-Male'; printed 6-month value $1,363",TULSA,AMERICAN FARMERS & RANCHERS MUTUAL INS. CO.,ok-2026-E-male,2726
ok-2026,OK,2026,https://www.oid.ok.gov/wp-content/uploads/2026/09/PPA-Rate-Comparisons-9-1-2026.pdf,"PDF p.1 table 'TULSA' row 'AMERICAN FARMERS & RANCHERS MUTUAL INS. CO.' column 'E-Female'; printed 6-month value $1,317",TULSA,AMERICAN FARMERS & RANCHERS MUTUAL INS. CO.,ok-2026-E-female,2634
ok-2026,OK,2026,https://www.oid.ok.gov/wp-content/uploads/2026/09/PPA-Rate-Comparisons-9-1-2026.pdf,"PDF p.1 table 'TULSA' row 'AMERICAN MERCURY INS. CO.' column 'A-Male'; printed 6-month value $4,524",TULSA,AMERICAN MERCURY INS. CO.,ok-2026-A-male,9048
ok-2026,OK,2026,https://www.oid.ok.gov/wp-content/uploads/2026/09/PPA-Rate-Comparisons-9-1-2026.pdf,"PDF p.1 table 'TULSA' row 'AMERICAN MERCURY INS. CO.' column 'A-Female'; printed 6-month value $4,022",TULSA,AMERICAN MERCURY INS. CO.,ok-2026-A-female,8044
ok-2026,OK,2026,https://www.oid.ok.gov/wp-content/uploads/2026/09/PPA-Rate-Comparisons-9-1-2026.pdf,"PDF p.1 table 'TULSA' row 'AMERICAN MERCURY INS. CO.' column 'B-Male'; printed 6-month value $2,859",TULSA,AMERICAN MERCURY INS. CO.,ok-2026-B-male,5718
ok-2026,OK,2026,https://www.oid.ok.gov/wp-content/uploads/2026/09/PPA-Rate-Comparisons-9-1-2026.pdf,"PDF p.1 table 'TULSA' row 'AMERICAN MERCURY INS. CO.' column 'B-Female'; printed 6-month value $2,247",TULSA,AMERICAN MERCURY INS. CO.,ok-2026-B-female,4494
ok-2026,OK,2026,https://www.oid.ok.gov/wp-content/uploads/2026/09/PPA-Rate-Comparisons-9-1-2026.pdf,"PDF p.1 table 'TULSA' row 'AMERICAN MERCURY INS. CO.' column 'C-Male'; printed 6-month value $1,171",TULSA,AMERICAN MERCURY INS. CO.,ok-2026-C-male,2342
ok-2026,OK,2026,https://www.oid.ok.gov/wp-content/uploads/2026/09/PPA-Rate-Comparisons-9-1-2026.pdf,"PDF p.1 table 'TULSA' row 'AMERICAN MERCURY INS. CO.' column 'C-Female'; printed 6-month value $1,197",TULSA,AMERICAN MERCURY INS. CO.,ok-2026-C-female,2394
ok-2026,OK,2026,https://www.oid.ok.gov/wp-content/uploads/2026/09/PPA-Rate-Comparisons-9-1-2026.pdf,PDF p.1 table 'TULSA' row 'AMERICAN MERCURY INS. CO.' column 'D-Male'; printed 6-month value $937,TULSA,AMERICAN MERCURY INS. CO.,ok-2026-D-male,1874
ok-2026,OK,2026,https://www.oid.ok.gov/wp-content/uploads/2026/09/PPA-Rate-Comparisons-9-1-2026.pdf,PDF p.1 table 'TULSA' row 'AMERICAN MERCURY INS. CO.' column 'D-Female'; printed 6-month value $970,TULSA,AMERICAN MERCURY INS. CO.,ok-2026-D-female,1940
ok-2026,OK,2026,https://www.oid.ok.gov/wp-content/uploads/2026/09/PPA-Rate-Comparisons-9-1-2026.pdf,"PDF p.1 table 'TULSA' row 'AMERICAN MERCURY INS. CO.' column 'E-Male'; printed 6-month value $1,039",TULSA,AMERICAN MERCURY INS. CO.,ok-2026-E-male,2078
ok-2026,OK,2026,https://www.oid.ok.gov/wp-content/uploads/2026/09/PPA-Rate-Comparisons-9-1-2026.pdf,"PDF p.1 table 'TULSA' row 'AMERICAN MERCURY INS. CO.' column 'E-Female'; printed 6-month value $1,059",TULSA,AMERICAN MERCURY INS. CO.,ok-2026-E-female,2118
ok-2026,OK,2026,https://www.oid.ok.gov/wp-content/uploads/2026/09/PPA-Rate-Comparisons-9-1-2026.pdf,"PDF p.1 table 'TULSA' row 'CSAA GENERAL INS. CO.' column 'A-Male'; printed 6-month value $5,999",TULSA,CSAA GENERAL INS. CO.,ok-2026-A-male,11998
ok-2026,OK,2026,https://www.oid.ok.gov/wp-content/uploads/2026/09/PPA-Rate-Comparisons-9-1-2026.pdf,"PDF p.1 table 'TULSA' row 'CSAA GENERAL INS. CO.' column 'A-Female'; printed 6-month value $6,130",TULSA,CSAA GENERAL INS. CO.,ok-2026-A-female,12260
ok-2026,OK,2026,https://www.oid.ok.gov/wp-content/uploads/2026/09/PPA-Rate-Comparisons-9-1-2026.pdf,"PDF p.1 table 'TULSA' row 'CSAA GENERAL INS. CO.' column 'B-Male'; printed 6-month value $1,827",TULSA,CSAA GENERAL INS. CO.,ok-2026-B-male,3654
ok-2026,OK,2026,https://www.oid.ok.gov/wp-content/uploads/2026/09/PPA-Rate-Comparisons-9-1-2026.pdf,"PDF p.1 table 'TULSA' row 'CSAA GENERAL INS. CO.' column 'B-Female'; printed 6-month value $1,839",TULSA,CSAA GENERAL INS. CO.,ok-2026-B-female,3678
ok-2026,OK,2026,https://www.oid.ok.gov/wp-content/uploads/2026/09/PPA-Rate-Comparisons-9-1-2026.pdf,"PDF p.1 table 'TULSA' row 'CSAA GENERAL INS. CO.' column 'C-Male'; printed 6-month value $1,218",TULSA,CSAA GENERAL INS. CO.,ok-2026-C-male,2436
ok-2026,OK,2026,https://www.oid.ok.gov/wp-content/uploads/2026/09/PPA-Rate-Comparisons-9-1-2026.pdf,"PDF p.1 table 'TULSA' row 'CSAA GENERAL INS. CO.' column 'C-Female'; printed 6-month value $1,114",TULSA,CSAA GENERAL INS. CO.,ok-2026-C-female,2228
ok-2026,OK,2026,https://www.oid.ok.gov/wp-content/uploads/2026/09/PPA-Rate-Comparisons-9-1-2026.pdf,"PDF p.1 table 'TULSA' row 'CSAA GENERAL INS. CO.' column 'D-Male'; printed 6-month value $1,087",TULSA,CSAA GENERAL INS. CO.,ok-2026-D-male,2174
ok-2026,OK,2026,https://www.oid.ok.gov/wp-content/uploads/2026/09/PPA-Rate-Comparisons-9-1-2026.pdf,PDF p.1 table 'TULSA' row 'CSAA GENERAL INS. CO.' column 'D-Female'; printed 6-month value $959,TULSA,CSAA GENERAL INS. CO.,ok-2026-D-female,1918
ok-2026,OK,2026,https://www.oid.ok.gov/wp-content/uploads/2026/09/PPA-Rate-Comparisons-9-1-2026.pdf,"PDF p.1 table 'TULSA' row 'CSAA GENERAL INS. CO.' column 'E-Male'; printed 6-month value $1,190",TULSA,CSAA GENERAL INS. CO.,ok-2026-E-male,2380
ok-2026,OK,2026,https://www.oid.ok.gov/wp-content/uploads/2026/09/PPA-Rate-Comparisons-9-1-2026.pdf,PDF p.1 table 'TULSA' row 'CSAA GENERAL INS. CO.' column 'E-Female'; printed 6-month value $968,TULSA,CSAA GENERAL INS. CO.,ok-2026-E-female,1936
ok-2026,OK,2026,https://www.oid.ok.gov/wp-content/uploads/2026/09/PPA-Rate-Comparisons-9-1-2026.pdf,"PDF p.1 table 'TULSA' row 'EQU+27:95ITY INSURANCE COMPANY' column 'A-Male'; printed 6-month value $5,743",TULSA,EQU+27:95ITY INSURANCE COMPANY,ok-2026-A-male,11486
ok-2026,OK,2026,https://www.oid.ok.gov/wp-content/uploads/2026/09/PPA-Rate-Comparisons-9-1-2026.pdf,"PDF p.1 table 'TULSA' row 'EQU+27:95ITY INSURANCE COMPANY' column 'A-Female'; printed 6-month value $4,147",TULSA,EQU+27:95ITY INSURANCE COMPANY,ok-2026-A-female,8294
ok-2026,OK,2026,https://www.oid.ok.gov/wp-content/uploads/2026/09/PPA-Rate-Comparisons-9-1-2026.pdf,"PDF p.1 table 'TULSA' row 'EQU+27:95ITY INSURANCE COMPANY' column 'B-Male'; printed 6-month value $2,978",TULSA,EQU+27:95ITY INSURANCE COMPANY,ok-2026-B-male,5956
ok-2026,OK,2026,https://www.oid.ok.gov/wp-content/uploads/2026/09/PPA-Rate-Comparisons-9-1-2026.pdf,"PDF p.1 table 'TULSA' row 'EQU+27:95ITY INSURANCE COMPANY' column 'B-Female'; printed 6-month value $2,736",TULSA,EQU+27:95ITY INSURANCE COMPANY,ok-2026-B-female,5472
ok-2026,OK,2026,https://www.oid.ok.gov/wp-content/uploads/2026/09/PPA-Rate-Comparisons-9-1-2026.pdf,"PDF p.1 table 'TULSA' row 'EQU+27:95ITY INSURANCE COMPANY' column 'C-Male'; printed 6-month value $1,658",TULSA,EQU+27:95ITY INSURANCE COMPANY,ok-2026-C-male,3316
ok-2026,OK,2026,https://www.oid.ok.gov/wp-content/uploads/2026/09/PPA-Rate-Comparisons-9-1-2026.pdf,"PDF p.1 table 'TULSA' row 'EQU+27:95ITY INSURANCE COMPANY' column 'C-Female'; printed 6-month value $1,605",TULSA,EQU+27:95ITY INSURANCE COMPANY,ok-2026-C-female,3210
ok-2026,OK,2026,https://www.oid.ok.gov/wp-content/uploads/2026/09/PPA-Rate-Comparisons-9-1-2026.pdf,"PDF p.1 table 'TULSA' row 'EQU+27:95ITY INSURANCE COMPANY' column 'D-Male'; printed 6-month value $1,545",TULSA,EQU+27:95ITY INSURANCE COMPANY,ok-2026-D-male,3090
ok-2026,OK,2026,https://www.oid.ok.gov/wp-content/uploads/2026/09/PPA-Rate-Comparisons-9-1-2026.pdf,"PDF p.1 table 'TULSA' row 'EQU+27:95ITY INSURANCE COMPANY' column 'D-Female'; printed 6-month value $1,606",TULSA,EQU+27:95ITY INSURANCE COMPANY,ok-2026-D-female,3212
ok-2026,OK,2026,https://www.oid.ok.gov/wp-content/uploads/2026/09/PPA-Rate-Comparisons-9-1-2026.pdf,"PDF p.1 table 'TULSA' row 'EQU+27:95ITY INSURANCE COMPANY' column 'E-Male'; printed 6-month value $1,968",TULSA,EQU+27:95ITY INSURANCE COMPANY,ok-2026-E-male,3936
ok-2026,OK,2026,https://www.oid.ok.gov/wp-content/uploads/2026/09/PPA-Rate-Comparisons-9-1-2026.pdf,"PDF p.1 table 'TULSA' row 'EQU+27:95ITY INSURANCE COMPANY' column 'E-Female'; printed 6-month value $1,906",TULSA,EQU+27:95ITY INSURANCE COMPANY,ok-2026-E-female,3812
ok-2026,OK,2026,https://www.oid.ok.gov/wp-content/uploads/2026/09/PPA-Rate-Comparisons-9-1-2026.pdf,"PDF p.1 table 'TULSA' row 'FARMERS INSURANCE COMPANY (**Mid-Century Insurance Company)' column 'A-Male'; printed 6-month value $4,523",TULSA,FARMERS INSURANCE COMPANY (**Mid-Century Insurance Company),ok-2026-A-male,9046
ok-2026,OK,2026,https://www.oid.ok.gov/wp-content/uploads/2026/09/PPA-Rate-Comparisons-9-1-2026.pdf,"PDF p.1 table 'TULSA' row 'FARMERS INSURANCE COMPANY (**Mid-Century Insurance Company)' column 'A-Female'; printed 6-month value $3,460",TULSA,FARMERS INSURANCE COMPANY (**Mid-Century Insurance Company),ok-2026-A-female,6920
ok-2026,OK,2026,https://www.oid.ok.gov/wp-content/uploads/2026/09/PPA-Rate-Comparisons-9-1-2026.pdf,"PDF p.1 table 'TULSA' row 'FARMERS INSURANCE COMPANY (**Mid-Century Insurance Company)' column 'B-Male'; printed 6-month value $1,885",TULSA,FARMERS INSURANCE COMPANY (**Mid-Century Insurance Company),ok-2026-B-male,3770
ok-2026,OK,2026,https://www.oid.ok.gov/wp-content/uploads/2026/09/PPA-Rate-Comparisons-9-1-2026.pdf,"PDF p.1 table 'TULSA' row 'FARMERS INSURANCE COMPANY (**Mid-Century Insurance Company)' column 'B-Female'; printed 6-month value $1,583",TULSA,FARMERS INSURANCE COMPANY (**Mid-Century Insurance Company),ok-2026-B-female,3166
ok-2026,OK,2026,https://www.oid.ok.gov/wp-content/uploads/2026/09/PPA-Rate-Comparisons-9-1-2026.pdf,PDF p.1 table 'TULSA' row 'FARMERS INSURANCE COMPANY (**Mid-Century Insurance Company)' column 'C-Male'; printed 6-month value $862,TULSA,FARMERS INSURANCE COMPANY (**Mid-Century Insurance Company),ok-2026-C-male,1724
ok-2026,OK,2026,https://www.oid.ok.gov/wp-content/uploads/2026/09/PPA-Rate-Comparisons-9-1-2026.pdf,PDF p.1 table 'TULSA' row 'FARMERS INSURANCE COMPANY (**Mid-Century Insurance Company)' column 'C-Female'; printed 6-month value $952,TULSA,FARMERS INSURANCE COMPANY (**Mid-Century Insurance Company),ok-2026-C-female,1904
ok-2026,OK,2026,https://www.oid.ok.gov/wp-content/uploads/2026/09/PPA-Rate-Comparisons-9-1-2026.pdf,PDF p.1 table 'TULSA' row 'FARMERS INSURANCE COMPANY (**Mid-Century Insurance Company)' column 'D-Male'; printed 6-month value $751,TULSA,FARMERS INSURANCE COMPANY (**Mid-Century Insurance Company),ok-2026-D-male,1502
ok-2026,OK,2026,https://www.oid.ok.gov/wp-content/uploads/2026/09/PPA-Rate-Comparisons-9-1-2026.pdf,PDF p.1 table 'TULSA' row 'FARMERS INSURANCE COMPANY (**Mid-Century Insurance Company)' column 'D-Female'; printed 6-month value $769,TULSA,FARMERS INSURANCE COMPANY (**Mid-Century Insurance Company),ok-2026-D-female,1538
ok-2026,OK,2026,https://www.oid.ok.gov/wp-content/uploads/2026/09/PPA-Rate-Comparisons-9-1-2026.pdf,PDF p.1 table 'TULSA' row 'FARMERS INSURANCE COMPANY (**Mid-Century Insurance Company)' column 'E-Male'; printed 6-month value $668,TULSA,FARMERS INSURANCE COMPANY (**Mid-Century Insurance Company),ok-2026-E-male,1336
ok-2026,OK,2026,https://www.oid.ok.gov/wp-content/uploads/2026/09/PPA-Rate-Comparisons-9-1-2026.pdf,PDF p.1 table 'TULSA' row 'FARMERS INSURANCE COMPANY (**Mid-Century Insurance Company)' column 'E-Female'; printed 6-month value $730,TULSA,FARMERS INSURANCE COMPANY (**Mid-Century Insurance Company),ok-2026-E-female,1460
ok-2026,OK,2026,https://www.oid.ok.gov/wp-content/uploads/2026/09/PPA-Rate-Comparisons-9-1-2026.pdf,"PDF p.1 table 'TULSA' row 'GARRISON PROPERTY & CASUALTY INSURANCE CO.' column 'A-Male'; printed 6-month value $4,023",TULSA,GARRISON PROPERTY & CASUALTY INSURANCE CO.,ok-2026-A-male,8046
ok-2026,OK,2026,https://www.oid.ok.gov/wp-content/uploads/2026/09/PPA-Rate-Comparisons-9-1-2026.pdf,"PDF p.1 table 'TULSA' row 'GARRISON PROPERTY & CASUALTY INSURANCE CO.' column 'A-Female'; printed 6-month value $3,885",TULSA,GARRISON PROPERTY & CASUALTY INSURANCE CO.,ok-2026-A-female,7770
ok-2026,OK,2026,https://www.oid.ok.gov/wp-content/uploads/2026/09/PPA-Rate-Comparisons-9-1-2026.pdf,"PDF p.1 table 'TULSA' row 'GARRISON PROPERTY & CASUALTY INSURANCE CO.' column 'B-Male'; printed 6-month value $1,441",TULSA,GARRISON PROPERTY & CASUALTY INSURANCE CO.,ok-2026-B-male,2882
ok-2026,OK,2026,https://www.oid.ok.gov/wp-content/uploads/2026/09/PPA-Rate-Comparisons-9-1-2026.pdf,"PDF p.1 table 'TULSA' row 'GARRISON PROPERTY & CASUALTY INSURANCE CO.' column 'B-Female'; printed 6-month value $1,392",TULSA,GARRISON PROPERTY & CASUALTY INSURANCE CO.,ok-2026-B-female,2784
ok-2026,OK,2026,https://www.oid.ok.gov/wp-content/uploads/2026/09/PPA-Rate-Comparisons-9-1-2026.pdf,PDF p.1 table 'TULSA' row 'GARRISON PROPERTY & CASUALTY INSURANCE CO.' column 'C-Male'; printed 6-month value $801,TULSA,GARRISON PROPERTY & CASUALTY INSURANCE CO.,ok-2026-C-male,1602
ok-2026,OK,2026,https://www.oid.ok.gov/wp-content/uploads/2026/09/PPA-Rate-Comparisons-9-1-2026.pdf,PDF p.1 table 'TULSA' row 'GARRISON PROPERTY & CASUALTY INSURANCE CO.' column 'C-Female'; printed 6-month value $784,TULSA,GARRISON PROPERTY & CASUALTY INSURANCE CO.,ok-2026-C-female,1568
ok-2026,OK,2026,https://www.oid.ok.gov/wp-content/uploads/2026/09/PPA-Rate-Comparisons-9-1-2026.pdf,PDF p.1 table 'TULSA' row 'GARRISON PROPERTY & CASUALTY INSURANCE CO.' column 'D-Male'; printed 6-month value $710,TULSA,GARRISON PROPERTY & CASUALTY INSURANCE CO.,ok-2026-D-male,1420
ok-2026,OK,2026,https://www.oid.ok.gov/wp-content/uploads/2026/09/PPA-Rate-Comparisons-9-1-2026.pdf,PDF p.1 table 'TULSA' row 'GARRISON PROPERTY & CASUALTY INSURANCE CO.' column 'D-Female'; printed 6-month value $708,TULSA,GARRISON PROPERTY & CASUALTY INSURANCE CO.,ok-2026-D-female,1416
ok-2026,OK,2026,https://www.oid.ok.gov/wp-content/uploads/2026/09/PPA-Rate-Comparisons-9-1-2026.pdf,PDF p.1 table 'TULSA' row 'GARRISON PROPERTY & CASUALTY INSURANCE CO.' column 'E-Male'; printed 6-month value $731,TULSA,GARRISON PROPERTY & CASUALTY INSURANCE CO.,ok-2026-E-male,1462
ok-2026,OK,2026,https://www.oid.ok.gov/wp-content/uploads/2026/09/PPA-Rate-Comparisons-9-1-2026.pdf,PDF p.1 table 'TULSA' row 'GARRISON PROPERTY & CASUALTY INSURANCE CO.' column 'E-Female'; printed 6-month value $736,TULSA,GARRISON PROPERTY & CASUALTY INSURANCE CO.,ok-2026-E-female,1472
ok-2026,OK,2026,https://www.oid.ok.gov/wp-content/uploads/2026/09/PPA-Rate-Comparisons-9-1-2026.pdf,"PDF p.1 table 'TULSA' row 'GEICO SECURE INS. CO. (*GEICO CASUALTY CO.)' column 'A-Male'; printed 6-month value $2,033",TULSA,GEICO SECURE INS. CO. (*GEICO CASUALTY CO.),ok-2026-A-male,4066
ok-2026,OK,2026,https://www.oid.ok.gov/wp-content/uploads/2026/09/PPA-Rate-Comparisons-9-1-2026.pdf,"PDF p.1 table 'TULSA' row 'GEICO SECURE INS. CO. (*GEICO CASUALTY CO.)' column 'A-Female'; printed 6-month value $2,067",TULSA,GEICO SECURE INS. CO. (*GEICO CASUALTY CO.),ok-2026-A-female,4134
ok-2026,OK,2026,https://www.oid.ok.gov/wp-content/uploads/2026/09/PPA-Rate-Comparisons-9-1-2026.pdf,PDF p.1 table 'TULSA' row 'GEICO SECURE INS. CO. (*GEICO CASUALTY CO.)' column 'B-Male'; printed 6-month value $642,TULSA,GEICO SECURE INS. CO. (*GEICO CASUALTY CO.),ok-2026-B-male,1284
ok-2026,OK,2026,https://www.oid.ok.gov/wp-content/uploads/2026/09/PPA-Rate-Comparisons-9-1-2026.pdf,PDF p.1 table 'TULSA' row 'GEICO SECURE INS. CO. (*GEICO CASUALTY CO.)' column 'B-Female'; printed 6-month value $652,TULSA,GEICO SECURE INS. CO. (*GEICO CASUALTY CO.),ok-2026-B-female,1304
ok-2026,OK,2026,https://www.oid.ok.gov/wp-content/uploads/2026/09/PPA-Rate-Comparisons-9-1-2026.pdf,PDF p.1 table 'TULSA' row 'GEICO SECURE INS. CO. (*GEICO CASUALTY CO.)' column 'C-Male'; printed 6-month value $388,TULSA,GEICO SECURE INS. CO. (*GEICO CASUALTY CO.),ok-2026-C-male,776
ok-2026,OK,2026,https://www.oid.ok.gov/wp-content/uploads/2026/09/PPA-Rate-Comparisons-9-1-2026.pdf,PDF p.1 table 'TULSA' row 'GEICO SECURE INS. CO. (*GEICO CASUALTY CO.)' column 'C-Female'; printed 6-month value $388,TULSA,GEICO SECURE INS. CO. (*GEICO CASUALTY CO.),ok-2026-C-female,776
ok-2026,OK,2026,https://www.oid.ok.gov/wp-content/uploads/2026/09/PPA-Rate-Comparisons-9-1-2026.pdf,PDF p.1 table 'TULSA' row 'GEICO SECURE INS. CO. (*GEICO CASUALTY CO.)' column 'D-Male'; printed 6-month value $367,TULSA,GEICO SECURE INS. CO. (*GEICO CASUALTY CO.),ok-2026-D-male,734
ok-2026,OK,2026,https://www.oid.ok.gov/wp-content/uploads/2026/09/PPA-Rate-Comparisons-9-1-2026.pdf,PDF p.1 table 'TULSA' row 'GEICO SECURE INS. CO. (*GEICO CASUALTY CO.)' column 'D-Female'; printed 6-month value $367,TULSA,GEICO SECURE INS. CO. (*GEICO CASUALTY CO.),ok-2026-D-female,734
ok-2026,OK,2026,https://www.oid.ok.gov/wp-content/uploads/2026/09/PPA-Rate-Comparisons-9-1-2026.pdf,PDF p.1 table 'TULSA' row 'GEICO SECURE INS. CO. (*GEICO CASUALTY CO.)' column 'E-Male'; printed 6-month value $387,TULSA,GEICO SECURE INS. CO. (*GEICO CASUALTY CO.),ok-2026-E-male,774
ok-2026,OK,2026,https://www.oid.ok.gov/wp-content/uploads/2026/09/PPA-Rate-Comparisons-9-1-2026.pdf,PDF p.1 table 'TULSA' row 'GEICO SECURE INS. CO. (*GEICO CASUALTY CO.)' column 'E-Female'; printed 6-month value $387,TULSA,GEICO SECURE INS. CO. (*GEICO CASUALTY CO.),ok-2026-E-female,774
ok-2026,OK,2026,https://www.oid.ok.gov/wp-content/uploads/2026/09/PPA-Rate-Comparisons-9-1-2026.pdf,"PDF p.1 table 'TULSA' row 'OKLAHOMA FARM BUREAU MUTUAL INS. CO.' column 'A-Male'; printed 6-month value $4,231",TULSA,OKLAHOMA FARM BUREAU MUTUAL INS. CO.,ok-2026-A-male,8462
ok-2026,OK,2026,https://www.oid.ok.gov/wp-content/uploads/2026/09/PPA-Rate-Comparisons-9-1-2026.pdf,"PDF p.1 table 'TULSA' row 'OKLAHOMA FARM BUREAU MUTUAL INS. CO.' column 'A-Female'; printed 6-month value $2,637",TULSA,OKLAHOMA FARM BUREAU MUTUAL INS. CO.,ok-2026-A-female,5274
ok-2026,OK,2026,https://www.oid.ok.gov/wp-content/uploads/2026/09/PPA-Rate-Comparisons-9-1-2026.pdf,"PDF p.1 table 'TULSA' row 'OKLAHOMA FARM BUREAU MUTUAL INS. CO.' column 'B-Male'; printed 6-month value $2,423",TULSA,OKLAHOMA FARM BUREAU MUTUAL INS. CO.,ok-2026-B-male,4846
ok-2026,OK,2026,https://www.oid.ok.gov/wp-content/uploads/2026/09/PPA-Rate-Comparisons-9-1-2026.pdf,"PDF p.1 table 'TULSA' row 'OKLAHOMA FARM BUREAU MUTUAL INS. CO.' column 'B-Female'; printed 6-month value $1,789",TULSA,OKLAHOMA FARM BUREAU MUTUAL INS. CO.,ok-2026-B-female,3578
ok-2026,OK,2026,https://www.oid.ok.gov/wp-content/uploads/2026/09/PPA-Rate-Comparisons-9-1-2026.pdf,"PDF p.1 table 'TULSA' row 'OKLAHOMA FARM BUREAU MUTUAL INS. CO.' column 'C-Male'; printed 6-month value $1,061",TULSA,OKLAHOMA FARM BUREAU MUTUAL INS. CO.,ok-2026-C-male,2122
ok-2026,OK,2026,https://www.oid.ok.gov/wp-content/uploads/2026/09/PPA-Rate-Comparisons-9-1-2026.pdf,"PDF p.1 table 'TULSA' row 'OKLAHOMA FARM BUREAU MUTUAL INS. CO.' column 'C-Female'; printed 6-month value $1,061",TULSA,OKLAHOMA FARM BUREAU MUTUAL INS. CO.,ok-2026-C-female,2122
ok-2026,OK,2026,https://www.oid.ok.gov/wp-content/uploads/2026/09/PPA-Rate-Comparisons-9-1-2026.pdf,PDF p.1 table 'TULSA' row 'OKLAHOMA FARM BUREAU MUTUAL INS. CO.' column 'D-Male'; printed 6-month value $954,TULSA,OKLAHOMA FARM BUREAU MUTUAL INS. CO.,ok-2026-D-male,1908
ok-2026,OK,2026,https://www.oid.ok.gov/wp-content/uploads/2026/09/PPA-Rate-Comparisons-9-1-2026.pdf,PDF p.1 table 'TULSA' row 'OKLAHOMA FARM BUREAU MUTUAL INS. CO.' column 'D-Female'; printed 6-month value $954,TULSA,OKLAHOMA FARM BUREAU MUTUAL INS. CO.,ok-2026-D-female,1908
ok-2026,OK,2026,https://www.oid.ok.gov/wp-content/uploads/2026/09/PPA-Rate-Comparisons-9-1-2026.pdf,PDF p.1 table 'TULSA' row 'OKLAHOMA FARM BUREAU MUTUAL INS. CO.' column 'E-Male'; printed 6-month value $880,TULSA,OKLAHOMA FARM BUREAU MUTUAL INS. CO.,ok-2026-E-male,1760
ok-2026,OK,2026,https://www.oid.ok.gov/wp-content/uploads/2026/09/PPA-Rate-Comparisons-9-1-2026.pdf,PDF p.1 table 'TULSA' row 'OKLAHOMA FARM BUREAU MUTUAL INS. CO.' column 'E-Female'; printed 6-month value $880,TULSA,OKLAHOMA FARM BUREAU MUTUAL INS. CO.,ok-2026-E-female,1760
ok-2026,OK,2026,https://www.oid.ok.gov/wp-content/uploads/2026/09/PPA-Rate-Comparisons-9-1-2026.pdf,"PDF p.1 table 'TULSA' row 'PROGRESSIVE DIRECT INS. CO.' column 'A-Male'; printed 6-month value $4,727",TULSA,PROGRESSIVE DIRECT INS. CO.,ok-2026-A-male,9454
ok-2026,OK,2026,https://www.oid.ok.gov/wp-content/uploads/2026/09/PPA-Rate-Comparisons-9-1-2026.pdf,"PDF p.1 table 'TULSA' row 'PROGRESSIVE DIRECT INS. CO.' column 'A-Female'; printed 6-month value $4,197",TULSA,PROGRESSIVE DIRECT INS. CO.,ok-2026-A-female,8394
ok-2026,OK,2026,https://www.oid.ok.gov/wp-content/uploads/2026/09/PPA-Rate-Comparisons-9-1-2026.pdf,"PDF p.1 table 'TULSA' row 'PROGRESSIVE DIRECT INS. CO.' column 'B-Male'; printed 6-month value $1,752",TULSA,PROGRESSIVE DIRECT INS. CO.,ok-2026-B-male,3504
ok-2026,OK,2026,https://www.oid.ok.gov/wp-content/uploads/2026/09/PPA-Rate-Comparisons-9-1-2026.pdf,"PDF p.1 table 'TULSA' row 'PROGRESSIVE DIRECT INS. CO.' column 'B-Female'; printed 6-month value $1,509",TULSA,PROGRESSIVE DIRECT INS. CO.,ok-2026-B-female,3018
ok-2026,OK,2026,https://www.oid.ok.gov/wp-content/uploads/2026/09/PPA-Rate-Comparisons-9-1-2026.pdf,PDF p.1 table 'TULSA' row 'PROGRESSIVE DIRECT INS. CO.' column 'C-Male'; printed 6-month value $962,TULSA,PROGRESSIVE DIRECT INS. CO.,ok-2026-C-male,1924
ok-2026,OK,2026,https://www.oid.ok.gov/wp-content/uploads/2026/09/PPA-Rate-Comparisons-9-1-2026.pdf,PDF p.1 table 'TULSA' row 'PROGRESSIVE DIRECT INS. CO.' column 'C-Female'; printed 6-month value $939,TULSA,PROGRESSIVE DIRECT INS. CO.,ok-2026-C-female,1878
ok-2026,OK,2026,https://www.oid.ok.gov/wp-content/uploads/2026/09/PPA-Rate-Comparisons-9-1-2026.pdf,PDF p.1 table 'TULSA' row 'PROGRESSIVE DIRECT INS. CO.' column 'D-Male'; printed 6-month value $814,TULSA,PROGRESSIVE DIRECT INS. CO.,ok-2026-D-male,1628
ok-2026,OK,2026,https://www.oid.ok.gov/wp-content/uploads/2026/09/PPA-Rate-Comparisons-9-1-2026.pdf,PDF p.1 table 'TULSA' row 'PROGRESSIVE DIRECT INS. CO.' column 'D-Female'; printed 6-month value $752,TULSA,PROGRESSIVE DIRECT INS. CO.,ok-2026-D-female,1504
ok-2026,OK,2026,https://www.oid.ok.gov/wp-content/uploads/2026/09/PPA-Rate-Comparisons-9-1-2026.pdf,PDF p.1 table 'TULSA' row 'PROGRESSIVE DIRECT INS. CO.' column 'E-Male'; printed 6-month value $820,TULSA,PROGRESSIVE DIRECT INS. CO.,ok-2026-E-male,1640
ok-2026,OK,2026,https://www.oid.ok.gov/wp-content/uploads/2026/09/PPA-Rate-Comparisons-9-1-2026.pdf,PDF p.1 table 'TULSA' row 'PROGRESSIVE DIRECT INS. CO.' column 'E-Female'; printed 6-month value $777,TULSA,PROGRESSIVE DIRECT INS. CO.,ok-2026-E-female,1554
ok-2026,OK,2026,https://www.oid.ok.gov/wp-content/uploads/2026/09/PPA-Rate-Comparisons-9-1-2026.pdf,"PDF p.1 table 'TULSA' row 'PROGRESSIVE NORTHERN INS. CO.' column 'A-Male'; printed 6-month value $5,078",TULSA,PROGRESSIVE NORTHERN INS. CO.,ok-2026-A-male,10156
ok-2026,OK,2026,https://www.oid.ok.gov/wp-content/uploads/2026/09/PPA-Rate-Comparisons-9-1-2026.pdf,"PDF p.1 table 'TULSA' row 'PROGRESSIVE NORTHERN INS. CO.' column 'A-Female'; printed 6-month value $4,431",TULSA,PROGRESSIVE NORTHERN INS. CO.,ok-2026-A-female,8862
ok-2026,OK,2026,https://www.oid.ok.gov/wp-content/uploads/2026/09/PPA-Rate-Comparisons-9-1-2026.pdf,"PDF p.1 table 'TULSA' row 'PROGRESSIVE NORTHERN INS. CO.' column 'B-Male'; printed 6-month value $1,777",TULSA,PROGRESSIVE NORTHERN INS. CO.,ok-2026-B-male,3554
ok-2026,OK,2026,https://www.oid.ok.gov/wp-content/uploads/2026/09/PPA-Rate-Comparisons-9-1-2026.pdf,"PDF p.1 table 'TULSA' row 'PROGRESSIVE NORTHERN INS. CO.' column 'B-Female'; printed 6-month value $1,429",TULSA,PROGRESSIVE NORTHERN INS. CO.,ok-2026-B-female,2858
ok-2026,OK,2026,https://www.oid.ok.gov/wp-content/uploads/2026/09/PPA-Rate-Comparisons-9-1-2026.pdf,"PDF p.1 table 'TULSA' row 'PROGRESSIVE NORTHERN INS. CO.' column 'C-Male'; printed 6-month value $1,020",TULSA,PROGRESSIVE NORTHERN INS. CO.,ok-2026-C-male,2040
ok-2026,OK,2026,https://www.oid.ok.gov/wp-content/uploads/2026/09/PPA-Rate-Comparisons-9-1-2026.pdf,PDF p.1 table 'TULSA' row 'PROGRESSIVE NORTHERN INS. CO.' column 'C-Female'; printed 6-month value $921,TULSA,PROGRESSIVE NORTHERN INS. CO.,ok-2026-C-female,1842
ok-2026,OK,2026,https://www.oid.ok.gov/wp-content/uploads/2026/09/PPA-Rate-Comparisons-9-1-2026.pdf,PDF p.1 table 'TULSA' row 'PROGRESSIVE NORTHERN INS. CO.' column 'D-Male'; printed 6-month value $749,TULSA,PROGRESSIVE NORTHERN INS. CO.,ok-2026-D-male,1498
ok-2026,OK,2026,https://www.oid.ok.gov/wp-content/uploads/2026/09/PPA-Rate-Comparisons-9-1-2026.pdf,PDF p.1 table 'TULSA' row 'PROGRESSIVE NORTHERN INS. CO.' column 'D-Female'; printed 6-month value $679,TULSA,PROGRESSIVE NORTHERN INS. CO.,ok-2026-D-female,1358
ok-2026,OK,2026,https://www.oid.ok.gov/wp-content/uploads/2026/09/PPA-Rate-Comparisons-9-1-2026.pdf,PDF p.1 table 'TULSA' row 'PROGRESSIVE NORTHERN INS. CO.' column 'E-Male'; printed 6-month value $743,TULSA,PROGRESSIVE NORTHERN INS. CO.,ok-2026-E-male,1486
ok-2026,OK,2026,https://www.oid.ok.gov/wp-content/uploads/2026/09/PPA-Rate-Comparisons-9-1-2026.pdf,PDF p.1 table 'TULSA' row 'PROGRESSIVE NORTHERN INS. CO.' column 'E-Female'; printed 6-month value $671,TULSA,PROGRESSIVE NORTHERN INS. CO.,ok-2026-E-female,1342
ok-2026,OK,2026,https://www.oid.ok.gov/wp-content/uploads/2026/09/PPA-Rate-Comparisons-9-1-2026.pdf,"PDF p.1 table 'TULSA' row 'SAFECO INSURANCE CO. OF AMERICA' column 'A-Male'; printed 6-month value $2,195",TULSA,SAFECO INSURANCE CO. OF AMERICA,ok-2026-A-male,4390
ok-2026,OK,2026,https://www.oid.ok.gov/wp-content/uploads/2026/09/PPA-Rate-Comparisons-9-1-2026.pdf,"PDF p.1 table 'TULSA' row 'SAFECO INSURANCE CO. OF AMERICA' column 'A-Female'; printed 6-month value $2,012",TULSA,SAFECO INSURANCE CO. OF AMERICA,ok-2026-A-female,4024
ok-2026,OK,2026,https://www.oid.ok.gov/wp-content/uploads/2026/09/PPA-Rate-Comparisons-9-1-2026.pdf,PDF p.1 table 'TULSA' row 'SAFECO INSURANCE CO. OF AMERICA' column 'B-Male'; printed 6-month value $963,TULSA,SAFECO INSURANCE CO. OF AMERICA,ok-2026-B-male,1926
ok-2026,OK,2026,https://www.oid.ok.gov/wp-content/uploads/2026/09/PPA-Rate-Comparisons-9-1-2026.pdf,PDF p.1 table 'TULSA' row 'SAFECO INSURANCE CO. OF AMERICA' column 'B-Female'; printed 6-month value $908,TULSA,SAFECO INSURANCE CO. OF AMERICA,ok-2026-B-female,1816
ok-2026,OK,2026,https://www.oid.ok.gov/wp-content/uploads/2026/09/PPA-Rate-Comparisons-9-1-2026.pdf,PDF p.1 table 'TULSA' row 'SAFECO INSURANCE CO. OF AMERICA' column 'C-Male'; printed 6-month value $527,TULSA,SAFECO INSURANCE CO. OF AMERICA,ok-2026-C-male,1054
ok-2026,OK,2026,https://www.oid.ok.gov/wp-content/uploads/2026/09/PPA-Rate-Comparisons-9-1-2026.pdf,PDF p.1 table 'TULSA' row 'SAFECO INSURANCE CO. OF AMERICA' column 'C-Female'; printed 6-month value $495,TULSA,SAFECO INSURANCE CO. OF AMERICA,ok-2026-C-female,990
ok-2026,OK,2026,https://www.oid.ok.gov/wp-content/uploads/2026/09/PPA-Rate-Comparisons-9-1-2026.pdf,PDF p.1 table 'TULSA' row 'SAFECO INSURANCE CO. OF AMERICA' column 'D-Male'; printed 6-month value $539,TULSA,SAFECO INSURANCE CO. OF AMERICA,ok-2026-D-male,1078
ok-2026,OK,2026,https://www.oid.ok.gov/wp-content/uploads/2026/09/PPA-Rate-Comparisons-9-1-2026.pdf,PDF p.1 table 'TULSA' row 'SAFECO INSURANCE CO. OF AMERICA' column 'D-Female'; printed 6-month value $504,TULSA,SAFECO INSURANCE CO. OF AMERICA,ok-2026-D-female,1008
ok-2026,OK,2026,https://www.oid.ok.gov/wp-content/uploads/2026/09/PPA-Rate-Comparisons-9-1-2026.pdf,PDF p.1 table 'TULSA' row 'SAFECO INSURANCE CO. OF AMERICA' column 'E-Male'; printed 6-month value $549,TULSA,SAFECO INSURANCE CO. OF AMERICA,ok-2026-E-male,1098
ok-2026,OK,2026,https://www.oid.ok.gov/wp-content/uploads/2026/09/PPA-Rate-Comparisons-9-1-2026.pdf,PDF p.1 table 'TULSA' row 'SAFECO INSURANCE CO. OF AMERICA' column 'E-Female'; printed 6-month value $493,TULSA,SAFECO INSURANCE CO. OF AMERICA,ok-2026-E-female,986
ok-2026,OK,2026,https://www.oid.ok.gov/wp-content/uploads/2026/09/PPA-Rate-Comparisons-9-1-2026.pdf,"PDF p.1 table 'TULSA' row 'SHELTER MUTUAL INSURANCE CO.' column 'A-Male'; printed 6-month value $2,474",TULSA,SHELTER MUTUAL INSURANCE CO.,ok-2026-A-male,4948
ok-2026,OK,2026,https://www.oid.ok.gov/wp-content/uploads/2026/09/PPA-Rate-Comparisons-9-1-2026.pdf,"PDF p.1 table 'TULSA' row 'SHELTER MUTUAL INSURANCE CO.' column 'A-Female'; printed 6-month value $1,812",TULSA,SHELTER MUTUAL INSURANCE CO.,ok-2026-A-female,3624
ok-2026,OK,2026,https://www.oid.ok.gov/wp-content/uploads/2026/09/PPA-Rate-Comparisons-9-1-2026.pdf,"PDF p.1 table 'TULSA' row 'SHELTER MUTUAL INSURANCE CO.' column 'B-Male'; printed 6-month value $1,620",TULSA,SHELTER MUTUAL INSURANCE CO.,ok-2026-B-male,3240
ok-2026,OK,2026,https://www.oid.ok.gov/wp-content/uploads/2026/09/PPA-Rate-Comparisons-9-1-2026.pdf,"PDF p.1 table 'TULSA' row 'SHELTER MUTUAL INSURANCE CO.' column 'B-Female'; printed 6-month value $1,326",TULSA,SHELTER MUTUAL INSURANCE CO.,ok-2026-B-female,2652
ok-2026,OK,2026,https://www.oid.ok.gov/wp-content/uploads/2026/09/PPA-Rate-Comparisons-9-1-2026.pdf,PDF p.1 table 'TULSA' row 'SHELTER MUTUAL INSURANCE CO.' column 'C-Male'; printed 6-month value $788,TULSA,SHELTER MUTUAL INSURANCE CO.,ok-2026-C-male,1576
ok-2026,OK,2026,https://www.oid.ok.gov/wp-content/uploads/2026/09/PPA-Rate-Comparisons-9-1-2026.pdf,PDF p.1 table 'TULSA' row 'SHELTER MUTUAL INSURANCE CO.' column 'C-Female'; printed 6-month value $783,TULSA,SHELTER MUTUAL INSURANCE CO.,ok-2026-C-female,1566
ok-2026,OK,2026,https://www.oid.ok.gov/wp-content/uploads/2026/09/PPA-Rate-Comparisons-9-1-2026.pdf,PDF p.1 table 'TULSA' row 'SHELTER MUTUAL INSURANCE CO.' column 'D-Male'; printed 6-month value $648,TULSA,SHELTER MUTUAL INSURANCE CO.,ok-2026-D-male,1296
ok-2026,OK,2026,https://www.oid.ok.gov/wp-content/uploads/2026/09/PPA-Rate-Comparisons-9-1-2026.pdf,PDF p.1 table 'TULSA' row 'SHELTER MUTUAL INSURANCE CO.' column 'D-Female'; printed 6-month value $613,TULSA,SHELTER MUTUAL INSURANCE CO.,ok-2026-D-female,1226
ok-2026,OK,2026,https://www.oid.ok.gov/wp-content/uploads/2026/09/PPA-Rate-Comparisons-9-1-2026.pdf,PDF p.1 table 'TULSA' row 'SHELTER MUTUAL INSURANCE CO.' column 'E-Male'; printed 6-month value $630,TULSA,SHELTER MUTUAL INSURANCE CO.,ok-2026-E-male,1260
ok-2026,OK,2026,https://www.oid.ok.gov/wp-content/uploads/2026/09/PPA-Rate-Comparisons-9-1-2026.pdf,PDF p.1 table 'TULSA' row 'SHELTER MUTUAL INSURANCE CO.' column 'E-Female'; printed 6-month value $603,TULSA,SHELTER MUTUAL INSURANCE CO.,ok-2026-E-female,1206
ok-2026,OK,2026,https://www.oid.ok.gov/wp-content/uploads/2026/09/PPA-Rate-Comparisons-9-1-2026.pdf,"PDF p.2 table 'TULSA' row 'STANDARD FIRE INS. CO.' column 'A-Male'; printed 6-month value $4,919",TULSA,STANDARD FIRE INS. CO.,ok-2026-A-male,9838
ok-2026,OK,2026,https://www.oid.ok.gov/wp-content/uploads/2026/09/PPA-Rate-Comparisons-9-1-2026.pdf,"PDF p.2 table 'TULSA' row 'STANDARD FIRE INS. CO.' column 'A-Female'; printed 6-month value $3,841",TULSA,STANDARD FIRE INS. CO.,ok-2026-A-female,7682
ok-2026,OK,2026,https://www.oid.ok.gov/wp-content/uploads/2026/09/PPA-Rate-Comparisons-9-1-2026.pdf,"PDF p.2 table 'TULSA' row 'STANDARD FIRE INS. CO.' column 'B-Male'; printed 6-month value $2,123",TULSA,STANDARD FIRE INS. CO.,ok-2026-B-male,4246
ok-2026,OK,2026,https://www.oid.ok.gov/wp-content/uploads/2026/09/PPA-Rate-Comparisons-9-1-2026.pdf,"PDF p.2 table 'TULSA' row 'STANDARD FIRE INS. CO.' column 'B-Female'; printed 6-month value $1,794",TULSA,STANDARD FIRE INS. CO.,ok-2026-B-female,3588
ok-2026,OK,2026,https://www.oid.ok.gov/wp-content/uploads/2026/09/PPA-Rate-Comparisons-9-1-2026.pdf,"PDF p.2 table 'TULSA' row 'STANDARD FIRE INS. CO.' column 'C-Male'; printed 6-month value $1,356",TULSA,STANDARD FIRE INS. CO.,ok-2026-C-male,2712
ok-2026,OK,2026,https://www.oid.ok.gov/wp-content/uploads/2026/09/PPA-Rate-Comparisons-9-1-2026.pdf,"PDF p.2 table 'TULSA' row 'STANDARD FIRE INS. CO.' column 'C-Female'; printed 6-month value $1,287",TULSA,STANDARD FIRE INS. CO.,ok-2026-C-female,2574
ok-2026,OK,2026,https://www.oid.ok.gov/wp-content/uploads/2026/09/PPA-Rate-Comparisons-9-1-2026.pdf,"PDF p.2 table 'TULSA' row 'STANDARD FIRE INS. CO.' column 'D-Male'; printed 6-month value $1,069",TULSA,STANDARD FIRE INS. CO.,ok-2026-D-male,2138
ok-2026,OK,2026,https://www.oid.ok.gov/wp-content/uploads/2026/09/PPA-Rate-Comparisons-9-1-2026.pdf,"PDF p.2 table 'TULSA' row 'STANDARD FIRE INS. CO.' column 'D-Female'; printed 6-month value $1,007",TULSA,STANDARD FIRE INS. CO.,ok-2026-D-female,2014
ok-2026,OK,2026,https://www.oid.ok.gov/wp-content/uploads/2026/09/PPA-Rate-Comparisons-9-1-2026.pdf,"PDF p.2 table 'TULSA' row 'STANDARD FIRE INS. CO.' column 'E-Male'; printed 6-month value $1,197",TULSA,STANDARD FIRE INS. CO.,ok-2026-E-male,2394
ok-2026,OK,2026,https://www.oid.ok.gov/wp-content/uploads/2026/09/PPA-Rate-Comparisons-9-1-2026.pdf,"PDF p.2 table 'TULSA' row 'STANDARD FIRE INS. CO.' column 'E-Female'; printed 6-month value $1,090",TULSA,STANDARD FIRE INS. CO.,ok-2026-E-female,2180
ok-2026,OK,2026,https://www.oid.ok.gov/wp-content/uploads/2026/09/PPA-Rate-Comparisons-9-1-2026.pdf,"PDF p.2 table 'TULSA' row 'STATE FARM FIRE & CASUALTY CO.' column 'A-Male'; printed 6-month value $1,536",TULSA,STATE FARM FIRE & CASUALTY CO.,ok-2026-A-male,3072
ok-2026,OK,2026,https://www.oid.ok.gov/wp-content/uploads/2026/09/PPA-Rate-Comparisons-9-1-2026.pdf,"PDF p.2 table 'TULSA' row 'STATE FARM FIRE & CASUALTY CO.' column 'A-Female'; printed 6-month value $1,540",TULSA,STATE FARM FIRE & CASUALTY CO.,ok-2026-A-female,3080
ok-2026,OK,2026,https://www.oid.ok.gov/wp-content/uploads/2026/09/PPA-Rate-Comparisons-9-1-2026.pdf,"PDF p.2 table 'TULSA' row 'STATE FARM FIRE & CASUALTY CO.' column 'B-Male'; printed 6-month value $2,859",TULSA,STATE FARM FIRE & CASUALTY CO.,ok-2026-B-male,5718
ok-2026,OK,2026,https://www.oid.ok.gov/wp-content/uploads/2026/09/PPA-Rate-Comparisons-9-1-2026.pdf,"PDF p.2 table 'TULSA' row 'STATE FARM FIRE & CASUALTY CO.' column 'B-Female'; printed 6-month value $2,890",TULSA,STATE FARM FIRE & CASUALTY CO.,ok-2026-B-female,5780
ok-2026,OK,2026,https://www.oid.ok.gov/wp-content/uploads/2026/09/PPA-Rate-Comparisons-9-1-2026.pdf,"PDF p.2 table 'TULSA' row 'STATE FARM FIRE & CASUALTY CO.' column 'C-Male'; printed 6-month value $2,421",TULSA,STATE FARM FIRE & CASUALTY CO.,ok-2026-C-male,4842
ok-2026,OK,2026,https://www.oid.ok.gov/wp-content/uploads/2026/09/PPA-Rate-Comparisons-9-1-2026.pdf,"PDF p.2 table 'TULSA' row 'STATE FARM FIRE & CASUALTY CO.' column 'C-Female'; printed 6-month value $2,445",TULSA,STATE FARM FIRE & CASUALTY CO.,ok-2026-C-female,4890
ok-2026,OK,2026,https://www.oid.ok.gov/wp-content/uploads/2026/09/PPA-Rate-Comparisons-9-1-2026.pdf,"PDF p.2 table 'TULSA' row 'STATE FARM FIRE & CASUALTY CO.' column 'D-Male'; printed 6-month value $2,287",TULSA,STATE FARM FIRE & CASUALTY CO.,ok-2026-D-male,4574
ok-2026,OK,2026,https://www.oid.ok.gov/wp-content/uploads/2026/09/PPA-Rate-Comparisons-9-1-2026.pdf,"PDF p.2 table 'TULSA' row 'STATE FARM FIRE & CASUALTY CO.' column 'D-Female'; printed 6-month value $2,289",TULSA,STATE FARM FIRE & CASUALTY CO.,ok-2026-D-female,4578
ok-2026,OK,2026,https://www.oid.ok.gov/wp-content/uploads/2026/09/PPA-Rate-Comparisons-9-1-2026.pdf,"PDF p.2 table 'TULSA' row 'STATE FARM FIRE & CASUALTY CO.' column 'E-Male'; printed 6-month value $1,053",TULSA,STATE FARM FIRE & CASUALTY CO.,ok-2026-E-male,2106
ok-2026,OK,2026,https://www.oid.ok.gov/wp-content/uploads/2026/09/PPA-Rate-Comparisons-9-1-2026.pdf,"PDF p.2 table 'TULSA' row 'STATE FARM FIRE & CASUALTY CO.' column 'E-Female'; printed 6-month value $1,108",TULSA,STATE FARM FIRE & CASUALTY CO.,ok-2026-E-female,2216
ok-2026,OK,2026,https://www.oid.ok.gov/wp-content/uploads/2026/09/PPA-Rate-Comparisons-9-1-2026.pdf,"PDF p.2 table 'TULSA' row 'STATE FARM MUTUAL AUTOMOBILE INS. CO.' column 'A-Male'; printed 6-month value $1,128",TULSA,STATE FARM MUTUAL AUTOMOBILE INS. CO.,ok-2026-A-male,2256
ok-2026,OK,2026,https://www.oid.ok.gov/wp-content/uploads/2026/09/PPA-Rate-Comparisons-9-1-2026.pdf,"PDF p.2 table 'TULSA' row 'STATE FARM MUTUAL AUTOMOBILE INS. CO.' column 'A-Female'; printed 6-month value $1,131",TULSA,STATE FARM MUTUAL AUTOMOBILE INS. CO.,ok-2026-A-female,2262
ok-2026,OK,2026,https://www.oid.ok.gov/wp-content/uploads/2026/09/PPA-Rate-Comparisons-9-1-2026.pdf,"PDF p.2 table 'TULSA' row 'STATE FARM MUTUAL AUTOMOBILE INS. CO.' column 'B-Male'; printed 6-month value $2,100",TULSA,STATE FARM MUTUAL AUTOMOBILE INS. CO.,ok-2026-B-male,4200
ok-2026,OK,2026,https://www.oid.ok.gov/wp-content/uploads/2026/09/PPA-Rate-Comparisons-9-1-2026.pdf,"PDF p.2 table 'TULSA' row 'STATE FARM MUTUAL AUTOMOBILE INS. CO.' column 'B-Female'; printed 6-month value $2,122",TULSA,STATE FARM MUTUAL AUTOMOBILE INS. CO.,ok-2026-B-female,4244
ok-2026,OK,2026,https://www.oid.ok.gov/wp-content/uploads/2026/09/PPA-Rate-Comparisons-9-1-2026.pdf,"PDF p.2 table 'TULSA' row 'STATE FARM MUTUAL AUTOMOBILE INS. CO.' column 'C-Male'; printed 6-month value $1,778",TULSA,STATE FARM MUTUAL AUTOMOBILE INS. CO.,ok-2026-C-male,3556
ok-2026,OK,2026,https://www.oid.ok.gov/wp-content/uploads/2026/09/PPA-Rate-Comparisons-9-1-2026.pdf,"PDF p.2 table 'TULSA' row 'STATE FARM MUTUAL AUTOMOBILE INS. CO.' column 'C-Female'; printed 6-month value $1,795",TULSA,STATE FARM MUTUAL AUTOMOBILE INS. CO.,ok-2026-C-female,3590
ok-2026,OK,2026,https://www.oid.ok.gov/wp-content/uploads/2026/09/PPA-Rate-Comparisons-9-1-2026.pdf,"PDF p.2 table 'TULSA' row 'STATE FARM MUTUAL AUTOMOBILE INS. CO.' column 'D-Male'; printed 6-month value $1,680",TULSA,STATE FARM MUTUAL AUTOMOBILE INS. CO.,ok-2026-D-male,3360
ok-2026,OK,2026,https://www.oid.ok.gov/wp-content/uploads/2026/09/PPA-Rate-Comparisons-9-1-2026.pdf,"PDF p.2 table 'TULSA' row 'STATE FARM MUTUAL AUTOMOBILE INS. CO.' column 'D-Female'; printed 6-month value $1,681",TULSA,STATE FARM MUTUAL AUTOMOBILE INS. CO.,ok-2026-D-female,3362
ok-2026,OK,2026,https://www.oid.ok.gov/wp-content/uploads/2026/09/PPA-Rate-Comparisons-9-1-2026.pdf,PDF p.2 table 'TULSA' row 'STATE FARM MUTUAL AUTOMOBILE INS. CO.' column 'E-Male'; printed 6-month value $774,TULSA,STATE FARM MUTUAL AUTOMOBILE INS. CO.,ok-2026-E-male,1548
ok-2026,OK,2026,https://www.oid.ok.gov/wp-content/uploads/2026/09/PPA-Rate-Comparisons-9-1-2026.pdf,PDF p.2 table 'TULSA' row 'STATE FARM MUTUAL AUTOMOBILE INS. CO.' column 'E-Female'; printed 6-month value $814,TULSA,STATE FARM MUTUAL AUTOMOBILE INS. CO.,ok-2026-E-female,1628
ok-2026,OK,2026,https://www.oid.ok.gov/wp-content/uploads/2026/09/PPA-Rate-Comparisons-9-1-2026.pdf,"PDF p.2 table 'TULSA' row 'TRADERS INSURANCE COMPANY' column 'A-Male'; printed 6-month value $5,270",TULSA,TRADERS INSURANCE COMPANY,ok-2026-A-male,10540
ok-2026,OK,2026,https://www.oid.ok.gov/wp-content/uploads/2026/09/PPA-Rate-Comparisons-9-1-2026.pdf,"PDF p.2 table 'TULSA' row 'TRADERS INSURANCE COMPANY' column 'A-Female'; printed 6-month value $4,111",TULSA,TRADERS INSURANCE COMPANY,ok-2026-A-female,8222
ok-2026,OK,2026,https://www.oid.ok.gov/wp-content/uploads/2026/09/PPA-Rate-Comparisons-9-1-2026.pdf,"PDF p.2 table 'TULSA' row 'TRADERS INSURANCE COMPANY' column 'B-Male'; printed 6-month value $3,460",TULSA,TRADERS INSURANCE COMPANY,ok-2026-B-male,6920
ok-2026,OK,2026,https://www.oid.ok.gov/wp-content/uploads/2026/09/PPA-Rate-Comparisons-9-1-2026.pdf,"PDF p.2 table 'TULSA' row 'TRADERS INSURANCE COMPANY' column 'B-Female'; printed 6-month value $2,675",TULSA,TRADERS INSURANCE COMPANY,ok-2026-B-female,5350
ok-2026,OK,2026,https://www.oid.ok.gov/wp-content/uploads/2026/09/PPA-Rate-Comparisons-9-1-2026.pdf,"PDF p.2 table 'TULSA' row 'TRADERS INSURANCE COMPANY' column 'C-Male'; printed 6-month value $1,192",TULSA,TRADERS INSURANCE COMPANY,ok-2026-C-male,2384
ok-2026,OK,2026,https://www.oid.ok.gov/wp-content/uploads/2026/09/PPA-Rate-Comparisons-9-1-2026.pdf,"PDF p.2 table 'TULSA' row 'TRADERS INSURANCE COMPANY' column 'C-Female'; printed 6-month value $1,178",TULSA,TRADERS INSURANCE COMPANY,ok-2026-C-female,2356
ok-2026,OK,2026,https://www.oid.ok.gov/wp-content/uploads/2026/09/PPA-Rate-Comparisons-9-1-2026.pdf,"PDF p.2 table 'TULSA' row 'TRADERS INSURANCE COMPANY' column 'D-Male'; printed 6-month value $1,176",TULSA,TRADERS INSURANCE COMPANY,ok-2026-D-male,2352
ok-2026,OK,2026,https://www.oid.ok.gov/wp-content/uploads/2026/09/PPA-Rate-Comparisons-9-1-2026.pdf,"PDF p.2 table 'TULSA' row 'TRADERS INSURANCE COMPANY' column 'D-Female'; printed 6-month value $1,131",TULSA,TRADERS INSURANCE COMPANY,ok-2026-D-female,2262
ok-2026,OK,2026,https://www.oid.ok.gov/wp-content/uploads/2026/09/PPA-Rate-Comparisons-9-1-2026.pdf,"PDF p.2 table 'TULSA' row 'TRADERS INSURANCE COMPANY' column 'E-Male'; printed 6-month value $1,366",TULSA,TRADERS INSURANCE COMPANY,ok-2026-E-male,2732
ok-2026,OK,2026,https://www.oid.ok.gov/wp-content/uploads/2026/09/PPA-Rate-Comparisons-9-1-2026.pdf,"PDF p.2 table 'TULSA' row 'TRADERS INSURANCE COMPANY' column 'E-Female'; printed 6-month value $1,330",TULSA,TRADERS INSURANCE COMPANY,ok-2026-E-female,2660
ok-2026,OK,2026,https://www.oid.ok.gov/wp-content/uploads/2026/09/PPA-Rate-Comparisons-9-1-2026.pdf,"PDF p.2 table 'TULSA' row 'UNITED SERVICES AUTOMOBILE ASSN. (*USAA)' column 'A-Male'; printed 6-month value $3,414",TULSA,UNITED SERVICES AUTOMOBILE ASSN. (*USAA),ok-2026-A-male,6828
ok-2026,OK,2026,https://www.oid.ok.gov/wp-content/uploads/2026/09/PPA-Rate-Comparisons-9-1-2026.pdf,"PDF p.2 table 'TULSA' row 'UNITED SERVICES AUTOMOBILE ASSN. (*USAA)' column 'A-Female'; printed 6-month value $3,256",TULSA,UNITED SERVICES AUTOMOBILE ASSN. (*USAA),ok-2026-A-female,6512
ok-2026,OK,2026,https://www.oid.ok.gov/wp-content/uploads/2026/09/PPA-Rate-Comparisons-9-1-2026.pdf,"PDF p.2 table 'TULSA' row 'UNITED SERVICES AUTOMOBILE ASSN. (*USAA)' column 'B-Male'; printed 6-month value $1,271",TULSA,UNITED SERVICES AUTOMOBILE ASSN. (*USAA),ok-2026-B-male,2542
ok-2026,OK,2026,https://www.oid.ok.gov/wp-content/uploads/2026/09/PPA-Rate-Comparisons-9-1-2026.pdf,"PDF p.2 table 'TULSA' row 'UNITED SERVICES AUTOMOBILE ASSN. (*USAA)' column 'B-Female'; printed 6-month value $1,198",TULSA,UNITED SERVICES AUTOMOBILE ASSN. (*USAA),ok-2026-B-female,2396
ok-2026,OK,2026,https://www.oid.ok.gov/wp-content/uploads/2026/09/PPA-Rate-Comparisons-9-1-2026.pdf,PDF p.2 table 'TULSA' row 'UNITED SERVICES AUTOMOBILE ASSN. (*USAA)' column 'C-Male'; printed 6-month value $704,TULSA,UNITED SERVICES AUTOMOBILE ASSN. (*USAA),ok-2026-C-male,1408
ok-2026,OK,2026,https://www.oid.ok.gov/wp-content/uploads/2026/09/PPA-Rate-Comparisons-9-1-2026.pdf,PDF p.2 table 'TULSA' row 'UNITED SERVICES AUTOMOBILE ASSN. (*USAA)' column 'C-Female'; printed 6-month value $699,TULSA,UNITED SERVICES AUTOMOBILE ASSN. (*USAA),ok-2026-C-female,1398
ok-2026,OK,2026,https://www.oid.ok.gov/wp-content/uploads/2026/09/PPA-Rate-Comparisons-9-1-2026.pdf,PDF p.2 table 'TULSA' row 'UNITED SERVICES AUTOMOBILE ASSN. (*USAA)' column 'D-Male'; printed 6-month value $644,TULSA,UNITED SERVICES AUTOMOBILE ASSN. (*USAA),ok-2026-D-male,1288
ok-2026,OK,2026,https://www.oid.ok.gov/wp-content/uploads/2026/09/PPA-Rate-Comparisons-9-1-2026.pdf,PDF p.2 table 'TULSA' row 'UNITED SERVICES AUTOMOBILE ASSN. (*USAA)' column 'D-Female'; printed 6-month value $641,TULSA,UNITED SERVICES AUTOMOBILE ASSN. (*USAA),ok-2026-D-female,1282
ok-2026,OK,2026,https://www.oid.ok.gov/wp-content/uploads/2026/09/PPA-Rate-Comparisons-9-1-2026.pdf,PDF p.2 table 'TULSA' row 'UNITED SERVICES AUTOMOBILE ASSN. (*USAA)' column 'E-Male'; printed 6-month value $660,TULSA,UNITED SERVICES AUTOMOBILE ASSN. (*USAA),ok-2026-E-male,1320
ok-2026,OK,2026,https://www.oid.ok.gov/wp-content/uploads/2026/09/PPA-Rate-Comparisons-9-1-2026.pdf,PDF p.2 table 'TULSA' row 'UNITED SERVICES AUTOMOBILE ASSN. (*USAA)' column 'E-Female'; printed 6-month value $669,TULSA,UNITED SERVICES AUTOMOBILE ASSN. (*USAA),ok-2026-E-female,1338
ok-2026,OK,2026,https://www.oid.ok.gov/wp-content/uploads/2026/09/PPA-Rate-Comparisons-9-1-2026.pdf,"PDF p.2 table 'TULSA' row 'USAA CASUALTY INS. CO.' column 'A-Male'; printed 6-month value $3,526",TULSA,USAA CASUALTY INS. CO.,ok-2026-A-male,7052
ok-2026,OK,2026,https://www.oid.ok.gov/wp-content/uploads/2026/09/PPA-Rate-Comparisons-9-1-2026.pdf,"PDF p.2 table 'TULSA' row 'USAA CASUALTY INS. CO.' column 'A-Female'; printed 6-month value $3,412",TULSA,USAA CASUALTY INS. CO.,ok-2026-A-female,6824
ok-2026,OK,2026,https://www.oid.ok.gov/wp-content/uploads/2026/09/PPA-Rate-Comparisons-9-1-2026.pdf,"PDF p.2 table 'TULSA' row 'USAA CASUALTY INS. CO.' column 'B-Male'; printed 6-month value $1,304",TULSA,USAA CASUALTY INS. CO.,ok-2026-B-male,2608
ok-2026,OK,2026,https://www.oid.ok.gov/wp-content/uploads/2026/09/PPA-Rate-Comparisons-9-1-2026.pdf,"PDF p.2 table 'TULSA' row 'USAA CASUALTY INS. CO.' column 'B-Female'; printed 6-month value $1,259",TULSA,USAA CASUALTY INS. CO.,ok-2026-B-female,2518
ok-2026,OK,2026,https://www.oid.ok.gov/wp-content/uploads/2026/09/PPA-Rate-Comparisons-9-1-2026.pdf,PDF p.2 table 'TULSA' row 'USAA CASUALTY INS. CO.' column 'C-Male'; printed 6-month value $733,TULSA,USAA CASUALTY INS. CO.,ok-2026-C-male,1466
ok-2026,OK,2026,https://www.oid.ok.gov/wp-content/uploads/2026/09/PPA-Rate-Comparisons-9-1-2026.pdf,PDF p.2 table 'TULSA' row 'USAA CASUALTY INS. CO.' column 'C-Female'; printed 6-month value $717,TULSA,USAA CASUALTY INS. CO.,ok-2026-C-female,1434
ok-2026,OK,2026,https://www.oid.ok.gov/wp-content/uploads/2026/09/PPA-Rate-Comparisons-9-1-2026.pdf,PDF p.2 table 'TULSA' row 'USAA CASUALTY INS. CO.' column 'D-Male'; printed 6-month value $628,TULSA,USAA CASUALTY INS. CO.,ok-2026-D-male,1256
ok-2026,OK,2026,https://www.oid.ok.gov/wp-content/uploads/2026/09/PPA-Rate-Comparisons-9-1-2026.pdf,PDF p.2 table 'TULSA' row 'USAA CASUALTY INS. CO.' column 'D-Female'; printed 6-month value $628,TULSA,USAA CASUALTY INS. CO.,ok-2026-D-female,1256
ok-2026,OK,2026,https://www.oid.ok.gov/wp-content/uploads/2026/09/PPA-Rate-Comparisons-9-1-2026.pdf,PDF p.2 table 'TULSA' row 'USAA CASUALTY INS. CO.' column 'E-Male'; printed 6-month value $648,TULSA,USAA CASUALTY INS. CO.,ok-2026-E-male,1296
ok-2026,OK,2026,https://www.oid.ok.gov/wp-content/uploads/2026/09/PPA-Rate-Comparisons-9-1-2026.pdf,PDF p.2 table 'TULSA' row 'USAA CASUALTY INS. CO.' column 'E-Female'; printed 6-month value $654,TULSA,USAA CASUALTY INS. CO.,ok-2026-E-female,1308
ok-2026,OK,2026,https://www.oid.ok.gov/wp-content/uploads/2026/09/PPA-Rate-Comparisons-9-1-2026.pdf,"PDF p.2 table 'TULSA' row 'USAA GENERAL INDEMNITY CO.' column 'A-Male'; printed 6-month value $4,888",TULSA,USAA GENERAL INDEMNITY CO.,ok-2026-A-male,9776
ok-2026,OK,2026,https://www.oid.ok.gov/wp-content/uploads/2026/09/PPA-Rate-Comparisons-9-1-2026.pdf,"PDF p.2 table 'TULSA' row 'USAA GENERAL INDEMNITY CO.' column 'A-Female'; printed 6-month value $4,714",TULSA,USAA GENERAL INDEMNITY CO.,ok-2026-A-female,9428
ok-2026,OK,2026,https://www.oid.ok.gov/wp-content/uploads/2026/09/PPA-Rate-Comparisons-9-1-2026.pdf,"PDF p.2 table 'TULSA' row 'USAA GENERAL INDEMNITY CO.' column 'B-Male'; printed 6-month value $1,704",TULSA,USAA GENERAL INDEMNITY CO.,ok-2026-B-male,3408
ok-2026,OK,2026,https://www.oid.ok.gov/wp-content/uploads/2026/09/PPA-Rate-Comparisons-9-1-2026.pdf,"PDF p.2 table 'TULSA' row 'USAA GENERAL INDEMNITY CO.' column 'B-Female'; printed 6-month value $1,647",TULSA,USAA GENERAL INDEMNITY CO.,ok-2026-B-female,3294
ok-2026,OK,2026,https://www.oid.ok.gov/wp-content/uploads/2026/09/PPA-Rate-Comparisons-9-1-2026.pdf,PDF p.2 table 'TULSA' row 'USAA GENERAL INDEMNITY CO.' column 'C-Male'; printed 6-month value $935,TULSA,USAA GENERAL INDEMNITY CO.,ok-2026-C-male,1870
ok-2026,OK,2026,https://www.oid.ok.gov/wp-content/uploads/2026/09/PPA-Rate-Comparisons-9-1-2026.pdf,PDF p.2 table 'TULSA' row 'USAA GENERAL INDEMNITY CO.' column 'C-Female'; printed 6-month value $915,TULSA,USAA GENERAL INDEMNITY CO.,ok-2026-C-female,1830
ok-2026,OK,2026,https://www.oid.ok.gov/wp-content/uploads/2026/09/PPA-Rate-Comparisons-9-1-2026.pdf,PDF p.2 table 'TULSA' row 'USAA GENERAL INDEMNITY CO.' column 'D-Male'; printed 6-month value $828,TULSA,USAA GENERAL INDEMNITY CO.,ok-2026-D-male,1656
ok-2026,OK,2026,https://www.oid.ok.gov/wp-content/uploads/2026/09/PPA-Rate-Comparisons-9-1-2026.pdf,PDF p.2 table 'TULSA' row 'USAA GENERAL INDEMNITY CO.' column 'D-Female'; printed 6-month value $828,TULSA,USAA GENERAL INDEMNITY CO.,ok-2026-D-female,1656
ok-2026,OK,2026,https://www.oid.ok.gov/wp-content/uploads/2026/09/PPA-Rate-Comparisons-9-1-2026.pdf,PDF p.2 table 'TULSA' row 'USAA GENERAL INDEMNITY CO.' column 'E-Male'; printed 6-month value $856,TULSA,USAA GENERAL INDEMNITY CO.,ok-2026-E-male,1712
ok-2026,OK,2026,https://www.oid.ok.gov/wp-content/uploads/2026/09/PPA-Rate-Comparisons-9-1-2026.pdf,PDF p.2 table 'TULSA' row 'USAA GENERAL INDEMNITY CO.' column 'E-Female'; printed 6-month value $863,TULSA,USAA GENERAL INDEMNITY CO.,ok-2026-E-female,1726
ok-2026,OK,2026,https://www.oid.ok.gov/wp-content/uploads/2026/09/PPA-Rate-Comparisons-9-1-2026.pdf,"PDF p.2 table 'LAWTON' row 'ALLSTATE FIRE & CASUALTY INS. CO.' column 'A-Male'; printed 6-month value $5,498",LAWTON,ALLSTATE FIRE & CASUALTY INS. CO.,ok-2026-A-male,10996
ok-2026,OK,2026,https://www.oid.ok.gov/wp-content/uploads/2026/09/PPA-Rate-Comparisons-9-1-2026.pdf,"PDF p.2 table 'LAWTON' row 'ALLSTATE FIRE & CASUALTY INS. CO.' column 'A-Female'; printed 6-month value $5,030",LAWTON,ALLSTATE FIRE & CASUALTY INS. CO.,ok-2026-A-female,10060
ok-2026,OK,2026,https://www.oid.ok.gov/wp-content/uploads/2026/09/PPA-Rate-Comparisons-9-1-2026.pdf,"PDF p.2 table 'LAWTON' row 'ALLSTATE FIRE & CASUALTY INS. CO.' column 'B-Male'; printed 6-month value $1,725",LAWTON,ALLSTATE FIRE & CASUALTY INS. CO.,ok-2026-B-male,3450
ok-2026,OK,2026,https://www.oid.ok.gov/wp-content/uploads/2026/09/PPA-Rate-Comparisons-9-1-2026.pdf,"PDF p.2 table 'LAWTON' row 'ALLSTATE FIRE & CASUALTY INS. CO.' column 'B-Female'; printed 6-month value $1,407",LAWTON,ALLSTATE FIRE & CASUALTY INS. CO.,ok-2026-B-female,2814
ok-2026,OK,2026,https://www.oid.ok.gov/wp-content/uploads/2026/09/PPA-Rate-Comparisons-9-1-2026.pdf,PDF p.2 table 'LAWTON' row 'ALLSTATE FIRE & CASUALTY INS. CO.' column 'C-Male'; printed 6-month value $925,LAWTON,ALLSTATE FIRE & CASUALTY INS. CO.,ok-2026-C-male,1850
ok-2026,OK,2026,https://www.oid.ok.gov/wp-content/uploads/2026/09/PPA-Rate-Comparisons-9-1-2026.pdf,PDF p.2 table 'LAWTON' row 'ALLSTATE FIRE & CASUALTY INS. CO.' column 'C-Female'; printed 6-month value $922,LAWTON,ALLSTATE FIRE & CASUALTY INS. CO.,ok-2026-C-female,1844
ok-2026,OK,2026,https://www.oid.ok.gov/wp-content/uploads/2026/09/PPA-Rate-Comparisons-9-1-2026.pdf,PDF p.2 table 'LAWTON' row 'ALLSTATE FIRE & CASUALTY INS. CO.' column 'D-Male'; printed 6-month value $904,LAWTON,ALLSTATE FIRE & CASUALTY INS. CO.,ok-2026-D-male,1808
ok-2026,OK,2026,https://www.oid.ok.gov/wp-content/uploads/2026/09/PPA-Rate-Comparisons-9-1-2026.pdf,PDF p.2 table 'LAWTON' row 'ALLSTATE FIRE & CASUALTY INS. CO.' column 'D-Female'; printed 6-month value $856,LAWTON,ALLSTATE FIRE & CASUALTY INS. CO.,ok-2026-D-female,1712
ok-2026,OK,2026,https://www.oid.ok.gov/wp-content/uploads/2026/09/PPA-Rate-Comparisons-9-1-2026.pdf,PDF p.2 table 'LAWTON' row 'ALLSTATE FIRE & CASUALTY INS. CO.' column 'E-Male'; printed 6-month value $950,LAWTON,ALLSTATE FIRE & CASUALTY INS. CO.,ok-2026-E-male,1900
ok-2026,OK,2026,https://www.oid.ok.gov/wp-content/uploads/2026/09/PPA-Rate-Comparisons-9-1-2026.pdf,PDF p.2 table 'LAWTON' row 'ALLSTATE FIRE & CASUALTY INS. CO.' column 'E-Female'; printed 6-month value $900,LAWTON,ALLSTATE FIRE & CASUALTY INS. CO.,ok-2026-E-female,1800
ok-2026,OK,2026,https://www.oid.ok.gov/wp-content/uploads/2026/09/PPA-Rate-Comparisons-9-1-2026.pdf,"PDF p.2 table 'LAWTON' row 'AMERICAN FARMERS & RANCHERS MUTUAL INS. CO.' column 'A-Male'; printed 6-month value $2,711",LAWTON,AMERICAN FARMERS & RANCHERS MUTUAL INS. CO.,ok-2026-A-male,5422
ok-2026,OK,2026,https://www.oid.ok.gov/wp-content/uploads/2026/09/PPA-Rate-Comparisons-9-1-2026.pdf,"PDF p.2 table 'LAWTON' row 'AMERICAN FARMERS & RANCHERS MUTUAL INS. CO.' column 'A-Female'; printed 6-month value $2,603",LAWTON,AMERICAN FARMERS & RANCHERS MUTUAL INS. CO.,ok-2026-A-female,5206
ok-2026,OK,2026,https://www.oid.ok.gov/wp-content/uploads/2026/09/PPA-Rate-Comparisons-9-1-2026.pdf,"PDF p.2 table 'LAWTON' row 'AMERICAN FARMERS & RANCHERS MUTUAL INS. CO.' column 'B-Male'; printed 6-month value $1,912",LAWTON,AMERICAN FARMERS & RANCHERS MUTUAL INS. CO.,ok-2026-B-male,3824
ok-2026,OK,2026,https://www.oid.ok.gov/wp-content/uploads/2026/09/PPA-Rate-Comparisons-9-1-2026.pdf,"PDF p.2 table 'LAWTON' row 'AMERICAN FARMERS & RANCHERS MUTUAL INS. CO.' column 'B-Female'; printed 6-month value $1,842",LAWTON,AMERICAN FARMERS & RANCHERS MUTUAL INS. CO.,ok-2026-B-female,3684
ok-2026,OK,2026,https://www.oid.ok.gov/wp-content/uploads/2026/09/PPA-Rate-Comparisons-9-1-2026.pdf,"PDF p.2 table 'LAWTON' row 'AMERICAN FARMERS & RANCHERS MUTUAL INS. CO.' column 'C-Male'; printed 6-month value $1,299",LAWTON,AMERICAN FARMERS & RANCHERS MUTUAL INS. CO.,ok-2026-C-male,2598
ok-2026,OK,2026,https://www.oid.ok.gov/wp-content/uploads/2026/09/PPA-Rate-Comparisons-9-1-2026.pdf,"PDF p.2 table 'LAWTON' row 'AMERICAN FARMERS & RANCHERS MUTUAL INS. CO.' column 'C-Female'; printed 6-month value $1,258",LAWTON,AMERICAN FARMERS & RANCHERS MUTUAL INS. CO.,ok-2026-C-female,2516
ok-2026,OK,2026,https://www.oid.ok.gov/wp-content/uploads/2026/09/PPA-Rate-Comparisons-9-1-2026.pdf,"PDF p.2 table 'LAWTON' row 'AMERICAN FARMERS & RANCHERS MUTUAL INS. CO.' column 'D-Male'; printed 6-month value $1,278",LAWTON,AMERICAN FARMERS & RANCHERS MUTUAL INS. CO.,ok-2026-D-male,2556
ok-2026,OK,2026,https://www.oid.ok.gov/wp-content/uploads/2026/09/PPA-Rate-Comparisons-9-1-2026.pdf,"PDF p.2 table 'LAWTON' row 'AMERICAN FARMERS & RANCHERS MUTUAL INS. CO.' column 'D-Female'; printed 6-month value $1,239",LAWTON,AMERICAN FARMERS & RANCHERS MUTUAL INS. CO.,ok-2026-D-female,2478
ok-2026,OK,2026,https://www.oid.ok.gov/wp-content/uploads/2026/09/PPA-Rate-Comparisons-9-1-2026.pdf,"PDF p.2 table 'LAWTON' row 'AMERICAN FARMERS & RANCHERS MUTUAL INS. CO.' column 'E-Male'; printed 6-month value $1,258",LAWTON,AMERICAN FARMERS & RANCHERS MUTUAL INS. CO.,ok-2026-E-male,2516
ok-2026,OK,2026,https://www.oid.ok.gov/wp-content/uploads/2026/09/PPA-Rate-Comparisons-9-1-2026.pdf,"PDF p.2 table 'LAWTON' row 'AMERICAN FARMERS & RANCHERS MUTUAL INS. CO.' column 'E-Female'; printed 6-month value $1,220",LAWTON,AMERICAN FARMERS & RANCHERS MUTUAL INS. CO.,ok-2026-E-female,2440
ok-2026,OK,2026,https://www.oid.ok.gov/wp-content/uploads/2026/09/PPA-Rate-Comparisons-9-1-2026.pdf,"PDF p.2 table 'LAWTON' row 'AMERICAN MERCURY INS. CO.' column 'A-Male'; printed 6-month value $3,574",LAWTON,AMERICAN MERCURY INS. CO.,ok-2026-A-male,7148
ok-2026,OK,2026,https://www.oid.ok.gov/wp-content/uploads/2026/09/PPA-Rate-Comparisons-9-1-2026.pdf,"PDF p.2 table 'LAWTON' row 'AMERICAN MERCURY INS. CO.' column 'A-Female'; printed 6-month value $3,119",LAWTON,AMERICAN MERCURY INS. CO.,ok-2026-A-female,6238
ok-2026,OK,2026,https://www.oid.ok.gov/wp-content/uploads/2026/09/PPA-Rate-Comparisons-9-1-2026.pdf,"PDF p.2 table 'LAWTON' row 'AMERICAN MERCURY INS. CO.' column 'B-Male'; printed 6-month value $2,333",LAWTON,AMERICAN MERCURY INS. CO.,ok-2026-B-male,4666
ok-2026,OK,2026,https://www.oid.ok.gov/wp-content/uploads/2026/09/PPA-Rate-Comparisons-9-1-2026.pdf,"PDF p.2 table 'LAWTON' row 'AMERICAN MERCURY INS. CO.' column 'B-Female'; printed 6-month value $1,815",LAWTON,AMERICAN MERCURY INS. CO.,ok-2026-B-female,3630
ok-2026,OK,2026,https://www.oid.ok.gov/wp-content/uploads/2026/09/PPA-Rate-Comparisons-9-1-2026.pdf,PDF p.2 table 'LAWTON' row 'AMERICAN MERCURY INS. CO.' column 'C-Male'; printed 6-month value $998,LAWTON,AMERICAN MERCURY INS. CO.,ok-2026-C-male,1996
ok-2026,OK,2026,https://www.oid.ok.gov/wp-content/uploads/2026/09/PPA-Rate-Comparisons-9-1-2026.pdf,"PDF p.2 table 'LAWTON' row 'AMERICAN MERCURY INS. CO.' column 'C-Female'; printed 6-month value $1,003",LAWTON,AMERICAN MERCURY INS. CO.,ok-2026-C-female,2006
ok-2026,OK,2026,https://www.oid.ok.gov/wp-content/uploads/2026/09/PPA-Rate-Comparisons-9-1-2026.pdf,PDF p.2 table 'LAWTON' row 'AMERICAN MERCURY INS. CO.' column 'D-Male'; printed 6-month value $782,LAWTON,AMERICAN MERCURY INS. CO.,ok-2026-D-male,1564
ok-2026,OK,2026,https://www.oid.ok.gov/wp-content/uploads/2026/09/PPA-Rate-Comparisons-9-1-2026.pdf,PDF p.2 table 'LAWTON' row 'AMERICAN MERCURY INS. CO.' column 'D-Female'; printed 6-month value $810,LAWTON,AMERICAN MERCURY INS. CO.,ok-2026-D-female,1620
ok-2026,OK,2026,https://www.oid.ok.gov/wp-content/uploads/2026/09/PPA-Rate-Comparisons-9-1-2026.pdf,PDF p.2 table 'LAWTON' row 'AMERICAN MERCURY INS. CO.' column 'E-Male'; printed 6-month value $847,LAWTON,AMERICAN MERCURY INS. CO.,ok-2026-E-male,1694
ok-2026,OK,2026,https://www.oid.ok.gov/wp-content/uploads/2026/09/PPA-Rate-Comparisons-9-1-2026.pdf,PDF p.2 table 'LAWTON' row 'AMERICAN MERCURY INS. CO.' column 'E-Female'; printed 6-month value $877,LAWTON,AMERICAN MERCURY INS. CO.,ok-2026-E-female,1754
ok-2026,OK,2026,https://www.oid.ok.gov/wp-content/uploads/2026/09/PPA-Rate-Comparisons-9-1-2026.pdf,"PDF p.2 table 'LAWTON' row 'CSAA GENERAL INS. CO.' column 'A-Male'; printed 6-month value $4,667",LAWTON,CSAA GENERAL INS. CO.,ok-2026-A-male,9334
ok-2026,OK,2026,https://www.oid.ok.gov/wp-content/uploads/2026/09/PPA-Rate-Comparisons-9-1-2026.pdf,"PDF p.2 table 'LAWTON' row 'CSAA GENERAL INS. CO.' column 'A-Female'; printed 6-month value $4,767",LAWTON,CSAA GENERAL INS. CO.,ok-2026-A-female,9534
ok-2026,OK,2026,https://www.oid.ok.gov/wp-content/uploads/2026/09/PPA-Rate-Comparisons-9-1-2026.pdf,"PDF p.2 table 'LAWTON' row 'CSAA GENERAL INS. CO.' column 'B-Male'; printed 6-month value $1,484",LAWTON,CSAA GENERAL INS. CO.,ok-2026-B-male,2968
ok-2026,OK,2026,https://www.oid.ok.gov/wp-content/uploads/2026/09/PPA-Rate-Comparisons-9-1-2026.pdf,"PDF p.2 table 'LAWTON' row 'CSAA GENERAL INS. CO.' column 'B-Female'; printed 6-month value $1,488",LAWTON,CSAA GENERAL INS. CO.,ok-2026-B-female,2976
ok-2026,OK,2026,https://www.oid.ok.gov/wp-content/uploads/2026/09/PPA-Rate-Comparisons-9-1-2026.pdf,"PDF p.2 table 'LAWTON' row 'CSAA GENERAL INS. CO.' column 'C-Male'; printed 6-month value $1,009",LAWTON,CSAA GENERAL INS. CO.,ok-2026-C-male,2018
ok-2026,OK,2026,https://www.oid.ok.gov/wp-content/uploads/2026/09/PPA-Rate-Comparisons-9-1-2026.pdf,PDF p.2 table 'LAWTON' row 'CSAA GENERAL INS. CO.' column 'C-Female'; printed 6-month value $927,LAWTON,CSAA GENERAL INS. CO.,ok-2026-C-female,1854
ok-2026,OK,2026,https://www.oid.ok.gov/wp-content/uploads/2026/09/PPA-Rate-Comparisons-9-1-2026.pdf,PDF p.2 table 'LAWTON' row 'CSAA GENERAL INS. CO.' column 'D-Male'; printed 6-month value $895,LAWTON,CSAA GENERAL INS. CO.,ok-2026-D-male,1790
ok-2026,OK,2026,https://www.oid.ok.gov/wp-content/uploads/2026/09/PPA-Rate-Comparisons-9-1-2026.pdf,PDF p.2 table 'LAWTON' row 'CSAA GENERAL INS. CO.' column 'D-Female'; printed 6-month value $793,LAWTON,CSAA GENERAL INS. CO.,ok-2026-D-female,1586
ok-2026,OK,2026,https://www.oid.ok.gov/wp-content/uploads/2026/09/PPA-Rate-Comparisons-9-1-2026.pdf,PDF p.2 table 'LAWTON' row 'CSAA GENERAL INS. CO.' column 'E-Male'; printed 6-month value $960,LAWTON,CSAA GENERAL INS. CO.,ok-2026-E-male,1920
ok-2026,OK,2026,https://www.oid.ok.gov/wp-content/uploads/2026/09/PPA-Rate-Comparisons-9-1-2026.pdf,PDF p.2 table 'LAWTON' row 'CSAA GENERAL INS. CO.' column 'E-Female'; printed 6-month value $789,LAWTON,CSAA GENERAL INS. CO.,ok-2026-E-female,1578
ok-2026,OK,2026,https://www.oid.ok.gov/wp-content/uploads/2026/09/PPA-Rate-Comparisons-9-1-2026.pdf,"PDF p.2 table 'LAWTON' row 'EQUITY INSURANCE COMPANY' column 'A-Male'; printed 6-month value $4,732",LAWTON,EQUITY INSURANCE COMPANY,ok-2026-A-male,9464
ok-2026,OK,2026,https://www.oid.ok.gov/wp-content/uploads/2026/09/PPA-Rate-Comparisons-9-1-2026.pdf,"PDF p.2 table 'LAWTON' row 'EQUITY INSURANCE COMPANY' column 'A-Female'; printed 6-month value $3,429",LAWTON,EQUITY INSURANCE COMPANY,ok-2026-A-female,6858
ok-2026,OK,2026,https://www.oid.ok.gov/wp-content/uploads/2026/09/PPA-Rate-Comparisons-9-1-2026.pdf,"PDF p.2 table 'LAWTON' row 'EQUITY INSURANCE COMPANY' column 'B-Male'; printed 6-month value $2,556",LAWTON,EQUITY INSURANCE COMPANY,ok-2026-B-male,5112
ok-2026,OK,2026,https://www.oid.ok.gov/wp-content/uploads/2026/09/PPA-Rate-Comparisons-9-1-2026.pdf,"PDF p.2 table 'LAWTON' row 'EQUITY INSURANCE COMPANY' column 'B-Female'; printed 6-month value $2,301",LAWTON,EQUITY INSURANCE COMPANY,ok-2026-B-female,4602
ok-2026,OK,2026,https://www.oid.ok.gov/wp-content/uploads/2026/09/PPA-Rate-Comparisons-9-1-2026.pdf,"PDF p.2 table 'LAWTON' row 'EQUITY INSURANCE COMPANY' column 'C-Male'; printed 6-month value $1,411",LAWTON,EQUITY INSURANCE COMPANY,ok-2026-C-male,2822
ok-2026,OK,2026,https://www.oid.ok.gov/wp-content/uploads/2026/09/PPA-Rate-Comparisons-9-1-2026.pdf,"PDF p.2 table 'LAWTON' row 'EQUITY INSURANCE COMPANY' column 'C-Female'; printed 6-month value $1,369",LAWTON,EQUITY INSURANCE COMPANY,ok-2026-C-female,2738
ok-2026,OK,2026,https://www.oid.ok.gov/wp-content/uploads/2026/09/PPA-Rate-Comparisons-9-1-2026.pdf,"PDF p.2 table 'LAWTON' row 'EQUITY INSURANCE COMPANY' column 'D-Male'; printed 6-month value $1,315",LAWTON,EQUITY INSURANCE COMPANY,ok-2026-D-male,2630
ok-2026,OK,2026,https://www.oid.ok.gov/wp-content/uploads/2026/09/PPA-Rate-Comparisons-9-1-2026.pdf,"PDF p.2 table 'LAWTON' row 'EQUITY INSURANCE COMPANY' column 'D-Female'; printed 6-month value $1,363",LAWTON,EQUITY INSURANCE COMPANY,ok-2026-D-female,2726
ok-2026,OK,2026,https://www.oid.ok.gov/wp-content/uploads/2026/09/PPA-Rate-Comparisons-9-1-2026.pdf,"PDF p.2 table 'LAWTON' row 'EQUITY INSURANCE COMPANY' column 'E-Male'; printed 6-month value $1,652",LAWTON,EQUITY INSURANCE COMPANY,ok-2026-E-male,3304
ok-2026,OK,2026,https://www.oid.ok.gov/wp-content/uploads/2026/09/PPA-Rate-Comparisons-9-1-2026.pdf,"PDF p.2 table 'LAWTON' row 'EQUITY INSURANCE COMPANY' column 'E-Female'; printed 6-month value $1,602",LAWTON,EQUITY INSURANCE COMPANY,ok-2026-E-female,3204
ok-2026,OK,2026,https://www.oid.ok.gov/wp-content/uploads/2026/09/PPA-Rate-Comparisons-9-1-2026.pdf,"PDF p.2 table 'LAWTON' row 'FARMERS INSURANCE COMPANY (**Mid-Century Insurance Company)' column 'A-Male'; printed 6-month value $3,709",LAWTON,FARMERS INSURANCE COMPANY (**Mid-Century Insurance Company),ok-2026-A-male,7418
ok-2026,OK,2026,https://www.oid.ok.gov/wp-content/uploads/2026/09/PPA-Rate-Comparisons-9-1-2026.pdf,"PDF p.2 table 'LAWTON' row 'FARMERS INSURANCE COMPANY (**Mid-Century Insurance Company)' column 'A-Female'; printed 6-month value $2,880",LAWTON,FARMERS INSURANCE COMPANY (**Mid-Century Insurance Company),ok-2026-A-female,5760
ok-2026,OK,2026,https://www.oid.ok.gov/wp-content/uploads/2026/09/PPA-Rate-Comparisons-9-1-2026.pdf,"PDF p.2 table 'LAWTON' row 'FARMERS INSURANCE COMPANY (**Mid-Century Insurance Company)' column 'B-Male'; printed 6-month value $1,627",LAWTON,FARMERS INSURANCE COMPANY (**Mid-Century Insurance Company),ok-2026-B-male,3254
ok-2026,OK,2026,https://www.oid.ok.gov/wp-content/uploads/2026/09/PPA-Rate-Comparisons-9-1-2026.pdf,"PDF p.2 table 'LAWTON' row 'FARMERS INSURANCE COMPANY (**Mid-Century Insurance Company)' column 'B-Female'; printed 6-month value $1,386",LAWTON,FARMERS INSURANCE COMPANY (**Mid-Century Insurance Company),ok-2026-B-female,2772
ok-2026,OK,2026,https://www.oid.ok.gov/wp-content/uploads/2026/09/PPA-Rate-Comparisons-9-1-2026.pdf,PDF p.2 table 'LAWTON' row 'FARMERS INSURANCE COMPANY (**Mid-Century Insurance Company)' column 'C-Male'; printed 6-month value $777,LAWTON,FARMERS INSURANCE COMPANY (**Mid-Century Insurance Company),ok-2026-C-male,1554
ok-2026,OK,2026,https://www.oid.ok.gov/wp-content/uploads/2026/09/PPA-Rate-Comparisons-9-1-2026.pdf,PDF p.2 table 'LAWTON' row 'FARMERS INSURANCE COMPANY (**Mid-Century Insurance Company)' column 'C-Female'; printed 6-month value $837,LAWTON,FARMERS INSURANCE COMPANY (**Mid-Century Insurance Company),ok-2026-C-female,1674
ok-2026,OK,2026,https://www.oid.ok.gov/wp-content/uploads/2026/09/PPA-Rate-Comparisons-9-1-2026.pdf,PDF p.2 table 'LAWTON' row 'FARMERS INSURANCE COMPANY (**Mid-Century Insurance Company)' column 'D-Male'; printed 6-month value $686,LAWTON,FARMERS INSURANCE COMPANY (**Mid-Century Insurance Company),ok-2026-D-male,1372
ok-2026,OK,2026,https://www.oid.ok.gov/wp-content/uploads/2026/09/PPA-Rate-Comparisons-9-1-2026.pdf,PDF p.2 table 'LAWTON' row 'FARMERS INSURANCE COMPANY (**Mid-Century Insurance Company)' column 'D-Female'; printed 6-month value $691,LAWTON,FARMERS INSURANCE COMPANY (**Mid-Century Insurance Company),ok-2026-D-female,1382
ok-2026,OK,2026,https://www.oid.ok.gov/wp-content/uploads/2026/09/PPA-Rate-Comparisons-9-1-2026.pdf,PDF p.2 table 'LAWTON' row 'FARMERS INSURANCE COMPANY (**Mid-Century Insurance Company)' column 'E-Male'; printed 6-month value $593,LAWTON,FARMERS INSURANCE COMPANY (**Mid-Century Insurance Company),ok-2026-E-male,1186
ok-2026,OK,2026,https://www.oid.ok.gov/wp-content/uploads/2026/09/PPA-Rate-Comparisons-9-1-2026.pdf,PDF p.2 table 'LAWTON' row 'FARMERS INSURANCE COMPANY (**Mid-Century Insurance Company)' column 'E-Female'; printed 6-month value $634,LAWTON,FARMERS INSURANCE COMPANY (**Mid-Century Insurance Company),ok-2026-E-female,1268
ok-2026,OK,2026,https://www.oid.ok.gov/wp-content/uploads/2026/09/PPA-Rate-Comparisons-9-1-2026.pdf,"PDF p.2 table 'LAWTON' row 'GARRISON PROPERTY & CASUALTY INSURANCE CO.' column 'A-Male'; printed 6-month value $3,499",LAWTON,GARRISON PROPERTY & CASUALTY INSURANCE CO.,ok-2026-A-male,6998
ok-2026,OK,2026,https://www.oid.ok.gov/wp-content/uploads/2026/09/PPA-Rate-Comparisons-9-1-2026.pdf,"PDF p.2 table 'LAWTON' row 'GARRISON PROPERTY & CASUALTY INSURANCE CO.' column 'A-Female'; printed 6-month value $3,370",LAWTON,GARRISON PROPERTY & CASUALTY INSURANCE CO.,ok-2026-A-female,6740
ok-2026,OK,2026,https://www.oid.ok.gov/wp-content/uploads/2026/09/PPA-Rate-Comparisons-9-1-2026.pdf,"PDF p.2 table 'LAWTON' row 'GARRISON PROPERTY & CASUALTY INSURANCE CO.' column 'B-Male'; printed 6-month value $1,279",LAWTON,GARRISON PROPERTY & CASUALTY INSURANCE CO.,ok-2026-B-male,2558
ok-2026,OK,2026,https://www.oid.ok.gov/wp-content/uploads/2026/09/PPA-Rate-Comparisons-9-1-2026.pdf,"PDF p.2 table 'LAWTON' row 'GARRISON PROPERTY & CASUALTY INSURANCE CO.' column 'B-Female'; printed 6-month value $1,231",LAWTON,GARRISON PROPERTY & CASUALTY INSURANCE CO.,ok-2026-B-female,2462
ok-2026,OK,2026,https://www.oid.ok.gov/wp-content/uploads/2026/09/PPA-Rate-Comparisons-9-1-2026.pdf,PDF p.2 table 'LAWTON' row 'GARRISON PROPERTY & CASUALTY INSURANCE CO.' column 'C-Male'; printed 6-month value $725,LAWTON,GARRISON PROPERTY & CASUALTY INSURANCE CO.,ok-2026-C-male,1450
ok-2026,OK,2026,https://www.oid.ok.gov/wp-content/uploads/2026/09/PPA-Rate-Comparisons-9-1-2026.pdf,PDF p.2 table 'LAWTON' row 'GARRISON PROPERTY & CASUALTY INSURANCE CO.' column 'C-Female'; printed 6-month value $707,LAWTON,GARRISON PROPERTY & CASUALTY INSURANCE CO.,ok-2026-C-female,1414
ok-2026,OK,2026,https://www.oid.ok.gov/wp-content/uploads/2026/09/PPA-Rate-Comparisons-9-1-2026.pdf,PDF p.2 table 'LAWTON' row 'GARRISON PROPERTY & CASUALTY INSURANCE CO.' column 'D-Male'; printed 6-month value $643,LAWTON,GARRISON PROPERTY & CASUALTY INSURANCE CO.,ok-2026-D-male,1286
ok-2026,OK,2026,https://www.oid.ok.gov/wp-content/uploads/2026/09/PPA-Rate-Comparisons-9-1-2026.pdf,PDF p.2 table 'LAWTON' row 'GARRISON PROPERTY & CASUALTY INSURANCE CO.' column 'D-Female'; printed 6-month value $640,LAWTON,GARRISON PROPERTY & CASUALTY INSURANCE CO.,ok-2026-D-female,1280
ok-2026,OK,2026,https://www.oid.ok.gov/wp-content/uploads/2026/09/PPA-Rate-Comparisons-9-1-2026.pdf,PDF p.2 table 'LAWTON' row 'GARRISON PROPERTY & CASUALTY INSURANCE CO.' column 'E-Male'; printed 6-month value $655,LAWTON,GARRISON PROPERTY & CASUALTY INSURANCE CO.,ok-2026-E-male,1310
ok-2026,OK,2026,https://www.oid.ok.gov/wp-content/uploads/2026/09/PPA-Rate-Comparisons-9-1-2026.pdf,PDF p.2 table 'LAWTON' row 'GARRISON PROPERTY & CASUALTY INSURANCE CO.' column 'E-Female'; printed 6-month value $658,LAWTON,GARRISON PROPERTY & CASUALTY INSURANCE CO.,ok-2026-E-female,1316
ok-2026,OK,2026,https://www.oid.ok.gov/wp-content/uploads/2026/09/PPA-Rate-Comparisons-9-1-2026.pdf,"PDF p.2 table 'LAWTON' row 'GEICO SECURE INS. CO. (*GEICO CASUALTY CO.)' column 'A-Male'; printed 6-month value $1,669",LAWTON,GEICO SECURE INS. CO. (*GEICO CASUALTY CO.),ok-2026-A-male,3338
ok-2026,OK,2026,https://www.oid.ok.gov/wp-content/uploads/2026/09/PPA-Rate-Comparisons-9-1-2026.pdf,"PDF p.2 table 'LAWTON' row 'GEICO SECURE INS. CO. (*GEICO CASUALTY CO.)' column 'A-Female'; printed 6-month value $1,694",LAWTON,GEICO SECURE INS. CO. (*GEICO CASUALTY CO.),ok-2026-A-female,3388
ok-2026,OK,2026,https://www.oid.ok.gov/wp-content/uploads/2026/09/PPA-Rate-Comparisons-9-1-2026.pdf,PDF p.2 table 'LAWTON' row 'GEICO SECURE INS. CO. (*GEICO CASUALTY CO.)' column 'B-Male'; printed 6-month value $548,LAWTON,GEICO SECURE INS. CO. (*GEICO CASUALTY CO.),ok-2026-B-male,1096
ok-2026,OK,2026,https://www.oid.ok.gov/wp-content/uploads/2026/09/PPA-Rate-Comparisons-9-1-2026.pdf,PDF p.2 table 'LAWTON' row 'GEICO SECURE INS. CO. (*GEICO CASUALTY CO.)' column 'B-Female'; printed 6-month value $554,LAWTON,GEICO SECURE INS. CO. (*GEICO CASUALTY CO.),ok-2026-B-female,1108
ok-2026,OK,2026,https://www.oid.ok.gov/wp-content/uploads/2026/09/PPA-Rate-Comparisons-9-1-2026.pdf,PDF p.2 table 'LAWTON' row 'GEICO SECURE INS. CO. (*GEICO CASUALTY CO.)' column 'C-Male'; printed 6-month value $342,LAWTON,GEICO SECURE INS. CO. (*GEICO CASUALTY CO.),ok-2026-C-male,684
ok-2026,OK,2026,https://www.oid.ok.gov/wp-content/uploads/2026/09/PPA-Rate-Comparisons-9-1-2026.pdf,PDF p.2 table 'LAWTON' row 'GEICO SECURE INS. CO. (*GEICO CASUALTY CO.)' column 'C-Female'; printed 6-month value $342,LAWTON,GEICO SECURE INS. CO. (*GEICO CASUALTY CO.),ok-2026-C-female,684
ok-2026,OK,2026,https://www.oid.ok.gov/wp-content/uploads/2026/09/PPA-Rate-Comparisons-9-1-2026.pdf,PDF p.2 table 'LAWTON' row 'GEICO SECURE INS. CO. (*GEICO CASUALTY CO.)' column 'D-Male'; printed 6-month value $322,LAWTON,GEICO SECURE INS. CO. (*GEICO CASUALTY CO.),ok-2026-D-male,644
ok-2026,OK,2026,https://www.oid.ok.gov/wp-content/uploads/2026/09/PPA-Rate-Comparisons-9-1-2026.pdf,PDF p.2 table 'LAWTON' row 'GEICO SECURE INS. CO. (*GEICO CASUALTY CO.)' column 'D-Female'; printed 6-month value $322,LAWTON,GEICO SECURE INS. CO. (*GEICO CASUALTY CO.),ok-2026-D-female,644
ok-2026,OK,2026,https://www.oid.ok.gov/wp-content/uploads/2026/09/PPA-Rate-Comparisons-9-1-2026.pdf,PDF p.2 table 'LAWTON' row 'GEICO SECURE INS. CO. (*GEICO CASUALTY CO.)' column 'E-Male'; printed 6-month value $335,LAWTON,GEICO SECURE INS. CO. (*GEICO CASUALTY CO.),ok-2026-E-male,670
ok-2026,OK,2026,https://www.oid.ok.gov/wp-content/uploads/2026/09/PPA-Rate-Comparisons-9-1-2026.pdf,PDF p.2 table 'LAWTON' row 'GEICO SECURE INS. CO. (*GEICO CASUALTY CO.)' column 'E-Female'; printed 6-month value $335,LAWTON,GEICO SECURE INS. CO. (*GEICO CASUALTY CO.),ok-2026-E-female,670
ok-2026,OK,2026,https://www.oid.ok.gov/wp-content/uploads/2026/09/PPA-Rate-Comparisons-9-1-2026.pdf,"PDF p.2 table 'LAWTON' row 'OKLAHOMA FARM BUREAU MUTUAL INS. CO.' column 'A-Male'; printed 6-month value $3,728",LAWTON,OKLAHOMA FARM BUREAU MUTUAL INS. CO.,ok-2026-A-male,7456
ok-2026,OK,2026,https://www.oid.ok.gov/wp-content/uploads/2026/09/PPA-Rate-Comparisons-9-1-2026.pdf,"PDF p.2 table 'LAWTON' row 'OKLAHOMA FARM BUREAU MUTUAL INS. CO.' column 'A-Female'; printed 6-month value $2,325",LAWTON,OKLAHOMA FARM BUREAU MUTUAL INS. CO.,ok-2026-A-female,4650
ok-2026,OK,2026,https://www.oid.ok.gov/wp-content/uploads/2026/09/PPA-Rate-Comparisons-9-1-2026.pdf,"PDF p.2 table 'LAWTON' row 'OKLAHOMA FARM BUREAU MUTUAL INS. CO.' column 'B-Male'; printed 6-month value $2,151",LAWTON,OKLAHOMA FARM BUREAU MUTUAL INS. CO.,ok-2026-B-male,4302
ok-2026,OK,2026,https://www.oid.ok.gov/wp-content/uploads/2026/09/PPA-Rate-Comparisons-9-1-2026.pdf,"PDF p.2 table 'LAWTON' row 'OKLAHOMA FARM BUREAU MUTUAL INS. CO.' column 'B-Female'; printed 6-month value $1,605",LAWTON,OKLAHOMA FARM BUREAU MUTUAL INS. CO.,ok-2026-B-female,3210
ok-2026,OK,2026,https://www.oid.ok.gov/wp-content/uploads/2026/09/PPA-Rate-Comparisons-9-1-2026.pdf,PDF p.2 table 'LAWTON' row 'OKLAHOMA FARM BUREAU MUTUAL INS. CO.' column 'C-Male'; printed 6-month value $983,LAWTON,OKLAHOMA FARM BUREAU MUTUAL INS. CO.,ok-2026-C-male,1966
ok-2026,OK,2026,https://www.oid.ok.gov/wp-content/uploads/2026/09/PPA-Rate-Comparisons-9-1-2026.pdf,PDF p.2 table 'LAWTON' row 'OKLAHOMA FARM BUREAU MUTUAL INS. CO.' column 'C-Female'; printed 6-month value $983,LAWTON,OKLAHOMA FARM BUREAU MUTUAL INS. CO.,ok-2026-C-female,1966
ok-2026,OK,2026,https://www.oid.ok.gov/wp-content/uploads/2026/09/PPA-Rate-Comparisons-9-1-2026.pdf,PDF p.2 table 'LAWTON' row 'OKLAHOMA FARM BUREAU MUTUAL INS. CO.' column 'D-Male'; printed 6-month value $885,LAWTON,OKLAHOMA FARM BUREAU MUTUAL INS. CO.,ok-2026-D-male,1770
ok-2026,OK,2026,https://www.oid.ok.gov/wp-content/uploads/2026/09/PPA-Rate-Comparisons-9-1-2026.pdf,PDF p.2 table 'LAWTON' row 'OKLAHOMA FARM BUREAU MUTUAL INS. CO.' column 'D-Female'; printed 6-month value $885,LAWTON,OKLAHOMA FARM BUREAU MUTUAL INS. CO.,ok-2026-D-female,1770
ok-2026,OK,2026,https://www.oid.ok.gov/wp-content/uploads/2026/09/PPA-Rate-Comparisons-9-1-2026.pdf,PDF p.2 table 'LAWTON' row 'OKLAHOMA FARM BUREAU MUTUAL INS. CO.' column 'E-Male'; printed 6-month value $801,LAWTON,OKLAHOMA FARM BUREAU MUTUAL INS. CO.,ok-2026-E-male,1602
ok-2026,OK,2026,https://www.oid.ok.gov/wp-content/uploads/2026/09/PPA-Rate-Comparisons-9-1-2026.pdf,PDF p.2 table 'LAWTON' row 'OKLAHOMA FARM BUREAU MUTUAL INS. CO.' column 'E-Female'; printed 6-month value $801,LAWTON,OKLAHOMA FARM BUREAU MUTUAL INS. CO.,ok-2026-E-female,1602
ok-2026,OK,2026,https://www.oid.ok.gov/wp-content/uploads/2026/09/PPA-Rate-Comparisons-9-1-2026.pdf,"PDF p.2 table 'LAWTON' row 'PROGRESSIVE DIRECT INS. CO.' column 'A-Male'; printed 6-month value $3,852",LAWTON,PROGRESSIVE DIRECT INS. CO.,ok-2026-A-male,7704
ok-2026,OK,2026,https://www.oid.ok.gov/wp-content/uploads/2026/09/PPA-Rate-Comparisons-9-1-2026.pdf,"PDF p.2 table 'LAWTON' row 'PROGRESSIVE DIRECT INS. CO.' column 'A-Female'; printed 6-month value $3,408",LAWTON,PROGRESSIVE DIRECT INS. CO.,ok-2026-A-female,6816
ok-2026,OK,2026,https://www.oid.ok.gov/wp-content/uploads/2026/09/PPA-Rate-Comparisons-9-1-2026.pdf,"PDF p.2 table 'LAWTON' row 'PROGRESSIVE DIRECT INS. CO.' column 'B-Male'; printed 6-month value $1,549",LAWTON,PROGRESSIVE DIRECT INS. CO.,ok-2026-B-male,3098
ok-2026,OK,2026,https://www.oid.ok.gov/wp-content/uploads/2026/09/PPA-Rate-Comparisons-9-1-2026.pdf,"PDF p.2 table 'LAWTON' row 'PROGRESSIVE DIRECT INS. CO.' column 'B-Female'; printed 6-month value $1,341",LAWTON,PROGRESSIVE DIRECT INS. CO.,ok-2026-B-female,2682
ok-2026,OK,2026,https://www.oid.ok.gov/wp-content/uploads/2026/09/PPA-Rate-Comparisons-9-1-2026.pdf,PDF p.2 table 'LAWTON' row 'PROGRESSIVE DIRECT INS. CO.' column 'C-Male'; printed 6-month value $953,LAWTON,PROGRESSIVE DIRECT INS. CO.,ok-2026-C-male,1906
ok-2026,OK,2026,https://www.oid.ok.gov/wp-content/uploads/2026/09/PPA-Rate-Comparisons-9-1-2026.pdf,PDF p.2 table 'LAWTON' row 'PROGRESSIVE DIRECT INS. CO.' column 'C-Female'; printed 6-month value $912,LAWTON,PROGRESSIVE DIRECT INS. CO.,ok-2026-C-female,1824
ok-2026,OK,2026,https://www.oid.ok.gov/wp-content/uploads/2026/09/PPA-Rate-Comparisons-9-1-2026.pdf,PDF p.2 table 'LAWTON' row 'PROGRESSIVE DIRECT INS. CO.' column 'D-Male'; printed 6-month value $800,LAWTON,PROGRESSIVE DIRECT INS. CO.,ok-2026-D-male,1600
ok-2026,OK,2026,https://www.oid.ok.gov/wp-content/uploads/2026/09/PPA-Rate-Comparisons-9-1-2026.pdf,PDF p.2 table 'LAWTON' row 'PROGRESSIVE DIRECT INS. CO.' column 'D-Female'; printed 6-month value $722,LAWTON,PROGRESSIVE DIRECT INS. CO.,ok-2026-D-female,1444
ok-2026,OK,2026,https://www.oid.ok.gov/wp-content/uploads/2026/09/PPA-Rate-Comparisons-9-1-2026.pdf,PDF p.2 table 'LAWTON' row 'PROGRESSIVE DIRECT INS. CO.' column 'E-Male'; printed 6-month value $766,LAWTON,PROGRESSIVE DIRECT INS. CO.,ok-2026-E-male,1532
ok-2026,OK,2026,https://www.oid.ok.gov/wp-content/uploads/2026/09/PPA-Rate-Comparisons-9-1-2026.pdf,PDF p.2 table 'LAWTON' row 'PROGRESSIVE DIRECT INS. CO.' column 'E-Female'; printed 6-month value $711,LAWTON,PROGRESSIVE DIRECT INS. CO.,ok-2026-E-female,1422
ok-2026,OK,2026,https://www.oid.ok.gov/wp-content/uploads/2026/09/PPA-Rate-Comparisons-9-1-2026.pdf,"PDF p.2 table 'LAWTON' row 'PROGRESSIVE NORTHERN INS. CO.' column 'A-Male'; printed 6-month value $3,969",LAWTON,PROGRESSIVE NORTHERN INS. CO.,ok-2026-A-male,7938
ok-2026,OK,2026,https://www.oid.ok.gov/wp-content/uploads/2026/09/PPA-Rate-Comparisons-9-1-2026.pdf,"PDF p.2 table 'LAWTON' row 'PROGRESSIVE NORTHERN INS. CO.' column 'A-Female'; printed 6-month value $3,473",LAWTON,PROGRESSIVE NORTHERN INS. CO.,ok-2026-A-female,6946
ok-2026,OK,2026,https://www.oid.ok.gov/wp-content/uploads/2026/09/PPA-Rate-Comparisons-9-1-2026.pdf,"PDF p.2 table 'LAWTON' row 'PROGRESSIVE NORTHERN INS. CO.' column 'B-Male'; printed 6-month value $1,482",LAWTON,PROGRESSIVE NORTHERN INS. CO.,ok-2026-B-male,2964
ok-2026,OK,2026,https://www.oid.ok.gov/wp-content/uploads/2026/09/PPA-Rate-Comparisons-9-1-2026.pdf,"PDF p.2 table 'LAWTON' row 'PROGRESSIVE NORTHERN INS. CO.' column 'B-Female'; printed 6-month value $1,200",LAWTON,PROGRESSIVE NORTHERN INS. CO.,ok-2026-B-female,2400
ok-2026,OK,2026,https://www.oid.ok.gov/wp-content/uploads/2026/09/PPA-Rate-Comparisons-9-1-2026.pdf,PDF p.2 table 'LAWTON' row 'PROGRESSIVE NORTHERN INS. CO.' column 'C-Male'; printed 6-month value $921,LAWTON,PROGRESSIVE NORTHERN INS. CO.,ok-2026-C-male,1842
ok-2026,OK,2026,https://www.oid.ok.gov/wp-content/uploads/2026/09/PPA-Rate-Comparisons-9-1-2026.pdf,PDF p.2 table 'LAWTON' row 'PROGRESSIVE NORTHERN INS. CO.' column 'C-Female'; printed 6-month value $815,LAWTON,PROGRESSIVE NORTHERN INS. CO.,ok-2026-C-female,1630
ok-2026,OK,2026,https://www.oid.ok.gov/wp-content/uploads/2026/09/PPA-Rate-Comparisons-9-1-2026.pdf,PDF p.2 table 'LAWTON' row 'PROGRESSIVE NORTHERN INS. CO.' column 'D-Male'; printed 6-month value $677,LAWTON,PROGRESSIVE NORTHERN INS. CO.,ok-2026-D-male,1354
ok-2026,OK,2026,https://www.oid.ok.gov/wp-content/uploads/2026/09/PPA-Rate-Comparisons-9-1-2026.pdf,PDF p.2 table 'LAWTON' row 'PROGRESSIVE NORTHERN INS. CO.' column 'D-Female'; printed 6-month value $602,LAWTON,PROGRESSIVE NORTHERN INS. CO.,ok-2026-D-female,1204
ok-2026,OK,2026,https://www.oid.ok.gov/wp-content/uploads/2026/09/PPA-Rate-Comparisons-9-1-2026.pdf,PDF p.2 table 'LAWTON' row 'PROGRESSIVE NORTHERN INS. CO.' column 'E-Male'; printed 6-month value $636,LAWTON,PROGRESSIVE NORTHERN INS. CO.,ok-2026-E-male,1272
ok-2026,OK,2026,https://www.oid.ok.gov/wp-content/uploads/2026/09/PPA-Rate-Comparisons-9-1-2026.pdf,PDF p.2 table 'LAWTON' row 'PROGRESSIVE NORTHERN INS. CO.' column 'E-Female'; printed 6-month value $560,LAWTON,PROGRESSIVE NORTHERN INS. CO.,ok-2026-E-female,1120
ok-2026,OK,2026,https://www.oid.ok.gov/wp-content/uploads/2026/09/PPA-Rate-Comparisons-9-1-2026.pdf,"PDF p.2 table 'LAWTON' row 'SAFECO INSURANCE CO. OF AMERICA' column 'A-Male'; printed 6-month value $1,593",LAWTON,SAFECO INSURANCE CO. OF AMERICA,ok-2026-A-male,3186
ok-2026,OK,2026,https://www.oid.ok.gov/wp-content/uploads/2026/09/PPA-Rate-Comparisons-9-1-2026.pdf,"PDF p.2 table 'LAWTON' row 'SAFECO INSURANCE CO. OF AMERICA' column 'A-Female'; printed 6-month value $1,466",LAWTON,SAFECO INSURANCE CO. OF AMERICA,ok-2026-A-female,2932
ok-2026,OK,2026,https://www.oid.ok.gov/wp-content/uploads/2026/09/PPA-Rate-Comparisons-9-1-2026.pdf,PDF p.2 table 'LAWTON' row 'SAFECO INSURANCE CO. OF AMERICA' column 'B-Male'; printed 6-month value $831,LAWTON,SAFECO INSURANCE CO. OF AMERICA,ok-2026-B-male,1662
ok-2026,OK,2026,https://www.oid.ok.gov/wp-content/uploads/2026/09/PPA-Rate-Comparisons-9-1-2026.pdf,PDF p.2 table 'LAWTON' row 'SAFECO INSURANCE CO. OF AMERICA' column 'B-Female'; printed 6-month value $785,LAWTON,SAFECO INSURANCE CO. OF AMERICA,ok-2026-B-female,1570
ok-2026,OK,2026,https://www.oid.ok.gov/wp-content/uploads/2026/09/PPA-Rate-Comparisons-9-1-2026.pdf,PDF p.2 table 'LAWTON' row 'SAFECO INSURANCE CO. OF AMERICA' column 'C-Male'; printed 6-month value $494,LAWTON,SAFECO INSURANCE CO. OF AMERICA,ok-2026-C-male,988
ok-2026,OK,2026,https://www.oid.ok.gov/wp-content/uploads/2026/09/PPA-Rate-Comparisons-9-1-2026.pdf,PDF p.2 table 'LAWTON' row 'SAFECO INSURANCE CO. OF AMERICA' column 'C-Female'; printed 6-month value $465,LAWTON,SAFECO INSURANCE CO. OF AMERICA,ok-2026-C-female,930
ok-2026,OK,2026,https://www.oid.ok.gov/wp-content/uploads/2026/09/PPA-Rate-Comparisons-9-1-2026.pdf,PDF p.2 table 'LAWTON' row 'SAFECO INSURANCE CO. OF AMERICA' column 'D-Male'; printed 6-month value $505,LAWTON,SAFECO INSURANCE CO. OF AMERICA,ok-2026-D-male,1010
ok-2026,OK,2026,https://www.oid.ok.gov/wp-content/uploads/2026/09/PPA-Rate-Comparisons-9-1-2026.pdf,PDF p.2 table 'LAWTON' row 'SAFECO INSURANCE CO. OF AMERICA' column 'D-Female'; printed 6-month value $474,LAWTON,SAFECO INSURANCE CO. OF AMERICA,ok-2026-D-female,948
ok-2026,OK,2026,https://www.oid.ok.gov/wp-content/uploads/2026/09/PPA-Rate-Comparisons-9-1-2026.pdf,PDF p.2 table 'LAWTON' row 'SAFECO INSURANCE CO. OF AMERICA' column 'E-Male'; printed 6-month value $489,LAWTON,SAFECO INSURANCE CO. OF AMERICA,ok-2026-E-male,978
ok-2026,OK,2026,https://www.oid.ok.gov/wp-content/uploads/2026/09/PPA-Rate-Comparisons-9-1-2026.pdf,PDF p.2 table 'LAWTON' row 'SAFECO INSURANCE CO. OF AMERICA' column 'E-Female'; printed 6-month value $444,LAWTON,SAFECO INSURANCE CO. OF AMERICA,ok-2026-E-female,888
ok-2026,OK,2026,https://www.oid.ok.gov/wp-content/uploads/2026/09/PPA-Rate-Comparisons-9-1-2026.pdf,"PDF p.2 table 'LAWTON' row 'SHELTER MUTUAL INSURANCE CO.' column 'A-Male'; printed 6-month value $2,004",LAWTON,SHELTER MUTUAL INSURANCE CO.,ok-2026-A-male,4008
ok-2026,OK,2026,https://www.oid.ok.gov/wp-content/uploads/2026/09/PPA-Rate-Comparisons-9-1-2026.pdf,"PDF p.2 table 'LAWTON' row 'SHELTER MUTUAL INSURANCE CO.' column 'A-Female'; printed 6-month value $1,468",LAWTON,SHELTER MUTUAL INSURANCE CO.,ok-2026-A-female,2936
ok-2026,OK,2026,https://www.oid.ok.gov/wp-content/uploads/2026/09/PPA-Rate-Comparisons-9-1-2026.pdf,"PDF p.2 table 'LAWTON' row 'SHELTER MUTUAL INSURANCE CO.' column 'B-Male'; printed 6-month value $1,299",LAWTON,SHELTER MUTUAL INSURANCE CO.,ok-2026-B-male,2598
ok-2026,OK,2026,https://www.oid.ok.gov/wp-content/uploads/2026/09/PPA-Rate-Comparisons-9-1-2026.pdf,"PDF p.2 table 'LAWTON' row 'SHELTER MUTUAL INSURANCE CO.' column 'B-Female'; printed 6-month value $1,064",LAWTON,SHELTER MUTUAL INSURANCE CO.,ok-2026-B-female,2128
ok-2026,OK,2026,https://www.oid.ok.gov/wp-content/uploads/2026/09/PPA-Rate-Comparisons-9-1-2026.pdf,PDF p.2 table 'LAWTON' row 'SHELTER MUTUAL INSURANCE CO.' column 'C-Male'; printed 6-month value $632,LAWTON,SHELTER MUTUAL INSURANCE CO.,ok-2026-C-male,1264
ok-2026,OK,2026,https://www.oid.ok.gov/wp-content/uploads/2026/09/PPA-Rate-Comparisons-9-1-2026.pdf,PDF p.2 table 'LAWTON' row 'SHELTER MUTUAL INSURANCE CO.' column 'C-Female'; printed 6-month value $628,LAWTON,SHELTER MUTUAL INSURANCE CO.,ok-2026-C-female,1256
ok-2026,OK,2026,https://www.oid.ok.gov/wp-content/uploads/2026/09/PPA-Rate-Comparisons-9-1-2026.pdf,PDF p.2 table 'LAWTON' row 'SHELTER MUTUAL INSURANCE CO.' column 'D-Male'; printed 6-month value $519,LAWTON,SHELTER MUTUAL INSURANCE CO.,ok-2026-D-male,1038
ok-2026,OK,2026,https://www.oid.ok.gov/wp-content/uploads/2026/09/PPA-Rate-Comparisons-9-1-2026.pdf,PDF p.2 table 'LAWTON' row 'SHELTER MUTUAL INSURANCE CO.' column 'D-Female'; printed 6-month value $492,LAWTON,SHELTER MUTUAL INSURANCE CO.,ok-2026-D-female,984
ok-2026,OK,2026,https://www.oid.ok.gov/wp-content/uploads/2026/09/PPA-Rate-Comparisons-9-1-2026.pdf,PDF p.2 table 'LAWTON' row 'SHELTER MUTUAL INSURANCE CO.' column 'E-Male'; printed 6-month value $511,LAWTON,SHELTER MUTUAL INSURANCE CO.,ok-2026-E-male,1022
ok-2026,OK,2026,https://www.oid.ok.gov/wp-content/uploads/2026/09/PPA-Rate-Comparisons-9-1-2026.pdf,PDF p.2 table 'LAWTON' row 'SHELTER MUTUAL INSURANCE CO.' column 'E-Female'; printed 6-month value $489,LAWTON,SHELTER MUTUAL INSURANCE CO.,ok-2026-E-female,978
ok-2026,OK,2026,https://www.oid.ok.gov/wp-content/uploads/2026/09/PPA-Rate-Comparisons-9-1-2026.pdf,"PDF p.2 table 'LAWTON' row 'STANDARD FIRE INS. CO.' column 'A-Male'; printed 6-month value $3,503",LAWTON,STANDARD FIRE INS. CO.,ok-2026-A-male,7006
ok-2026,OK,2026,https://www.oid.ok.gov/wp-content/uploads/2026/09/PPA-Rate-Comparisons-9-1-2026.pdf,"PDF p.2 table 'LAWTON' row 'STANDARD FIRE INS. CO.' column 'A-Female'; printed 6-month value $2,778",LAWTON,STANDARD FIRE INS. CO.,ok-2026-A-female,5556
ok-2026,OK,2026,https://www.oid.ok.gov/wp-content/uploads/2026/09/PPA-Rate-Comparisons-9-1-2026.pdf,"PDF p.2 table 'LAWTON' row 'STANDARD FIRE INS. CO.' column 'B-Male'; printed 6-month value $1,622",LAWTON,STANDARD FIRE INS. CO.,ok-2026-B-male,3244
ok-2026,OK,2026,https://www.oid.ok.gov/wp-content/uploads/2026/09/PPA-Rate-Comparisons-9-1-2026.pdf,"PDF p.2 table 'LAWTON' row 'STANDARD FIRE INS. CO.' column 'B-Female'; printed 6-month value $1,383",LAWTON,STANDARD FIRE INS. CO.,ok-2026-B-female,2766
ok-2026,OK,2026,https://www.oid.ok.gov/wp-content/uploads/2026/09/PPA-Rate-Comparisons-9-1-2026.pdf,"PDF p.2 table 'LAWTON' row 'STANDARD FIRE INS. CO.' column 'C-Male'; printed 6-month value $1,065",LAWTON,STANDARD FIRE INS. CO.,ok-2026-C-male,2130
ok-2026,OK,2026,https://www.oid.ok.gov/wp-content/uploads/2026/09/PPA-Rate-Comparisons-9-1-2026.pdf,"PDF p.2 table 'LAWTON' row 'STANDARD FIRE INS. CO.' column 'C-Female'; printed 6-month value $1,011",LAWTON,STANDARD FIRE INS. CO.,ok-2026-C-female,2022
ok-2026,OK,2026,https://www.oid.ok.gov/wp-content/uploads/2026/09/PPA-Rate-Comparisons-9-1-2026.pdf,PDF p.2 table 'LAWTON' row 'STANDARD FIRE INS. CO.' column 'D-Male'; printed 6-month value $847,LAWTON,STANDARD FIRE INS. CO.,ok-2026-D-male,1694
ok-2026,OK,2026,https://www.oid.ok.gov/wp-content/uploads/2026/09/PPA-Rate-Comparisons-9-1-2026.pdf,PDF p.2 table 'LAWTON' row 'STANDARD FIRE INS. CO.' column 'D-Female'; printed 6-month value $800,LAWTON,STANDARD FIRE INS. CO.,ok-2026-D-female,1600
ok-2026,OK,2026,https://www.oid.ok.gov/wp-content/uploads/2026/09/PPA-Rate-Comparisons-9-1-2026.pdf,PDF p.2 table 'LAWTON' row 'STANDARD FIRE INS. CO.' column 'E-Male'; printed 6-month value $916,LAWTON,STANDARD FIRE INS. CO.,ok-2026-E-male,1832
ok-2026,OK,2026,https://www.oid.ok.gov/wp-content/uploads/2026/09/PPA-Rate-Comparisons-9-1-2026.pdf,PDF p.2 table 'LAWTON' row 'STANDARD FIRE INS. CO.' column 'E-Female'; printed 6-month value $832,LAWTON,STANDARD FIRE INS. CO.,ok-2026-E-female,1664
ok-2026,OK,2026,https://www.oid.ok.gov/wp-content/uploads/2026/09/PPA-Rate-Comparisons-9-1-2026.pdf,PDF p.2 table 'LAWTON' row 'STATE FARM FIRE & CASUALTY CO.' column 'A-Male'; printed 6-month value $950,LAWTON,STATE FARM FIRE & CASUALTY CO.,ok-2026-A-male,1900
ok-2026,OK,2026,https://www.oid.ok.gov/wp-content/uploads/2026/09/PPA-Rate-Comparisons-9-1-2026.pdf,PDF p.2 table 'LAWTON' row 'STATE FARM FIRE & CASUALTY CO.' column 'A-Female'; printed 6-month value $953,LAWTON,STATE FARM FIRE & CASUALTY CO.,ok-2026-A-female,1906
ok-2026,OK,2026,https://www.oid.ok.gov/wp-content/uploads/2026/09/PPA-Rate-Comparisons-9-1-2026.pdf,"PDF p.2 table 'LAWTON' row 'STATE FARM FIRE & CASUALTY CO.' column 'B-Male'; printed 6-month value $1,769",LAWTON,STATE FARM FIRE & CASUALTY CO.,ok-2026-B-male,3538
ok-2026,OK,2026,https://www.oid.ok.gov/wp-content/uploads/2026/09/PPA-Rate-Comparisons-9-1-2026.pdf,"PDF p.2 table 'LAWTON' row 'STATE FARM FIRE & CASUALTY CO.' column 'B-Female'; printed 6-month value $1,788",LAWTON,STATE FARM FIRE & CASUALTY CO.,ok-2026-B-female,3576
ok-2026,OK,2026,https://www.oid.ok.gov/wp-content/uploads/2026/09/PPA-Rate-Comparisons-9-1-2026.pdf,"PDF p.2 table 'LAWTON' row 'STATE FARM FIRE & CASUALTY CO.' column 'C-Male'; printed 6-month value $1,498",LAWTON,STATE FARM FIRE & CASUALTY CO.,ok-2026-C-male,2996
ok-2026,OK,2026,https://www.oid.ok.gov/wp-content/uploads/2026/09/PPA-Rate-Comparisons-9-1-2026.pdf,"PDF p.2 table 'LAWTON' row 'STATE FARM FIRE & CASUALTY CO.' column 'C-Female'; printed 6-month value $1,512",LAWTON,STATE FARM FIRE & CASUALTY CO.,ok-2026-C-female,3024
ok-2026,OK,2026,https://www.oid.ok.gov/wp-content/uploads/2026/09/PPA-Rate-Comparisons-9-1-2026.pdf,"PDF p.2 table 'LAWTON' row 'STATE FARM FIRE & CASUALTY CO.' column 'D-Male'; printed 6-month value $1,415",LAWTON,STATE FARM FIRE & CASUALTY CO.,ok-2026-D-male,2830
ok-2026,OK,2026,https://www.oid.ok.gov/wp-content/uploads/2026/09/PPA-Rate-Comparisons-9-1-2026.pdf,"PDF p.2 table 'LAWTON' row 'STATE FARM FIRE & CASUALTY CO.' column 'D-Female'; printed 6-month value $1,416",LAWTON,STATE FARM FIRE & CASUALTY CO.,ok-2026-D-female,2832
ok-2026,OK,2026,https://www.oid.ok.gov/wp-content/uploads/2026/09/PPA-Rate-Comparisons-9-1-2026.pdf,PDF p.2 table 'LAWTON' row 'STATE FARM FIRE & CASUALTY CO.' column 'E-Male'; printed 6-month value $652,LAWTON,STATE FARM FIRE & CASUALTY CO.,ok-2026-E-male,1304
ok-2026,OK,2026,https://www.oid.ok.gov/wp-content/uploads/2026/09/PPA-Rate-Comparisons-9-1-2026.pdf,PDF p.2 table 'LAWTON' row 'STATE FARM FIRE & CASUALTY CO.' column 'E-Female'; printed 6-month value $685,LAWTON,STATE FARM FIRE & CASUALTY CO.,ok-2026-E-female,1370
ok-2026,OK,2026,https://www.oid.ok.gov/wp-content/uploads/2026/09/PPA-Rate-Comparisons-9-1-2026.pdf,PDF p.2 table 'LAWTON' row 'STATE FARM MUTUAL AUTOMOBILE INS. CO.' column 'A-Male'; printed 6-month value $698,LAWTON,STATE FARM MUTUAL AUTOMOBILE INS. CO.,ok-2026-A-male,1396
ok-2026,OK,2026,https://www.oid.ok.gov/wp-content/uploads/2026/09/PPA-Rate-Comparisons-9-1-2026.pdf,PDF p.2 table 'LAWTON' row 'STATE FARM MUTUAL AUTOMOBILE INS. CO.' column 'A-Female'; printed 6-month value $700,LAWTON,STATE FARM MUTUAL AUTOMOBILE INS. CO.,ok-2026-A-female,1400
ok-2026,OK,2026,https://www.oid.ok.gov/wp-content/uploads/2026/09/PPA-Rate-Comparisons-9-1-2026.pdf,"PDF p.2 table 'LAWTON' row 'STATE FARM MUTUAL AUTOMOBILE INS. CO.' column 'B-Male'; printed 6-month value $1,299",LAWTON,STATE FARM MUTUAL AUTOMOBILE INS. CO.,ok-2026-B-male,2598
ok-2026,OK,2026,https://www.oid.ok.gov/wp-content/uploads/2026/09/PPA-Rate-Comparisons-9-1-2026.pdf,"PDF p.2 table 'LAWTON' row 'STATE FARM MUTUAL AUTOMOBILE INS. CO.' column 'B-Female'; printed 6-month value $1,313",LAWTON,STATE FARM MUTUAL AUTOMOBILE INS. CO.,ok-2026-B-female,2626
ok-2026,OK,2026,https://www.oid.ok.gov/wp-content/uploads/2026/09/PPA-Rate-Comparisons-9-1-2026.pdf,"PDF p.2 table 'LAWTON' row 'STATE FARM MUTUAL AUTOMOBILE INS. CO.' column 'C-Male'; printed 6-month value $1,100",LAWTON,STATE FARM MUTUAL AUTOMOBILE INS. CO.,ok-2026-C-male,2200
ok-2026,OK,2026,https://www.oid.ok.gov/wp-content/uploads/2026/09/PPA-Rate-Comparisons-9-1-2026.pdf,"PDF p.2 table 'LAWTON' row 'STATE FARM MUTUAL AUTOMOBILE INS. CO.' column 'C-Female'; printed 6-month value $1,111",LAWTON,STATE FARM MUTUAL AUTOMOBILE INS. CO.,ok-2026-C-female,2222
ok-2026,OK,2026,https://www.oid.ok.gov/wp-content/uploads/2026/09/PPA-Rate-Comparisons-9-1-2026.pdf,"PDF p.2 table 'LAWTON' row 'STATE FARM MUTUAL AUTOMOBILE INS. CO.' column 'D-Male'; printed 6-month value $1,039",LAWTON,STATE FARM MUTUAL AUTOMOBILE INS. CO.,ok-2026-D-male,2078
ok-2026,OK,2026,https://www.oid.ok.gov/wp-content/uploads/2026/09/PPA-Rate-Comparisons-9-1-2026.pdf,"PDF p.2 table 'LAWTON' row 'STATE FARM MUTUAL AUTOMOBILE INS. CO.' column 'D-Female'; printed 6-month value $1,040",LAWTON,STATE FARM MUTUAL AUTOMOBILE INS. CO.,ok-2026-D-female,2080
ok-2026,OK,2026,https://www.oid.ok.gov/wp-content/uploads/2026/09/PPA-Rate-Comparisons-9-1-2026.pdf,PDF p.2 table 'LAWTON' row 'STATE FARM MUTUAL AUTOMOBILE INS. CO.' column 'E-Male'; printed 6-month value $479,LAWTON,STATE FARM MUTUAL AUTOMOBILE INS. CO.,ok-2026-E-male,958
ok-2026,OK,2026,https://www.oid.ok.gov/wp-content/uploads/2026/09/PPA-Rate-Comparisons-9-1-2026.pdf,PDF p.2 table 'LAWTON' row 'STATE FARM MUTUAL AUTOMOBILE INS. CO.' column 'E-Female'; printed 6-month value $503,LAWTON,STATE FARM MUTUAL AUTOMOBILE INS. CO.,ok-2026-E-female,1006
ok-2026,OK,2026,https://www.oid.ok.gov/wp-content/uploads/2026/09/PPA-Rate-Comparisons-9-1-2026.pdf,"PDF p.2 table 'LAWTON' row 'TRADERS INSURANCE COMPANY' column 'A-Male'; printed 6-month value $4,365",LAWTON,TRADERS INSURANCE COMPANY,ok-2026-A-male,8730
ok-2026,OK,2026,https://www.oid.ok.gov/wp-content/uploads/2026/09/PPA-Rate-Comparisons-9-1-2026.pdf,"PDF p.2 table 'LAWTON' row 'TRADERS INSURANCE COMPANY' column 'A-Female'; printed 6-month value $3,376",LAWTON,TRADERS INSURANCE COMPANY,ok-2026-A-female,6752
ok-2026,OK,2026,https://www.oid.ok.gov/wp-content/uploads/2026/09/PPA-Rate-Comparisons-9-1-2026.pdf,"PDF p.2 table 'LAWTON' row 'TRADERS INSURANCE COMPANY' column 'B-Male'; printed 6-month value $3,108",LAWTON,TRADERS INSURANCE COMPANY,ok-2026-B-male,6216
ok-2026,OK,2026,https://www.oid.ok.gov/wp-content/uploads/2026/09/PPA-Rate-Comparisons-9-1-2026.pdf,"PDF p.2 table 'LAWTON' row 'TRADERS INSURANCE COMPANY' column 'B-Female'; printed 6-month value $2,335",LAWTON,TRADERS INSURANCE COMPANY,ok-2026-B-female,4670
ok-2026,OK,2026,https://www.oid.ok.gov/wp-content/uploads/2026/09/PPA-Rate-Comparisons-9-1-2026.pdf,"PDF p.2 table 'LAWTON' row 'TRADERS INSURANCE COMPANY' column 'C-Male'; printed 6-month value $1,040",LAWTON,TRADERS INSURANCE COMPANY,ok-2026-C-male,2080
ok-2026,OK,2026,https://www.oid.ok.gov/wp-content/uploads/2026/09/PPA-Rate-Comparisons-9-1-2026.pdf,"PDF p.2 table 'LAWTON' row 'TRADERS INSURANCE COMPANY' column 'C-Female'; printed 6-month value $1,021",LAWTON,TRADERS INSURANCE COMPANY,ok-2026-C-female,2042
ok-2026,OK,2026,https://www.oid.ok.gov/wp-content/uploads/2026/09/PPA-Rate-Comparisons-9-1-2026.pdf,"PDF p.2 table 'LAWTON' row 'TRADERS INSURANCE COMPANY' column 'D-Male'; printed 6-month value $1,018",LAWTON,TRADERS INSURANCE COMPANY,ok-2026-D-male,2036
ok-2026,OK,2026,https://www.oid.ok.gov/wp-content/uploads/2026/09/PPA-Rate-Comparisons-9-1-2026.pdf,PDF p.2 table 'LAWTON' row 'TRADERS INSURANCE COMPANY' column 'D-Female'; printed 6-month value $966,LAWTON,TRADERS INSURANCE COMPANY,ok-2026-D-female,1932
ok-2026,OK,2026,https://www.oid.ok.gov/wp-content/uploads/2026/09/PPA-Rate-Comparisons-9-1-2026.pdf,"PDF p.2 table 'LAWTON' row 'TRADERS INSURANCE COMPANY' column 'E-Male'; printed 6-month value $1,212",LAWTON,TRADERS INSURANCE COMPANY,ok-2026-E-male,2424
ok-2026,OK,2026,https://www.oid.ok.gov/wp-content/uploads/2026/09/PPA-Rate-Comparisons-9-1-2026.pdf,"PDF p.2 table 'LAWTON' row 'TRADERS INSURANCE COMPANY' column 'E-Female'; printed 6-month value $1,118",LAWTON,TRADERS INSURANCE COMPANY,ok-2026-E-female,2236
ok-2026,OK,2026,https://www.oid.ok.gov/wp-content/uploads/2026/09/PPA-Rate-Comparisons-9-1-2026.pdf,"PDF p.2 table 'LAWTON' row 'UNITED SERVICES AUTOMOBILE ASSN. (*USAA)' column 'A-Male'; printed 6-month value $3,044",LAWTON,UNITED SERVICES AUTOMOBILE ASSN. (*USAA),ok-2026-A-male,6088
ok-2026,OK,2026,https://www.oid.ok.gov/wp-content/uploads/2026/09/PPA-Rate-Comparisons-9-1-2026.pdf,"PDF p.2 table 'LAWTON' row 'UNITED SERVICES AUTOMOBILE ASSN. (*USAA)' column 'A-Female'; printed 6-month value $2,900",LAWTON,UNITED SERVICES AUTOMOBILE ASSN. (*USAA),ok-2026-A-female,5800
ok-2026,OK,2026,https://www.oid.ok.gov/wp-content/uploads/2026/09/PPA-Rate-Comparisons-9-1-2026.pdf,"PDF p.2 table 'LAWTON' row 'UNITED SERVICES AUTOMOBILE ASSN. (*USAA)' column 'B-Male'; printed 6-month value $1,147",LAWTON,UNITED SERVICES AUTOMOBILE ASSN. (*USAA),ok-2026-B-male,2294
ok-2026,OK,2026,https://www.oid.ok.gov/wp-content/uploads/2026/09/PPA-Rate-Comparisons-9-1-2026.pdf,"PDF p.2 table 'LAWTON' row 'UNITED SERVICES AUTOMOBILE ASSN. (*USAA)' column 'B-Female'; printed 6-month value $1,079",LAWTON,UNITED SERVICES AUTOMOBILE ASSN. (*USAA),ok-2026-B-female,2158
ok-2026,OK,2026,https://www.oid.ok.gov/wp-content/uploads/2026/09/PPA-Rate-Comparisons-9-1-2026.pdf,PDF p.2 table 'LAWTON' row 'UNITED SERVICES AUTOMOBILE ASSN. (*USAA)' column 'C-Male'; printed 6-month value $644,LAWTON,UNITED SERVICES AUTOMOBILE ASSN. (*USAA),ok-2026-C-male,1288
ok-2026,OK,2026,https://www.oid.ok.gov/wp-content/uploads/2026/09/PPA-Rate-Comparisons-9-1-2026.pdf,PDF p.2 table 'LAWTON' row 'UNITED SERVICES AUTOMOBILE ASSN. (*USAA)' column 'C-Female'; printed 6-month value $637,LAWTON,UNITED SERVICES AUTOMOBILE ASSN. (*USAA),ok-2026-C-female,1274
ok-2026,OK,2026,https://www.oid.ok.gov/wp-content/uploads/2026/09/PPA-Rate-Comparisons-9-1-2026.pdf,PDF p.2 table 'LAWTON' row 'UNITED SERVICES AUTOMOBILE ASSN. (*USAA)' column 'D-Male'; printed 6-month value $588,LAWTON,UNITED SERVICES AUTOMOBILE ASSN. (*USAA),ok-2026-D-male,1176
ok-2026,OK,2026,https://www.oid.ok.gov/wp-content/uploads/2026/09/PPA-Rate-Comparisons-9-1-2026.pdf,PDF p.2 table 'LAWTON' row 'UNITED SERVICES AUTOMOBILE ASSN. (*USAA)' column 'D-Female'; printed 6-month value $585,LAWTON,UNITED SERVICES AUTOMOBILE ASSN. (*USAA),ok-2026-D-female,1170
ok-2026,OK,2026,https://www.oid.ok.gov/wp-content/uploads/2026/09/PPA-Rate-Comparisons-9-1-2026.pdf,PDF p.2 table 'LAWTON' row 'UNITED SERVICES AUTOMOBILE ASSN. (*USAA)' column 'E-Male'; printed 6-month value $599,LAWTON,UNITED SERVICES AUTOMOBILE ASSN. (*USAA),ok-2026-E-male,1198
ok-2026,OK,2026,https://www.oid.ok.gov/wp-content/uploads/2026/09/PPA-Rate-Comparisons-9-1-2026.pdf,PDF p.2 table 'LAWTON' row 'UNITED SERVICES AUTOMOBILE ASSN. (*USAA)' column 'E-Female'; printed 6-month value $606,LAWTON,UNITED SERVICES AUTOMOBILE ASSN. (*USAA),ok-2026-E-female,1212
ok-2026,OK,2026,https://www.oid.ok.gov/wp-content/uploads/2026/09/PPA-Rate-Comparisons-9-1-2026.pdf,"PDF p.2 table 'LAWTON' row 'USAA CASUALTY INS. CO.' column 'A-Male'; printed 6-month value $3,087",LAWTON,USAA CASUALTY INS. CO.,ok-2026-A-male,6174
ok-2026,OK,2026,https://www.oid.ok.gov/wp-content/uploads/2026/09/PPA-Rate-Comparisons-9-1-2026.pdf,"PDF p.2 table 'LAWTON' row 'USAA CASUALTY INS. CO.' column 'A-Female'; printed 6-month value $2,982",LAWTON,USAA CASUALTY INS. CO.,ok-2026-A-female,5964
ok-2026,OK,2026,https://www.oid.ok.gov/wp-content/uploads/2026/09/PPA-Rate-Comparisons-9-1-2026.pdf,"PDF p.2 table 'LAWTON' row 'USAA CASUALTY INS. CO.' column 'B-Male'; printed 6-month value $1,161",LAWTON,USAA CASUALTY INS. CO.,ok-2026-B-male,2322
ok-2026,OK,2026,https://www.oid.ok.gov/wp-content/uploads/2026/09/PPA-Rate-Comparisons-9-1-2026.pdf,"PDF p.2 table 'LAWTON' row 'USAA CASUALTY INS. CO.' column 'B-Female'; printed 6-month value $1,118",LAWTON,USAA CASUALTY INS. CO.,ok-2026-B-female,2236
ok-2026,OK,2026,https://www.oid.ok.gov/wp-content/uploads/2026/09/PPA-Rate-Comparisons-9-1-2026.pdf,PDF p.2 table 'LAWTON' row 'USAA CASUALTY INS. CO.' column 'C-Male'; printed 6-month value $664,LAWTON,USAA CASUALTY INS. CO.,ok-2026-C-male,1328
ok-2026,OK,2026,https://www.oid.ok.gov/wp-content/uploads/2026/09/PPA-Rate-Comparisons-9-1-2026.pdf,PDF p.2 table 'LAWTON' row 'USAA CASUALTY INS. CO.' column 'C-Female'; printed 6-month value $648,LAWTON,USAA CASUALTY INS. CO.,ok-2026-C-female,1296
ok-2026,OK,2026,https://www.oid.ok.gov/wp-content/uploads/2026/09/PPA-Rate-Comparisons-9-1-2026.pdf,PDF p.2 table 'LAWTON' row 'USAA CASUALTY INS. CO.' column 'D-Male'; printed 6-month value $569,LAWTON,USAA CASUALTY INS. CO.,ok-2026-D-male,1138
ok-2026,OK,2026,https://www.oid.ok.gov/wp-content/uploads/2026/09/PPA-Rate-Comparisons-9-1-2026.pdf,PDF p.2 table 'LAWTON' row 'USAA CASUALTY INS. CO.' column 'D-Female'; printed 6-month value $568,LAWTON,USAA CASUALTY INS. CO.,ok-2026-D-female,1136
ok-2026,OK,2026,https://www.oid.ok.gov/wp-content/uploads/2026/09/PPA-Rate-Comparisons-9-1-2026.pdf,PDF p.2 table 'LAWTON' row 'USAA CASUALTY INS. CO.' column 'E-Male'; printed 6-month value $582,LAWTON,USAA CASUALTY INS. CO.,ok-2026-E-male,1164
ok-2026,OK,2026,https://www.oid.ok.gov/wp-content/uploads/2026/09/PPA-Rate-Comparisons-9-1-2026.pdf,PDF p.2 table 'LAWTON' row 'USAA CASUALTY INS. CO.' column 'E-Female'; printed 6-month value $586,LAWTON,USAA CASUALTY INS. CO.,ok-2026-E-female,1172
ok-2026,OK,2026,https://www.oid.ok.gov/wp-content/uploads/2026/09/PPA-Rate-Comparisons-9-1-2026.pdf,"PDF p.2 table 'LAWTON' row 'USAA GENERAL INDEMNITY CO.' column 'A-Male'; printed 6-month value $4,057",LAWTON,USAA GENERAL INDEMNITY CO.,ok-2026-A-male,8114
ok-2026,OK,2026,https://www.oid.ok.gov/wp-content/uploads/2026/09/PPA-Rate-Comparisons-9-1-2026.pdf,"PDF p.2 table 'LAWTON' row 'USAA GENERAL INDEMNITY CO.' column 'A-Female'; printed 6-month value $3,906",LAWTON,USAA GENERAL INDEMNITY CO.,ok-2026-A-female,7812
ok-2026,OK,2026,https://www.oid.ok.gov/wp-content/uploads/2026/09/PPA-Rate-Comparisons-9-1-2026.pdf,"PDF p.2 table 'LAWTON' row 'USAA GENERAL INDEMNITY CO.' column 'B-Male'; printed 6-month value $1,442",LAWTON,USAA GENERAL INDEMNITY CO.,ok-2026-B-male,2884
ok-2026,OK,2026,https://www.oid.ok.gov/wp-content/uploads/2026/09/PPA-Rate-Comparisons-9-1-2026.pdf,"PDF p.2 table 'LAWTON' row 'USAA GENERAL INDEMNITY CO.' column 'B-Female'; printed 6-month value $1,389",LAWTON,USAA GENERAL INDEMNITY CO.,ok-2026-B-female,2778
ok-2026,OK,2026,https://www.oid.ok.gov/wp-content/uploads/2026/09/PPA-Rate-Comparisons-9-1-2026.pdf,PDF p.2 table 'LAWTON' row 'USAA GENERAL INDEMNITY CO.' column 'C-Male'; printed 6-month value $806,LAWTON,USAA GENERAL INDEMNITY CO.,ok-2026-C-male,1612
ok-2026,OK,2026,https://www.oid.ok.gov/wp-content/uploads/2026/09/PPA-Rate-Comparisons-9-1-2026.pdf,PDF p.2 table 'LAWTON' row 'USAA GENERAL INDEMNITY CO.' column 'C-Female'; printed 6-month value $787,LAWTON,USAA GENERAL INDEMNITY CO.,ok-2026-C-female,1574
ok-2026,OK,2026,https://www.oid.ok.gov/wp-content/uploads/2026/09/PPA-Rate-Comparisons-9-1-2026.pdf,PDF p.2 table 'LAWTON' row 'USAA GENERAL INDEMNITY CO.' column 'D-Male'; printed 6-month value $715,LAWTON,USAA GENERAL INDEMNITY CO.,ok-2026-D-male,1430
ok-2026,OK,2026,https://www.oid.ok.gov/wp-content/uploads/2026/09/PPA-Rate-Comparisons-9-1-2026.pdf,PDF p.2 table 'LAWTON' row 'USAA GENERAL INDEMNITY CO.' column 'D-Female'; printed 6-month value $713,LAWTON,USAA GENERAL INDEMNITY CO.,ok-2026-D-female,1426
ok-2026,OK,2026,https://www.oid.ok.gov/wp-content/uploads/2026/09/PPA-Rate-Comparisons-9-1-2026.pdf,PDF p.2 table 'LAWTON' row 'USAA GENERAL INDEMNITY CO.' column 'E-Male'; printed 6-month value $731,LAWTON,USAA GENERAL INDEMNITY CO.,ok-2026-E-male,1462
ok-2026,OK,2026,https://www.oid.ok.gov/wp-content/uploads/2026/09/PPA-Rate-Comparisons-9-1-2026.pdf,PDF p.2 table 'LAWTON' row 'USAA GENERAL INDEMNITY CO.' column 'E-Female'; printed 6-month value $736,LAWTON,USAA GENERAL INDEMNITY CO.,ok-2026-E-female,1472
ok-2026,OK,2026,https://www.oid.ok.gov/wp-content/uploads/2026/09/PPA-Rate-Comparisons-9-1-2026.pdf,"PDF p.2 table 'WOODWARD' row 'ALLSTATE FIRE & CASUALTY INS. CO.' column 'A-Male'; printed 6-month value $4,981",WOODWARD,ALLSTATE FIRE & CASUALTY INS. CO.,ok-2026-A-male,9962
ok-2026,OK,2026,https://www.oid.ok.gov/wp-content/uploads/2026/09/PPA-Rate-Comparisons-9-1-2026.pdf,"PDF p.2 table 'WOODWARD' row 'ALLSTATE FIRE & CASUALTY INS. CO.' column 'A-Female'; printed 6-month value $4,557",WOODWARD,ALLSTATE FIRE & CASUALTY INS. CO.,ok-2026-A-female,9114
ok-2026,OK,2026,https://www.oid.ok.gov/wp-content/uploads/2026/09/PPA-Rate-Comparisons-9-1-2026.pdf,"PDF p.2 table 'WOODWARD' row 'ALLSTATE FIRE & CASUALTY INS. CO.' column 'B-Male'; printed 6-month value $1,660",WOODWARD,ALLSTATE FIRE & CASUALTY INS. CO.,ok-2026-B-male,3320
ok-2026,OK,2026,https://www.oid.ok.gov/wp-content/uploads/2026/09/PPA-Rate-Comparisons-9-1-2026.pdf,"PDF p.2 table 'WOODWARD' row 'ALLSTATE FIRE & CASUALTY INS. CO.' column 'B-Female'; printed 6-month value $1,357",WOODWARD,ALLSTATE FIRE & CASUALTY INS. CO.,ok-2026-B-female,2714
ok-2026,OK,2026,https://www.oid.ok.gov/wp-content/uploads/2026/09/PPA-Rate-Comparisons-9-1-2026.pdf,PDF p.2 table 'WOODWARD' row 'ALLSTATE FIRE & CASUALTY INS. CO.' column 'C-Male'; printed 6-month value $898,WOODWARD,ALLSTATE FIRE & CASUALTY INS. CO.,ok-2026-C-male,1796
ok-2026,OK,2026,https://www.oid.ok.gov/wp-content/uploads/2026/09/PPA-Rate-Comparisons-9-1-2026.pdf,PDF p.2 table 'WOODWARD' row 'ALLSTATE FIRE & CASUALTY INS. CO.' column 'C-Female'; printed 6-month value $890,WOODWARD,ALLSTATE FIRE & CASUALTY INS. CO.,ok-2026-C-female,1780
ok-2026,OK,2026,https://www.oid.ok.gov/wp-content/uploads/2026/09/PPA-Rate-Comparisons-9-1-2026.pdf,PDF p.2 table 'WOODWARD' row 'ALLSTATE FIRE & CASUALTY INS. CO.' column 'D-Male'; printed 6-month value $870,WOODWARD,ALLSTATE FIRE & CASUALTY INS. CO.,ok-2026-D-male,1740
ok-2026,OK,2026,https://www.oid.ok.gov/wp-content/uploads/2026/09/PPA-Rate-Comparisons-9-1-2026.pdf,PDF p.2 table 'WOODWARD' row 'ALLSTATE FIRE & CASUALTY INS. CO.' column 'D-Female'; printed 6-month value $823,WOODWARD,ALLSTATE FIRE & CASUALTY INS. CO.,ok-2026-D-female,1646
ok-2026,OK,2026,https://www.oid.ok.gov/wp-content/uploads/2026/09/PPA-Rate-Comparisons-9-1-2026.pdf,PDF p.2 table 'WOODWARD' row 'ALLSTATE FIRE & CASUALTY INS. CO.' column 'E-Male'; printed 6-month value $904,WOODWARD,ALLSTATE FIRE & CASUALTY INS. CO.,ok-2026-E-male,1808
ok-2026,OK,2026,https://www.oid.ok.gov/wp-content/uploads/2026/09/PPA-Rate-Comparisons-9-1-2026.pdf,PDF p.2 table 'WOODWARD' row 'ALLSTATE FIRE & CASUALTY INS. CO.' column 'E-Female'; printed 6-month value $856,WOODWARD,ALLSTATE FIRE & CASUALTY INS. CO.,ok-2026-E-female,1712
ok-2026,OK,2026,https://www.oid.ok.gov/wp-content/uploads/2026/09/PPA-Rate-Comparisons-9-1-2026.pdf,"PDF p.2 table 'WOODWARD' row 'AMERICAN FARMERS & RANCHERS MUTUAL INS. CO.' column 'A-Male'; printed 6-month value $2,656",WOODWARD,AMERICAN FARMERS & RANCHERS MUTUAL INS. CO.,ok-2026-A-male,5312
ok-2026,OK,2026,https://www.oid.ok.gov/wp-content/uploads/2026/09/PPA-Rate-Comparisons-9-1-2026.pdf,"PDF p.2 table 'WOODWARD' row 'AMERICAN FARMERS & RANCHERS MUTUAL INS. CO.' column 'A-Female'; printed 6-month value $2,554",WOODWARD,AMERICAN FARMERS & RANCHERS MUTUAL INS. CO.,ok-2026-A-female,5108
ok-2026,OK,2026,https://www.oid.ok.gov/wp-content/uploads/2026/09/PPA-Rate-Comparisons-9-1-2026.pdf,"PDF p.2 table 'WOODWARD' row 'AMERICAN FARMERS & RANCHERS MUTUAL INS. CO.' column 'B-Male'; printed 6-month value $1,896",WOODWARD,AMERICAN FARMERS & RANCHERS MUTUAL INS. CO.,ok-2026-B-male,3792
ok-2026,OK,2026,https://www.oid.ok.gov/wp-content/uploads/2026/09/PPA-Rate-Comparisons-9-1-2026.pdf,"PDF p.2 table 'WOODWARD' row 'AMERICAN FARMERS & RANCHERS MUTUAL INS. CO.' column 'B-Female'; printed 6-month value $1,829",WOODWARD,AMERICAN FARMERS & RANCHERS MUTUAL INS. CO.,ok-2026-B-female,3658
ok-2026,OK,2026,https://www.oid.ok.gov/wp-content/uploads/2026/09/PPA-Rate-Comparisons-9-1-2026.pdf,"PDF p.2 table 'WOODWARD' row 'AMERICAN FARMERS & RANCHERS MUTUAL INS. CO.' column 'C-Male'; printed 6-month value $1,312",WOODWARD,AMERICAN FARMERS & RANCHERS MUTUAL INS. CO.,ok-2026-C-male,2624
ok-2026,OK,2026,https://www.oid.ok.gov/wp-content/uploads/2026/09/PPA-Rate-Comparisons-9-1-2026.pdf,"PDF p.2 table 'WOODWARD' row 'AMERICAN FARMERS & RANCHERS MUTUAL INS. CO.' column 'C-Female'; printed 6-month value $1,273",WOODWARD,AMERICAN FARMERS & RANCHERS MUTUAL INS. CO.,ok-2026-C-female,2546
ok-2026,OK,2026,https://www.oid.ok.gov/wp-content/uploads/2026/09/PPA-Rate-Comparisons-9-1-2026.pdf,"PDF p.2 table 'WOODWARD' row 'AMERICAN FARMERS & RANCHERS MUTUAL INS. CO.' column 'D-Male'; printed 6-month value $1,292",WOODWARD,AMERICAN FARMERS & RANCHERS MUTUAL INS. CO.,ok-2026-D-male,2584
ok-2026,OK,2026,https://www.oid.ok.gov/wp-content/uploads/2026/09/PPA-Rate-Comparisons-9-1-2026.pdf,"PDF p.2 table 'WOODWARD' row 'AMERICAN FARMERS & RANCHERS MUTUAL INS. CO.' column 'D-Female'; printed 6-month value $1,255",WOODWARD,AMERICAN FARMERS & RANCHERS MUTUAL INS. CO.,ok-2026-D-female,2510
ok-2026,OK,2026,https://www.oid.ok.gov/wp-content/uploads/2026/09/PPA-Rate-Comparisons-9-1-2026.pdf,"PDF p.2 table 'WOODWARD' row 'AMERICAN FARMERS & RANCHERS MUTUAL INS. CO.' column 'E-Male'; printed 6-month value $1,273",WOODWARD,AMERICAN FARMERS & RANCHERS MUTUAL INS. CO.,ok-2026-E-male,2546
ok-2026,OK,2026,https://www.oid.ok.gov/wp-content/uploads/2026/09/PPA-Rate-Comparisons-9-1-2026.pdf,"PDF p.2 table 'WOODWARD' row 'AMERICAN FARMERS & RANCHERS MUTUAL INS. CO.' column 'E-Female'; printed 6-month value $1,237",WOODWARD,AMERICAN FARMERS & RANCHERS MUTUAL INS. CO.,ok-2026-E-female,2474
ok-2026,OK,2026,https://www.oid.ok.gov/wp-content/uploads/2026/09/PPA-Rate-Comparisons-9-1-2026.pdf,"PDF p.2 table 'WOODWARD' row 'AMERICAN MERCURY INS. CO.' column 'A-Male'; printed 6-month value $3,420",WOODWARD,AMERICAN MERCURY INS. CO.,ok-2026-A-male,6840
ok-2026,OK,2026,https://www.oid.ok.gov/wp-content/uploads/2026/09/PPA-Rate-Comparisons-9-1-2026.pdf,"PDF p.2 table 'WOODWARD' row 'AMERICAN MERCURY INS. CO.' column 'A-Female'; printed 6-month value $2,961",WOODWARD,AMERICAN MERCURY INS. CO.,ok-2026-A-female,5922
ok-2026,OK,2026,https://www.oid.ok.gov/wp-content/uploads/2026/09/PPA-Rate-Comparisons-9-1-2026.pdf,"PDF p.2 table 'WOODWARD' row 'AMERICAN MERCURY INS. CO.' column 'B-Male'; printed 6-month value $2,278",WOODWARD,AMERICAN MERCURY INS. CO.,ok-2026-B-male,4556
ok-2026,OK,2026,https://www.oid.ok.gov/wp-content/uploads/2026/09/PPA-Rate-Comparisons-9-1-2026.pdf,"PDF p.2 table 'WOODWARD' row 'AMERICAN MERCURY INS. CO.' column 'B-Female'; printed 6-month value $1,767",WOODWARD,AMERICAN MERCURY INS. CO.,ok-2026-B-female,3534
ok-2026,OK,2026,https://www.oid.ok.gov/wp-content/uploads/2026/09/PPA-Rate-Comparisons-9-1-2026.pdf,"PDF p.2 table 'WOODWARD' row 'AMERICAN MERCURY INS. CO.' column 'C-Male'; printed 6-month value $1,003",WOODWARD,AMERICAN MERCURY INS. CO.,ok-2026-C-male,2006
ok-2026,OK,2026,https://www.oid.ok.gov/wp-content/uploads/2026/09/PPA-Rate-Comparisons-9-1-2026.pdf,PDF p.2 table 'WOODWARD' row 'AMERICAN MERCURY INS. CO.' column 'C-Female'; printed 6-month value $996,WOODWARD,AMERICAN MERCURY INS. CO.,ok-2026-C-female,1992
ok-2026,OK,2026,https://www.oid.ok.gov/wp-content/uploads/2026/09/PPA-Rate-Comparisons-9-1-2026.pdf,PDF p.2 table 'WOODWARD' row 'AMERICAN MERCURY INS. CO.' column 'D-Male'; printed 6-month value $778,WOODWARD,AMERICAN MERCURY INS. CO.,ok-2026-D-male,1556
ok-2026,OK,2026,https://www.oid.ok.gov/wp-content/uploads/2026/09/PPA-Rate-Comparisons-9-1-2026.pdf,PDF p.2 table 'WOODWARD' row 'AMERICAN MERCURY INS. CO.' column 'D-Female'; printed 6-month value $800,WOODWARD,AMERICAN MERCURY INS. CO.,ok-2026-D-female,1600
ok-2026,OK,2026,https://www.oid.ok.gov/wp-content/uploads/2026/09/PPA-Rate-Comparisons-9-1-2026.pdf,PDF p.2 table 'WOODWARD' row 'AMERICAN MERCURY INS. CO.' column 'E-Male'; printed 6-month value $828,WOODWARD,AMERICAN MERCURY INS. CO.,ok-2026-E-male,1656
ok-2026,OK,2026,https://www.oid.ok.gov/wp-content/uploads/2026/09/PPA-Rate-Comparisons-9-1-2026.pdf,PDF p.2 table 'WOODWARD' row 'AMERICAN MERCURY INS. CO.' column 'E-Female'; printed 6-month value $862,WOODWARD,AMERICAN MERCURY INS. CO.,ok-2026-E-female,1724
ok-2026,OK,2026,https://www.oid.ok.gov/wp-content/uploads/2026/09/PPA-Rate-Comparisons-9-1-2026.pdf,"PDF p.2 table 'WOODWARD' row 'CSAA GENERAL INS. CO.' column 'A-Male'; printed 6-month value $5,559",WOODWARD,CSAA GENERAL INS. CO.,ok-2026-A-male,11118
ok-2026,OK,2026,https://www.oid.ok.gov/wp-content/uploads/2026/09/PPA-Rate-Comparisons-9-1-2026.pdf,"PDF p.2 table 'WOODWARD' row 'CSAA GENERAL INS. CO.' column 'A-Female'; printed 6-month value $5,680",WOODWARD,CSAA GENERAL INS. CO.,ok-2026-A-female,11360
ok-2026,OK,2026,https://www.oid.ok.gov/wp-content/uploads/2026/09/PPA-Rate-Comparisons-9-1-2026.pdf,"PDF p.2 table 'WOODWARD' row 'CSAA GENERAL INS. CO.' column 'B-Male'; printed 6-month value $1,775",WOODWARD,CSAA GENERAL INS. CO.,ok-2026-B-male,3550
ok-2026,OK,2026,https://www.oid.ok.gov/wp-content/uploads/2026/09/PPA-Rate-Comparisons-9-1-2026.pdf,"PDF p.2 table 'WOODWARD' row 'CSAA GENERAL INS. CO.' column 'B-Female'; printed 6-month value $1,777",WOODWARD,CSAA GENERAL INS. CO.,ok-2026-B-female,3554
ok-2026,OK,2026,https://www.oid.ok.gov/wp-content/uploads/2026/09/PPA-Rate-Comparisons-9-1-2026.pdf,"PDF p.2 table 'WOODWARD' row 'CSAA GENERAL INS. CO.' column 'C-Male'; printed 6-month value $1,198",WOODWARD,CSAA GENERAL INS. CO.,ok-2026-C-male,2396
ok-2026,OK,2026,https://www.oid.ok.gov/wp-content/uploads/2026/09/PPA-Rate-Comparisons-9-1-2026.pdf,"PDF p.2 table 'WOODWARD' row 'CSAA GENERAL INS. CO.' column 'C-Female'; printed 6-month value $1,101",WOODWARD,CSAA GENERAL INS. CO.,ok-2026-C-female,2202
ok-2026,OK,2026,https://www.oid.ok.gov/wp-content/uploads/2026/09/PPA-Rate-Comparisons-9-1-2026.pdf,"PDF p.2 table 'WOODWARD' row 'CSAA GENERAL INS. CO.' column 'D-Male'; printed 6-month value $1,066",WOODWARD,CSAA GENERAL INS. CO.,ok-2026-D-male,2132
ok-2026,OK,2026,https://www.oid.ok.gov/wp-content/uploads/2026/09/PPA-Rate-Comparisons-9-1-2026.pdf,PDF p.2 table 'WOODWARD' row 'CSAA GENERAL INS. CO.' column 'D-Female'; printed 6-month value $943,WOODWARD,CSAA GENERAL INS. CO.,ok-2026-D-female,1886
ok-2026,OK,2026,https://www.oid.ok.gov/wp-content/uploads/2026/09/PPA-Rate-Comparisons-9-1-2026.pdf,"PDF p.2 table 'WOODWARD' row 'CSAA GENERAL INS. CO.' column 'E-Male'; printed 6-month value $1,130",WOODWARD,CSAA GENERAL INS. CO.,ok-2026-E-male,2260
ok-2026,OK,2026,https://www.oid.ok.gov/wp-content/uploads/2026/09/PPA-Rate-Comparisons-9-1-2026.pdf,PDF p.2 table 'WOODWARD' row 'CSAA GENERAL INS. CO.' column 'E-Female'; printed 6-month value $928,WOODWARD,CSAA GENERAL INS. CO.,ok-2026-E-female,1856
ok-2026,OK,2026,https://www.oid.ok.gov/wp-content/uploads/2026/09/PPA-Rate-Comparisons-9-1-2026.pdf,"PDF p.2 table 'WOODWARD' row 'EQUITY INSURANCE COMPANY' column 'A-Male'; printed 6-month value $3,542",WOODWARD,EQUITY INSURANCE COMPANY,ok-2026-A-male,7084
ok-2026,OK,2026,https://www.oid.ok.gov/wp-content/uploads/2026/09/PPA-Rate-Comparisons-9-1-2026.pdf,"PDF p.2 table 'WOODWARD' row 'EQUITY INSURANCE COMPANY' column 'A-Female'; printed 6-month value $2,610",WOODWARD,EQUITY INSURANCE COMPANY,ok-2026-A-female,5220
ok-2026,OK,2026,https://www.oid.ok.gov/wp-content/uploads/2026/09/PPA-Rate-Comparisons-9-1-2026.pdf,"PDF p.2 table 'WOODWARD' row 'EQUITY INSURANCE COMPANY' column 'B-Male'; printed 6-month value $2,006",WOODWARD,EQUITY INSURANCE COMPANY,ok-2026-B-male,4012
ok-2026,OK,2026,https://www.oid.ok.gov/wp-content/uploads/2026/09/PPA-Rate-Comparisons-9-1-2026.pdf,"PDF p.2 table 'WOODWARD' row 'EQUITY INSURANCE COMPANY' column 'B-Female'; printed 6-month value $1,820",WOODWARD,EQUITY INSURANCE COMPANY,ok-2026-B-female,3640
ok-2026,OK,2026,https://www.oid.ok.gov/wp-content/uploads/2026/09/PPA-Rate-Comparisons-9-1-2026.pdf,"PDF p.2 table 'WOODWARD' row 'EQUITY INSURANCE COMPANY' column 'C-Male'; printed 6-month value $1,146",WOODWARD,EQUITY INSURANCE COMPANY,ok-2026-C-male,2292
ok-2026,OK,2026,https://www.oid.ok.gov/wp-content/uploads/2026/09/PPA-Rate-Comparisons-9-1-2026.pdf,"PDF p.2 table 'WOODWARD' row 'EQUITY INSURANCE COMPANY' column 'C-Female'; printed 6-month value $1,124",WOODWARD,EQUITY INSURANCE COMPANY,ok-2026-C-female,2248
ok-2026,OK,2026,https://www.oid.ok.gov/wp-content/uploads/2026/09/PPA-Rate-Comparisons-9-1-2026.pdf,"PDF p.2 table 'WOODWARD' row 'EQUITY INSURANCE COMPANY' column 'D-Male'; printed 6-month value $1,072",WOODWARD,EQUITY INSURANCE COMPANY,ok-2026-D-male,2144
ok-2026,OK,2026,https://www.oid.ok.gov/wp-content/uploads/2026/09/PPA-Rate-Comparisons-9-1-2026.pdf,"PDF p.2 table 'WOODWARD' row 'EQUITY INSURANCE COMPANY' column 'D-Female'; printed 6-month value $1,103",WOODWARD,EQUITY INSURANCE COMPANY,ok-2026-D-female,2206
ok-2026,OK,2026,https://www.oid.ok.gov/wp-content/uploads/2026/09/PPA-Rate-Comparisons-9-1-2026.pdf,"PDF p.2 table 'WOODWARD' row 'EQUITY INSURANCE COMPANY' column 'E-Male'; printed 6-month value $1,297",WOODWARD,EQUITY INSURANCE COMPANY,ok-2026-E-male,2594
ok-2026,OK,2026,https://www.oid.ok.gov/wp-content/uploads/2026/09/PPA-Rate-Comparisons-9-1-2026.pdf,"PDF p.2 table 'WOODWARD' row 'EQUITY INSURANCE COMPANY' column 'E-Female'; printed 6-month value $1,271",WOODWARD,EQUITY INSURANCE COMPANY,ok-2026-E-female,2542
ok-2026,OK,2026,https://www.oid.ok.gov/wp-content/uploads/2026/09/PPA-Rate-Comparisons-9-1-2026.pdf,"PDF p.2 table 'WOODWARD' row 'FARMERS INSURANCE COMPANY (**Mid-Century Insurance Company)' column 'A-Male'; printed 6-month value $3,640",WOODWARD,FARMERS INSURANCE COMPANY (**Mid-Century Insurance Company),ok-2026-A-male,7280
ok-2026,OK,2026,https://www.oid.ok.gov/wp-content/uploads/2026/09/PPA-Rate-Comparisons-9-1-2026.pdf,"PDF p.2 table 'WOODWARD' row 'FARMERS INSURANCE COMPANY (**Mid-Century Insurance Company)' column 'A-Female'; printed 6-month value $2,783",WOODWARD,FARMERS INSURANCE COMPANY (**Mid-Century Insurance Company),ok-2026-A-female,5566
ok-2026,OK,2026,https://www.oid.ok.gov/wp-content/uploads/2026/09/PPA-Rate-Comparisons-9-1-2026.pdf,"PDF p.2 table 'WOODWARD' row 'FARMERS INSURANCE COMPANY (**Mid-Century Insurance Company)' column 'B-Male'; printed 6-month value $1,618",WOODWARD,FARMERS INSURANCE COMPANY (**Mid-Century Insurance Company),ok-2026-B-male,3236
ok-2026,OK,2026,https://www.oid.ok.gov/wp-content/uploads/2026/09/PPA-Rate-Comparisons-9-1-2026.pdf,"PDF p.2 table 'WOODWARD' row 'FARMERS INSURANCE COMPANY (**Mid-Century Insurance Company)' column 'B-Female'; printed 6-month value $1,353",WOODWARD,FARMERS INSURANCE COMPANY (**Mid-Century Insurance Company),ok-2026-B-female,2706
ok-2026,OK,2026,https://www.oid.ok.gov/wp-content/uploads/2026/09/PPA-Rate-Comparisons-9-1-2026.pdf,PDF p.2 table 'WOODWARD' row 'FARMERS INSURANCE COMPANY (**Mid-Century Insurance Company)' column 'C-Male'; printed 6-month value $776,WOODWARD,FARMERS INSURANCE COMPANY (**Mid-Century Insurance Company),ok-2026-C-male,1552
ok-2026,OK,2026,https://www.oid.ok.gov/wp-content/uploads/2026/09/PPA-Rate-Comparisons-9-1-2026.pdf,PDF p.2 table 'WOODWARD' row 'FARMERS INSURANCE COMPANY (**Mid-Century Insurance Company)' column 'C-Female'; printed 6-month value $820,WOODWARD,FARMERS INSURANCE COMPANY (**Mid-Century Insurance Company),ok-2026-C-female,1640
ok-2026,OK,2026,https://www.oid.ok.gov/wp-content/uploads/2026/09/PPA-Rate-Comparisons-9-1-2026.pdf,PDF p.2 table 'WOODWARD' row 'FARMERS INSURANCE COMPANY (**Mid-Century Insurance Company)' column 'D-Male'; printed 6-month value $683,WOODWARD,FARMERS INSURANCE COMPANY (**Mid-Century Insurance Company),ok-2026-D-male,1366
ok-2026,OK,2026,https://www.oid.ok.gov/wp-content/uploads/2026/09/PPA-Rate-Comparisons-9-1-2026.pdf,PDF p.2 table 'WOODWARD' row 'FARMERS INSURANCE COMPANY (**Mid-Century Insurance Company)' column 'D-Female'; printed 6-month value $679,WOODWARD,FARMERS INSURANCE COMPANY (**Mid-Century Insurance Company),ok-2026-D-female,1358
ok-2026,OK,2026,https://www.oid.ok.gov/wp-content/uploads/2026/09/PPA-Rate-Comparisons-9-1-2026.pdf,PDF p.2 table 'WOODWARD' row 'FARMERS INSURANCE COMPANY (**Mid-Century Insurance Company)' column 'E-Male'; printed 6-month value $586,WOODWARD,FARMERS INSURANCE COMPANY (**Mid-Century Insurance Company),ok-2026-E-male,1172
ok-2026,OK,2026,https://www.oid.ok.gov/wp-content/uploads/2026/09/PPA-Rate-Comparisons-9-1-2026.pdf,PDF p.2 table 'WOODWARD' row 'FARMERS INSURANCE COMPANY (**Mid-Century Insurance Company)' column 'E-Female'; printed 6-month value $620,WOODWARD,FARMERS INSURANCE COMPANY (**Mid-Century Insurance Company),ok-2026-E-female,1240
ok-2026,OK,2026,https://www.oid.ok.gov/wp-content/uploads/2026/09/PPA-Rate-Comparisons-9-1-2026.pdf,"PDF p.3 table 'WOODWARD' row 'GARRISON PROPERTY & CASUALTY INSURANCE CO.' column 'A-Male'; printed 6-month value $3,313",WOODWARD,GARRISON PROPERTY & CASUALTY INSURANCE CO.,ok-2026-A-male,6626
ok-2026,OK,2026,https://www.oid.ok.gov/wp-content/uploads/2026/09/PPA-Rate-Comparisons-9-1-2026.pdf,"PDF p.3 table 'WOODWARD' row 'GARRISON PROPERTY & CASUALTY INSURANCE CO.' column 'A-Female'; printed 6-month value $3,176",WOODWARD,GARRISON PROPERTY & CASUALTY INSURANCE CO.,ok-2026-A-female,6352
ok-2026,OK,2026,https://www.oid.ok.gov/wp-content/uploads/2026/09/PPA-Rate-Comparisons-9-1-2026.pdf,"PDF p.3 table 'WOODWARD' row 'GARRISON PROPERTY & CASUALTY INSURANCE CO.' column 'B-Male'; printed 6-month value $1,255",WOODWARD,GARRISON PROPERTY & CASUALTY INSURANCE CO.,ok-2026-B-male,2510
ok-2026,OK,2026,https://www.oid.ok.gov/wp-content/uploads/2026/09/PPA-Rate-Comparisons-9-1-2026.pdf,"PDF p.3 table 'WOODWARD' row 'GARRISON PROPERTY & CASUALTY INSURANCE CO.' column 'B-Female'; printed 6-month value $1,199",WOODWARD,GARRISON PROPERTY & CASUALTY INSURANCE CO.,ok-2026-B-female,2398
ok-2026,OK,2026,https://www.oid.ok.gov/wp-content/uploads/2026/09/PPA-Rate-Comparisons-9-1-2026.pdf,PDF p.3 table 'WOODWARD' row 'GARRISON PROPERTY & CASUALTY INSURANCE CO.' column 'C-Male'; printed 6-month value $731,WOODWARD,GARRISON PROPERTY & CASUALTY INSURANCE CO.,ok-2026-C-male,1462
ok-2026,OK,2026,https://www.oid.ok.gov/wp-content/uploads/2026/09/PPA-Rate-Comparisons-9-1-2026.pdf,PDF p.3 table 'WOODWARD' row 'GARRISON PROPERTY & CASUALTY INSURANCE CO.' column 'C-Female'; printed 6-month value $710,WOODWARD,GARRISON PROPERTY & CASUALTY INSURANCE CO.,ok-2026-C-female,1420
ok-2026,OK,2026,https://www.oid.ok.gov/wp-content/uploads/2026/09/PPA-Rate-Comparisons-9-1-2026.pdf,PDF p.3 table 'WOODWARD' row 'GARRISON PROPERTY & CASUALTY INSURANCE CO.' column 'D-Male'; printed 6-month value $648,WOODWARD,GARRISON PROPERTY & CASUALTY INSURANCE CO.,ok-2026-D-male,1296
ok-2026,OK,2026,https://www.oid.ok.gov/wp-content/uploads/2026/09/PPA-Rate-Comparisons-9-1-2026.pdf,PDF p.3 table 'WOODWARD' row 'GARRISON PROPERTY & CASUALTY INSURANCE CO.' column 'D-Female'; printed 6-month value $642,WOODWARD,GARRISON PROPERTY & CASUALTY INSURANCE CO.,ok-2026-D-female,1284
ok-2026,OK,2026,https://www.oid.ok.gov/wp-content/uploads/2026/09/PPA-Rate-Comparisons-9-1-2026.pdf,PDF p.3 table 'WOODWARD' row 'GARRISON PROPERTY & CASUALTY INSURANCE CO.' column 'E-Male'; printed 6-month value $646,WOODWARD,GARRISON PROPERTY & CASUALTY INSURANCE CO.,ok-2026-E-male,1292
ok-2026,OK,2026,https://www.oid.ok.gov/wp-content/uploads/2026/09/PPA-Rate-Comparisons-9-1-2026.pdf,PDF p.3 table 'WOODWARD' row 'GARRISON PROPERTY & CASUALTY INSURANCE CO.' column 'E-Female'; printed 6-month value $646,WOODWARD,GARRISON PROPERTY & CASUALTY INSURANCE CO.,ok-2026-E-female,1292
ok-2026,OK,2026,https://www.oid.ok.gov/wp-content/uploads/2026/09/PPA-Rate-Comparisons-9-1-2026.pdf,"PDF p.3 table 'WOODWARD' row 'GEICO SECURE INS. CO. (*GEICO CASUALTY CO.)' column 'A-Male'; printed 6-month value $1,713",WOODWARD,GEICO SECURE INS. CO. (*GEICO CASUALTY CO.),ok-2026-A-male,3426
ok-2026,OK,2026,https://www.oid.ok.gov/wp-content/uploads/2026/09/PPA-Rate-Comparisons-9-1-2026.pdf,"PDF p.3 table 'WOODWARD' row 'GEICO SECURE INS. CO. (*GEICO CASUALTY CO.)' column 'A-Female'; printed 6-month value $1,726",WOODWARD,GEICO SECURE INS. CO. (*GEICO CASUALTY CO.),ok-2026-A-female,3452
ok-2026,OK,2026,https://www.oid.ok.gov/wp-content/uploads/2026/09/PPA-Rate-Comparisons-9-1-2026.pdf,PDF p.3 table 'WOODWARD' row 'GEICO SECURE INS. CO. (*GEICO CASUALTY CO.)' column 'B-Male'; printed 6-month value $609,WOODWARD,GEICO SECURE INS. CO. (*GEICO CASUALTY CO.),ok-2026-B-male,1218
ok-2026,OK,2026,https://www.oid.ok.gov/wp-content/uploads/2026/09/PPA-Rate-Comparisons-9-1-2026.pdf,PDF p.3 table 'WOODWARD' row 'GEICO SECURE INS. CO. (*GEICO CASUALTY CO.)' column 'B-Female'; printed 6-month value $608,WOODWARD,GEICO SECURE INS. CO. (*GEICO CASUALTY CO.),ok-2026-B-female,1216
ok-2026,OK,2026,https://www.oid.ok.gov/wp-content/uploads/2026/09/PPA-Rate-Comparisons-9-1-2026.pdf,PDF p.3 table 'WOODWARD' row 'GEICO SECURE INS. CO. (*GEICO CASUALTY CO.)' column 'C-Male'; printed 6-month value $386,WOODWARD,GEICO SECURE INS. CO. (*GEICO CASUALTY CO.),ok-2026-C-male,772
ok-2026,OK,2026,https://www.oid.ok.gov/wp-content/uploads/2026/09/PPA-Rate-Comparisons-9-1-2026.pdf,PDF p.3 table 'WOODWARD' row 'GEICO SECURE INS. CO. (*GEICO CASUALTY CO.)' column 'C-Female'; printed 6-month value $386,WOODWARD,GEICO SECURE INS. CO. (*GEICO CASUALTY CO.),ok-2026-C-female,772
ok-2026,OK,2026,https://www.oid.ok.gov/wp-content/uploads/2026/09/PPA-Rate-Comparisons-9-1-2026.pdf,PDF p.3 table 'WOODWARD' row 'GEICO SECURE INS. CO. (*GEICO CASUALTY CO.)' column 'D-Male'; printed 6-month value $361,WOODWARD,GEICO SECURE INS. CO. (*GEICO CASUALTY CO.),ok-2026-D-male,722
ok-2026,OK,2026,https://www.oid.ok.gov/wp-content/uploads/2026/09/PPA-Rate-Comparisons-9-1-2026.pdf,PDF p.3 table 'WOODWARD' row 'GEICO SECURE INS. CO. (*GEICO CASUALTY CO.)' column 'D-Female'; printed 6-month value $361,WOODWARD,GEICO SECURE INS. CO. (*GEICO CASUALTY CO.),ok-2026-D-female,722
ok-2026,OK,2026,https://www.oid.ok.gov/wp-content/uploads/2026/09/PPA-Rate-Comparisons-9-1-2026.pdf,PDF p.3 table 'WOODWARD' row 'GEICO SECURE INS. CO. (*GEICO CASUALTY CO.)' column 'E-Male'; printed 6-month value $367,WOODWARD,GEICO SECURE INS. CO. (*GEICO CASUALTY CO.),ok-2026-E-male,734
ok-2026,OK,2026,https://www.oid.ok.gov/wp-content/uploads/2026/09/PPA-Rate-Comparisons-9-1-2026.pdf,PDF p.3 table 'WOODWARD' row 'GEICO SECURE INS. CO. (*GEICO CASUALTY CO.)' column 'E-Female'; printed 6-month value $367,WOODWARD,GEICO SECURE INS. CO. (*GEICO CASUALTY CO.),ok-2026-E-female,734
ok-2026,OK,2026,https://www.oid.ok.gov/wp-content/uploads/2026/09/PPA-Rate-Comparisons-9-1-2026.pdf,"PDF p.3 table 'WOODWARD' row 'OKLAHOMA FARM BUREAU MUTUAL INS. CO.' column 'A-Male'; printed 6-month value $3,890",WOODWARD,OKLAHOMA FARM BUREAU MUTUAL INS. CO.,ok-2026-A-male,7780
ok-2026,OK,2026,https://www.oid.ok.gov/wp-content/uploads/2026/09/PPA-Rate-Comparisons-9-1-2026.pdf,"PDF p.3 table 'WOODWARD' row 'OKLAHOMA FARM BUREAU MUTUAL INS. CO.' column 'A-Female'; printed 6-month value $2,424",WOODWARD,OKLAHOMA FARM BUREAU MUTUAL INS. CO.,ok-2026-A-female,4848
ok-2026,OK,2026,https://www.oid.ok.gov/wp-content/uploads/2026/09/PPA-Rate-Comparisons-9-1-2026.pdf,"PDF p.3 table 'WOODWARD' row 'OKLAHOMA FARM BUREAU MUTUAL INS. CO.' column 'B-Male'; printed 6-month value $2,260",WOODWARD,OKLAHOMA FARM BUREAU MUTUAL INS. CO.,ok-2026-B-male,4520
ok-2026,OK,2026,https://www.oid.ok.gov/wp-content/uploads/2026/09/PPA-Rate-Comparisons-9-1-2026.pdf,"PDF p.3 table 'WOODWARD' row 'OKLAHOMA FARM BUREAU MUTUAL INS. CO.' column 'B-Female'; printed 6-month value $1,691",WOODWARD,OKLAHOMA FARM BUREAU MUTUAL INS. CO.,ok-2026-B-female,3382
ok-2026,OK,2026,https://www.oid.ok.gov/wp-content/uploads/2026/09/PPA-Rate-Comparisons-9-1-2026.pdf,"PDF p.3 table 'WOODWARD' row 'OKLAHOMA FARM BUREAU MUTUAL INS. CO.' column 'C-Male'; printed 6-month value $1,054",WOODWARD,OKLAHOMA FARM BUREAU MUTUAL INS. CO.,ok-2026-C-male,2108
ok-2026,OK,2026,https://www.oid.ok.gov/wp-content/uploads/2026/09/PPA-Rate-Comparisons-9-1-2026.pdf,"PDF p.3 table 'WOODWARD' row 'OKLAHOMA FARM BUREAU MUTUAL INS. CO.' column 'C-Female'; printed 6-month value $1,054",WOODWARD,OKLAHOMA FARM BUREAU MUTUAL INS. CO.,ok-2026-C-female,2108
ok-2026,OK,2026,https://www.oid.ok.gov/wp-content/uploads/2026/09/PPA-Rate-Comparisons-9-1-2026.pdf,PDF p.3 table 'WOODWARD' row 'OKLAHOMA FARM BUREAU MUTUAL INS. CO.' column 'D-Male'; printed 6-month value $949,WOODWARD,OKLAHOMA FARM BUREAU MUTUAL INS. CO.,ok-2026-D-male,1898
ok-2026,OK,2026,https://www.oid.ok.gov/wp-content/uploads/2026/09/PPA-Rate-Comparisons-9-1-2026.pdf,PDF p.3 table 'WOODWARD' row 'OKLAHOMA FARM BUREAU MUTUAL INS. CO.' column 'D-Female'; printed 6-month value $949,WOODWARD,OKLAHOMA FARM BUREAU MUTUAL INS. CO.,ok-2026-D-female,1898
ok-2026,OK,2026,https://www.oid.ok.gov/wp-content/uploads/2026/09/PPA-Rate-Comparisons-9-1-2026.pdf,PDF p.3 table 'WOODWARD' row 'OKLAHOMA FARM BUREAU MUTUAL INS. CO.' column 'E-Male'; printed 6-month value $852,WOODWARD,OKLAHOMA FARM BUREAU MUTUAL INS. CO.,ok-2026-E-male,1704
ok-2026,OK,2026,https://www.oid.ok.gov/wp-content/uploads/2026/09/PPA-Rate-Comparisons-9-1-2026.pdf,PDF p.3 table 'WOODWARD' row 'OKLAHOMA FARM BUREAU MUTUAL INS. CO.' column 'E-Female'; printed 6-month value $852,WOODWARD,OKLAHOMA FARM BUREAU MUTUAL INS. CO.,ok-2026-E-female,1704
ok-2026,OK,2026,https://www.oid.ok.gov/wp-content/uploads/2026/09/PPA-Rate-Comparisons-9-1-2026.pdf,"PDF p.3 table 'WOODWARD' row 'PROGRESSIVE DIRECT INS. CO.' column 'A-Male'; printed 6-month value $3,542",WOODWARD,PROGRESSIVE DIRECT INS. CO.,ok-2026-A-male,7084
ok-2026,OK,2026,https://www.oid.ok.gov/wp-content/uploads/2026/09/PPA-Rate-Comparisons-9-1-2026.pdf,"PDF p.3 table 'WOODWARD' row 'PROGRESSIVE DIRECT INS. CO.' column 'A-Female'; printed 6-month value $3,128",WOODWARD,PROGRESSIVE DIRECT INS. CO.,ok-2026-A-female,6256
ok-2026,OK,2026,https://www.oid.ok.gov/wp-content/uploads/2026/09/PPA-Rate-Comparisons-9-1-2026.pdf,"PDF p.3 table 'WOODWARD' row 'PROGRESSIVE DIRECT INS. CO.' column 'B-Male'; printed 6-month value $1,452",WOODWARD,PROGRESSIVE DIRECT INS. CO.,ok-2026-B-male,2904
ok-2026,OK,2026,https://www.oid.ok.gov/wp-content/uploads/2026/09/PPA-Rate-Comparisons-9-1-2026.pdf,"PDF p.3 table 'WOODWARD' row 'PROGRESSIVE DIRECT INS. CO.' column 'B-Female'; printed 6-month value $1,259",WOODWARD,PROGRESSIVE DIRECT INS. CO.,ok-2026-B-female,2518
ok-2026,OK,2026,https://www.oid.ok.gov/wp-content/uploads/2026/09/PPA-Rate-Comparisons-9-1-2026.pdf,PDF p.3 table 'WOODWARD' row 'PROGRESSIVE DIRECT INS. CO.' column 'C-Male'; printed 6-month value $922,WOODWARD,PROGRESSIVE DIRECT INS. CO.,ok-2026-C-male,1844
ok-2026,OK,2026,https://www.oid.ok.gov/wp-content/uploads/2026/09/PPA-Rate-Comparisons-9-1-2026.pdf,PDF p.3 table 'WOODWARD' row 'PROGRESSIVE DIRECT INS. CO.' column 'C-Female'; printed 6-month value $878,WOODWARD,PROGRESSIVE DIRECT INS. CO.,ok-2026-C-female,1756
ok-2026,OK,2026,https://www.oid.ok.gov/wp-content/uploads/2026/09/PPA-Rate-Comparisons-9-1-2026.pdf,PDF p.3 table 'WOODWARD' row 'PROGRESSIVE DIRECT INS. CO.' column 'D-Male'; printed 6-month value $773,WOODWARD,PROGRESSIVE DIRECT INS. CO.,ok-2026-D-male,1546
ok-2026,OK,2026,https://www.oid.ok.gov/wp-content/uploads/2026/09/PPA-Rate-Comparisons-9-1-2026.pdf,PDF p.3 table 'WOODWARD' row 'PROGRESSIVE DIRECT INS. CO.' column 'D-Female'; printed 6-month value $694,WOODWARD,PROGRESSIVE DIRECT INS. CO.,ok-2026-D-female,1388
ok-2026,OK,2026,https://www.oid.ok.gov/wp-content/uploads/2026/09/PPA-Rate-Comparisons-9-1-2026.pdf,PDF p.3 table 'WOODWARD' row 'PROGRESSIVE DIRECT INS. CO.' column 'E-Male'; printed 6-month value $730,WOODWARD,PROGRESSIVE DIRECT INS. CO.,ok-2026-E-male,1460
ok-2026,OK,2026,https://www.oid.ok.gov/wp-content/uploads/2026/09/PPA-Rate-Comparisons-9-1-2026.pdf,PDF p.3 table 'WOODWARD' row 'PROGRESSIVE DIRECT INS. CO.' column 'E-Female'; printed 6-month value $676,WOODWARD,PROGRESSIVE DIRECT INS. CO.,ok-2026-E-female,1352
ok-2026,OK,2026,https://www.oid.ok.gov/wp-content/uploads/2026/09/PPA-Rate-Comparisons-9-1-2026.pdf,"PDF p.3 table 'WOODWARD' row 'PROGRESSIVE NORTHERN INS. CO.' column 'A-Male'; printed 6-month value $3,648",WOODWARD,PROGRESSIVE NORTHERN INS. CO.,ok-2026-A-male,7296
ok-2026,OK,2026,https://www.oid.ok.gov/wp-content/uploads/2026/09/PPA-Rate-Comparisons-9-1-2026.pdf,"PDF p.3 table 'WOODWARD' row 'PROGRESSIVE NORTHERN INS. CO.' column 'A-Female'; printed 6-month value $3,194",WOODWARD,PROGRESSIVE NORTHERN INS. CO.,ok-2026-A-female,6388
ok-2026,OK,2026,https://www.oid.ok.gov/wp-content/uploads/2026/09/PPA-Rate-Comparisons-9-1-2026.pdf,"PDF p.3 table 'WOODWARD' row 'PROGRESSIVE NORTHERN INS. CO.' column 'B-Male'; printed 6-month value $1,413",WOODWARD,PROGRESSIVE NORTHERN INS. CO.,ok-2026-B-male,2826
ok-2026,OK,2026,https://www.oid.ok.gov/wp-content/uploads/2026/09/PPA-Rate-Comparisons-9-1-2026.pdf,"PDF p.3 table 'WOODWARD' row 'PROGRESSIVE NORTHERN INS. CO.' column 'B-Female'; printed 6-month value $1,146",WOODWARD,PROGRESSIVE NORTHERN INS. CO.,ok-2026-B-female,2292
ok-2026,OK,2026,https://www.oid.ok.gov/wp-content/uploads/2026/09/PPA-Rate-Comparisons-9-1-2026.pdf,PDF p.3 table 'WOODWARD' row 'PROGRESSIVE NORTHERN INS. CO.' column 'C-Male'; printed 6-month value $912,WOODWARD,PROGRESSIVE NORTHERN INS. CO.,ok-2026-C-male,1824
ok-2026,OK,2026,https://www.oid.ok.gov/wp-content/uploads/2026/09/PPA-Rate-Comparisons-9-1-2026.pdf,PDF p.3 table 'WOODWARD' row 'PROGRESSIVE NORTHERN INS. CO.' column 'C-Female'; printed 6-month value $801,WOODWARD,PROGRESSIVE NORTHERN INS. CO.,ok-2026-C-female,1602
ok-2026,OK,2026,https://www.oid.ok.gov/wp-content/uploads/2026/09/PPA-Rate-Comparisons-9-1-2026.pdf,PDF p.3 table 'WOODWARD' row 'PROGRESSIVE NORTHERN INS. CO.' column 'D-Male'; printed 6-month value $671,WOODWARD,PROGRESSIVE NORTHERN INS. CO.,ok-2026-D-male,1342
ok-2026,OK,2026,https://www.oid.ok.gov/wp-content/uploads/2026/09/PPA-Rate-Comparisons-9-1-2026.pdf,PDF p.3 table 'WOODWARD' row 'PROGRESSIVE NORTHERN INS. CO.' column 'D-Female'; printed 6-month value $593,WOODWARD,PROGRESSIVE NORTHERN INS. CO.,ok-2026-D-female,1186
ok-2026,OK,2026,https://www.oid.ok.gov/wp-content/uploads/2026/09/PPA-Rate-Comparisons-9-1-2026.pdf,PDF p.3 table 'WOODWARD' row 'PROGRESSIVE NORTHERN INS. CO.' column 'E-Male'; printed 6-month value $614,WOODWARD,PROGRESSIVE NORTHERN INS. CO.,ok-2026-E-male,1228
ok-2026,OK,2026,https://www.oid.ok.gov/wp-content/uploads/2026/09/PPA-Rate-Comparisons-9-1-2026.pdf,PDF p.3 table 'WOODWARD' row 'PROGRESSIVE NORTHERN INS. CO.' column 'E-Female'; printed 6-month value $535,WOODWARD,PROGRESSIVE NORTHERN INS. CO.,ok-2026-E-female,1070
ok-2026,OK,2026,https://www.oid.ok.gov/wp-content/uploads/2026/09/PPA-Rate-Comparisons-9-1-2026.pdf,"PDF p.3 table 'WOODWARD' row 'SAFECO INSURANCE CO. OF AMERICA' column 'A-Male'; printed 6-month value $1,629",WOODWARD,SAFECO INSURANCE CO. OF AMERICA,ok-2026-A-male,3258
ok-2026,OK,2026,https://www.oid.ok.gov/wp-content/uploads/2026/09/PPA-Rate-Comparisons-9-1-2026.pdf,"PDF p.3 table 'WOODWARD' row 'SAFECO INSURANCE CO. OF AMERICA' column 'A-Female'; printed 6-month value $1,498",WOODWARD,SAFECO INSURANCE CO. OF AMERICA,ok-2026-A-female,2996
ok-2026,OK,2026,https://www.oid.ok.gov/wp-content/uploads/2026/09/PPA-Rate-Comparisons-9-1-2026.pdf,PDF p.3 table 'WOODWARD' row 'SAFECO INSURANCE CO. OF AMERICA' column 'B-Male'; printed 6-month value $855,WOODWARD,SAFECO INSURANCE CO. OF AMERICA,ok-2026-B-male,1710
ok-2026,OK,2026,https://www.oid.ok.gov/wp-content/uploads/2026/09/PPA-Rate-Comparisons-9-1-2026.pdf,PDF p.3 table 'WOODWARD' row 'SAFECO INSURANCE CO. OF AMERICA' column 'B-Female'; printed 6-month value $806,WOODWARD,SAFECO INSURANCE CO. OF AMERICA,ok-2026-B-female,1612
ok-2026,OK,2026,https://www.oid.ok.gov/wp-content/uploads/2026/09/PPA-Rate-Comparisons-9-1-2026.pdf,PDF p.3 table 'WOODWARD' row 'SAFECO INSURANCE CO. OF AMERICA' column 'C-Male'; printed 6-month value $508,WOODWARD,SAFECO INSURANCE CO. OF AMERICA,ok-2026-C-male,1016
ok-2026,OK,2026,https://www.oid.ok.gov/wp-content/uploads/2026/09/PPA-Rate-Comparisons-9-1-2026.pdf,PDF p.3 table 'WOODWARD' row 'SAFECO INSURANCE CO. OF AMERICA' column 'C-Female'; printed 6-month value $478,WOODWARD,SAFECO INSURANCE CO. OF AMERICA,ok-2026-C-female,956
ok-2026,OK,2026,https://www.oid.ok.gov/wp-content/uploads/2026/09/PPA-Rate-Comparisons-9-1-2026.pdf,PDF p.3 table 'WOODWARD' row 'SAFECO INSURANCE CO. OF AMERICA' column 'D-Male'; printed 6-month value $520,WOODWARD,SAFECO INSURANCE CO. OF AMERICA,ok-2026-D-male,1040
ok-2026,OK,2026,https://www.oid.ok.gov/wp-content/uploads/2026/09/PPA-Rate-Comparisons-9-1-2026.pdf,PDF p.3 table 'WOODWARD' row 'SAFECO INSURANCE CO. OF AMERICA' column 'D-Female'; printed 6-month value $488,WOODWARD,SAFECO INSURANCE CO. OF AMERICA,ok-2026-D-female,976
ok-2026,OK,2026,https://www.oid.ok.gov/wp-content/uploads/2026/09/PPA-Rate-Comparisons-9-1-2026.pdf,PDF p.3 table 'WOODWARD' row 'SAFECO INSURANCE CO. OF AMERICA' column 'E-Male'; printed 6-month value $501,WOODWARD,SAFECO INSURANCE CO. OF AMERICA,ok-2026-E-male,1002
ok-2026,OK,2026,https://www.oid.ok.gov/wp-content/uploads/2026/09/PPA-Rate-Comparisons-9-1-2026.pdf,PDF p.3 table 'WOODWARD' row 'SAFECO INSURANCE CO. OF AMERICA' column 'E-Female'; printed 6-month value $455,WOODWARD,SAFECO INSURANCE CO. OF AMERICA,ok-2026-E-female,910
ok-2026,OK,2026,https://www.oid.ok.gov/wp-content/uploads/2026/09/PPA-Rate-Comparisons-9-1-2026.pdf,"PDF p.3 table 'WOODWARD' row 'SHELTER MUTUAL INSURANCE CO.' column 'A-Male'; printed 6-month value $1,988",WOODWARD,SHELTER MUTUAL INSURANCE CO.,ok-2026-A-male,3976
ok-2026,OK,2026,https://www.oid.ok.gov/wp-content/uploads/2026/09/PPA-Rate-Comparisons-9-1-2026.pdf,"PDF p.3 table 'WOODWARD' row 'SHELTER MUTUAL INSURANCE CO.' column 'A-Female'; printed 6-month value $1,456",WOODWARD,SHELTER MUTUAL INSURANCE CO.,ok-2026-A-female,2912
ok-2026,OK,2026,https://www.oid.ok.gov/wp-content/uploads/2026/09/PPA-Rate-Comparisons-9-1-2026.pdf,"PDF p.3 table 'WOODWARD' row 'SHELTER MUTUAL INSURANCE CO.' column 'B-Male'; printed 6-month value $1,280",WOODWARD,SHELTER MUTUAL INSURANCE CO.,ok-2026-B-male,2560
ok-2026,OK,2026,https://www.oid.ok.gov/wp-content/uploads/2026/09/PPA-Rate-Comparisons-9-1-2026.pdf,"PDF p.3 table 'WOODWARD' row 'SHELTER MUTUAL INSURANCE CO.' column 'B-Female'; printed 6-month value $1,048",WOODWARD,SHELTER MUTUAL INSURANCE CO.,ok-2026-B-female,2096
ok-2026,OK,2026,https://www.oid.ok.gov/wp-content/uploads/2026/09/PPA-Rate-Comparisons-9-1-2026.pdf,PDF p.3 table 'WOODWARD' row 'SHELTER MUTUAL INSURANCE CO.' column 'C-Male'; printed 6-month value $623,WOODWARD,SHELTER MUTUAL INSURANCE CO.,ok-2026-C-male,1246
ok-2026,OK,2026,https://www.oid.ok.gov/wp-content/uploads/2026/09/PPA-Rate-Comparisons-9-1-2026.pdf,PDF p.3 table 'WOODWARD' row 'SHELTER MUTUAL INSURANCE CO.' column 'C-Female'; printed 6-month value $619,WOODWARD,SHELTER MUTUAL INSURANCE CO.,ok-2026-C-female,1238
ok-2026,OK,2026,https://www.oid.ok.gov/wp-content/uploads/2026/09/PPA-Rate-Comparisons-9-1-2026.pdf,PDF p.3 table 'WOODWARD' row 'SHELTER MUTUAL INSURANCE CO.' column 'D-Male'; printed 6-month value $512,WOODWARD,SHELTER MUTUAL INSURANCE CO.,ok-2026-D-male,1024
ok-2026,OK,2026,https://www.oid.ok.gov/wp-content/uploads/2026/09/PPA-Rate-Comparisons-9-1-2026.pdf,PDF p.3 table 'WOODWARD' row 'SHELTER MUTUAL INSURANCE CO.' column 'D-Female'; printed 6-month value $484,WOODWARD,SHELTER MUTUAL INSURANCE CO.,ok-2026-D-female,968
ok-2026,OK,2026,https://www.oid.ok.gov/wp-content/uploads/2026/09/PPA-Rate-Comparisons-9-1-2026.pdf,PDF p.3 table 'WOODWARD' row 'SHELTER MUTUAL INSURANCE CO.' column 'E-Male'; printed 6-month value $507,WOODWARD,SHELTER MUTUAL INSURANCE CO.,ok-2026-E-male,1014
ok-2026,OK,2026,https://www.oid.ok.gov/wp-content/uploads/2026/09/PPA-Rate-Comparisons-9-1-2026.pdf,PDF p.3 table 'WOODWARD' row 'SHELTER MUTUAL INSURANCE CO.' column 'E-Female'; printed 6-month value $485,WOODWARD,SHELTER MUTUAL INSURANCE CO.,ok-2026-E-female,970
ok-2026,OK,2026,https://www.oid.ok.gov/wp-content/uploads/2026/09/PPA-Rate-Comparisons-9-1-2026.pdf,"PDF p.3 table 'WOODWARD' row 'STANDARD FIRE INS. CO.' column 'A-Male'; printed 6-month value $3,338",WOODWARD,STANDARD FIRE INS. CO.,ok-2026-A-male,6676
ok-2026,OK,2026,https://www.oid.ok.gov/wp-content/uploads/2026/09/PPA-Rate-Comparisons-9-1-2026.pdf,"PDF p.3 table 'WOODWARD' row 'STANDARD FIRE INS. CO.' column 'A-Female'; printed 6-month value $2,662",WOODWARD,STANDARD FIRE INS. CO.,ok-2026-A-female,5324
ok-2026,OK,2026,https://www.oid.ok.gov/wp-content/uploads/2026/09/PPA-Rate-Comparisons-9-1-2026.pdf,"PDF p.3 table 'WOODWARD' row 'STANDARD FIRE INS. CO.' column 'B-Male'; printed 6-month value $1,595",WOODWARD,STANDARD FIRE INS. CO.,ok-2026-B-male,3190
ok-2026,OK,2026,https://www.oid.ok.gov/wp-content/uploads/2026/09/PPA-Rate-Comparisons-9-1-2026.pdf,"PDF p.3 table 'WOODWARD' row 'STANDARD FIRE INS. CO.' column 'B-Female'; printed 6-month value $1,359",WOODWARD,STANDARD FIRE INS. CO.,ok-2026-B-female,2718
ok-2026,OK,2026,https://www.oid.ok.gov/wp-content/uploads/2026/09/PPA-Rate-Comparisons-9-1-2026.pdf,"PDF p.3 table 'WOODWARD' row 'STANDARD FIRE INS. CO.' column 'C-Male'; printed 6-month value $1,066",WOODWARD,STANDARD FIRE INS. CO.,ok-2026-C-male,2132
ok-2026,OK,2026,https://www.oid.ok.gov/wp-content/uploads/2026/09/PPA-Rate-Comparisons-9-1-2026.pdf,"PDF p.3 table 'WOODWARD' row 'STANDARD FIRE INS. CO.' column 'C-Female'; printed 6-month value $1,011",WOODWARD,STANDARD FIRE INS. CO.,ok-2026-C-female,2022
ok-2026,OK,2026,https://www.oid.ok.gov/wp-content/uploads/2026/09/PPA-Rate-Comparisons-9-1-2026.pdf,PDF p.3 table 'WOODWARD' row 'STANDARD FIRE INS. CO.' column 'D-Male'; printed 6-month value $850,WOODWARD,STANDARD FIRE INS. CO.,ok-2026-D-male,1700
ok-2026,OK,2026,https://www.oid.ok.gov/wp-content/uploads/2026/09/PPA-Rate-Comparisons-9-1-2026.pdf,PDF p.3 table 'WOODWARD' row 'STANDARD FIRE INS. CO.' column 'D-Female'; printed 6-month value $802,WOODWARD,STANDARD FIRE INS. CO.,ok-2026-D-female,1604
ok-2026,OK,2026,https://www.oid.ok.gov/wp-content/uploads/2026/09/PPA-Rate-Comparisons-9-1-2026.pdf,PDF p.3 table 'WOODWARD' row 'STANDARD FIRE INS. CO.' column 'E-Male'; printed 6-month value $895,WOODWARD,STANDARD FIRE INS. CO.,ok-2026-E-male,1790
ok-2026,OK,2026,https://www.oid.ok.gov/wp-content/uploads/2026/09/PPA-Rate-Comparisons-9-1-2026.pdf,PDF p.3 table 'WOODWARD' row 'STANDARD FIRE INS. CO.' column 'E-Female'; printed 6-month value $802,WOODWARD,STANDARD FIRE INS. CO.,ok-2026-E-female,1604
ok-2026,OK,2026,https://www.oid.ok.gov/wp-content/uploads/2026/09/PPA-Rate-Comparisons-9-1-2026.pdf,"PDF p.3 table 'WOODWARD' row 'STATE FARM FIRE & CASUALTY CO.' column 'A-Male'; printed 6-month value $1,038",WOODWARD,STATE FARM FIRE & CASUALTY CO.,ok-2026-A-male,2076
ok-2026,OK,2026,https://www.oid.ok.gov/wp-content/uploads/2026/09/PPA-Rate-Comparisons-9-1-2026.pdf,"PDF p.3 table 'WOODWARD' row 'STATE FARM FIRE & CASUALTY CO.' column 'A-Female'; printed 6-month value $1,041",WOODWARD,STATE FARM FIRE & CASUALTY CO.,ok-2026-A-female,2082
ok-2026,OK,2026,https://www.oid.ok.gov/wp-content/uploads/2026/09/PPA-Rate-Comparisons-9-1-2026.pdf,"PDF p.3 table 'WOODWARD' row 'STATE FARM FIRE & CASUALTY CO.' column 'B-Male'; printed 6-month value $1,933",WOODWARD,STATE FARM FIRE & CASUALTY CO.,ok-2026-B-male,3866
ok-2026,OK,2026,https://www.oid.ok.gov/wp-content/uploads/2026/09/PPA-Rate-Comparisons-9-1-2026.pdf,"PDF p.3 table 'WOODWARD' row 'STATE FARM FIRE & CASUALTY CO.' column 'B-Female'; printed 6-month value $1,953",WOODWARD,STATE FARM FIRE & CASUALTY CO.,ok-2026-B-female,3906
ok-2026,OK,2026,https://www.oid.ok.gov/wp-content/uploads/2026/09/PPA-Rate-Comparisons-9-1-2026.pdf,"PDF p.3 table 'WOODWARD' row 'STATE FARM FIRE & CASUALTY CO.' column 'C-Male'; printed 6-month value $1,636",WOODWARD,STATE FARM FIRE & CASUALTY CO.,ok-2026-C-male,3272
ok-2026,OK,2026,https://www.oid.ok.gov/wp-content/uploads/2026/09/PPA-Rate-Comparisons-9-1-2026.pdf,"PDF p.3 table 'WOODWARD' row 'STATE FARM FIRE & CASUALTY CO.' column 'C-Female'; printed 6-month value $1,653",WOODWARD,STATE FARM FIRE & CASUALTY CO.,ok-2026-C-female,3306
ok-2026,OK,2026,https://www.oid.ok.gov/wp-content/uploads/2026/09/PPA-Rate-Comparisons-9-1-2026.pdf,"PDF p.3 table 'WOODWARD' row 'STATE FARM FIRE & CASUALTY CO.' column 'D-Male'; printed 6-month value $1,546",WOODWARD,STATE FARM FIRE & CASUALTY CO.,ok-2026-D-male,3092
ok-2026,OK,2026,https://www.oid.ok.gov/wp-content/uploads/2026/09/PPA-Rate-Comparisons-9-1-2026.pdf,"PDF p.3 table 'WOODWARD' row 'STATE FARM FIRE & CASUALTY CO.' column 'D-Female'; printed 6-month value $1,547",WOODWARD,STATE FARM FIRE & CASUALTY CO.,ok-2026-D-female,3094
ok-2026,OK,2026,https://www.oid.ok.gov/wp-content/uploads/2026/09/PPA-Rate-Comparisons-9-1-2026.pdf,PDF p.3 table 'WOODWARD' row 'STATE FARM FIRE & CASUALTY CO.' column 'E-Male'; printed 6-month value $712,WOODWARD,STATE FARM FIRE & CASUALTY CO.,ok-2026-E-male,1424
ok-2026,OK,2026,https://www.oid.ok.gov/wp-content/uploads/2026/09/PPA-Rate-Comparisons-9-1-2026.pdf,PDF p.3 table 'WOODWARD' row 'STATE FARM FIRE & CASUALTY CO.' column 'E-Female'; printed 6-month value $749,WOODWARD,STATE FARM FIRE & CASUALTY CO.,ok-2026-E-female,1498
ok-2026,OK,2026,https://www.oid.ok.gov/wp-content/uploads/2026/09/PPA-Rate-Comparisons-9-1-2026.pdf,PDF p.3 table 'WOODWARD' row 'STATE FARM MUTUAL AUTOMOBILE INS. CO.' column 'A-Male'; printed 6-month value $762,WOODWARD,STATE FARM MUTUAL AUTOMOBILE INS. CO.,ok-2026-A-male,1524
ok-2026,OK,2026,https://www.oid.ok.gov/wp-content/uploads/2026/09/PPA-Rate-Comparisons-9-1-2026.pdf,PDF p.3 table 'WOODWARD' row 'STATE FARM MUTUAL AUTOMOBILE INS. CO.' column 'A-Female'; printed 6-month value $764,WOODWARD,STATE FARM MUTUAL AUTOMOBILE INS. CO.,ok-2026-A-female,1528
ok-2026,OK,2026,https://www.oid.ok.gov/wp-content/uploads/2026/09/PPA-Rate-Comparisons-9-1-2026.pdf,"PDF p.3 table 'WOODWARD' row 'STATE FARM MUTUAL AUTOMOBILE INS. CO.' column 'B-Male'; printed 6-month value $1,419",WOODWARD,STATE FARM MUTUAL AUTOMOBILE INS. CO.,ok-2026-B-male,2838
ok-2026,OK,2026,https://www.oid.ok.gov/wp-content/uploads/2026/09/PPA-Rate-Comparisons-9-1-2026.pdf,"PDF p.3 table 'WOODWARD' row 'STATE FARM MUTUAL AUTOMOBILE INS. CO.' column 'B-Female'; printed 6-month value $1,434",WOODWARD,STATE FARM MUTUAL AUTOMOBILE INS. CO.,ok-2026-B-female,2868
ok-2026,OK,2026,https://www.oid.ok.gov/wp-content/uploads/2026/09/PPA-Rate-Comparisons-9-1-2026.pdf,"PDF p.3 table 'WOODWARD' row 'STATE FARM MUTUAL AUTOMOBILE INS. CO.' column 'C-Male'; printed 6-month value $1,202",WOODWARD,STATE FARM MUTUAL AUTOMOBILE INS. CO.,ok-2026-C-male,2404
ok-2026,OK,2026,https://www.oid.ok.gov/wp-content/uploads/2026/09/PPA-Rate-Comparisons-9-1-2026.pdf,"PDF p.3 table 'WOODWARD' row 'STATE FARM MUTUAL AUTOMOBILE INS. CO.' column 'C-Female'; printed 6-month value $1,214",WOODWARD,STATE FARM MUTUAL AUTOMOBILE INS. CO.,ok-2026-C-female,2428
ok-2026,OK,2026,https://www.oid.ok.gov/wp-content/uploads/2026/09/PPA-Rate-Comparisons-9-1-2026.pdf,"PDF p.3 table 'WOODWARD' row 'STATE FARM MUTUAL AUTOMOBILE INS. CO.' column 'D-Male'; printed 6-month value $1,136",WOODWARD,STATE FARM MUTUAL AUTOMOBILE INS. CO.,ok-2026-D-male,2272
ok-2026,OK,2026,https://www.oid.ok.gov/wp-content/uploads/2026/09/PPA-Rate-Comparisons-9-1-2026.pdf,"PDF p.3 table 'WOODWARD' row 'STATE FARM MUTUAL AUTOMOBILE INS. CO.' column 'D-Female'; printed 6-month value $1,136",WOODWARD,STATE FARM MUTUAL AUTOMOBILE INS. CO.,ok-2026-D-female,2272
ok-2026,OK,2026,https://www.oid.ok.gov/wp-content/uploads/2026/09/PPA-Rate-Comparisons-9-1-2026.pdf,PDF p.3 table 'WOODWARD' row 'STATE FARM MUTUAL AUTOMOBILE INS. CO.' column 'E-Male'; printed 6-month value $523,WOODWARD,STATE FARM MUTUAL AUTOMOBILE INS. CO.,ok-2026-E-male,1046
ok-2026,OK,2026,https://www.oid.ok.gov/wp-content/uploads/2026/09/PPA-Rate-Comparisons-9-1-2026.pdf,PDF p.3 table 'WOODWARD' row 'STATE FARM MUTUAL AUTOMOBILE INS. CO.' column 'E-Female'; printed 6-month value $550,WOODWARD,STATE FARM MUTUAL AUTOMOBILE INS. CO.,ok-2026-E-female,1100
ok-2026,OK,2026,https://www.oid.ok.gov/wp-content/uploads/2026/09/PPA-Rate-Comparisons-9-1-2026.pdf,"PDF p.3 table 'WOODWARD' row 'TRADERS INSURANCE COMPANY' column 'A-Male'; printed 6-month value $3,846",WOODWARD,TRADERS INSURANCE COMPANY,ok-2026-A-male,7692
ok-2026,OK,2026,https://www.oid.ok.gov/wp-content/uploads/2026/09/PPA-Rate-Comparisons-9-1-2026.pdf,"PDF p.3 table 'WOODWARD' row 'TRADERS INSURANCE COMPANY' column 'A-Female'; printed 6-month value $2,948",WOODWARD,TRADERS INSURANCE COMPANY,ok-2026-A-female,5896
ok-2026,OK,2026,https://www.oid.ok.gov/wp-content/uploads/2026/09/PPA-Rate-Comparisons-9-1-2026.pdf,"PDF p.3 table 'WOODWARD' row 'TRADERS INSURANCE COMPANY' column 'B-Male'; printed 6-month value $2,967",WOODWARD,TRADERS INSURANCE COMPANY,ok-2026-B-male,5934
ok-2026,OK,2026,https://www.oid.ok.gov/wp-content/uploads/2026/09/PPA-Rate-Comparisons-9-1-2026.pdf,"PDF p.3 table 'WOODWARD' row 'TRADERS INSURANCE COMPANY' column 'B-Female'; printed 6-month value $2,167",WOODWARD,TRADERS INSURANCE COMPANY,ok-2026-B-female,4334
ok-2026,OK,2026,https://www.oid.ok.gov/wp-content/uploads/2026/09/PPA-Rate-Comparisons-9-1-2026.pdf,PDF p.3 table 'WOODWARD' row 'TRADERS INSURANCE COMPANY' column 'C-Male'; printed 6-month value $962,WOODWARD,TRADERS INSURANCE COMPANY,ok-2026-C-male,1924
ok-2026,OK,2026,https://www.oid.ok.gov/wp-content/uploads/2026/09/PPA-Rate-Comparisons-9-1-2026.pdf,PDF p.3 table 'WOODWARD' row 'TRADERS INSURANCE COMPANY' column 'C-Female'; printed 6-month value $940,WOODWARD,TRADERS INSURANCE COMPANY,ok-2026-C-female,1880
ok-2026,OK,2026,https://www.oid.ok.gov/wp-content/uploads/2026/09/PPA-Rate-Comparisons-9-1-2026.pdf,PDF p.3 table 'WOODWARD' row 'TRADERS INSURANCE COMPANY' column 'D-Male'; printed 6-month value $937,WOODWARD,TRADERS INSURANCE COMPANY,ok-2026-D-male,1874
ok-2026,OK,2026,https://www.oid.ok.gov/wp-content/uploads/2026/09/PPA-Rate-Comparisons-9-1-2026.pdf,PDF p.3 table 'WOODWARD' row 'TRADERS INSURANCE COMPANY' column 'D-Female'; printed 6-month value $875,WOODWARD,TRADERS INSURANCE COMPANY,ok-2026-D-female,1750
ok-2026,OK,2026,https://www.oid.ok.gov/wp-content/uploads/2026/09/PPA-Rate-Comparisons-9-1-2026.pdf,"PDF p.3 table 'WOODWARD' row 'TRADERS INSURANCE COMPANY' column 'E-Male'; printed 6-month value $1,028",WOODWARD,TRADERS INSURANCE COMPANY,ok-2026-E-male,2056
ok-2026,OK,2026,https://www.oid.ok.gov/wp-content/uploads/2026/09/PPA-Rate-Comparisons-9-1-2026.pdf,"PDF p.3 table 'WOODWARD' row 'TRADERS INSURANCE COMPANY' column 'E-Female'; printed 6-month value $1,001",WOODWARD,TRADERS INSURANCE COMPANY,ok-2026-E-female,2002
ok-2026,OK,2026,https://www.oid.ok.gov/wp-content/uploads/2026/09/PPA-Rate-Comparisons-9-1-2026.pdf,"PDF p.3 table 'WOODWARD' row 'UNITED SERVICES AUTOMOBILE ASSN. (*USAA)' column 'A-Male'; printed 6-month value $2,828",WOODWARD,UNITED SERVICES AUTOMOBILE ASSN. (*USAA),ok-2026-A-male,5656
ok-2026,OK,2026,https://www.oid.ok.gov/wp-content/uploads/2026/09/PPA-Rate-Comparisons-9-1-2026.pdf,"PDF p.3 table 'WOODWARD' row 'UNITED SERVICES AUTOMOBILE ASSN. (*USAA)' column 'A-Female'; printed 6-month value $2,680",WOODWARD,UNITED SERVICES AUTOMOBILE ASSN. (*USAA),ok-2026-A-female,5360
ok-2026,OK,2026,https://www.oid.ok.gov/wp-content/uploads/2026/09/PPA-Rate-Comparisons-9-1-2026.pdf,"PDF p.3 table 'WOODWARD' row 'UNITED SERVICES AUTOMOBILE ASSN. (*USAA)' column 'B-Male'; printed 6-month value $1,110",WOODWARD,UNITED SERVICES AUTOMOBILE ASSN. (*USAA),ok-2026-B-male,2220
ok-2026,OK,2026,https://www.oid.ok.gov/wp-content/uploads/2026/09/PPA-Rate-Comparisons-9-1-2026.pdf,"PDF p.3 table 'WOODWARD' row 'UNITED SERVICES AUTOMOBILE ASSN. (*USAA)' column 'B-Female'; printed 6-month value $1,035",WOODWARD,UNITED SERVICES AUTOMOBILE ASSN. (*USAA),ok-2026-B-female,2070
ok-2026,OK,2026,https://www.oid.ok.gov/wp-content/uploads/2026/09/PPA-Rate-Comparisons-9-1-2026.pdf,PDF p.3 table 'WOODWARD' row 'UNITED SERVICES AUTOMOBILE ASSN. (*USAA)' column 'C-Male'; printed 6-month value $638,WOODWARD,UNITED SERVICES AUTOMOBILE ASSN. (*USAA),ok-2026-C-male,1276
ok-2026,OK,2026,https://www.oid.ok.gov/wp-content/uploads/2026/09/PPA-Rate-Comparisons-9-1-2026.pdf,PDF p.3 table 'WOODWARD' row 'UNITED SERVICES AUTOMOBILE ASSN. (*USAA)' column 'C-Female'; printed 6-month value $627,WOODWARD,UNITED SERVICES AUTOMOBILE ASSN. (*USAA),ok-2026-C-female,1254
ok-2026,OK,2026,https://www.oid.ok.gov/wp-content/uploads/2026/09/PPA-Rate-Comparisons-9-1-2026.pdf,PDF p.3 table 'WOODWARD' row 'UNITED SERVICES AUTOMOBILE ASSN. (*USAA)' column 'D-Male'; printed 6-month value $583,WOODWARD,UNITED SERVICES AUTOMOBILE ASSN. (*USAA),ok-2026-D-male,1166
ok-2026,OK,2026,https://www.oid.ok.gov/wp-content/uploads/2026/09/PPA-Rate-Comparisons-9-1-2026.pdf,PDF p.3 table 'WOODWARD' row 'UNITED SERVICES AUTOMOBILE ASSN. (*USAA)' column 'D-Female'; printed 6-month value $574,WOODWARD,UNITED SERVICES AUTOMOBILE ASSN. (*USAA),ok-2026-D-female,1148
ok-2026,OK,2026,https://www.oid.ok.gov/wp-content/uploads/2026/09/PPA-Rate-Comparisons-9-1-2026.pdf,PDF p.3 table 'WOODWARD' row 'UNITED SERVICES AUTOMOBILE ASSN. (*USAA)' column 'E-Male'; printed 6-month value $576,WOODWARD,UNITED SERVICES AUTOMOBILE ASSN. (*USAA),ok-2026-E-male,1152
ok-2026,OK,2026,https://www.oid.ok.gov/wp-content/uploads/2026/09/PPA-Rate-Comparisons-9-1-2026.pdf,PDF p.3 table 'WOODWARD' row 'UNITED SERVICES AUTOMOBILE ASSN. (*USAA)' column 'E-Female'; printed 6-month value $579,WOODWARD,UNITED SERVICES AUTOMOBILE ASSN. (*USAA),ok-2026-E-female,1158
ok-2026,OK,2026,https://www.oid.ok.gov/wp-content/uploads/2026/09/PPA-Rate-Comparisons-9-1-2026.pdf,"PDF p.3 table 'WOODWARD' row 'USAA CASUALTY INS. CO.' column 'A-Male'; printed 6-month value $2,995",WOODWARD,USAA CASUALTY INS. CO.,ok-2026-A-male,5990
ok-2026,OK,2026,https://www.oid.ok.gov/wp-content/uploads/2026/09/PPA-Rate-Comparisons-9-1-2026.pdf,"PDF p.3 table 'WOODWARD' row 'USAA CASUALTY INS. CO.' column 'A-Female'; printed 6-month value $2,879",WOODWARD,USAA CASUALTY INS. CO.,ok-2026-A-female,5758
ok-2026,OK,2026,https://www.oid.ok.gov/wp-content/uploads/2026/09/PPA-Rate-Comparisons-9-1-2026.pdf,"PDF p.3 table 'WOODWARD' row 'USAA CASUALTY INS. CO.' column 'B-Male'; printed 6-month value $1,166",WOODWARD,USAA CASUALTY INS. CO.,ok-2026-B-male,2332
ok-2026,OK,2026,https://www.oid.ok.gov/wp-content/uploads/2026/09/PPA-Rate-Comparisons-9-1-2026.pdf,"PDF p.3 table 'WOODWARD' row 'USAA CASUALTY INS. CO.' column 'B-Female'; printed 6-month value $1,114",WOODWARD,USAA CASUALTY INS. CO.,ok-2026-B-female,2228
ok-2026,OK,2026,https://www.oid.ok.gov/wp-content/uploads/2026/09/PPA-Rate-Comparisons-9-1-2026.pdf,PDF p.3 table 'WOODWARD' row 'USAA CASUALTY INS. CO.' column 'C-Male'; printed 6-month value $683,WOODWARD,USAA CASUALTY INS. CO.,ok-2026-C-male,1366
ok-2026,OK,2026,https://www.oid.ok.gov/wp-content/uploads/2026/09/PPA-Rate-Comparisons-9-1-2026.pdf,PDF p.3 table 'WOODWARD' row 'USAA CASUALTY INS. CO.' column 'C-Female'; printed 6-month value $664,WOODWARD,USAA CASUALTY INS. CO.,ok-2026-C-female,1328
ok-2026,OK,2026,https://www.oid.ok.gov/wp-content/uploads/2026/09/PPA-Rate-Comparisons-9-1-2026.pdf,PDF p.3 table 'WOODWARD' row 'USAA CASUALTY INS. CO.' column 'D-Male'; printed 6-month value $586,WOODWARD,USAA CASUALTY INS. CO.,ok-2026-D-male,1172
ok-2026,OK,2026,https://www.oid.ok.gov/wp-content/uploads/2026/09/PPA-Rate-Comparisons-9-1-2026.pdf,PDF p.3 table 'WOODWARD' row 'USAA CASUALTY INS. CO.' column 'D-Female'; printed 6-month value $582,WOODWARD,USAA CASUALTY INS. CO.,ok-2026-D-female,1164
ok-2026,OK,2026,https://www.oid.ok.gov/wp-content/uploads/2026/09/PPA-Rate-Comparisons-9-1-2026.pdf,PDF p.3 table 'WOODWARD' row 'USAA CASUALTY INS. CO.' column 'E-Male'; printed 6-month value $586,WOODWARD,USAA CASUALTY INS. CO.,ok-2026-E-male,1172
ok-2026,OK,2026,https://www.oid.ok.gov/wp-content/uploads/2026/09/PPA-Rate-Comparisons-9-1-2026.pdf,PDF p.3 table 'WOODWARD' row 'USAA CASUALTY INS. CO.' column 'E-Female'; printed 6-month value $587,WOODWARD,USAA CASUALTY INS. CO.,ok-2026-E-female,1174
ok-2026,OK,2026,https://www.oid.ok.gov/wp-content/uploads/2026/09/PPA-Rate-Comparisons-9-1-2026.pdf,"PDF p.3 table 'WOODWARD' row 'USAA GENERAL INDEMNITY CO.' column 'A-Male'; printed 6-month value $3,937",WOODWARD,USAA GENERAL INDEMNITY CO.,ok-2026-A-male,7874
ok-2026,OK,2026,https://www.oid.ok.gov/wp-content/uploads/2026/09/PPA-Rate-Comparisons-9-1-2026.pdf,"PDF p.3 table 'WOODWARD' row 'USAA GENERAL INDEMNITY CO.' column 'A-Female'; printed 6-month value $3,763",WOODWARD,USAA GENERAL INDEMNITY CO.,ok-2026-A-female,7526
ok-2026,OK,2026,https://www.oid.ok.gov/wp-content/uploads/2026/09/PPA-Rate-Comparisons-9-1-2026.pdf,"PDF p.3 table 'WOODWARD' row 'USAA GENERAL INDEMNITY CO.' column 'B-Male'; printed 6-month value $1,477",WOODWARD,USAA GENERAL INDEMNITY CO.,ok-2026-B-male,2954
ok-2026,OK,2026,https://www.oid.ok.gov/wp-content/uploads/2026/09/PPA-Rate-Comparisons-9-1-2026.pdf,"PDF p.3 table 'WOODWARD' row 'USAA GENERAL INDEMNITY CO.' column 'B-Female'; printed 6-month value $1,407",WOODWARD,USAA GENERAL INDEMNITY CO.,ok-2026-B-female,2814
ok-2026,OK,2026,https://www.oid.ok.gov/wp-content/uploads/2026/09/PPA-Rate-Comparisons-9-1-2026.pdf,PDF p.3 table 'WOODWARD' row 'USAA GENERAL INDEMNITY CO.' column 'C-Male'; printed 6-month value $855,WOODWARD,USAA GENERAL INDEMNITY CO.,ok-2026-C-male,1710
ok-2026,OK,2026,https://www.oid.ok.gov/wp-content/uploads/2026/09/PPA-Rate-Comparisons-9-1-2026.pdf,PDF p.3 table 'WOODWARD' row 'USAA GENERAL INDEMNITY CO.' column 'C-Female'; printed 6-month value $829,WOODWARD,USAA GENERAL INDEMNITY CO.,ok-2026-C-female,1658
ok-2026,OK,2026,https://www.oid.ok.gov/wp-content/uploads/2026/09/PPA-Rate-Comparisons-9-1-2026.pdf,PDF p.3 table 'WOODWARD' row 'USAA GENERAL INDEMNITY CO.' column 'D-Male'; printed 6-month value $759,WOODWARD,USAA GENERAL INDEMNITY CO.,ok-2026-D-male,1518
ok-2026,OK,2026,https://www.oid.ok.gov/wp-content/uploads/2026/09/PPA-Rate-Comparisons-9-1-2026.pdf,PDF p.3 table 'WOODWARD' row 'USAA GENERAL INDEMNITY CO.' column 'D-Female'; printed 6-month value $751,WOODWARD,USAA GENERAL INDEMNITY CO.,ok-2026-D-female,1502
ok-2026,OK,2026,https://www.oid.ok.gov/wp-content/uploads/2026/09/PPA-Rate-Comparisons-9-1-2026.pdf,PDF p.3 table 'WOODWARD' row 'USAA GENERAL INDEMNITY CO.' column 'E-Male'; printed 6-month value $751,WOODWARD,USAA GENERAL INDEMNITY CO.,ok-2026-E-male,1502
ok-2026,OK,2026,https://www.oid.ok.gov/wp-content/uploads/2026/09/PPA-Rate-Comparisons-9-1-2026.pdf,PDF p.3 table 'WOODWARD' row 'USAA GENERAL INDEMNITY CO.' column 'E-Female'; printed 6-month value $750,WOODWARD,USAA GENERAL INDEMNITY CO.,ok-2026-E-female,1500
ok-2026,OK,2026,https://www.oid.ok.gov/wp-content/uploads/2026/09/PPA-Rate-Comparisons-9-1-2026.pdf,"PDF p.3 table 'McALESTER' row 'ALLSTATE FIRE & CASUALTY INS. CO.' column 'A-Male'; printed 6-month value $5,125",McALESTER,ALLSTATE FIRE & CASUALTY INS. CO.,ok-2026-A-male,10250
ok-2026,OK,2026,https://www.oid.ok.gov/wp-content/uploads/2026/09/PPA-Rate-Comparisons-9-1-2026.pdf,"PDF p.3 table 'McALESTER' row 'ALLSTATE FIRE & CASUALTY INS. CO.' column 'A-Female'; printed 6-month value $4,649",McALESTER,ALLSTATE FIRE & CASUALTY INS. CO.,ok-2026-A-female,9298
ok-2026,OK,2026,https://www.oid.ok.gov/wp-content/uploads/2026/09/PPA-Rate-Comparisons-9-1-2026.pdf,"PDF p.3 table 'McALESTER' row 'ALLSTATE FIRE & CASUALTY INS. CO.' column 'B-Male'; printed 6-month value $1,658",McALESTER,ALLSTATE FIRE & CASUALTY INS. CO.,ok-2026-B-male,3316
ok-2026,OK,2026,https://www.oid.ok.gov/wp-content/uploads/2026/09/PPA-Rate-Comparisons-9-1-2026.pdf,"PDF p.3 table 'McALESTER' row 'ALLSTATE FIRE & CASUALTY INS. CO.' column 'B-Female'; printed 6-month value $1,346",McALESTER,ALLSTATE FIRE & CASUALTY INS. CO.,ok-2026-B-female,2692
ok-2026,OK,2026,https://www.oid.ok.gov/wp-content/uploads/2026/09/PPA-Rate-Comparisons-9-1-2026.pdf,PDF p.3 table 'McALESTER' row 'ALLSTATE FIRE & CASUALTY INS. CO.' column 'C-Male'; printed 6-month value $883,McALESTER,ALLSTATE FIRE & CASUALTY INS. CO.,ok-2026-C-male,1766
ok-2026,OK,2026,https://www.oid.ok.gov/wp-content/uploads/2026/09/PPA-Rate-Comparisons-9-1-2026.pdf,PDF p.3 table 'McALESTER' row 'ALLSTATE FIRE & CASUALTY INS. CO.' column 'C-Female'; printed 6-month value $879,McALESTER,ALLSTATE FIRE & CASUALTY INS. CO.,ok-2026-C-female,1758
ok-2026,OK,2026,https://www.oid.ok.gov/wp-content/uploads/2026/09/PPA-Rate-Comparisons-9-1-2026.pdf,PDF p.3 table 'McALESTER' row 'ALLSTATE FIRE & CASUALTY INS. CO.' column 'D-Male'; printed 6-month value $861,McALESTER,ALLSTATE FIRE & CASUALTY INS. CO.,ok-2026-D-male,1722
ok-2026,OK,2026,https://www.oid.ok.gov/wp-content/uploads/2026/09/PPA-Rate-Comparisons-9-1-2026.pdf,PDF p.3 table 'McALESTER' row 'ALLSTATE FIRE & CASUALTY INS. CO.' column 'D-Female'; printed 6-month value $816,McALESTER,ALLSTATE FIRE & CASUALTY INS. CO.,ok-2026-D-female,1632
ok-2026,OK,2026,https://www.oid.ok.gov/wp-content/uploads/2026/09/PPA-Rate-Comparisons-9-1-2026.pdf,PDF p.3 table 'McALESTER' row 'ALLSTATE FIRE & CASUALTY INS. CO.' column 'E-Male'; printed 6-month value $901,McALESTER,ALLSTATE FIRE & CASUALTY INS. CO.,ok-2026-E-male,1802
ok-2026,OK,2026,https://www.oid.ok.gov/wp-content/uploads/2026/09/PPA-Rate-Comparisons-9-1-2026.pdf,PDF p.3 table 'McALESTER' row 'ALLSTATE FIRE & CASUALTY INS. CO.' column 'E-Female'; printed 6-month value $854,McALESTER,ALLSTATE FIRE & CASUALTY INS. CO.,ok-2026-E-female,1708
ok-2026,OK,2026,https://www.oid.ok.gov/wp-content/uploads/2026/09/PPA-Rate-Comparisons-9-1-2026.pdf,"PDF p.3 table 'McALESTER' row 'AMERICAN FARMERS & RANCHERS MUTUAL INS. CO.' column 'A-Male'; printed 6-month value $2,872",McALESTER,AMERICAN FARMERS & RANCHERS MUTUAL INS. CO.,ok-2026-A-male,5744
ok-2026,OK,2026,https://www.oid.ok.gov/wp-content/uploads/2026/09/PPA-Rate-Comparisons-9-1-2026.pdf,"PDF p.3 table 'McALESTER' row 'AMERICAN FARMERS & RANCHERS MUTUAL INS. CO.' column 'A-Female'; printed 6-month value $2,759",McALESTER,AMERICAN FARMERS & RANCHERS MUTUAL INS. CO.,ok-2026-A-female,5518
ok-2026,OK,2026,https://www.oid.ok.gov/wp-content/uploads/2026/09/PPA-Rate-Comparisons-9-1-2026.pdf,"PDF p.3 table 'McALESTER' row 'AMERICAN FARMERS & RANCHERS MUTUAL INS. CO.' column 'B-Male'; printed 6-month value $2,034",McALESTER,AMERICAN FARMERS & RANCHERS MUTUAL INS. CO.,ok-2026-B-male,4068
ok-2026,OK,2026,https://www.oid.ok.gov/wp-content/uploads/2026/09/PPA-Rate-Comparisons-9-1-2026.pdf,"PDF p.3 table 'McALESTER' row 'AMERICAN FARMERS & RANCHERS MUTUAL INS. CO.' column 'B-Female'; printed 6-month value $1,961",McALESTER,AMERICAN FARMERS & RANCHERS MUTUAL INS. CO.,ok-2026-B-female,3922
ok-2026,OK,2026,https://www.oid.ok.gov/wp-content/uploads/2026/09/PPA-Rate-Comparisons-9-1-2026.pdf,"PDF p.3 table 'McALESTER' row 'AMERICAN FARMERS & RANCHERS MUTUAL INS. CO.' column 'C-Male'; printed 6-month value $1,391",McALESTER,AMERICAN FARMERS & RANCHERS MUTUAL INS. CO.,ok-2026-C-male,2782
ok-2026,OK,2026,https://www.oid.ok.gov/wp-content/uploads/2026/09/PPA-Rate-Comparisons-9-1-2026.pdf,"PDF p.3 table 'McALESTER' row 'AMERICAN FARMERS & RANCHERS MUTUAL INS. CO.' column 'C-Female'; printed 6-month value $1,349",McALESTER,AMERICAN FARMERS & RANCHERS MUTUAL INS. CO.,ok-2026-C-female,2698
ok-2026,OK,2026,https://www.oid.ok.gov/wp-content/uploads/2026/09/PPA-Rate-Comparisons-9-1-2026.pdf,"PDF p.3 table 'McALESTER' row 'AMERICAN FARMERS & RANCHERS MUTUAL INS. CO.' column 'D-Male'; printed 6-month value $1,370",McALESTER,AMERICAN FARMERS & RANCHERS MUTUAL INS. CO.,ok-2026-D-male,2740
ok-2026,OK,2026,https://www.oid.ok.gov/wp-content/uploads/2026/09/PPA-Rate-Comparisons-9-1-2026.pdf,"PDF p.3 table 'McALESTER' row 'AMERICAN FARMERS & RANCHERS MUTUAL INS. CO.' column 'D-Female'; printed 6-month value $1,329",McALESTER,AMERICAN FARMERS & RANCHERS MUTUAL INS. CO.,ok-2026-D-female,2658
ok-2026,OK,2026,https://www.oid.ok.gov/wp-content/uploads/2026/09/PPA-Rate-Comparisons-9-1-2026.pdf,"PDF p.3 table 'McALESTER' row 'AMERICAN FARMERS & RANCHERS MUTUAL INS. CO.' column 'E-Male'; printed 6-month value $1,349",McALESTER,AMERICAN FARMERS & RANCHERS MUTUAL INS. CO.,ok-2026-E-male,2698
ok-2026,OK,2026,https://www.oid.ok.gov/wp-content/uploads/2026/09/PPA-Rate-Comparisons-9-1-2026.pdf,"PDF p.3 table 'McALESTER' row 'AMERICAN FARMERS & RANCHERS MUTUAL INS. CO.' column 'E-Female'; printed 6-month value $1,309",McALESTER,AMERICAN FARMERS & RANCHERS MUTUAL INS. CO.,ok-2026-E-female,2618
ok-2026,OK,2026,https://www.oid.ok.gov/wp-content/uploads/2026/09/PPA-Rate-Comparisons-9-1-2026.pdf,"PDF p.3 table 'McALESTER' row 'AMERICAN MERCURY INS. CO.' column 'A-Male'; printed 6-month value $3,667",McALESTER,AMERICAN MERCURY INS. CO.,ok-2026-A-male,7334
ok-2026,OK,2026,https://www.oid.ok.gov/wp-content/uploads/2026/09/PPA-Rate-Comparisons-9-1-2026.pdf,"PDF p.3 table 'McALESTER' row 'AMERICAN MERCURY INS. CO.' column 'A-Female'; printed 6-month value $3,193",McALESTER,AMERICAN MERCURY INS. CO.,ok-2026-A-female,6386
ok-2026,OK,2026,https://www.oid.ok.gov/wp-content/uploads/2026/09/PPA-Rate-Comparisons-9-1-2026.pdf,"PDF p.3 table 'McALESTER' row 'AMERICAN MERCURY INS. CO.' column 'B-Male'; printed 6-month value $2,396",McALESTER,AMERICAN MERCURY INS. CO.,ok-2026-B-male,4792
ok-2026,OK,2026,https://www.oid.ok.gov/wp-content/uploads/2026/09/PPA-Rate-Comparisons-9-1-2026.pdf,"PDF p.3 table 'McALESTER' row 'AMERICAN MERCURY INS. CO.' column 'B-Female'; printed 6-month value $1,862",McALESTER,AMERICAN MERCURY INS. CO.,ok-2026-B-female,3724
ok-2026,OK,2026,https://www.oid.ok.gov/wp-content/uploads/2026/09/PPA-Rate-Comparisons-9-1-2026.pdf,"PDF p.3 table 'McALESTER' row 'AMERICAN MERCURY INS. CO.' column 'C-Male'; printed 6-month value $1,023",McALESTER,AMERICAN MERCURY INS. CO.,ok-2026-C-male,2046
ok-2026,OK,2026,https://www.oid.ok.gov/wp-content/uploads/2026/09/PPA-Rate-Comparisons-9-1-2026.pdf,"PDF p.3 table 'McALESTER' row 'AMERICAN MERCURY INS. CO.' column 'C-Female'; printed 6-month value $1,028",McALESTER,AMERICAN MERCURY INS. CO.,ok-2026-C-female,2056
ok-2026,OK,2026,https://www.oid.ok.gov/wp-content/uploads/2026/09/PPA-Rate-Comparisons-9-1-2026.pdf,PDF p.3 table 'McALESTER' row 'AMERICAN MERCURY INS. CO.' column 'D-Male'; printed 6-month value $803,McALESTER,AMERICAN MERCURY INS. CO.,ok-2026-D-male,1606
ok-2026,OK,2026,https://www.oid.ok.gov/wp-content/uploads/2026/09/PPA-Rate-Comparisons-9-1-2026.pdf,PDF p.3 table 'McALESTER' row 'AMERICAN MERCURY INS. CO.' column 'D-Female'; printed 6-month value $828,McALESTER,AMERICAN MERCURY INS. CO.,ok-2026-D-female,1656
ok-2026,OK,2026,https://www.oid.ok.gov/wp-content/uploads/2026/09/PPA-Rate-Comparisons-9-1-2026.pdf,PDF p.3 table 'McALESTER' row 'AMERICAN MERCURY INS. CO.' column 'E-Male'; printed 6-month value $869,McALESTER,AMERICAN MERCURY INS. CO.,ok-2026-E-male,1738
ok-2026,OK,2026,https://www.oid.ok.gov/wp-content/uploads/2026/09/PPA-Rate-Comparisons-9-1-2026.pdf,PDF p.3 table 'McALESTER' row 'AMERICAN MERCURY INS. CO.' column 'E-Female'; printed 6-month value $900,McALESTER,AMERICAN MERCURY INS. CO.,ok-2026-E-female,1800
ok-2026,OK,2026,https://www.oid.ok.gov/wp-content/uploads/2026/09/PPA-Rate-Comparisons-9-1-2026.pdf,"PDF p.3 table 'McALESTER' row 'CSAA GENERAL INS. CO.' column 'A-Male'; printed 6-month value $4,727",McALESTER,CSAA GENERAL INS. CO.,ok-2026-A-male,9454
ok-2026,OK,2026,https://www.oid.ok.gov/wp-content/uploads/2026/09/PPA-Rate-Comparisons-9-1-2026.pdf,"PDF p.3 table 'McALESTER' row 'CSAA GENERAL INS. CO.' column 'A-Female'; printed 6-month value $4,831",McALESTER,CSAA GENERAL INS. CO.,ok-2026-A-female,9662
ok-2026,OK,2026,https://www.oid.ok.gov/wp-content/uploads/2026/09/PPA-Rate-Comparisons-9-1-2026.pdf,"PDF p.3 table 'McALESTER' row 'CSAA GENERAL INS. CO.' column 'B-Male'; printed 6-month value $1,513",McALESTER,CSAA GENERAL INS. CO.,ok-2026-B-male,3026
ok-2026,OK,2026,https://www.oid.ok.gov/wp-content/uploads/2026/09/PPA-Rate-Comparisons-9-1-2026.pdf,"PDF p.3 table 'McALESTER' row 'CSAA GENERAL INS. CO.' column 'B-Female'; printed 6-month value $1,515",McALESTER,CSAA GENERAL INS. CO.,ok-2026-B-female,3030
ok-2026,OK,2026,https://www.oid.ok.gov/wp-content/uploads/2026/09/PPA-Rate-Comparisons-9-1-2026.pdf,"PDF p.3 table 'McALESTER' row 'CSAA GENERAL INS. CO.' column 'C-Male'; printed 6-month value $1,023",McALESTER,CSAA GENERAL INS. CO.,ok-2026-C-male,2046
ok-2026,OK,2026,https://www.oid.ok.gov/wp-content/uploads/2026/09/PPA-Rate-Comparisons-9-1-2026.pdf,PDF p.3 table 'McALESTER' row 'CSAA GENERAL INS. CO.' column 'C-Female'; printed 6-month value $944,McALESTER,CSAA GENERAL INS. CO.,ok-2026-C-female,1888
ok-2026,OK,2026,https://www.oid.ok.gov/wp-content/uploads/2026/09/PPA-Rate-Comparisons-9-1-2026.pdf,PDF p.3 table 'McALESTER' row 'CSAA GENERAL INS. CO.' column 'D-Male'; printed 6-month value $909,McALESTER,CSAA GENERAL INS. CO.,ok-2026-D-male,1818
ok-2026,OK,2026,https://www.oid.ok.gov/wp-content/uploads/2026/09/PPA-Rate-Comparisons-9-1-2026.pdf,PDF p.3 table 'McALESTER' row 'CSAA GENERAL INS. CO.' column 'D-Female'; printed 6-month value $807,McALESTER,CSAA GENERAL INS. CO.,ok-2026-D-female,1614
ok-2026,OK,2026,https://www.oid.ok.gov/wp-content/uploads/2026/09/PPA-Rate-Comparisons-9-1-2026.pdf,PDF p.3 table 'McALESTER' row 'CSAA GENERAL INS. CO.' column 'E-Male'; printed 6-month value $969,McALESTER,CSAA GENERAL INS. CO.,ok-2026-E-male,1938
ok-2026,OK,2026,https://www.oid.ok.gov/wp-content/uploads/2026/09/PPA-Rate-Comparisons-9-1-2026.pdf,PDF p.3 table 'McALESTER' row 'CSAA GENERAL INS. CO.' column 'E-Female'; printed 6-month value $799,McALESTER,CSAA GENERAL INS. CO.,ok-2026-E-female,1598
ok-2026,OK,2026,https://www.oid.ok.gov/wp-content/uploads/2026/09/PPA-Rate-Comparisons-9-1-2026.pdf,"PDF p.3 table 'McALESTER' row 'EQUITY INSURANCE COMPANY' column 'A-Male'; printed 6-month value $4,109",McALESTER,EQUITY INSURANCE COMPANY,ok-2026-A-male,8218
ok-2026,OK,2026,https://www.oid.ok.gov/wp-content/uploads/2026/09/PPA-Rate-Comparisons-9-1-2026.pdf,"PDF p.3 table 'McALESTER' row 'EQUITY INSURANCE COMPANY' column 'A-Female'; printed 6-month value $2,995",McALESTER,EQUITY INSURANCE COMPANY,ok-2026-A-female,5990
ok-2026,OK,2026,https://www.oid.ok.gov/wp-content/uploads/2026/09/PPA-Rate-Comparisons-9-1-2026.pdf,"PDF p.3 table 'McALESTER' row 'EQUITY INSURANCE COMPANY' column 'B-Male'; printed 6-month value $2,240",McALESTER,EQUITY INSURANCE COMPANY,ok-2026-B-male,4480
ok-2026,OK,2026,https://www.oid.ok.gov/wp-content/uploads/2026/09/PPA-Rate-Comparisons-9-1-2026.pdf,"PDF p.3 table 'McALESTER' row 'EQUITY INSURANCE COMPANY' column 'B-Female'; printed 6-month value $2,024",McALESTER,EQUITY INSURANCE COMPANY,ok-2026-B-female,4048
ok-2026,OK,2026,https://www.oid.ok.gov/wp-content/uploads/2026/09/PPA-Rate-Comparisons-9-1-2026.pdf,"PDF p.3 table 'McALESTER' row 'EQUITY INSURANCE COMPANY' column 'C-Male'; printed 6-month value $1,247",McALESTER,EQUITY INSURANCE COMPANY,ok-2026-C-male,2494
ok-2026,OK,2026,https://www.oid.ok.gov/wp-content/uploads/2026/09/PPA-Rate-Comparisons-9-1-2026.pdf,"PDF p.3 table 'McALESTER' row 'EQUITY INSURANCE COMPANY' column 'C-Female'; printed 6-month value $1,214",McALESTER,EQUITY INSURANCE COMPANY,ok-2026-C-female,2428
ok-2026,OK,2026,https://www.oid.ok.gov/wp-content/uploads/2026/09/PPA-Rate-Comparisons-9-1-2026.pdf,"PDF p.3 table 'McALESTER' row 'EQUITY INSURANCE COMPANY' column 'D-Male'; printed 6-month value $1,164",McALESTER,EQUITY INSURANCE COMPANY,ok-2026-D-male,2328
ok-2026,OK,2026,https://www.oid.ok.gov/wp-content/uploads/2026/09/PPA-Rate-Comparisons-9-1-2026.pdf,"PDF p.3 table 'McALESTER' row 'EQUITY INSURANCE COMPANY' column 'D-Female'; printed 6-month value $1,204",McALESTER,EQUITY INSURANCE COMPANY,ok-2026-D-female,2408
ok-2026,OK,2026,https://www.oid.ok.gov/wp-content/uploads/2026/09/PPA-Rate-Comparisons-9-1-2026.pdf,"PDF p.3 table 'McALESTER' row 'EQUITY INSURANCE COMPANY' column 'E-Male'; printed 6-month value $1,448",McALESTER,EQUITY INSURANCE COMPANY,ok-2026-E-male,2896
ok-2026,OK,2026,https://www.oid.ok.gov/wp-content/uploads/2026/09/PPA-Rate-Comparisons-9-1-2026.pdf,"PDF p.3 table 'McALESTER' row 'EQUITY INSURANCE COMPANY' column 'E-Female'; printed 6-month value $1,409",McALESTER,EQUITY INSURANCE COMPANY,ok-2026-E-female,2818
ok-2026,OK,2026,https://www.oid.ok.gov/wp-content/uploads/2026/09/PPA-Rate-Comparisons-9-1-2026.pdf,"PDF p.3 table 'McALESTER' row 'FARMERS INSURANCE COMPANY (**Mid-Century Insurance Company)' column 'A-Male'; printed 6-month value $3,722",McALESTER,FARMERS INSURANCE COMPANY (**Mid-Century Insurance Company),ok-2026-A-male,7444
ok-2026,OK,2026,https://www.oid.ok.gov/wp-content/uploads/2026/09/PPA-Rate-Comparisons-9-1-2026.pdf,"PDF p.3 table 'McALESTER' row 'FARMERS INSURANCE COMPANY (**Mid-Century Insurance Company)' column 'A-Female'; printed 6-month value $2,887",McALESTER,FARMERS INSURANCE COMPANY (**Mid-Century Insurance Company),ok-2026-A-female,5774
ok-2026,OK,2026,https://www.oid.ok.gov/wp-content/uploads/2026/09/PPA-Rate-Comparisons-9-1-2026.pdf,"PDF p.3 table 'McALESTER' row 'FARMERS INSURANCE COMPANY (**Mid-Century Insurance Company)' column 'B-Male'; printed 6-month value $1,635",McALESTER,FARMERS INSURANCE COMPANY (**Mid-Century Insurance Company),ok-2026-B-male,3270
ok-2026,OK,2026,https://www.oid.ok.gov/wp-content/uploads/2026/09/PPA-Rate-Comparisons-9-1-2026.pdf,"PDF p.3 table 'McALESTER' row 'FARMERS INSURANCE COMPANY (**Mid-Century Insurance Company)' column 'B-Female'; printed 6-month value $1,380",McALESTER,FARMERS INSURANCE COMPANY (**Mid-Century Insurance Company),ok-2026-B-female,2760
ok-2026,OK,2026,https://www.oid.ok.gov/wp-content/uploads/2026/09/PPA-Rate-Comparisons-9-1-2026.pdf,PDF p.3 table 'McALESTER' row 'FARMERS INSURANCE COMPANY (**Mid-Century Insurance Company)' column 'C-Male'; printed 6-month value $782,McALESTER,FARMERS INSURANCE COMPANY (**Mid-Century Insurance Company),ok-2026-C-male,1564
ok-2026,OK,2026,https://www.oid.ok.gov/wp-content/uploads/2026/09/PPA-Rate-Comparisons-9-1-2026.pdf,PDF p.3 table 'McALESTER' row 'FARMERS INSURANCE COMPANY (**Mid-Century Insurance Company)' column 'C-Female'; printed 6-month value $834,McALESTER,FARMERS INSURANCE COMPANY (**Mid-Century Insurance Company),ok-2026-C-female,1668
ok-2026,OK,2026,https://www.oid.ok.gov/wp-content/uploads/2026/09/PPA-Rate-Comparisons-9-1-2026.pdf,PDF p.3 table 'McALESTER' row 'FARMERS INSURANCE COMPANY (**Mid-Century Insurance Company)' column 'D-Male'; printed 6-month value $688,McALESTER,FARMERS INSURANCE COMPANY (**Mid-Century Insurance Company),ok-2026-D-male,1376
ok-2026,OK,2026,https://www.oid.ok.gov/wp-content/uploads/2026/09/PPA-Rate-Comparisons-9-1-2026.pdf,PDF p.3 table 'McALESTER' row 'FARMERS INSURANCE COMPANY (**Mid-Century Insurance Company)' column 'D-Female'; printed 6-month value $688,McALESTER,FARMERS INSURANCE COMPANY (**Mid-Century Insurance Company),ok-2026-D-female,1376
ok-2026,OK,2026,https://www.oid.ok.gov/wp-content/uploads/2026/09/PPA-Rate-Comparisons-9-1-2026.pdf,PDF p.3 table 'McALESTER' row 'FARMERS INSURANCE COMPANY (**Mid-Century Insurance Company)' column 'E-Male'; printed 6-month value $592,McALESTER,FARMERS INSURANCE COMPANY (**Mid-Century Insurance Company),ok-2026-E-male,1184
ok-2026,OK,2026,https://www.oid.ok.gov/wp-content/uploads/2026/09/PPA-Rate-Comparisons-9-1-2026.pdf,PDF p.3 table 'McALESTER' row 'FARMERS INSURANCE COMPANY (**Mid-Century Insurance Company)' column 'E-Female'; printed 6-month value $632,McALESTER,FARMERS INSURANCE COMPANY (**Mid-Century Insurance Company),ok-2026-E-female,1264
ok-2026,OK,2026,https://www.oid.ok.gov/wp-content/uploads/2026/09/PPA-Rate-Comparisons-9-1-2026.pdf,"PDF p.3 table 'McALESTER' row 'GARRISON PROPERTY & CASUALTY INSURANCE CO.' column 'A-Male'; printed 6-month value $3,689",McALESTER,GARRISON PROPERTY & CASUALTY INSURANCE CO.,ok-2026-A-male,7378
ok-2026,OK,2026,https://www.oid.ok.gov/wp-content/uploads/2026/09/PPA-Rate-Comparisons-9-1-2026.pdf,"PDF p.3 table 'McALESTER' row 'GARRISON PROPERTY & CASUALTY INSURANCE CO.' column 'A-Female'; printed 6-month value $3,548",McALESTER,GARRISON PROPERTY & CASUALTY INSURANCE CO.,ok-2026-A-female,7096
ok-2026,OK,2026,https://www.oid.ok.gov/wp-content/uploads/2026/09/PPA-Rate-Comparisons-9-1-2026.pdf,"PDF p.3 table 'McALESTER' row 'GARRISON PROPERTY & CASUALTY INSURANCE CO.' column 'B-Male'; printed 6-month value $1,369",McALESTER,GARRISON PROPERTY & CASUALTY INSURANCE CO.,ok-2026-B-male,2738
ok-2026,OK,2026,https://www.oid.ok.gov/wp-content/uploads/2026/09/PPA-Rate-Comparisons-9-1-2026.pdf,"PDF p.3 table 'McALESTER' row 'GARRISON PROPERTY & CASUALTY INSURANCE CO.' column 'B-Female'; printed 6-month value $1,314",McALESTER,GARRISON PROPERTY & CASUALTY INSURANCE CO.,ok-2026-B-female,2628
ok-2026,OK,2026,https://www.oid.ok.gov/wp-content/uploads/2026/09/PPA-Rate-Comparisons-9-1-2026.pdf,PDF p.3 table 'McALESTER' row 'GARRISON PROPERTY & CASUALTY INSURANCE CO.' column 'C-Male'; printed 6-month value $777,McALESTER,GARRISON PROPERTY & CASUALTY INSURANCE CO.,ok-2026-C-male,1554
ok-2026,OK,2026,https://www.oid.ok.gov/wp-content/uploads/2026/09/PPA-Rate-Comparisons-9-1-2026.pdf,PDF p.3 table 'McALESTER' row 'GARRISON PROPERTY & CASUALTY INSURANCE CO.' column 'C-Female'; printed 6-month value $757,McALESTER,GARRISON PROPERTY & CASUALTY INSURANCE CO.,ok-2026-C-female,1514
ok-2026,OK,2026,https://www.oid.ok.gov/wp-content/uploads/2026/09/PPA-Rate-Comparisons-9-1-2026.pdf,PDF p.3 table 'McALESTER' row 'GARRISON PROPERTY & CASUALTY INSURANCE CO.' column 'D-Male'; printed 6-month value $690,McALESTER,GARRISON PROPERTY & CASUALTY INSURANCE CO.,ok-2026-D-male,1380
ok-2026,OK,2026,https://www.oid.ok.gov/wp-content/uploads/2026/09/PPA-Rate-Comparisons-9-1-2026.pdf,PDF p.3 table 'McALESTER' row 'GARRISON PROPERTY & CASUALTY INSURANCE CO.' column 'D-Female'; printed 6-month value $685,McALESTER,GARRISON PROPERTY & CASUALTY INSURANCE CO.,ok-2026-D-female,1370
ok-2026,OK,2026,https://www.oid.ok.gov/wp-content/uploads/2026/09/PPA-Rate-Comparisons-9-1-2026.pdf,PDF p.3 table 'McALESTER' row 'GARRISON PROPERTY & CASUALTY INSURANCE CO.' column 'E-Male'; printed 6-month value $695,McALESTER,GARRISON PROPERTY & CASUALTY INSURANCE CO.,ok-2026-E-male,1390
ok-2026,OK,2026,https://www.oid.ok.gov/wp-content/uploads/2026/09/PPA-Rate-Comparisons-9-1-2026.pdf,PDF p.3 table 'McALESTER' row 'GARRISON PROPERTY & CASUALTY INSURANCE CO.' column 'E-Female'; printed 6-month value $697,McALESTER,GARRISON PROPERTY & CASUALTY INSURANCE CO.,ok-2026-E-female,1394
ok-2026,OK,2026,https://www.oid.ok.gov/wp-content/uploads/2026/09/PPA-Rate-Comparisons-9-1-2026.pdf,"PDF p.3 table 'McALESTER' row 'GEICO SECURE INS. CO. (*GEICO CASUALTY CO.)' column 'A-Male'; printed 6-month value $1,902",McALESTER,GEICO SECURE INS. CO. (*GEICO CASUALTY CO.),ok-2026-A-male,3804
ok-2026,OK,2026,https://www.oid.ok.gov/wp-content/uploads/2026/09/PPA-Rate-Comparisons-9-1-2026.pdf,"PDF p.3 table 'McALESTER' row 'GEICO SECURE INS. CO. (*GEICO CASUALTY CO.)' column 'A-Female'; printed 6-month value $1,909",McALESTER,GEICO SECURE INS. CO. (*GEICO CASUALTY CO.),ok-2026-A-female,3818
ok-2026,OK,2026,https://www.oid.ok.gov/wp-content/uploads/2026/09/PPA-Rate-Comparisons-9-1-2026.pdf,PDF p.3 table 'McALESTER' row 'GEICO SECURE INS. CO. (*GEICO CASUALTY CO.)' column 'B-Male'; printed 6-month value $695,McALESTER,GEICO SECURE INS. CO. (*GEICO CASUALTY CO.),ok-2026-B-male,1390
ok-2026,OK,2026,https://www.oid.ok.gov/wp-content/uploads/2026/09/PPA-Rate-Comparisons-9-1-2026.pdf,PDF p.3 table 'McALESTER' row 'GEICO SECURE INS. CO. (*GEICO CASUALTY CO.)' column 'B-Female'; printed 6-month value $690,McALESTER,GEICO SECURE INS. CO. (*GEICO CASUALTY CO.),ok-2026-B-female,1380
ok-2026,OK,2026,https://www.oid.ok.gov/wp-content/uploads/2026/09/PPA-Rate-Comparisons-9-1-2026.pdf,PDF p.3 table 'McALESTER' row 'GEICO SECURE INS. CO. (*GEICO CASUALTY CO.)' column 'C-Male'; printed 6-month value $438,McALESTER,GEICO SECURE INS. CO. (*GEICO CASUALTY CO.),ok-2026-C-male,876
ok-2026,OK,2026,https://www.oid.ok.gov/wp-content/uploads/2026/09/PPA-Rate-Comparisons-9-1-2026.pdf,PDF p.3 table 'McALESTER' row 'GEICO SECURE INS. CO. (*GEICO CASUALTY CO.)' column 'C-Female'; printed 6-month value $438,McALESTER,GEICO SECURE INS. CO. (*GEICO CASUALTY CO.),ok-2026-C-female,876
ok-2026,OK,2026,https://www.oid.ok.gov/wp-content/uploads/2026/09/PPA-Rate-Comparisons-9-1-2026.pdf,PDF p.3 table 'McALESTER' row 'GEICO SECURE INS. CO. (*GEICO CASUALTY CO.)' column 'D-Male'; printed 6-month value $409,McALESTER,GEICO SECURE INS. CO. (*GEICO CASUALTY CO.),ok-2026-D-male,818
ok-2026,OK,2026,https://www.oid.ok.gov/wp-content/uploads/2026/09/PPA-Rate-Comparisons-9-1-2026.pdf,PDF p.3 table 'McALESTER' row 'GEICO SECURE INS. CO. (*GEICO CASUALTY CO.)' column 'D-Female'; printed 6-month value $409,McALESTER,GEICO SECURE INS. CO. (*GEICO CASUALTY CO.),ok-2026-D-female,818
ok-2026,OK,2026,https://www.oid.ok.gov/wp-content/uploads/2026/09/PPA-Rate-Comparisons-9-1-2026.pdf,PDF p.3 table 'McALESTER' row 'GEICO SECURE INS. CO. (*GEICO CASUALTY CO.)' column 'E-Male'; printed 6-month value $413,McALESTER,GEICO SECURE INS. CO. (*GEICO CASUALTY CO.),ok-2026-E-male,826
ok-2026,OK,2026,https://www.oid.ok.gov/wp-content/uploads/2026/09/PPA-Rate-Comparisons-9-1-2026.pdf,PDF p.3 table 'McALESTER' row 'GEICO SECURE INS. CO. (*GEICO CASUALTY CO.)' column 'E-Female'; printed 6-month value $413,McALESTER,GEICO SECURE INS. CO. (*GEICO CASUALTY CO.),ok-2026-E-female,826
ok-2026,OK,2026,https://www.oid.ok.gov/wp-content/uploads/2026/09/PPA-Rate-Comparisons-9-1-2026.pdf,"PDF p.3 table 'McALESTER' row 'OKLAHOMA FARM BUREAU MUTUAL INS. CO.' column 'A-Male'; printed 6-month value $3,732",McALESTER,OKLAHOMA FARM BUREAU MUTUAL INS. CO.,ok-2026-A-male,7464
ok-2026,OK,2026,https://www.oid.ok.gov/wp-content/uploads/2026/09/PPA-Rate-Comparisons-9-1-2026.pdf,"PDF p.3 table 'McALESTER' row 'OKLAHOMA FARM BUREAU MUTUAL INS. CO.' column 'A-Female'; printed 6-month value $2,324",McALESTER,OKLAHOMA FARM BUREAU MUTUAL INS. CO.,ok-2026-A-female,4648
ok-2026,OK,2026,https://www.oid.ok.gov/wp-content/uploads/2026/09/PPA-Rate-Comparisons-9-1-2026.pdf,"PDF p.3 table 'McALESTER' row 'OKLAHOMA FARM BUREAU MUTUAL INS. CO.' column 'B-Male'; printed 6-month value $2,151",McALESTER,OKLAHOMA FARM BUREAU MUTUAL INS. CO.,ok-2026-B-male,4302
ok-2026,OK,2026,https://www.oid.ok.gov/wp-content/uploads/2026/09/PPA-Rate-Comparisons-9-1-2026.pdf,"PDF p.3 table 'McALESTER' row 'OKLAHOMA FARM BUREAU MUTUAL INS. CO.' column 'B-Female'; printed 6-month value $1,597",McALESTER,OKLAHOMA FARM BUREAU MUTUAL INS. CO.,ok-2026-B-female,3194
ok-2026,OK,2026,https://www.oid.ok.gov/wp-content/uploads/2026/09/PPA-Rate-Comparisons-9-1-2026.pdf,PDF p.3 table 'McALESTER' row 'OKLAHOMA FARM BUREAU MUTUAL INS. CO.' column 'C-Male'; printed 6-month value $967,McALESTER,OKLAHOMA FARM BUREAU MUTUAL INS. CO.,ok-2026-C-male,1934
ok-2026,OK,2026,https://www.oid.ok.gov/wp-content/uploads/2026/09/PPA-Rate-Comparisons-9-1-2026.pdf,PDF p.3 table 'McALESTER' row 'OKLAHOMA FARM BUREAU MUTUAL INS. CO.' column 'C-Female'; printed 6-month value $967,McALESTER,OKLAHOMA FARM BUREAU MUTUAL INS. CO.,ok-2026-C-female,1934
ok-2026,OK,2026,https://www.oid.ok.gov/wp-content/uploads/2026/09/PPA-Rate-Comparisons-9-1-2026.pdf,PDF p.3 table 'McALESTER' row 'OKLAHOMA FARM BUREAU MUTUAL INS. CO.' column 'D-Male'; printed 6-month value $870,McALESTER,OKLAHOMA FARM BUREAU MUTUAL INS. CO.,ok-2026-D-male,1740
ok-2026,OK,2026,https://www.oid.ok.gov/wp-content/uploads/2026/09/PPA-Rate-Comparisons-9-1-2026.pdf,PDF p.3 table 'McALESTER' row 'OKLAHOMA FARM BUREAU MUTUAL INS. CO.' column 'D-Female'; printed 6-month value $870,McALESTER,OKLAHOMA FARM BUREAU MUTUAL INS. CO.,ok-2026-D-female,1740
ok-2026,OK,2026,https://www.oid.ok.gov/wp-content/uploads/2026/09/PPA-Rate-Comparisons-9-1-2026.pdf,PDF p.3 table 'McALESTER' row 'OKLAHOMA FARM BUREAU MUTUAL INS. CO.' column 'E-Male'; printed 6-month value $793,McALESTER,OKLAHOMA FARM BUREAU MUTUAL INS. CO.,ok-2026-E-male,1586
ok-2026,OK,2026,https://www.oid.ok.gov/wp-content/uploads/2026/09/PPA-Rate-Comparisons-9-1-2026.pdf,PDF p.3 table 'McALESTER' row 'OKLAHOMA FARM BUREAU MUTUAL INS. CO.' column 'E-Female'; printed 6-month value $793,McALESTER,OKLAHOMA FARM BUREAU MUTUAL INS. CO.,ok-2026-E-female,1586
ok-2026,OK,2026,https://www.oid.ok.gov/wp-content/uploads/2026/09/PPA-Rate-Comparisons-9-1-2026.pdf,"PDF p.3 table 'McALESTER' row 'PROGRESSIVE DIRECT INS. CO.' column 'A-Male'; printed 6-month value $3,599",McALESTER,PROGRESSIVE DIRECT INS. CO.,ok-2026-A-male,7198
ok-2026,OK,2026,https://www.oid.ok.gov/wp-content/uploads/2026/09/PPA-Rate-Comparisons-9-1-2026.pdf,"PDF p.3 table 'McALESTER' row 'PROGRESSIVE DIRECT INS. CO.' column 'A-Female'; printed 6-month value $3,192",McALESTER,PROGRESSIVE DIRECT INS. CO.,ok-2026-A-female,6384
ok-2026,OK,2026,https://www.oid.ok.gov/wp-content/uploads/2026/09/PPA-Rate-Comparisons-9-1-2026.pdf,"PDF p.3 table 'McALESTER' row 'PROGRESSIVE DIRECT INS. CO.' column 'B-Male'; printed 6-month value $1,418",McALESTER,PROGRESSIVE DIRECT INS. CO.,ok-2026-B-male,2836
ok-2026,OK,2026,https://www.oid.ok.gov/wp-content/uploads/2026/09/PPA-Rate-Comparisons-9-1-2026.pdf,"PDF p.3 table 'McALESTER' row 'PROGRESSIVE DIRECT INS. CO.' column 'B-Female'; printed 6-month value $1,224",McALESTER,PROGRESSIVE DIRECT INS. CO.,ok-2026-B-female,2448
ok-2026,OK,2026,https://www.oid.ok.gov/wp-content/uploads/2026/09/PPA-Rate-Comparisons-9-1-2026.pdf,PDF p.3 table 'McALESTER' row 'PROGRESSIVE DIRECT INS. CO.' column 'C-Male'; printed 6-month value $842,McALESTER,PROGRESSIVE DIRECT INS. CO.,ok-2026-C-male,1684
ok-2026,OK,2026,https://www.oid.ok.gov/wp-content/uploads/2026/09/PPA-Rate-Comparisons-9-1-2026.pdf,PDF p.3 table 'McALESTER' row 'PROGRESSIVE DIRECT INS. CO.' column 'C-Female'; printed 6-month value $812,McALESTER,PROGRESSIVE DIRECT INS. CO.,ok-2026-C-female,1624
ok-2026,OK,2026,https://www.oid.ok.gov/wp-content/uploads/2026/09/PPA-Rate-Comparisons-9-1-2026.pdf,PDF p.3 table 'McALESTER' row 'PROGRESSIVE DIRECT INS. CO.' column 'D-Male'; printed 6-month value $712,McALESTER,PROGRESSIVE DIRECT INS. CO.,ok-2026-D-male,1424
ok-2026,OK,2026,https://www.oid.ok.gov/wp-content/uploads/2026/09/PPA-Rate-Comparisons-9-1-2026.pdf,PDF p.3 table 'McALESTER' row 'PROGRESSIVE DIRECT INS. CO.' column 'D-Female'; printed 6-month value $651,McALESTER,PROGRESSIVE DIRECT INS. CO.,ok-2026-D-female,1302
ok-2026,OK,2026,https://www.oid.ok.gov/wp-content/uploads/2026/09/PPA-Rate-Comparisons-9-1-2026.pdf,PDF p.3 table 'McALESTER' row 'PROGRESSIVE DIRECT INS. CO.' column 'E-Male'; printed 6-month value $697,McALESTER,PROGRESSIVE DIRECT INS. CO.,ok-2026-E-male,1394
ok-2026,OK,2026,https://www.oid.ok.gov/wp-content/uploads/2026/09/PPA-Rate-Comparisons-9-1-2026.pdf,PDF p.3 table 'McALESTER' row 'PROGRESSIVE DIRECT INS. CO.' column 'E-Female'; printed 6-month value $656,McALESTER,PROGRESSIVE DIRECT INS. CO.,ok-2026-E-female,1312
ok-2026,OK,2026,https://www.oid.ok.gov/wp-content/uploads/2026/09/PPA-Rate-Comparisons-9-1-2026.pdf,"PDF p.3 table 'McALESTER' row 'PROGRESSIVE NORTHERN INS. CO.' column 'A-Male'; printed 6-month value $3,834",McALESTER,PROGRESSIVE NORTHERN INS. CO.,ok-2026-A-male,7668
ok-2026,OK,2026,https://www.oid.ok.gov/wp-content/uploads/2026/09/PPA-Rate-Comparisons-9-1-2026.pdf,"PDF p.3 table 'McALESTER' row 'PROGRESSIVE NORTHERN INS. CO.' column 'A-Female'; printed 6-month value $3,351",McALESTER,PROGRESSIVE NORTHERN INS. CO.,ok-2026-A-female,6702
ok-2026,OK,2026,https://www.oid.ok.gov/wp-content/uploads/2026/09/PPA-Rate-Comparisons-9-1-2026.pdf,"PDF p.3 table 'McALESTER' row 'PROGRESSIVE NORTHERN INS. CO.' column 'B-Male'; printed 6-month value $1,421",McALESTER,PROGRESSIVE NORTHERN INS. CO.,ok-2026-B-male,2842
ok-2026,OK,2026,https://www.oid.ok.gov/wp-content/uploads/2026/09/PPA-Rate-Comparisons-9-1-2026.pdf,"PDF p.3 table 'McALESTER' row 'PROGRESSIVE NORTHERN INS. CO.' column 'B-Female'; printed 6-month value $1,144",McALESTER,PROGRESSIVE NORTHERN INS. CO.,ok-2026-B-female,2288
ok-2026,OK,2026,https://www.oid.ok.gov/wp-content/uploads/2026/09/PPA-Rate-Comparisons-9-1-2026.pdf,PDF p.3 table 'McALESTER' row 'PROGRESSIVE NORTHERN INS. CO.' column 'C-Male'; printed 6-month value $869,McALESTER,PROGRESSIVE NORTHERN INS. CO.,ok-2026-C-male,1738
ok-2026,OK,2026,https://www.oid.ok.gov/wp-content/uploads/2026/09/PPA-Rate-Comparisons-9-1-2026.pdf,PDF p.3 table 'McALESTER' row 'PROGRESSIVE NORTHERN INS. CO.' column 'C-Female'; printed 6-month value $772,McALESTER,PROGRESSIVE NORTHERN INS. CO.,ok-2026-C-female,1544
ok-2026,OK,2026,https://www.oid.ok.gov/wp-content/uploads/2026/09/PPA-Rate-Comparisons-9-1-2026.pdf,PDF p.3 table 'McALESTER' row 'PROGRESSIVE NORTHERN INS. CO.' column 'D-Male'; printed 6-month value $639,McALESTER,PROGRESSIVE NORTHERN INS. CO.,ok-2026-D-male,1278
ok-2026,OK,2026,https://www.oid.ok.gov/wp-content/uploads/2026/09/PPA-Rate-Comparisons-9-1-2026.pdf,PDF p.3 table 'McALESTER' row 'PROGRESSIVE NORTHERN INS. CO.' column 'D-Female'; printed 6-month value $570,McALESTER,PROGRESSIVE NORTHERN INS. CO.,ok-2026-D-female,1140
ok-2026,OK,2026,https://www.oid.ok.gov/wp-content/uploads/2026/09/PPA-Rate-Comparisons-9-1-2026.pdf,PDF p.3 table 'McALESTER' row 'PROGRESSIVE NORTHERN INS. CO.' column 'E-Male'; printed 6-month value $608,McALESTER,PROGRESSIVE NORTHERN INS. CO.,ok-2026-E-male,1216
ok-2026,OK,2026,https://www.oid.ok.gov/wp-content/uploads/2026/09/PPA-Rate-Comparisons-9-1-2026.pdf,PDF p.3 table 'McALESTER' row 'PROGRESSIVE NORTHERN INS. CO.' column 'E-Female'; printed 6-month value $536,McALESTER,PROGRESSIVE NORTHERN INS. CO.,ok-2026-E-female,1072
ok-2026,OK,2026,https://www.oid.ok.gov/wp-content/uploads/2026/09/PPA-Rate-Comparisons-9-1-2026.pdf,"PDF p.3 table 'McALESTER' row 'SAFECO INSURANCE CO. OF AMERICA' column 'A-Male'; printed 6-month value $1,839",McALESTER,SAFECO INSURANCE CO. OF AMERICA,ok-2026-A-male,3678
ok-2026,OK,2026,https://www.oid.ok.gov/wp-content/uploads/2026/09/PPA-Rate-Comparisons-9-1-2026.pdf,"PDF p.3 table 'McALESTER' row 'SAFECO INSURANCE CO. OF AMERICA' column 'A-Female'; printed 6-month value $1,687",McALESTER,SAFECO INSURANCE CO. OF AMERICA,ok-2026-A-female,3374
ok-2026,OK,2026,https://www.oid.ok.gov/wp-content/uploads/2026/09/PPA-Rate-Comparisons-9-1-2026.pdf,PDF p.3 table 'McALESTER' row 'SAFECO INSURANCE CO. OF AMERICA' column 'B-Male'; printed 6-month value $947,McALESTER,SAFECO INSURANCE CO. OF AMERICA,ok-2026-B-male,1894
ok-2026,OK,2026,https://www.oid.ok.gov/wp-content/uploads/2026/09/PPA-Rate-Comparisons-9-1-2026.pdf,PDF p.3 table 'McALESTER' row 'SAFECO INSURANCE CO. OF AMERICA' column 'B-Female'; printed 6-month value $892,McALESTER,SAFECO INSURANCE CO. OF AMERICA,ok-2026-B-female,1784
ok-2026,OK,2026,https://www.oid.ok.gov/wp-content/uploads/2026/09/PPA-Rate-Comparisons-9-1-2026.pdf,PDF p.3 table 'McALESTER' row 'SAFECO INSURANCE CO. OF AMERICA' column 'C-Male'; printed 6-month value $557,McALESTER,SAFECO INSURANCE CO. OF AMERICA,ok-2026-C-male,1114
ok-2026,OK,2026,https://www.oid.ok.gov/wp-content/uploads/2026/09/PPA-Rate-Comparisons-9-1-2026.pdf,PDF p.3 table 'McALESTER' row 'SAFECO INSURANCE CO. OF AMERICA' column 'C-Female'; printed 6-month value $522,McALESTER,SAFECO INSURANCE CO. OF AMERICA,ok-2026-C-female,1044
ok-2026,OK,2026,https://www.oid.ok.gov/wp-content/uploads/2026/09/PPA-Rate-Comparisons-9-1-2026.pdf,PDF p.3 table 'McALESTER' row 'SAFECO INSURANCE CO. OF AMERICA' column 'D-Male'; printed 6-month value $570,McALESTER,SAFECO INSURANCE CO. OF AMERICA,ok-2026-D-male,1140
ok-2026,OK,2026,https://www.oid.ok.gov/wp-content/uploads/2026/09/PPA-Rate-Comparisons-9-1-2026.pdf,PDF p.3 table 'McALESTER' row 'SAFECO INSURANCE CO. OF AMERICA' column 'D-Female'; printed 6-month value $534,McALESTER,SAFECO INSURANCE CO. OF AMERICA,ok-2026-D-female,1068
ok-2026,OK,2026,https://www.oid.ok.gov/wp-content/uploads/2026/09/PPA-Rate-Comparisons-9-1-2026.pdf,PDF p.3 table 'McALESTER' row 'SAFECO INSURANCE CO. OF AMERICA' column 'E-Male'; printed 6-month value $550,McALESTER,SAFECO INSURANCE CO. OF AMERICA,ok-2026-E-male,1100
ok-2026,OK,2026,https://www.oid.ok.gov/wp-content/uploads/2026/09/PPA-Rate-Comparisons-9-1-2026.pdf,PDF p.3 table 'McALESTER' row 'SAFECO INSURANCE CO. OF AMERICA' column 'E-Female'; printed 6-month value $497,McALESTER,SAFECO INSURANCE CO. OF AMERICA,ok-2026-E-female,994
ok-2026,OK,2026,https://www.oid.ok.gov/wp-content/uploads/2026/09/PPA-Rate-Comparisons-9-1-2026.pdf,"PDF p.3 table 'McALESTER' row 'SHELTER MUTUAL INSURANCE CO.' column 'A-Male'; printed 6-month value $2,006",McALESTER,SHELTER MUTUAL INSURANCE CO.,ok-2026-A-male,4012
ok-2026,OK,2026,https://www.oid.ok.gov/wp-content/uploads/2026/09/PPA-Rate-Comparisons-9-1-2026.pdf,"PDF p.3 table 'McALESTER' row 'SHELTER MUTUAL INSURANCE CO.' column 'A-Female'; printed 6-month value $1,470",McALESTER,SHELTER MUTUAL INSURANCE CO.,ok-2026-A-female,2940
ok-2026,OK,2026,https://www.oid.ok.gov/wp-content/uploads/2026/09/PPA-Rate-Comparisons-9-1-2026.pdf,"PDF p.3 table 'McALESTER' row 'SHELTER MUTUAL INSURANCE CO.' column 'B-Male'; printed 6-month value $1,297",McALESTER,SHELTER MUTUAL INSURANCE CO.,ok-2026-B-male,2594
ok-2026,OK,2026,https://www.oid.ok.gov/wp-content/uploads/2026/09/PPA-Rate-Comparisons-9-1-2026.pdf,"PDF p.3 table 'McALESTER' row 'SHELTER MUTUAL INSURANCE CO.' column 'B-Female'; printed 6-month value $1,062",McALESTER,SHELTER MUTUAL INSURANCE CO.,ok-2026-B-female,2124
ok-2026,OK,2026,https://www.oid.ok.gov/wp-content/uploads/2026/09/PPA-Rate-Comparisons-9-1-2026.pdf,PDF p.3 table 'McALESTER' row 'SHELTER MUTUAL INSURANCE CO.' column 'C-Male'; printed 6-month value $631,McALESTER,SHELTER MUTUAL INSURANCE CO.,ok-2026-C-male,1262
ok-2026,OK,2026,https://www.oid.ok.gov/wp-content/uploads/2026/09/PPA-Rate-Comparisons-9-1-2026.pdf,PDF p.3 table 'McALESTER' row 'SHELTER MUTUAL INSURANCE CO.' column 'C-Female'; printed 6-month value $627,McALESTER,SHELTER MUTUAL INSURANCE CO.,ok-2026-C-female,1254
ok-2026,OK,2026,https://www.oid.ok.gov/wp-content/uploads/2026/09/PPA-Rate-Comparisons-9-1-2026.pdf,PDF p.3 table 'McALESTER' row 'SHELTER MUTUAL INSURANCE CO.' column 'D-Male'; printed 6-month value $519,McALESTER,SHELTER MUTUAL INSURANCE CO.,ok-2026-D-male,1038
ok-2026,OK,2026,https://www.oid.ok.gov/wp-content/uploads/2026/09/PPA-Rate-Comparisons-9-1-2026.pdf,PDF p.3 table 'McALESTER' row 'SHELTER MUTUAL INSURANCE CO.' column 'D-Female'; printed 6-month value $491,McALESTER,SHELTER MUTUAL INSURANCE CO.,ok-2026-D-female,982
ok-2026,OK,2026,https://www.oid.ok.gov/wp-content/uploads/2026/09/PPA-Rate-Comparisons-9-1-2026.pdf,PDF p.3 table 'McALESTER' row 'SHELTER MUTUAL INSURANCE CO.' column 'E-Male'; printed 6-month value $511,McALESTER,SHELTER MUTUAL INSURANCE CO.,ok-2026-E-male,1022
ok-2026,OK,2026,https://www.oid.ok.gov/wp-content/uploads/2026/09/PPA-Rate-Comparisons-9-1-2026.pdf,PDF p.3 table 'McALESTER' row 'SHELTER MUTUAL INSURANCE CO.' column 'E-Female'; printed 6-month value $489,McALESTER,SHELTER MUTUAL INSURANCE CO.,ok-2026-E-female,978
ok-2026,OK,2026,https://www.oid.ok.gov/wp-content/uploads/2026/09/PPA-Rate-Comparisons-9-1-2026.pdf,"PDF p.3 table 'McALESTER' row 'STANDARD FIRE INS. CO.' column 'A-Male'; printed 6-month value $3,488",McALESTER,STANDARD FIRE INS. CO.,ok-2026-A-male,6976
ok-2026,OK,2026,https://www.oid.ok.gov/wp-content/uploads/2026/09/PPA-Rate-Comparisons-9-1-2026.pdf,"PDF p.3 table 'McALESTER' row 'STANDARD FIRE INS. CO.' column 'A-Female'; printed 6-month value $2,757",McALESTER,STANDARD FIRE INS. CO.,ok-2026-A-female,5514
ok-2026,OK,2026,https://www.oid.ok.gov/wp-content/uploads/2026/09/PPA-Rate-Comparisons-9-1-2026.pdf,"PDF p.3 table 'McALESTER' row 'STANDARD FIRE INS. CO.' column 'B-Male'; printed 6-month value $1,595",McALESTER,STANDARD FIRE INS. CO.,ok-2026-B-male,3190
ok-2026,OK,2026,https://www.oid.ok.gov/wp-content/uploads/2026/09/PPA-Rate-Comparisons-9-1-2026.pdf,"PDF p.3 table 'McALESTER' row 'STANDARD FIRE INS. CO.' column 'B-Female'; printed 6-month value $1,359",McALESTER,STANDARD FIRE INS. CO.,ok-2026-B-female,2718
ok-2026,OK,2026,https://www.oid.ok.gov/wp-content/uploads/2026/09/PPA-Rate-Comparisons-9-1-2026.pdf,"PDF p.3 table 'McALESTER' row 'STANDARD FIRE INS. CO.' column 'C-Male'; printed 6-month value $1,048",McALESTER,STANDARD FIRE INS. CO.,ok-2026-C-male,2096
ok-2026,OK,2026,https://www.oid.ok.gov/wp-content/uploads/2026/09/PPA-Rate-Comparisons-9-1-2026.pdf,PDF p.3 table 'McALESTER' row 'STANDARD FIRE INS. CO.' column 'C-Female'; printed 6-month value $995,McALESTER,STANDARD FIRE INS. CO.,ok-2026-C-female,1990
ok-2026,OK,2026,https://www.oid.ok.gov/wp-content/uploads/2026/09/PPA-Rate-Comparisons-9-1-2026.pdf,PDF p.3 table 'McALESTER' row 'STANDARD FIRE INS. CO.' column 'D-Male'; printed 6-month value $835,McALESTER,STANDARD FIRE INS. CO.,ok-2026-D-male,1670
ok-2026,OK,2026,https://www.oid.ok.gov/wp-content/uploads/2026/09/PPA-Rate-Comparisons-9-1-2026.pdf,PDF p.3 table 'McALESTER' row 'STANDARD FIRE INS. CO.' column 'D-Female'; printed 6-month value $789,McALESTER,STANDARD FIRE INS. CO.,ok-2026-D-female,1578
ok-2026,OK,2026,https://www.oid.ok.gov/wp-content/uploads/2026/09/PPA-Rate-Comparisons-9-1-2026.pdf,PDF p.3 table 'McALESTER' row 'STANDARD FIRE INS. CO.' column 'E-Male'; printed 6-month value $905,McALESTER,STANDARD FIRE INS. CO.,ok-2026-E-male,1810
ok-2026,OK,2026,https://www.oid.ok.gov/wp-content/uploads/2026/09/PPA-Rate-Comparisons-9-1-2026.pdf,PDF p.3 table 'McALESTER' row 'STANDARD FIRE INS. CO.' column 'E-Female'; printed 6-month value $821,McALESTER,STANDARD FIRE INS. CO.,ok-2026-E-female,1642
ok-2026,OK,2026,https://www.oid.ok.gov/wp-content/uploads/2026/09/PPA-Rate-Comparisons-9-1-2026.pdf,PDF p.3 table 'McALESTER' row 'STATE FARM FIRE & CASUALTY CO.' column 'A-Male'; printed 6-month value $813,McALESTER,STATE FARM FIRE & CASUALTY CO.,ok-2026-A-male,1626
ok-2026,OK,2026,https://www.oid.ok.gov/wp-content/uploads/2026/09/PPA-Rate-Comparisons-9-1-2026.pdf,PDF p.3 table 'McALESTER' row 'STATE FARM FIRE & CASUALTY CO.' column 'A-Female'; printed 6-month value $815,McALESTER,STATE FARM FIRE & CASUALTY CO.,ok-2026-A-female,1630
ok-2026,OK,2026,https://www.oid.ok.gov/wp-content/uploads/2026/09/PPA-Rate-Comparisons-9-1-2026.pdf,"PDF p.3 table 'McALESTER' row 'STATE FARM FIRE & CASUALTY CO.' column 'B-Male'; printed 6-month value $1,513",McALESTER,STATE FARM FIRE & CASUALTY CO.,ok-2026-B-male,3026
ok-2026,OK,2026,https://www.oid.ok.gov/wp-content/uploads/2026/09/PPA-Rate-Comparisons-9-1-2026.pdf,"PDF p.3 table 'McALESTER' row 'STATE FARM FIRE & CASUALTY CO.' column 'B-Female'; printed 6-month value $1,529",McALESTER,STATE FARM FIRE & CASUALTY CO.,ok-2026-B-female,3058
ok-2026,OK,2026,https://www.oid.ok.gov/wp-content/uploads/2026/09/PPA-Rate-Comparisons-9-1-2026.pdf,"PDF p.3 table 'McALESTER' row 'STATE FARM FIRE & CASUALTY CO.' column 'C-Male'; printed 6-month value $1,281",McALESTER,STATE FARM FIRE & CASUALTY CO.,ok-2026-C-male,2562
ok-2026,OK,2026,https://www.oid.ok.gov/wp-content/uploads/2026/09/PPA-Rate-Comparisons-9-1-2026.pdf,"PDF p.3 table 'McALESTER' row 'STATE FARM FIRE & CASUALTY CO.' column 'C-Female'; printed 6-month value $1,294",McALESTER,STATE FARM FIRE & CASUALTY CO.,ok-2026-C-female,2588
ok-2026,OK,2026,https://www.oid.ok.gov/wp-content/uploads/2026/09/PPA-Rate-Comparisons-9-1-2026.pdf,"PDF p.3 table 'McALESTER' row 'STATE FARM FIRE & CASUALTY CO.' column 'D-Male'; printed 6-month value $1,210",McALESTER,STATE FARM FIRE & CASUALTY CO.,ok-2026-D-male,2420
ok-2026,OK,2026,https://www.oid.ok.gov/wp-content/uploads/2026/09/PPA-Rate-Comparisons-9-1-2026.pdf,"PDF p.3 table 'McALESTER' row 'STATE FARM FIRE & CASUALTY CO.' column 'D-Female'; printed 6-month value $1,211",McALESTER,STATE FARM FIRE & CASUALTY CO.,ok-2026-D-female,2422
ok-2026,OK,2026,https://www.oid.ok.gov/wp-content/uploads/2026/09/PPA-Rate-Comparisons-9-1-2026.pdf,PDF p.3 table 'McALESTER' row 'STATE FARM FIRE & CASUALTY CO.' column 'E-Male'; printed 6-month value $557,McALESTER,STATE FARM FIRE & CASUALTY CO.,ok-2026-E-male,1114
ok-2026,OK,2026,https://www.oid.ok.gov/wp-content/uploads/2026/09/PPA-Rate-Comparisons-9-1-2026.pdf,PDF p.3 table 'McALESTER' row 'STATE FARM FIRE & CASUALTY CO.' column 'E-Female'; printed 6-month value $586,McALESTER,STATE FARM FIRE & CASUALTY CO.,ok-2026-E-female,1172
ok-2026,OK,2026,https://www.oid.ok.gov/wp-content/uploads/2026/09/PPA-Rate-Comparisons-9-1-2026.pdf,PDF p.3 table 'McALESTER' row 'STATE FARM MUTUAL AUTOMOBILE INS. CO.' column 'A-Male'; printed 6-month value $597,McALESTER,STATE FARM MUTUAL AUTOMOBILE INS. CO.,ok-2026-A-male,1194
ok-2026,OK,2026,https://www.oid.ok.gov/wp-content/uploads/2026/09/PPA-Rate-Comparisons-9-1-2026.pdf,PDF p.3 table 'McALESTER' row 'STATE FARM MUTUAL AUTOMOBILE INS. CO.' column 'A-Female'; printed 6-month value $598,McALESTER,STATE FARM MUTUAL AUTOMOBILE INS. CO.,ok-2026-A-female,1196
ok-2026,OK,2026,https://www.oid.ok.gov/wp-content/uploads/2026/09/PPA-Rate-Comparisons-9-1-2026.pdf,"PDF p.3 table 'McALESTER' row 'STATE FARM MUTUAL AUTOMOBILE INS. CO.' column 'B-Male'; printed 6-month value $1,111",McALESTER,STATE FARM MUTUAL AUTOMOBILE INS. CO.,ok-2026-B-male,2222
ok-2026,OK,2026,https://www.oid.ok.gov/wp-content/uploads/2026/09/PPA-Rate-Comparisons-9-1-2026.pdf,"PDF p.3 table 'McALESTER' row 'STATE FARM MUTUAL AUTOMOBILE INS. CO.' column 'B-Female'; printed 6-month value $1,123",McALESTER,STATE FARM MUTUAL AUTOMOBILE INS. CO.,ok-2026-B-female,2246
ok-2026,OK,2026,https://www.oid.ok.gov/wp-content/uploads/2026/09/PPA-Rate-Comparisons-9-1-2026.pdf,PDF p.3 table 'McALESTER' row 'STATE FARM MUTUAL AUTOMOBILE INS. CO.' column 'C-Male'; printed 6-month value $941,McALESTER,STATE FARM MUTUAL AUTOMOBILE INS. CO.,ok-2026-C-male,1882
ok-2026,OK,2026,https://www.oid.ok.gov/wp-content/uploads/2026/09/PPA-Rate-Comparisons-9-1-2026.pdf,PDF p.3 table 'McALESTER' row 'STATE FARM MUTUAL AUTOMOBILE INS. CO.' column 'C-Female'; printed 6-month value $950,McALESTER,STATE FARM MUTUAL AUTOMOBILE INS. CO.,ok-2026-C-female,1900
ok-2026,OK,2026,https://www.oid.ok.gov/wp-content/uploads/2026/09/PPA-Rate-Comparisons-9-1-2026.pdf,PDF p.3 table 'McALESTER' row 'STATE FARM MUTUAL AUTOMOBILE INS. CO.' column 'D-Male'; printed 6-month value $889,McALESTER,STATE FARM MUTUAL AUTOMOBILE INS. CO.,ok-2026-D-male,1778
ok-2026,OK,2026,https://www.oid.ok.gov/wp-content/uploads/2026/09/PPA-Rate-Comparisons-9-1-2026.pdf,PDF p.3 table 'McALESTER' row 'STATE FARM MUTUAL AUTOMOBILE INS. CO.' column 'D-Female'; printed 6-month value $890,McALESTER,STATE FARM MUTUAL AUTOMOBILE INS. CO.,ok-2026-D-female,1780
ok-2026,OK,2026,https://www.oid.ok.gov/wp-content/uploads/2026/09/PPA-Rate-Comparisons-9-1-2026.pdf,PDF p.3 table 'McALESTER' row 'STATE FARM MUTUAL AUTOMOBILE INS. CO.' column 'E-Male'; printed 6-month value $409,McALESTER,STATE FARM MUTUAL AUTOMOBILE INS. CO.,ok-2026-E-male,818
ok-2026,OK,2026,https://www.oid.ok.gov/wp-content/uploads/2026/09/PPA-Rate-Comparisons-9-1-2026.pdf,PDF p.3 table 'McALESTER' row 'STATE FARM MUTUAL AUTOMOBILE INS. CO.' column 'E-Female'; printed 6-month value $431,McALESTER,STATE FARM MUTUAL AUTOMOBILE INS. CO.,ok-2026-E-female,862
ok-2026,OK,2026,https://www.oid.ok.gov/wp-content/uploads/2026/09/PPA-Rate-Comparisons-9-1-2026.pdf,"PDF p.3 table 'McALESTER' row 'TRADERS INSURANCE COMPANY' column 'A-Male'; printed 6-month value $4,379",McALESTER,TRADERS INSURANCE COMPANY,ok-2026-A-male,8758
ok-2026,OK,2026,https://www.oid.ok.gov/wp-content/uploads/2026/09/PPA-Rate-Comparisons-9-1-2026.pdf,"PDF p.3 table 'McALESTER' row 'TRADERS INSURANCE COMPANY' column 'A-Female'; printed 6-month value $3,380",McALESTER,TRADERS INSURANCE COMPANY,ok-2026-A-female,6760
ok-2026,OK,2026,https://www.oid.ok.gov/wp-content/uploads/2026/09/PPA-Rate-Comparisons-9-1-2026.pdf,"PDF p.3 table 'McALESTER' row 'TRADERS INSURANCE COMPANY' column 'B-Male'; printed 6-month value $3,233",McALESTER,TRADERS INSURANCE COMPANY,ok-2026-B-male,6466
ok-2026,OK,2026,https://www.oid.ok.gov/wp-content/uploads/2026/09/PPA-Rate-Comparisons-9-1-2026.pdf,"PDF p.3 table 'McALESTER' row 'TRADERS INSURANCE COMPANY' column 'B-Female'; printed 6-month value $2,389",McALESTER,TRADERS INSURANCE COMPANY,ok-2026-B-female,4778
ok-2026,OK,2026,https://www.oid.ok.gov/wp-content/uploads/2026/09/PPA-Rate-Comparisons-9-1-2026.pdf,"PDF p.3 table 'McALESTER' row 'TRADERS INSURANCE COMPANY' column 'C-Male'; printed 6-month value $1,050",McALESTER,TRADERS INSURANCE COMPANY,ok-2026-C-male,2100
ok-2026,OK,2026,https://www.oid.ok.gov/wp-content/uploads/2026/09/PPA-Rate-Comparisons-9-1-2026.pdf,"PDF p.3 table 'McALESTER' row 'TRADERS INSURANCE COMPANY' column 'C-Female'; printed 6-month value $1,033",McALESTER,TRADERS INSURANCE COMPANY,ok-2026-C-female,2066
ok-2026,OK,2026,https://www.oid.ok.gov/wp-content/uploads/2026/09/PPA-Rate-Comparisons-9-1-2026.pdf,"PDF p.3 table 'McALESTER' row 'TRADERS INSURANCE COMPANY' column 'D-Male'; printed 6-month value $1,032",McALESTER,TRADERS INSURANCE COMPANY,ok-2026-D-male,2064
ok-2026,OK,2026,https://www.oid.ok.gov/wp-content/uploads/2026/09/PPA-Rate-Comparisons-9-1-2026.pdf,PDF p.3 table 'McALESTER' row 'TRADERS INSURANCE COMPANY' column 'D-Female'; printed 6-month value $973,McALESTER,TRADERS INSURANCE COMPANY,ok-2026-D-female,1946
ok-2026,OK,2026,https://www.oid.ok.gov/wp-content/uploads/2026/09/PPA-Rate-Comparisons-9-1-2026.pdf,"PDF p.3 table 'McALESTER' row 'TRADERS INSURANCE COMPANY' column 'E-Male'; printed 6-month value $1,151",McALESTER,TRADERS INSURANCE COMPANY,ok-2026-E-male,2302
ok-2026,OK,2026,https://www.oid.ok.gov/wp-content/uploads/2026/09/PPA-Rate-Comparisons-9-1-2026.pdf,"PDF p.3 table 'McALESTER' row 'TRADERS INSURANCE COMPANY' column 'E-Female'; printed 6-month value $1,125",McALESTER,TRADERS INSURANCE COMPANY,ok-2026-E-female,2250
ok-2026,OK,2026,https://www.oid.ok.gov/wp-content/uploads/2026/09/PPA-Rate-Comparisons-9-1-2026.pdf,"PDF p.3 table 'McALESTER' row 'UNITED SERVICES AUTOMOBILE ASSN. (*USAA)' column 'A-Male'; printed 6-month value $3,146",McALESTER,UNITED SERVICES AUTOMOBILE ASSN. (*USAA),ok-2026-A-male,6292
ok-2026,OK,2026,https://www.oid.ok.gov/wp-content/uploads/2026/09/PPA-Rate-Comparisons-9-1-2026.pdf,"PDF p.3 table 'McALESTER' row 'UNITED SERVICES AUTOMOBILE ASSN. (*USAA)' column 'A-Female'; printed 6-month value $2,989",McALESTER,UNITED SERVICES AUTOMOBILE ASSN. (*USAA),ok-2026-A-female,5978
ok-2026,OK,2026,https://www.oid.ok.gov/wp-content/uploads/2026/09/PPA-Rate-Comparisons-9-1-2026.pdf,"PDF p.3 table 'McALESTER' row 'UNITED SERVICES AUTOMOBILE ASSN. (*USAA)' column 'B-Male'; printed 6-month value $1,206",McALESTER,UNITED SERVICES AUTOMOBILE ASSN. (*USAA),ok-2026-B-male,2412
ok-2026,OK,2026,https://www.oid.ok.gov/wp-content/uploads/2026/09/PPA-Rate-Comparisons-9-1-2026.pdf,"PDF p.3 table 'McALESTER' row 'UNITED SERVICES AUTOMOBILE ASSN. (*USAA)' column 'B-Female'; printed 6-month value $1,129",McALESTER,UNITED SERVICES AUTOMOBILE ASSN. (*USAA),ok-2026-B-female,2258
ok-2026,OK,2026,https://www.oid.ok.gov/wp-content/uploads/2026/09/PPA-Rate-Comparisons-9-1-2026.pdf,PDF p.3 table 'McALESTER' row 'UNITED SERVICES AUTOMOBILE ASSN. (*USAA)' column 'C-Male'; printed 6-month value $681,McALESTER,UNITED SERVICES AUTOMOBILE ASSN. (*USAA),ok-2026-C-male,1362
ok-2026,OK,2026,https://www.oid.ok.gov/wp-content/uploads/2026/09/PPA-Rate-Comparisons-9-1-2026.pdf,PDF p.3 table 'McALESTER' row 'UNITED SERVICES AUTOMOBILE ASSN. (*USAA)' column 'C-Female'; printed 6-month value $672,McALESTER,UNITED SERVICES AUTOMOBILE ASSN. (*USAA),ok-2026-C-female,1344
ok-2026,OK,2026,https://www.oid.ok.gov/wp-content/uploads/2026/09/PPA-Rate-Comparisons-9-1-2026.pdf,PDF p.3 table 'McALESTER' row 'UNITED SERVICES AUTOMOBILE ASSN. (*USAA)' column 'D-Male'; printed 6-month value $622,McALESTER,UNITED SERVICES AUTOMOBILE ASSN. (*USAA),ok-2026-D-male,1244
ok-2026,OK,2026,https://www.oid.ok.gov/wp-content/uploads/2026/09/PPA-Rate-Comparisons-9-1-2026.pdf,PDF p.3 table 'McALESTER' row 'UNITED SERVICES AUTOMOBILE ASSN. (*USAA)' column 'D-Female'; printed 6-month value $616,McALESTER,UNITED SERVICES AUTOMOBILE ASSN. (*USAA),ok-2026-D-female,1232
ok-2026,OK,2026,https://www.oid.ok.gov/wp-content/uploads/2026/09/PPA-Rate-Comparisons-9-1-2026.pdf,PDF p.3 table 'McALESTER' row 'UNITED SERVICES AUTOMOBILE ASSN. (*USAA)' column 'E-Male'; printed 6-month value $624,McALESTER,UNITED SERVICES AUTOMOBILE ASSN. (*USAA),ok-2026-E-male,1248
ok-2026,OK,2026,https://www.oid.ok.gov/wp-content/uploads/2026/09/PPA-Rate-Comparisons-9-1-2026.pdf,PDF p.3 table 'McALESTER' row 'UNITED SERVICES AUTOMOBILE ASSN. (*USAA)' column 'E-Female'; printed 6-month value $629,McALESTER,UNITED SERVICES AUTOMOBILE ASSN. (*USAA),ok-2026-E-female,1258
ok-2026,OK,2026,https://www.oid.ok.gov/wp-content/uploads/2026/09/PPA-Rate-Comparisons-9-1-2026.pdf,"PDF p.3 table 'McALESTER' row 'USAA CASUALTY INS. CO.' column 'A-Male'; printed 6-month value $3,204",McALESTER,USAA CASUALTY INS. CO.,ok-2026-A-male,6408
ok-2026,OK,2026,https://www.oid.ok.gov/wp-content/uploads/2026/09/PPA-Rate-Comparisons-9-1-2026.pdf,"PDF p.3 table 'McALESTER' row 'USAA CASUALTY INS. CO.' column 'A-Female'; printed 6-month value $3,090",McALESTER,USAA CASUALTY INS. CO.,ok-2026-A-female,6180
ok-2026,OK,2026,https://www.oid.ok.gov/wp-content/uploads/2026/09/PPA-Rate-Comparisons-9-1-2026.pdf,"PDF p.3 table 'McALESTER' row 'USAA CASUALTY INS. CO.' column 'B-Male'; printed 6-month value $1,222",McALESTER,USAA CASUALTY INS. CO.,ok-2026-B-male,2444
ok-2026,OK,2026,https://www.oid.ok.gov/wp-content/uploads/2026/09/PPA-Rate-Comparisons-9-1-2026.pdf,"PDF p.3 table 'McALESTER' row 'USAA CASUALTY INS. CO.' column 'B-Female'; printed 6-month value $1,173",McALESTER,USAA CASUALTY INS. CO.,ok-2026-B-female,2346
ok-2026,OK,2026,https://www.oid.ok.gov/wp-content/uploads/2026/09/PPA-Rate-Comparisons-9-1-2026.pdf,PDF p.3 table 'McALESTER' row 'USAA CASUALTY INS. CO.' column 'C-Male'; printed 6-month value $701,McALESTER,USAA CASUALTY INS. CO.,ok-2026-C-male,1402
ok-2026,OK,2026,https://www.oid.ok.gov/wp-content/uploads/2026/09/PPA-Rate-Comparisons-9-1-2026.pdf,PDF p.3 table 'McALESTER' row 'USAA CASUALTY INS. CO.' column 'C-Female'; printed 6-month value $684,McALESTER,USAA CASUALTY INS. CO.,ok-2026-C-female,1368
ok-2026,OK,2026,https://www.oid.ok.gov/wp-content/uploads/2026/09/PPA-Rate-Comparisons-9-1-2026.pdf,PDF p.3 table 'McALESTER' row 'USAA CASUALTY INS. CO.' column 'D-Male'; printed 6-month value $602,McALESTER,USAA CASUALTY INS. CO.,ok-2026-D-male,1204
ok-2026,OK,2026,https://www.oid.ok.gov/wp-content/uploads/2026/09/PPA-Rate-Comparisons-9-1-2026.pdf,PDF p.3 table 'McALESTER' row 'USAA CASUALTY INS. CO.' column 'D-Female'; printed 6-month value $599,McALESTER,USAA CASUALTY INS. CO.,ok-2026-D-female,1198
ok-2026,OK,2026,https://www.oid.ok.gov/wp-content/uploads/2026/09/PPA-Rate-Comparisons-9-1-2026.pdf,PDF p.3 table 'McALESTER' row 'USAA CASUALTY INS. CO.' column 'E-Male'; printed 6-month value $608,McALESTER,USAA CASUALTY INS. CO.,ok-2026-E-male,1216
ok-2026,OK,2026,https://www.oid.ok.gov/wp-content/uploads/2026/09/PPA-Rate-Comparisons-9-1-2026.pdf,PDF p.3 table 'McALESTER' row 'USAA CASUALTY INS. CO.' column 'E-Female'; printed 6-month value $611,McALESTER,USAA CASUALTY INS. CO.,ok-2026-E-female,1222
ok-2026,OK,2026,https://www.oid.ok.gov/wp-content/uploads/2026/09/PPA-Rate-Comparisons-9-1-2026.pdf,"PDF p.3 table 'McALESTER' row 'USAA GENERAL INDEMNITY CO.' column 'A-Male'; printed 6-month value $4,413",McALESTER,USAA GENERAL INDEMNITY CO.,ok-2026-A-male,8826
ok-2026,OK,2026,https://www.oid.ok.gov/wp-content/uploads/2026/09/PPA-Rate-Comparisons-9-1-2026.pdf,"PDF p.3 table 'McALESTER' row 'USAA GENERAL INDEMNITY CO.' column 'A-Female'; printed 6-month value $4,236",McALESTER,USAA GENERAL INDEMNITY CO.,ok-2026-A-female,8472
ok-2026,OK,2026,https://www.oid.ok.gov/wp-content/uploads/2026/09/PPA-Rate-Comparisons-9-1-2026.pdf,"PDF p.3 table 'McALESTER' row 'USAA GENERAL INDEMNITY CO.' column 'B-Male'; printed 6-month value $1,600",McALESTER,USAA GENERAL INDEMNITY CO.,ok-2026-B-male,3200
ok-2026,OK,2026,https://www.oid.ok.gov/wp-content/uploads/2026/09/PPA-Rate-Comparisons-9-1-2026.pdf,"PDF p.3 table 'McALESTER' row 'USAA GENERAL INDEMNITY CO.' column 'B-Female'; printed 6-month value $1,535",McALESTER,USAA GENERAL INDEMNITY CO.,ok-2026-B-female,3070
ok-2026,OK,2026,https://www.oid.ok.gov/wp-content/uploads/2026/09/PPA-Rate-Comparisons-9-1-2026.pdf,PDF p.3 table 'McALESTER' row 'USAA GENERAL INDEMNITY CO.' column 'C-Male'; printed 6-month value $905,McALESTER,USAA GENERAL INDEMNITY CO.,ok-2026-C-male,1810
ok-2026,OK,2026,https://www.oid.ok.gov/wp-content/uploads/2026/09/PPA-Rate-Comparisons-9-1-2026.pdf,PDF p.3 table 'McALESTER' row 'USAA GENERAL INDEMNITY CO.' column 'C-Female'; printed 6-month value $882,McALESTER,USAA GENERAL INDEMNITY CO.,ok-2026-C-female,1764
ok-2026,OK,2026,https://www.oid.ok.gov/wp-content/uploads/2026/09/PPA-Rate-Comparisons-9-1-2026.pdf,PDF p.3 table 'McALESTER' row 'USAA GENERAL INDEMNITY CO.' column 'D-Male'; printed 6-month value $802,McALESTER,USAA GENERAL INDEMNITY CO.,ok-2026-D-male,1604
ok-2026,OK,2026,https://www.oid.ok.gov/wp-content/uploads/2026/09/PPA-Rate-Comparisons-9-1-2026.pdf,PDF p.3 table 'McALESTER' row 'USAA GENERAL INDEMNITY CO.' column 'D-Female'; printed 6-month value $798,McALESTER,USAA GENERAL INDEMNITY CO.,ok-2026-D-female,1596
ok-2026,OK,2026,https://www.oid.ok.gov/wp-content/uploads/2026/09/PPA-Rate-Comparisons-9-1-2026.pdf,PDF p.3 table 'McALESTER' row 'USAA GENERAL INDEMNITY CO.' column 'E-Male'; printed 6-month value $809,McALESTER,USAA GENERAL INDEMNITY CO.,ok-2026-E-male,1618
ok-2026,OK,2026,https://www.oid.ok.gov/wp-content/uploads/2026/09/PPA-Rate-Comparisons-9-1-2026.pdf,PDF p.3 table 'McALESTER' row 'USAA GENERAL INDEMNITY CO.' column 'E-Female'; printed 6-month value $812,McALESTER,USAA GENERAL INDEMNITY CO.,ok-2026-E-female,1624
