source_id,state,data_year,url,locator,territory,carrier,profile_id,annual_premium
tx-2025,TX,2025,https://www.helpinsure.com/auto.html,"raw/api/autoResults_75023_accident.json (POST https://www.helpinsure.com/api/autoResults, body in raw/api/manifest.json); record RPTG_INSR_ID=283 PLANKEY_ID=1161308068 field AUTO_SAMPLE_RATE_AMT",Plano 75023 (Collin County),GEICO TEXAS COUNTY MUTUAL INSURANCE COMPANY / MGA: Voyager Corporation,tx-accident,640
tx-2025,TX,2025,https://www.helpinsure.com/auto.html,"raw/api/autoResults_75023_accident.json (POST https://www.helpinsure.com/api/autoResults, body in raw/api/manifest.json); record RPTG_INSR_ID=282 PLANKEY_ID=1160087236 field AUTO_SAMPLE_RATE_AMT",Plano 75023 (Collin County),GEICO TEXAS COUNTY MUTUAL INSURANCE COMPANY / MGA: Horizon Corporation,tx-accident,656
tx-2025,TX,2025,https://www.helpinsure.com/auto.html,"raw/api/autoResults_75023_accident.json (POST https://www.helpinsure.com/api/autoResults, body in raw/api/manifest.json); record RPTG_INSR_ID=281 PLANKEY_ID=1160901124 field AUTO_SAMPLE_RATE_AMT",Plano 75023 (Collin County),GEICO TEXAS COUNTY MUTUAL INSURANCE COMPANY / MGA: Perspective Corporation,tx-accident,712
tx-2025,TX,2025,https://www.helpinsure.com/auto.html,"raw/api/autoResults_75023_accident.json (POST https://www.helpinsure.com/api/autoResults, body in raw/api/manifest.json); record RPTG_INSR_ID=21 PLANKEY_ID=1152086164 field AUTO_SAMPLE_RATE_AMT",Plano 75023 (Collin County),FARMERS TEXAS COUNTY MUTUAL INSURANCE COMPANY,tx-accident,716
tx-2025,TX,2025,https://www.helpinsure.com/auto.html,"raw/api/autoResults_75023_accident.json (POST https://www.helpinsure.com/api/autoResults, body in raw/api/manifest.json); record RPTG_INSR_ID=56 PLANKEY_ID=1156831684 field AUTO_SAMPLE_RATE_AMT",Plano 75023 (Collin County),UNITED SERVICES AUTOMOBILE ASSOCIATION,tx-accident,1092
tx-2025,TX,2025,https://www.helpinsure.com/auto.html,"raw/api/autoResults_75023_accident.json (POST https://www.helpinsure.com/api/autoResults, body in raw/api/manifest.json); record RPTG_INSR_ID=119 PLANKEY_ID=1157238628 field AUTO_SAMPLE_RATE_AMT",Plano 75023 (Collin County),USAA CASUALTY INSURANCE COMPANY,tx-accident,1128
tx-2025,TX,2025,https://www.helpinsure.com/auto.html,"raw/api/autoResults_75023_accident.json (POST https://www.helpinsure.com/api/autoResults, body in raw/api/manifest.json); record RPTG_INSR_ID=246 PLANKEY_ID=1162257388 field AUTO_SAMPLE_RATE_AMT",Plano 75023 (Collin County),GEICO TEXAS COUNTY MUTUAL INSURANCE COMPANY / MGA: Endeavor Corporation,tx-accident,1130
tx-2025,TX,2025,https://www.helpinsure.com/auto.html,"raw/api/autoResults_75023_accident.json (POST https://www.helpinsure.com/api/autoResults, body in raw/api/manifest.json); record RPTG_INSR_ID=50 PLANKEY_ID=1149647092 field AUTO_SAMPLE_RATE_AMT",Plano 75023 (Collin County),STATE FARM MUTUAL AUTOMOBILE INSURANCE COMPANY,tx-accident,1136
tx-2025,TX,2025,https://www.helpinsure.com/auto.html,"raw/api/autoResults_75023_accident.json (POST https://www.helpinsure.com/api/autoResults, body in raw/api/manifest.json); record RPTG_INSR_ID=102 PLANKEY_ID=1163476924 field AUTO_SAMPLE_RATE_AMT",Plano 75023 (Collin County),PROGRESSIVE COUNTY MUTUAL INSURANCE COMPANY / MGA: PROGRESSIVE COUNTY MUTUAL - DIRECT RATES,tx-accident,1142
tx-2025,TX,2025,https://www.helpinsure.com/auto.html,"raw/api/autoResults_75023_accident.json (POST https://www.helpinsure.com/api/autoResults, body in raw/api/manifest.json); record RPTG_INSR_ID=118 PLANKEY_ID=1157645572 field AUTO_SAMPLE_RATE_AMT",Plano 75023 (Collin County),USAA GENERAL INDEMNITY COMPANY,tx-accident,1301
tx-2025,TX,2025,https://www.helpinsure.com/auto.html,"raw/api/autoResults_75023_accident.json (POST https://www.helpinsure.com/api/autoResults, body in raw/api/manifest.json); record RPTG_INSR_ID=41 PLANKEY_ID=1163071276 field AUTO_SAMPLE_RATE_AMT",Plano 75023 (Collin County),PROGRESSIVE COUNTY MUTUAL INSURANCE COMPANY,tx-accident,1310
tx-2025,TX,2025,https://www.helpinsure.com/auto.html,"raw/api/autoResults_75023_accident.json (POST https://www.helpinsure.com/api/autoResults, body in raw/api/manifest.json); record RPTG_INSR_ID=138 PLANKEY_ID=1153306348 field AUTO_SAMPLE_RATE_AMT",Plano 75023 (Collin County),INFINITY COUNTY MUTUAL INSURANCE COMPANY,tx-accident,1315
tx-2025,TX,2025,https://www.helpinsure.com/auto.html,"raw/api/autoResults_75023_accident.json (POST https://www.helpinsure.com/api/autoResults, body in raw/api/manifest.json); record RPTG_INSR_ID=219 PLANKEY_ID=1153711960 field AUTO_SAMPLE_RATE_AMT",Plano 75023 (Collin County),AMERICAN ACCESS CASUALTY COMPANY,tx-accident,1326
tx-2025,TX,2025,https://www.helpinsure.com/auto.html,"raw/api/autoResults_75023_accident.json (POST https://www.helpinsure.com/api/autoResults, body in raw/api/manifest.json); record RPTG_INSR_ID=112 PLANKEY_ID=1156019092 field AUTO_SAMPLE_RATE_AMT",Plano 75023 (Collin County),GARRISON PROPERTY AND CASUALTY INSURANCE COMPANY,tx-accident,1326
tx-2025,TX,2025,https://www.helpinsure.com/auto.html,"raw/api/autoResults_75023_accident.json (POST https://www.helpinsure.com/api/autoResults, body in raw/api/manifest.json); record RPTG_INSR_ID=5 PLANKEY_ID=1152899404 field AUTO_SAMPLE_RATE_AMT",Plano 75023 (Collin County),ALLSTATE COUNTY MUTUAL INSURANCE COMPANY,tx-accident,1384
tx-2025,TX,2025,https://www.helpinsure.com/auto.html,"raw/api/autoResults_75023_accident.json (POST https://www.helpinsure.com/api/autoResults, body in raw/api/manifest.json); record RPTG_INSR_ID=6 PLANKEY_ID=1164832108 field AUTO_SAMPLE_RATE_AMT",Plano 75023 (Collin County),ALLSTATE FIRE AND CASUALTY INSURANCE COMPANY,tx-accident,1478
tx-2025,TX,2025,https://www.helpinsure.com/auto.html,"raw/api/autoResults_75023_accident.json (POST https://www.helpinsure.com/api/autoResults, body in raw/api/manifest.json); record RPTG_INSR_ID=104 PLANKEY_ID=1164695128 field AUTO_SAMPLE_RATE_AMT",Plano 75023 (Collin County),TEXAS AUTOMOBILE INSURANCE PLAN ASSOCIATION,tx-accident,1586
tx-2025,TX,2025,https://www.helpinsure.com/auto.html,"raw/api/autoResults_75023_accident.json (POST https://www.helpinsure.com/api/autoResults, body in raw/api/manifest.json); record RPTG_INSR_ID=48 PLANKEY_ID=1150052740 field AUTO_SAMPLE_RATE_AMT",Plano 75023 (Collin County),STATE FARM COUNTY MUTUAL INSURANCE COMPANY OF TEXAS,tx-accident,1735
tx-2025,TX,2025,https://www.helpinsure.com/auto.html,"raw/api/autoResults_75023_accident.json (POST https://www.helpinsure.com/api/autoResults, body in raw/api/manifest.json); record RPTG_INSR_ID=16 PLANKEY_ID=1151272276 field AUTO_SAMPLE_RATE_AMT",Plano 75023 (Collin County),CONSUMERS COUNTY MUTUAL INSURANCE COMPANY / MGA: Travelers Quantum Auto 2.0 Program,tx-accident,1780
tx-2025,TX,2025,https://www.helpinsure.com/auto.html,"raw/api/autoResults_75023_accident.json (POST https://www.helpinsure.com/api/autoResults, body in raw/api/manifest.json); record RPTG_INSR_ID=124 PLANKEY_ID=1165239052 field AUTO_SAMPLE_RATE_AMT",Plano 75023 (Collin County),CONSUMERS COUNTY MUTUAL INSURANCE COMPANY,tx-accident,1780
tx-2025,TX,2025,https://www.helpinsure.com/auto.html,"raw/api/autoResults_75023_accident.json (POST https://www.helpinsure.com/api/autoResults, body in raw/api/manifest.json); record RPTG_INSR_ID=238 PLANKEY_ID=1164289516 field AUTO_SAMPLE_RATE_AMT",Plano 75023 (Collin County),MID-CENTURY INSURANCE COMPANY OF TEXAS,tx-accident,1934
tx-2025,TX,2025,https://www.helpinsure.com/auto.html,"raw/api/autoResults_75023_accident.json (POST https://www.helpinsure.com/api/autoResults, body in raw/api/manifest.json); record RPTG_INSR_ID=175 PLANKEY_ID=1163882572 field AUTO_SAMPLE_RATE_AMT",Plano 75023 (Collin County),FARMERS PROPERTY AND CASUALTY INSURANCE COMPANY,tx-accident,1951
tx-2025,TX,2025,https://www.helpinsure.com/auto.html,"raw/api/autoResults_75023_accident.json (POST https://www.helpinsure.com/api/autoResults, body in raw/api/manifest.json); record RPTG_INSR_ID=1 PLANKEY_ID=1148291908 field AUTO_SAMPLE_RATE_AMT",Plano 75023 (Collin County),AUTO CLUB COUNTY MUTUAL INSURANCE COMPANY,tx-accident,2134
tx-2025,TX,2025,https://www.helpinsure.com/auto.html,"raw/api/autoResults_75023_accident.json (POST https://www.helpinsure.com/api/autoResults, body in raw/api/manifest.json); record RPTG_INSR_ID=209 PLANKEY_ID=1158866404 field AUTO_SAMPLE_RATE_AMT",Plano 75023 (Collin County),AMERICAN FAMILY CONNECT PROPERTY AND CASUALTY INSURANCE COMPANY,tx-accident,2166
tx-2025,TX,2025,https://www.helpinsure.com/auto.html,"raw/api/autoResults_75023_accident.json (POST https://www.helpinsure.com/api/autoResults, body in raw/api/manifest.json); record RPTG_INSR_ID=173 PLANKEY_ID=1151679220 field AUTO_SAMPLE_RATE_AMT",Plano 75023 (Collin County),ECONOMY FIRE & CASUALTY COMPANY,tx-accident,2295
tx-2025,TX,2025,https://www.helpinsure.com/auto.html,"raw/api/autoResults_75023_accident.json (POST https://www.helpinsure.com/api/autoResults, body in raw/api/manifest.json); record RPTG_INSR_ID=215 PLANKEY_ID=1149510112 field AUTO_SAMPLE_RATE_AMT",Plano 75023 (Collin County),"MGA INSURANCE COMPANY, INC.",tx-accident,2362
tx-2025,TX,2025,https://www.helpinsure.com/auto.html,"raw/api/autoResults_75023_accident.json (POST https://www.helpinsure.com/api/autoResults, body in raw/api/manifest.json); record RPTG_INSR_ID=32 PLANKEY_ID=1150458388 field AUTO_SAMPLE_RATE_AMT",Plano 75023 (Collin County),MERCURY COUNTY MUTUAL INSURANCE COMPANY,tx-accident,2435
tx-2025,TX,2025,https://www.helpinsure.com/auto.html,"raw/api/autoResults_75023_accident.json (POST https://www.helpinsure.com/api/autoResults, body in raw/api/manifest.json); record RPTG_INSR_ID=33 PLANKEY_ID=1158052516 field AUTO_SAMPLE_RATE_AMT",Plano 75023 (Collin County),FARMERS LLOYDS INSURANCE COMPANY OF TEXAS,tx-accident,3332
tx-2025,TX,2025,https://www.helpinsure.com/auto.html,"raw/api/autoResults_75023_accident.json (POST https://www.helpinsure.com/api/autoResults, body in raw/api/manifest.json); record RPTG_INSR_ID=140 PLANKEY_ID=1152493108 field AUTO_SAMPLE_RATE_AMT",Plano 75023 (Collin County),FOREMOST COUNTY MUTUAL INSURANCE COMPANY,tx-accident,3334
tx-2025,TX,2025,https://www.helpinsure.com/auto.html,"raw/api/autoResults_75023_accident.json (POST https://www.helpinsure.com/api/autoResults, body in raw/api/manifest.json); record RPTG_INSR_ID=123 PLANKEY_ID=1159273348 field AUTO_SAMPLE_RATE_AMT",Plano 75023 (Collin County),AMICA MUTUAL INSURANCE COMPANY,tx-accident,3339
tx-2025,TX,2025,https://www.helpinsure.com/auto.html,"raw/api/autoResults_75023_accident.json (POST https://www.helpinsure.com/api/autoResults, body in raw/api/manifest.json); record RPTG_INSR_ID=142 PLANKEY_ID=1150867276 field AUTO_SAMPLE_RATE_AMT",Plano 75023 (Collin County),"COLONIAL COUNTY MUTUAL INSURANCE COMPANY / MGA: Titan Insurance Services, Inc.",tx-accident,3692
tx-2025,TX,2025,https://www.helpinsure.com/auto.html,"raw/api/autoResults_75023_accident.json (POST https://www.helpinsure.com/api/autoResults, body in raw/api/manifest.json); record RPTG_INSR_ID=161 PLANKEY_ID=1147884964 field AUTO_SAMPLE_RATE_AMT",Plano 75023 (Collin County),AMICA PROPERTY AND CASUALTY INSURANCE COMPANY,tx-accident,3866
tx-2025,TX,2025,https://www.helpinsure.com/auto.html,"raw/api/autoResults_75023_accident.json (POST https://www.helpinsure.com/api/autoResults, body in raw/api/manifest.json); record RPTG_INSR_ID=205 PLANKEY_ID=1148698852 field AUTO_SAMPLE_RATE_AMT",Plano 75023 (Collin County),DAIRYLAND COUNTY MUTUAL INSURANCE COMPANY OF TEXAS,tx-accident,4031
tx-2025,TX,2025,https://www.helpinsure.com/auto.html,"raw/api/autoResults_75023_accident.json (POST https://www.helpinsure.com/api/autoResults, body in raw/api/manifest.json); record RPTG_INSR_ID=155 PLANKEY_ID=1162664332 field AUTO_SAMPLE_RATE_AMT",Plano 75023 (Collin County),LIBERTY COUNTY MUTUAL INSURANCE COMPANY / MGA: Safeco General Agency (Safeco),tx-accident,4455
tx-2025,TX,2025,https://www.helpinsure.com/auto.html,"raw/api/autoResults_75023_accident.json (POST https://www.helpinsure.com/api/autoResults, body in raw/api/manifest.json); record RPTG_INSR_ID=212 PLANKEY_ID=1158459460 field AUTO_SAMPLE_RATE_AMT",Plano 75023 (Collin County),ENCOMPASS INDEPENDENT INSURANCE COMPANY,tx-accident,4871
tx-2025,TX,2025,https://www.helpinsure.com/auto.html,"raw/api/autoResults_75023_accident.json (POST https://www.helpinsure.com/api/autoResults, body in raw/api/manifest.json); record RPTG_INSR_ID=45 PLANKEY_ID=1159680292 field AUTO_SAMPLE_RATE_AMT",Plano 75023 (Collin County),"SENTINEL INSURANCE COMPANY, LTD.",tx-accident,5566
tx-2025,TX,2025,https://www.helpinsure.com/auto.html,"raw/api/autoResults_75023_age18.json (POST https://www.helpinsure.com/api/autoResults, body in raw/api/manifest.json); record RPTG_INSR_ID=283 PLANKEY_ID=1161308016 field AUTO_SAMPLE_RATE_AMT",Plano 75023 (Collin County),GEICO TEXAS COUNTY MUTUAL INSURANCE COMPANY / MGA: Voyager Corporation,tx-age18,1157
tx-2025,TX,2025,https://www.helpinsure.com/auto.html,"raw/api/autoResults_75023_age18.json (POST https://www.helpinsure.com/api/autoResults, body in raw/api/manifest.json); record RPTG_INSR_ID=282 PLANKEY_ID=1160087184 field AUTO_SAMPLE_RATE_AMT",Plano 75023 (Collin County),GEICO TEXAS COUNTY MUTUAL INSURANCE COMPANY / MGA: Horizon Corporation,tx-age18,1187
tx-2025,TX,2025,https://www.helpinsure.com/auto.html,"raw/api/autoResults_75023_age18.json (POST https://www.helpinsure.com/api/autoResults, body in raw/api/manifest.json); record RPTG_INSR_ID=281 PLANKEY_ID=1160901072 field AUTO_SAMPLE_RATE_AMT",Plano 75023 (Collin County),GEICO TEXAS COUNTY MUTUAL INSURANCE COMPANY / MGA: Perspective Corporation,tx-age18,1239
tx-2025,TX,2025,https://www.helpinsure.com/auto.html,"raw/api/autoResults_75023_age18.json (POST https://www.helpinsure.com/api/autoResults, body in raw/api/manifest.json); record RPTG_INSR_ID=21 PLANKEY_ID=1152086112 field AUTO_SAMPLE_RATE_AMT",Plano 75023 (Collin County),FARMERS TEXAS COUNTY MUTUAL INSURANCE COMPANY,tx-age18,1294
tx-2025,TX,2025,https://www.helpinsure.com/auto.html,"raw/api/autoResults_75023_age18.json (POST https://www.helpinsure.com/api/autoResults, body in raw/api/manifest.json); record RPTG_INSR_ID=56 PLANKEY_ID=1156831632 field AUTO_SAMPLE_RATE_AMT",Plano 75023 (Collin County),UNITED SERVICES AUTOMOBILE ASSOCIATION,tx-age18,1459
tx-2025,TX,2025,https://www.helpinsure.com/auto.html,"raw/api/autoResults_75023_age18.json (POST https://www.helpinsure.com/api/autoResults, body in raw/api/manifest.json); record RPTG_INSR_ID=119 PLANKEY_ID=1157238576 field AUTO_SAMPLE_RATE_AMT",Plano 75023 (Collin County),USAA CASUALTY INSURANCE COMPANY,tx-age18,1558
tx-2025,TX,2025,https://www.helpinsure.com/auto.html,"raw/api/autoResults_75023_age18.json (POST https://www.helpinsure.com/api/autoResults, body in raw/api/manifest.json); record RPTG_INSR_ID=112 PLANKEY_ID=1156019040 field AUTO_SAMPLE_RATE_AMT",Plano 75023 (Collin County),GARRISON PROPERTY AND CASUALTY INSURANCE COMPANY,tx-age18,1854
tx-2025,TX,2025,https://www.helpinsure.com/auto.html,"raw/api/autoResults_75023_age18.json (POST https://www.helpinsure.com/api/autoResults, body in raw/api/manifest.json); record RPTG_INSR_ID=118 PLANKEY_ID=1157645520 field AUTO_SAMPLE_RATE_AMT",Plano 75023 (Collin County),USAA GENERAL INDEMNITY COMPANY,tx-age18,1984
tx-2025,TX,2025,https://www.helpinsure.com/auto.html,"raw/api/autoResults_75023_age18.json (POST https://www.helpinsure.com/api/autoResults, body in raw/api/manifest.json); record RPTG_INSR_ID=6 PLANKEY_ID=1164832056 field AUTO_SAMPLE_RATE_AMT",Plano 75023 (Collin County),ALLSTATE FIRE AND CASUALTY INSURANCE COMPANY,tx-age18,2195
tx-2025,TX,2025,https://www.helpinsure.com/auto.html,"raw/api/autoResults_75023_age18.json (POST https://www.helpinsure.com/api/autoResults, body in raw/api/manifest.json); record RPTG_INSR_ID=238 PLANKEY_ID=1164289464 field AUTO_SAMPLE_RATE_AMT",Plano 75023 (Collin County),MID-CENTURY INSURANCE COMPANY OF TEXAS,tx-age18,2372
tx-2025,TX,2025,https://www.helpinsure.com/auto.html,"raw/api/autoResults_75023_age18.json (POST https://www.helpinsure.com/api/autoResults, body in raw/api/manifest.json); record RPTG_INSR_ID=5 PLANKEY_ID=1152899352 field AUTO_SAMPLE_RATE_AMT",Plano 75023 (Collin County),ALLSTATE COUNTY MUTUAL INSURANCE COMPANY,tx-age18,2498
tx-2025,TX,2025,https://www.helpinsure.com/auto.html,"raw/api/autoResults_75023_age18.json (POST https://www.helpinsure.com/api/autoResults, body in raw/api/manifest.json); record RPTG_INSR_ID=246 PLANKEY_ID=1162257336 field AUTO_SAMPLE_RATE_AMT",Plano 75023 (Collin County),GEICO TEXAS COUNTY MUTUAL INSURANCE COMPANY / MGA: Endeavor Corporation,tx-age18,2857
tx-2025,TX,2025,https://www.helpinsure.com/auto.html,"raw/api/autoResults_75023_age18.json (POST https://www.helpinsure.com/api/autoResults, body in raw/api/manifest.json); record RPTG_INSR_ID=32 PLANKEY_ID=1150458336 field AUTO_SAMPLE_RATE_AMT",Plano 75023 (Collin County),MERCURY COUNTY MUTUAL INSURANCE COMPANY,tx-age18,3146
tx-2025,TX,2025,https://www.helpinsure.com/auto.html,"raw/api/autoResults_75023_age18.json (POST https://www.helpinsure.com/api/autoResults, body in raw/api/manifest.json); record RPTG_INSR_ID=104 PLANKEY_ID=1164695112 field AUTO_SAMPLE_RATE_AMT",Plano 75023 (Collin County),TEXAS AUTOMOBILE INSURANCE PLAN ASSOCIATION,tx-age18,3163
tx-2025,TX,2025,https://www.helpinsure.com/auto.html,"raw/api/autoResults_75023_age18.json (POST https://www.helpinsure.com/api/autoResults, body in raw/api/manifest.json); record RPTG_INSR_ID=175 PLANKEY_ID=1163882520 field AUTO_SAMPLE_RATE_AMT",Plano 75023 (Collin County),FARMERS PROPERTY AND CASUALTY INSURANCE COMPANY,tx-age18,3179
tx-2025,TX,2025,https://www.helpinsure.com/auto.html,"raw/api/autoResults_75023_age18.json (POST https://www.helpinsure.com/api/autoResults, body in raw/api/manifest.json); record RPTG_INSR_ID=102 PLANKEY_ID=1163476872 field AUTO_SAMPLE_RATE_AMT",Plano 75023 (Collin County),PROGRESSIVE COUNTY MUTUAL INSURANCE COMPANY / MGA: PROGRESSIVE COUNTY MUTUAL - DIRECT RATES,tx-age18,3204
tx-2025,TX,2025,https://www.helpinsure.com/auto.html,"raw/api/autoResults_75023_age18.json (POST https://www.helpinsure.com/api/autoResults, body in raw/api/manifest.json); record RPTG_INSR_ID=50 PLANKEY_ID=1149647040 field AUTO_SAMPLE_RATE_AMT",Plano 75023 (Collin County),STATE FARM MUTUAL AUTOMOBILE INSURANCE COMPANY,tx-age18,3265
tx-2025,TX,2025,https://www.helpinsure.com/auto.html,"raw/api/autoResults_75023_age18.json (POST https://www.helpinsure.com/api/autoResults, body in raw/api/manifest.json); record RPTG_INSR_ID=138 PLANKEY_ID=1153306296 field AUTO_SAMPLE_RATE_AMT",Plano 75023 (Collin County),INFINITY COUNTY MUTUAL INSURANCE COMPANY,tx-age18,3539
tx-2025,TX,2025,https://www.helpinsure.com/auto.html,"raw/api/autoResults_75023_age18.json (POST https://www.helpinsure.com/api/autoResults, body in raw/api/manifest.json); record RPTG_INSR_ID=1 PLANKEY_ID=1148291856 field AUTO_SAMPLE_RATE_AMT",Plano 75023 (Collin County),AUTO CLUB COUNTY MUTUAL INSURANCE COMPANY,tx-age18,3642
tx-2025,TX,2025,https://www.helpinsure.com/auto.html,"raw/api/autoResults_75023_age18.json (POST https://www.helpinsure.com/api/autoResults, body in raw/api/manifest.json); record RPTG_INSR_ID=48 PLANKEY_ID=1150052688 field AUTO_SAMPLE_RATE_AMT",Plano 75023 (Collin County),STATE FARM COUNTY MUTUAL INSURANCE COMPANY OF TEXAS,tx-age18,3973
tx-2025,TX,2025,https://www.helpinsure.com/auto.html,"raw/api/autoResults_75023_age18.json (POST https://www.helpinsure.com/api/autoResults, body in raw/api/manifest.json); record RPTG_INSR_ID=16 PLANKEY_ID=1151272224 field AUTO_SAMPLE_RATE_AMT",Plano 75023 (Collin County),CONSUMERS COUNTY MUTUAL INSURANCE COMPANY / MGA: Travelers Quantum Auto 2.0 Program,tx-age18,3977
tx-2025,TX,2025,https://www.helpinsure.com/auto.html,"raw/api/autoResults_75023_age18.json (POST https://www.helpinsure.com/api/autoResults, body in raw/api/manifest.json); record RPTG_INSR_ID=124 PLANKEY_ID=1165239000 field AUTO_SAMPLE_RATE_AMT",Plano 75023 (Collin County),CONSUMERS COUNTY MUTUAL INSURANCE COMPANY,tx-age18,3977
tx-2025,TX,2025,https://www.helpinsure.com/auto.html,"raw/api/autoResults_75023_age18.json (POST https://www.helpinsure.com/api/autoResults, body in raw/api/manifest.json); record RPTG_INSR_ID=209 PLANKEY_ID=1158866352 field AUTO_SAMPLE_RATE_AMT",Plano 75023 (Collin County),AMERICAN FAMILY CONNECT PROPERTY AND CASUALTY INSURANCE COMPANY,tx-age18,4102
tx-2025,TX,2025,https://www.helpinsure.com/auto.html,"raw/api/autoResults_75023_age18.json (POST https://www.helpinsure.com/api/autoResults, body in raw/api/manifest.json); record RPTG_INSR_ID=140 PLANKEY_ID=1152493056 field AUTO_SAMPLE_RATE_AMT",Plano 75023 (Collin County),FOREMOST COUNTY MUTUAL INSURANCE COMPANY,tx-age18,4142
tx-2025,TX,2025,https://www.helpinsure.com/auto.html,"raw/api/autoResults_75023_age18.json (POST https://www.helpinsure.com/api/autoResults, body in raw/api/manifest.json); record RPTG_INSR_ID=41 PLANKEY_ID=1163071224 field AUTO_SAMPLE_RATE_AMT",Plano 75023 (Collin County),PROGRESSIVE COUNTY MUTUAL INSURANCE COMPANY,tx-age18,4179
tx-2025,TX,2025,https://www.helpinsure.com/auto.html,"raw/api/autoResults_75023_age18.json (POST https://www.helpinsure.com/api/autoResults, body in raw/api/manifest.json); record RPTG_INSR_ID=219 PLANKEY_ID=1153711944 field AUTO_SAMPLE_RATE_AMT",Plano 75023 (Collin County),AMERICAN ACCESS CASUALTY COMPANY,tx-age18,4926
tx-2025,TX,2025,https://www.helpinsure.com/auto.html,"raw/api/autoResults_75023_age18.json (POST https://www.helpinsure.com/api/autoResults, body in raw/api/manifest.json); record RPTG_INSR_ID=173 PLANKEY_ID=1151679168 field AUTO_SAMPLE_RATE_AMT",Plano 75023 (Collin County),ECONOMY FIRE & CASUALTY COMPANY,tx-age18,5176
tx-2025,TX,2025,https://www.helpinsure.com/auto.html,"raw/api/autoResults_75023_age18.json (POST https://www.helpinsure.com/api/autoResults, body in raw/api/manifest.json); record RPTG_INSR_ID=205 PLANKEY_ID=1148698800 field AUTO_SAMPLE_RATE_AMT",Plano 75023 (Collin County),DAIRYLAND COUNTY MUTUAL INSURANCE COMPANY OF TEXAS,tx-age18,6083
tx-2025,TX,2025,https://www.helpinsure.com/auto.html,"raw/api/autoResults_75023_age18.json (POST https://www.helpinsure.com/api/autoResults, body in raw/api/manifest.json); record RPTG_INSR_ID=212 PLANKEY_ID=1158459408 field AUTO_SAMPLE_RATE_AMT",Plano 75023 (Collin County),ENCOMPASS INDEPENDENT INSURANCE COMPANY,tx-age18,6126
tx-2025,TX,2025,https://www.helpinsure.com/auto.html,"raw/api/autoResults_75023_age18.json (POST https://www.helpinsure.com/api/autoResults, body in raw/api/manifest.json); record RPTG_INSR_ID=215 PLANKEY_ID=1149510096 field AUTO_SAMPLE_RATE_AMT",Plano 75023 (Collin County),"MGA INSURANCE COMPANY, INC.",tx-age18,6366
tx-2025,TX,2025,https://www.helpinsure.com/auto.html,"raw/api/autoResults_75023_age18.json (POST https://www.helpinsure.com/api/autoResults, body in raw/api/manifest.json); record RPTG_INSR_ID=142 PLANKEY_ID=1150867872 field AUTO_SAMPLE_RATE_AMT",Plano 75023 (Collin County),"COLONIAL COUNTY MUTUAL INSURANCE COMPANY / MGA: Titan Insurance Services, Inc.",tx-age18,6501
tx-2025,TX,2025,https://www.helpinsure.com/auto.html,"raw/api/autoResults_75023_age18.json (POST https://www.helpinsure.com/api/autoResults, body in raw/api/manifest.json); record RPTG_INSR_ID=33 PLANKEY_ID=1158052464 field AUTO_SAMPLE_RATE_AMT",Plano 75023 (Collin County),FARMERS LLOYDS INSURANCE COMPANY OF TEXAS,tx-age18,9019
tx-2025,TX,2025,https://www.helpinsure.com/auto.html,"raw/api/autoResults_75023_age18.json (POST https://www.helpinsure.com/api/autoResults, body in raw/api/manifest.json); record RPTG_INSR_ID=45 PLANKEY_ID=1159680240 field AUTO_SAMPLE_RATE_AMT",Plano 75023 (Collin County),"SENTINEL INSURANCE COMPANY, LTD.",tx-age18,10458
tx-2025,TX,2025,https://www.helpinsure.com/auto.html,"raw/api/autoResults_75023_age18.json (POST https://www.helpinsure.com/api/autoResults, body in raw/api/manifest.json); record RPTG_INSR_ID=123 PLANKEY_ID=1159273296 field AUTO_SAMPLE_RATE_AMT",Plano 75023 (Collin County),AMICA MUTUAL INSURANCE COMPANY,tx-age18,13060
tx-2025,TX,2025,https://www.helpinsure.com/auto.html,"raw/api/autoResults_75023_age18.json (POST https://www.helpinsure.com/api/autoResults, body in raw/api/manifest.json); record RPTG_INSR_ID=161 PLANKEY_ID=1147884912 field AUTO_SAMPLE_RATE_AMT",Plano 75023 (Collin County),AMICA PROPERTY AND CASUALTY INSURANCE COMPANY,tx-age18,14404
tx-2025,TX,2025,https://www.helpinsure.com/auto.html,"raw/api/autoResults_75023_age18.json (POST https://www.helpinsure.com/api/autoResults, body in raw/api/manifest.json); record RPTG_INSR_ID=155 PLANKEY_ID=1162664280 field AUTO_SAMPLE_RATE_AMT",Plano 75023 (Collin County),LIBERTY COUNTY MUTUAL INSURANCE COMPANY / MGA: Safeco General Agency (Safeco),tx-age18,19220
tx-2025,TX,2025,https://www.helpinsure.com/auto.html,"raw/api/autoResults_75023_age18_female.json (POST https://www.helpinsure.com/api/autoResults, body in raw/api/manifest.json); record RPTG_INSR_ID=283 PLANKEY_ID=1161308178 field AUTO_SAMPLE_RATE_AMT",Plano 75023 (Collin County),GEICO TEXAS COUNTY MUTUAL INSURANCE COMPANY / MGA: Voyager Corporation,tx-age18_female,1021
tx-2025,TX,2025,https://www.helpinsure.com/auto.html,"raw/api/autoResults_75023_age18_female.json (POST https://www.helpinsure.com/api/autoResults, body in raw/api/manifest.json); record RPTG_INSR_ID=282 PLANKEY_ID=1160087346 field AUTO_SAMPLE_RATE_AMT",Plano 75023 (Collin County),GEICO TEXAS COUNTY MUTUAL INSURANCE COMPANY / MGA: Horizon Corporation,tx-age18_female,1048
tx-2025,TX,2025,https://www.helpinsure.com/auto.html,"raw/api/autoResults_75023_age18_female.json (POST https://www.helpinsure.com/api/autoResults, body in raw/api/manifest.json); record RPTG_INSR_ID=281 PLANKEY_ID=1160901234 field AUTO_SAMPLE_RATE_AMT",Plano 75023 (Collin County),GEICO TEXAS COUNTY MUTUAL INSURANCE COMPANY / MGA: Perspective Corporation,tx-age18_female,1092
tx-2025,TX,2025,https://www.helpinsure.com/auto.html,"raw/api/autoResults_75023_age18_female.json (POST https://www.helpinsure.com/api/autoResults, body in raw/api/manifest.json); record RPTG_INSR_ID=21 PLANKEY_ID=1152086274 field AUTO_SAMPLE_RATE_AMT",Plano 75023 (Collin County),FARMERS TEXAS COUNTY MUTUAL INSURANCE COMPANY,tx-age18_female,1294
tx-2025,TX,2025,https://www.helpinsure.com/auto.html,"raw/api/autoResults_75023_age18_female.json (POST https://www.helpinsure.com/api/autoResults, body in raw/api/manifest.json); record RPTG_INSR_ID=56 PLANKEY_ID=1156831794 field AUTO_SAMPLE_RATE_AMT",Plano 75023 (Collin County),UNITED SERVICES AUTOMOBILE ASSOCIATION,tx-age18_female,1404
tx-2025,TX,2025,https://www.helpinsure.com/auto.html,"raw/api/autoResults_75023_age18_female.json (POST https://www.helpinsure.com/api/autoResults, body in raw/api/manifest.json); record RPTG_INSR_ID=119 PLANKEY_ID=1157238738 field AUTO_SAMPLE_RATE_AMT",Plano 75023 (Collin County),USAA CASUALTY INSURANCE COMPANY,tx-age18_female,1511
tx-2025,TX,2025,https://www.helpinsure.com/auto.html,"raw/api/autoResults_75023_age18_female.json (POST https://www.helpinsure.com/api/autoResults, body in raw/api/manifest.json); record RPTG_INSR_ID=112 PLANKEY_ID=1156019202 field AUTO_SAMPLE_RATE_AMT",Plano 75023 (Collin County),GARRISON PROPERTY AND CASUALTY INSURANCE COMPANY,tx-age18_female,1800
tx-2025,TX,2025,https://www.helpinsure.com/auto.html,"raw/api/autoResults_75023_age18_female.json (POST https://www.helpinsure.com/api/autoResults, body in raw/api/manifest.json); record RPTG_INSR_ID=118 PLANKEY_ID=1157645682 field AUTO_SAMPLE_RATE_AMT",Plano 75023 (Collin County),USAA GENERAL INDEMNITY COMPANY,tx-age18_female,1931
tx-2025,TX,2025,https://www.helpinsure.com/auto.html,"raw/api/autoResults_75023_age18_female.json (POST https://www.helpinsure.com/api/autoResults, body in raw/api/manifest.json); record RPTG_INSR_ID=5 PLANKEY_ID=1152899514 field AUTO_SAMPLE_RATE_AMT",Plano 75023 (Collin County),ALLSTATE COUNTY MUTUAL INSURANCE COMPANY,tx-age18_female,2189
tx-2025,TX,2025,https://www.helpinsure.com/auto.html,"raw/api/autoResults_75023_age18_female.json (POST https://www.helpinsure.com/api/autoResults, body in raw/api/manifest.json); record RPTG_INSR_ID=6 PLANKEY_ID=1164832218 field AUTO_SAMPLE_RATE_AMT",Plano 75023 (Collin County),ALLSTATE FIRE AND CASUALTY INSURANCE COMPANY,tx-age18_female,2195
tx-2025,TX,2025,https://www.helpinsure.com/auto.html,"raw/api/autoResults_75023_age18_female.json (POST https://www.helpinsure.com/api/autoResults, body in raw/api/manifest.json); record RPTG_INSR_ID=104 PLANKEY_ID=1164695166 field AUTO_SAMPLE_RATE_AMT",Plano 75023 (Collin County),TEXAS AUTOMOBILE INSURANCE PLAN ASSOCIATION,tx-age18_female,2415
tx-2025,TX,2025,https://www.helpinsure.com/auto.html,"raw/api/autoResults_75023_age18_female.json (POST https://www.helpinsure.com/api/autoResults, body in raw/api/manifest.json); record RPTG_INSR_ID=238 PLANKEY_ID=1164289626 field AUTO_SAMPLE_RATE_AMT",Plano 75023 (Collin County),MID-CENTURY INSURANCE COMPANY OF TEXAS,tx-age18_female,2490
tx-2025,TX,2025,https://www.helpinsure.com/auto.html,"raw/api/autoResults_75023_age18_female.json (POST https://www.helpinsure.com/api/autoResults, body in raw/api/manifest.json); record RPTG_INSR_ID=246 PLANKEY_ID=1162257498 field AUTO_SAMPLE_RATE_AMT",Plano 75023 (Collin County),GEICO TEXAS COUNTY MUTUAL INSURANCE COMPANY / MGA: Endeavor Corporation,tx-age18_female,2559
tx-2025,TX,2025,https://www.helpinsure.com/auto.html,"raw/api/autoResults_75023_age18_female.json (POST https://www.helpinsure.com/api/autoResults, body in raw/api/manifest.json); record RPTG_INSR_ID=50 PLANKEY_ID=1149647202 field AUTO_SAMPLE_RATE_AMT",Plano 75023 (Collin County),STATE FARM MUTUAL AUTOMOBILE INSURANCE COMPANY,tx-age18_female,2571
tx-2025,TX,2025,https://www.helpinsure.com/auto.html,"raw/api/autoResults_75023_age18_female.json (POST https://www.helpinsure.com/api/autoResults, body in raw/api/manifest.json); record RPTG_INSR_ID=175 PLANKEY_ID=1163882682 field AUTO_SAMPLE_RATE_AMT",Plano 75023 (Collin County),FARMERS PROPERTY AND CASUALTY INSURANCE COMPANY,tx-age18_female,2669
tx-2025,TX,2025,https://www.helpinsure.com/auto.html,"raw/api/autoResults_75023_age18_female.json (POST https://www.helpinsure.com/api/autoResults, body in raw/api/manifest.json); record RPTG_INSR_ID=138 PLANKEY_ID=1153306458 field AUTO_SAMPLE_RATE_AMT",Plano 75023 (Collin County),INFINITY COUNTY MUTUAL INSURANCE COMPANY,tx-age18_female,2803
tx-2025,TX,2025,https://www.helpinsure.com/auto.html,"raw/api/autoResults_75023_age18_female.json (POST https://www.helpinsure.com/api/autoResults, body in raw/api/manifest.json); record RPTG_INSR_ID=32 PLANKEY_ID=1150458498 field AUTO_SAMPLE_RATE_AMT",Plano 75023 (Collin County),MERCURY COUNTY MUTUAL INSURANCE COMPANY,tx-age18_female,2868
tx-2025,TX,2025,https://www.helpinsure.com/auto.html,"raw/api/autoResults_75023_age18_female.json (POST https://www.helpinsure.com/api/autoResults, body in raw/api/manifest.json); record RPTG_INSR_ID=102 PLANKEY_ID=1163477034 field AUTO_SAMPLE_RATE_AMT",Plano 75023 (Collin County),PROGRESSIVE COUNTY MUTUAL INSURANCE COMPANY / MGA: PROGRESSIVE COUNTY MUTUAL - DIRECT RATES,tx-age18_female,2964
tx-2025,TX,2025,https://www.helpinsure.com/auto.html,"raw/api/autoResults_75023_age18_female.json (POST https://www.helpinsure.com/api/autoResults, body in raw/api/manifest.json); record RPTG_INSR_ID=16 PLANKEY_ID=1151272386 field AUTO_SAMPLE_RATE_AMT",Plano 75023 (Collin County),CONSUMERS COUNTY MUTUAL INSURANCE COMPANY / MGA: Travelers Quantum Auto 2.0 Program,tx-age18_female,3030
tx-2025,TX,2025,https://www.helpinsure.com/auto.html,"raw/api/autoResults_75023_age18_female.json (POST https://www.helpinsure.com/api/autoResults, body in raw/api/manifest.json); record RPTG_INSR_ID=124 PLANKEY_ID=1165239162 field AUTO_SAMPLE_RATE_AMT",Plano 75023 (Collin County),CONSUMERS COUNTY MUTUAL INSURANCE COMPANY,tx-age18_female,3030
tx-2025,TX,2025,https://www.helpinsure.com/auto.html,"raw/api/autoResults_75023_age18_female.json (POST https://www.helpinsure.com/api/autoResults, body in raw/api/manifest.json); record RPTG_INSR_ID=48 PLANKEY_ID=1150052850 field AUTO_SAMPLE_RATE_AMT",Plano 75023 (Collin County),STATE FARM COUNTY MUTUAL INSURANCE COMPANY OF TEXAS,tx-age18_female,3147
tx-2025,TX,2025,https://www.helpinsure.com/auto.html,"raw/api/autoResults_75023_age18_female.json (POST https://www.helpinsure.com/api/autoResults, body in raw/api/manifest.json); record RPTG_INSR_ID=41 PLANKEY_ID=1163071386 field AUTO_SAMPLE_RATE_AMT",Plano 75023 (Collin County),PROGRESSIVE COUNTY MUTUAL INSURANCE COMPANY,tx-age18_female,3583
tx-2025,TX,2025,https://www.helpinsure.com/auto.html,"raw/api/autoResults_75023_age18_female.json (POST https://www.helpinsure.com/api/autoResults, body in raw/api/manifest.json); record RPTG_INSR_ID=1 PLANKEY_ID=1148292018 field AUTO_SAMPLE_RATE_AMT",Plano 75023 (Collin County),AUTO CLUB COUNTY MUTUAL INSURANCE COMPANY,tx-age18_female,3642
tx-2025,TX,2025,https://www.helpinsure.com/auto.html,"raw/api/autoResults_75023_age18_female.json (POST https://www.helpinsure.com/api/autoResults, body in raw/api/manifest.json); record RPTG_INSR_ID=140 PLANKEY_ID=1152493218 field AUTO_SAMPLE_RATE_AMT",Plano 75023 (Collin County),FOREMOST COUNTY MUTUAL INSURANCE COMPANY,tx-age18_female,3721
tx-2025,TX,2025,https://www.helpinsure.com/auto.html,"raw/api/autoResults_75023_age18_female.json (POST https://www.helpinsure.com/api/autoResults, body in raw/api/manifest.json); record RPTG_INSR_ID=209 PLANKEY_ID=1158866514 field AUTO_SAMPLE_RATE_AMT",Plano 75023 (Collin County),AMERICAN FAMILY CONNECT PROPERTY AND CASUALTY INSURANCE COMPANY,tx-age18_female,3810
tx-2025,TX,2025,https://www.helpinsure.com/auto.html,"raw/api/autoResults_75023_age18_female.json (POST https://www.helpinsure.com/api/autoResults, body in raw/api/manifest.json); record RPTG_INSR_ID=219 PLANKEY_ID=1153711998 field AUTO_SAMPLE_RATE_AMT",Plano 75023 (Collin County),AMERICAN ACCESS CASUALTY COMPANY,tx-age18_female,3866
tx-2025,TX,2025,https://www.helpinsure.com/auto.html,"raw/api/autoResults_75023_age18_female.json (POST https://www.helpinsure.com/api/autoResults, body in raw/api/manifest.json); record RPTG_INSR_ID=215 PLANKEY_ID=1149510150 field AUTO_SAMPLE_RATE_AMT",Plano 75023 (Collin County),"MGA INSURANCE COMPANY, INC.",tx-age18_female,4880
tx-2025,TX,2025,https://www.helpinsure.com/auto.html,"raw/api/autoResults_75023_age18_female.json (POST https://www.helpinsure.com/api/autoResults, body in raw/api/manifest.json); record RPTG_INSR_ID=173 PLANKEY_ID=1151679330 field AUTO_SAMPLE_RATE_AMT",Plano 75023 (Collin County),ECONOMY FIRE & CASUALTY COMPANY,tx-age18_female,5140
tx-2025,TX,2025,https://www.helpinsure.com/auto.html,"raw/api/autoResults_75023_age18_female.json (POST https://www.helpinsure.com/api/autoResults, body in raw/api/manifest.json); record RPTG_INSR_ID=205 PLANKEY_ID=1148698962 field AUTO_SAMPLE_RATE_AMT",Plano 75023 (Collin County),DAIRYLAND COUNTY MUTUAL INSURANCE COMPANY OF TEXAS,tx-age18_female,5637
tx-2025,TX,2025,https://www.helpinsure.com/auto.html,"raw/api/autoResults_75023_age18_female.json (POST https://www.helpinsure.com/api/autoResults, body in raw/api/manifest.json); record RPTG_INSR_ID=142 PLANKEY_ID=1150867386 field AUTO_SAMPLE_RATE_AMT",Plano 75023 (Collin County),"COLONIAL COUNTY MUTUAL INSURANCE COMPANY / MGA: Titan Insurance Services, Inc.",tx-age18_female,5799
tx-2025,TX,2025,https://www.helpinsure.com/auto.html,"raw/api/autoResults_75023_age18_female.json (POST https://www.helpinsure.com/api/autoResults, body in raw/api/manifest.json); record RPTG_INSR_ID=212 PLANKEY_ID=1158459570 field AUTO_SAMPLE_RATE_AMT",Plano 75023 (Collin County),ENCOMPASS INDEPENDENT INSURANCE COMPANY,tx-age18_female,5882
tx-2025,TX,2025,https://www.helpinsure.com/auto.html,"raw/api/autoResults_75023_age18_female.json (POST https://www.helpinsure.com/api/autoResults, body in raw/api/manifest.json); record RPTG_INSR_ID=33 PLANKEY_ID=1158052626 field AUTO_SAMPLE_RATE_AMT",Plano 75023 (Collin County),FARMERS LLOYDS INSURANCE COMPANY OF TEXAS,tx-age18_female,7340
tx-2025,TX,2025,https://www.helpinsure.com/auto.html,"raw/api/autoResults_75023_age18_female.json (POST https://www.helpinsure.com/api/autoResults, body in raw/api/manifest.json); record RPTG_INSR_ID=45 PLANKEY_ID=1159680402 field AUTO_SAMPLE_RATE_AMT",Plano 75023 (Collin County),"SENTINEL INSURANCE COMPANY, LTD.",tx-age18_female,9414
tx-2025,TX,2025,https://www.helpinsure.com/auto.html,"raw/api/autoResults_75023_age18_female.json (POST https://www.helpinsure.com/api/autoResults, body in raw/api/manifest.json); record RPTG_INSR_ID=123 PLANKEY_ID=1159273458 field AUTO_SAMPLE_RATE_AMT",Plano 75023 (Collin County),AMICA MUTUAL INSURANCE COMPANY,tx-age18_female,11946
tx-2025,TX,2025,https://www.helpinsure.com/auto.html,"raw/api/autoResults_75023_age18_female.json (POST https://www.helpinsure.com/api/autoResults, body in raw/api/manifest.json); record RPTG_INSR_ID=161 PLANKEY_ID=1147885074 field AUTO_SAMPLE_RATE_AMT",Plano 75023 (Collin County),AMICA PROPERTY AND CASUALTY INSURANCE COMPANY,tx-age18_female,13176
tx-2025,TX,2025,https://www.helpinsure.com/auto.html,"raw/api/autoResults_75023_age18_female.json (POST https://www.helpinsure.com/api/autoResults, body in raw/api/manifest.json); record RPTG_INSR_ID=155 PLANKEY_ID=1162664442 field AUTO_SAMPLE_RATE_AMT",Plano 75023 (Collin County),LIBERTY COUNTY MUTUAL INSURANCE COMPANY / MGA: Safeco General Agency (Safeco),tx-age18_female,17648
tx-2025,TX,2025,https://www.helpinsure.com/auto.html,"raw/api/autoResults_75023_age65.json (POST https://www.helpinsure.com/api/autoResults, body in raw/api/manifest.json); record RPTG_INSR_ID=283 PLANKEY_ID=1161308124 field AUTO_SAMPLE_RATE_AMT",Plano 75023 (Collin County),GEICO TEXAS COUNTY MUTUAL INSURANCE COMPANY / MGA: Voyager Corporation,tx-age65,362
tx-2025,TX,2025,https://www.helpinsure.com/auto.html,"raw/api/autoResults_75023_age65.json (POST https://www.helpinsure.com/api/autoResults, body in raw/api/manifest.json); record RPTG_INSR_ID=282 PLANKEY_ID=1160087292 field AUTO_SAMPLE_RATE_AMT",Plano 75023 (Collin County),GEICO TEXAS COUNTY MUTUAL INSURANCE COMPANY / MGA: Horizon Corporation,tx-age65,367
tx-2025,TX,2025,https://www.helpinsure.com/auto.html,"raw/api/autoResults_75023_age65.json (POST https://www.helpinsure.com/api/autoResults, body in raw/api/manifest.json); record RPTG_INSR_ID=281 PLANKEY_ID=1160901180 field AUTO_SAMPLE_RATE_AMT",Plano 75023 (Collin County),GEICO TEXAS COUNTY MUTUAL INSURANCE COMPANY / MGA: Perspective Corporation,tx-age65,402
tx-2025,TX,2025,https://www.helpinsure.com/auto.html,"raw/api/autoResults_75023_age65.json (POST https://www.helpinsure.com/api/autoResults, body in raw/api/manifest.json); record RPTG_INSR_ID=21 PLANKEY_ID=1152086220 field AUTO_SAMPLE_RATE_AMT",Plano 75023 (Collin County),FARMERS TEXAS COUNTY MUTUAL INSURANCE COMPANY,tx-age65,446
tx-2025,TX,2025,https://www.helpinsure.com/auto.html,"raw/api/autoResults_75023_age65.json (POST https://www.helpinsure.com/api/autoResults, body in raw/api/manifest.json); record RPTG_INSR_ID=41 PLANKEY_ID=1163071332 field AUTO_SAMPLE_RATE_AMT",Plano 75023 (Collin County),PROGRESSIVE COUNTY MUTUAL INSURANCE COMPANY,tx-age65,587
tx-2025,TX,2025,https://www.helpinsure.com/auto.html,"raw/api/autoResults_75023_age65.json (POST https://www.helpinsure.com/api/autoResults, body in raw/api/manifest.json); record RPTG_INSR_ID=56 PLANKEY_ID=1156831740 field AUTO_SAMPLE_RATE_AMT",Plano 75023 (Collin County),UNITED SERVICES AUTOMOBILE ASSOCIATION,tx-age65,637
tx-2025,TX,2025,https://www.helpinsure.com/auto.html,"raw/api/autoResults_75023_age65.json (POST https://www.helpinsure.com/api/autoResults, body in raw/api/manifest.json); record RPTG_INSR_ID=119 PLANKEY_ID=1157238684 field AUTO_SAMPLE_RATE_AMT",Plano 75023 (Collin County),USAA CASUALTY INSURANCE COMPANY,tx-age65,639
tx-2025,TX,2025,https://www.helpinsure.com/auto.html,"raw/api/autoResults_75023_age65.json (POST https://www.helpinsure.com/api/autoResults, body in raw/api/manifest.json); record RPTG_INSR_ID=246 PLANKEY_ID=1162257444 field AUTO_SAMPLE_RATE_AMT",Plano 75023 (Collin County),GEICO TEXAS COUNTY MUTUAL INSURANCE COMPANY / MGA: Endeavor Corporation,tx-age65,697
tx-2025,TX,2025,https://www.helpinsure.com/auto.html,"raw/api/autoResults_75023_age65.json (POST https://www.helpinsure.com/api/autoResults, body in raw/api/manifest.json); record RPTG_INSR_ID=118 PLANKEY_ID=1157645628 field AUTO_SAMPLE_RATE_AMT",Plano 75023 (Collin County),USAA GENERAL INDEMNITY COMPANY,tx-age65,715
tx-2025,TX,2025,https://www.helpinsure.com/auto.html,"raw/api/autoResults_75023_age65.json (POST https://www.helpinsure.com/api/autoResults, body in raw/api/manifest.json); record RPTG_INSR_ID=102 PLANKEY_ID=1163476980 field AUTO_SAMPLE_RATE_AMT",Plano 75023 (Collin County),PROGRESSIVE COUNTY MUTUAL INSURANCE COMPANY / MGA: PROGRESSIVE COUNTY MUTUAL - DIRECT RATES,tx-age65,720
tx-2025,TX,2025,https://www.helpinsure.com/auto.html,"raw/api/autoResults_75023_age65.json (POST https://www.helpinsure.com/api/autoResults, body in raw/api/manifest.json); record RPTG_INSR_ID=112 PLANKEY_ID=1156019148 field AUTO_SAMPLE_RATE_AMT",Plano 75023 (Collin County),GARRISON PROPERTY AND CASUALTY INSURANCE COMPANY,tx-age65,757
tx-2025,TX,2025,https://www.helpinsure.com/auto.html,"raw/api/autoResults_75023_age65.json (POST https://www.helpinsure.com/api/autoResults, body in raw/api/manifest.json); record RPTG_INSR_ID=6 PLANKEY_ID=1164832164 field AUTO_SAMPLE_RATE_AMT",Plano 75023 (Collin County),ALLSTATE FIRE AND CASUALTY INSURANCE COMPANY,tx-age65,803
tx-2025,TX,2025,https://www.helpinsure.com/auto.html,"raw/api/autoResults_75023_age65.json (POST https://www.helpinsure.com/api/autoResults, body in raw/api/manifest.json); record RPTG_INSR_ID=50 PLANKEY_ID=1149647148 field AUTO_SAMPLE_RATE_AMT",Plano 75023 (Collin County),STATE FARM MUTUAL AUTOMOBILE INSURANCE COMPANY,tx-age65,901
tx-2025,TX,2025,https://www.helpinsure.com/auto.html,"raw/api/autoResults_75023_age65.json (POST https://www.helpinsure.com/api/autoResults, body in raw/api/manifest.json); record RPTG_INSR_ID=238 PLANKEY_ID=1164289572 field AUTO_SAMPLE_RATE_AMT",Plano 75023 (Collin County),MID-CENTURY INSURANCE COMPANY OF TEXAS,tx-age65,928
tx-2025,TX,2025,https://www.helpinsure.com/auto.html,"raw/api/autoResults_75023_age65.json (POST https://www.helpinsure.com/api/autoResults, body in raw/api/manifest.json); record RPTG_INSR_ID=138 PLANKEY_ID=1153306404 field AUTO_SAMPLE_RATE_AMT",Plano 75023 (Collin County),INFINITY COUNTY MUTUAL INSURANCE COMPANY,tx-age65,955
tx-2025,TX,2025,https://www.helpinsure.com/auto.html,"raw/api/autoResults_75023_age65.json (POST https://www.helpinsure.com/api/autoResults, body in raw/api/manifest.json); record RPTG_INSR_ID=32 PLANKEY_ID=1150458444 field AUTO_SAMPLE_RATE_AMT",Plano 75023 (Collin County),MERCURY COUNTY MUTUAL INSURANCE COMPANY,tx-age65,1080
tx-2025,TX,2025,https://www.helpinsure.com/auto.html,"raw/api/autoResults_75023_age65.json (POST https://www.helpinsure.com/api/autoResults, body in raw/api/manifest.json); record RPTG_INSR_ID=175 PLANKEY_ID=1163882628 field AUTO_SAMPLE_RATE_AMT",Plano 75023 (Collin County),FARMERS PROPERTY AND CASUALTY INSURANCE COMPANY,tx-age65,1088
tx-2025,TX,2025,https://www.helpinsure.com/auto.html,"raw/api/autoResults_75023_age65.json (POST https://www.helpinsure.com/api/autoResults, body in raw/api/manifest.json); record RPTG_INSR_ID=1 PLANKEY_ID=1148291964 field AUTO_SAMPLE_RATE_AMT",Plano 75023 (Collin County),AUTO CLUB COUNTY MUTUAL INSURANCE COMPANY,tx-age65,1123
tx-2025,TX,2025,https://www.helpinsure.com/auto.html,"raw/api/autoResults_75023_age65.json (POST https://www.helpinsure.com/api/autoResults, body in raw/api/manifest.json); record RPTG_INSR_ID=48 PLANKEY_ID=1150052796 field AUTO_SAMPLE_RATE_AMT",Plano 75023 (Collin County),STATE FARM COUNTY MUTUAL INSURANCE COMPANY OF TEXAS,tx-age65,1124
tx-2025,TX,2025,https://www.helpinsure.com/auto.html,"raw/api/autoResults_75023_age65.json (POST https://www.helpinsure.com/api/autoResults, body in raw/api/manifest.json); record RPTG_INSR_ID=173 PLANKEY_ID=1151679276 field AUTO_SAMPLE_RATE_AMT",Plano 75023 (Collin County),ECONOMY FIRE & CASUALTY COMPANY,tx-age65,1209
tx-2025,TX,2025,https://www.helpinsure.com/auto.html,"raw/api/autoResults_75023_age65.json (POST https://www.helpinsure.com/api/autoResults, body in raw/api/manifest.json); record RPTG_INSR_ID=5 PLANKEY_ID=1152899460 field AUTO_SAMPLE_RATE_AMT",Plano 75023 (Collin County),ALLSTATE COUNTY MUTUAL INSURANCE COMPANY,tx-age65,1211
tx-2025,TX,2025,https://www.helpinsure.com/auto.html,"raw/api/autoResults_75023_age65.json (POST https://www.helpinsure.com/api/autoResults, body in raw/api/manifest.json); record RPTG_INSR_ID=124 PLANKEY_ID=1165239108 field AUTO_SAMPLE_RATE_AMT",Plano 75023 (Collin County),CONSUMERS COUNTY MUTUAL INSURANCE COMPANY,tx-age65,1288
tx-2025,TX,2025,https://www.helpinsure.com/auto.html,"raw/api/autoResults_75023_age65.json (POST https://www.helpinsure.com/api/autoResults, body in raw/api/manifest.json); record RPTG_INSR_ID=16 PLANKEY_ID=1151272332 field AUTO_SAMPLE_RATE_AMT",Plano 75023 (Collin County),CONSUMERS COUNTY MUTUAL INSURANCE COMPANY / MGA: Travelers Quantum Auto 2.0 Program,tx-age65,1288
tx-2025,TX,2025,https://www.helpinsure.com/auto.html,"raw/api/autoResults_75023_age65.json (POST https://www.helpinsure.com/api/autoResults, body in raw/api/manifest.json); record RPTG_INSR_ID=104 PLANKEY_ID=1164695148 field AUTO_SAMPLE_RATE_AMT",Plano 75023 (Collin County),TEXAS AUTOMOBILE INSURANCE PLAN ASSOCIATION,tx-age65,1322
tx-2025,TX,2025,https://www.helpinsure.com/auto.html,"raw/api/autoResults_75023_age65.json (POST https://www.helpinsure.com/api/autoResults, body in raw/api/manifest.json); record RPTG_INSR_ID=219 PLANKEY_ID=1153711980 field AUTO_SAMPLE_RATE_AMT",Plano 75023 (Collin County),AMERICAN ACCESS CASUALTY COMPANY,tx-age65,1427
tx-2025,TX,2025,https://www.helpinsure.com/auto.html,"raw/api/autoResults_75023_age65.json (POST https://www.helpinsure.com/api/autoResults, body in raw/api/manifest.json); record RPTG_INSR_ID=209 PLANKEY_ID=1158866460 field AUTO_SAMPLE_RATE_AMT",Plano 75023 (Collin County),AMERICAN FAMILY CONNECT PROPERTY AND CASUALTY INSURANCE COMPANY,tx-age65,1428
tx-2025,TX,2025,https://www.helpinsure.com/auto.html,"raw/api/autoResults_75023_age65.json (POST https://www.helpinsure.com/api/autoResults, body in raw/api/manifest.json); record RPTG_INSR_ID=33 PLANKEY_ID=1158052572 field AUTO_SAMPLE_RATE_AMT",Plano 75023 (Collin County),FARMERS LLOYDS INSURANCE COMPANY OF TEXAS,tx-age65,1505
tx-2025,TX,2025,https://www.helpinsure.com/auto.html,"raw/api/autoResults_75023_age65.json (POST https://www.helpinsure.com/api/autoResults, body in raw/api/manifest.json); record RPTG_INSR_ID=140 PLANKEY_ID=1152493164 field AUTO_SAMPLE_RATE_AMT",Plano 75023 (Collin County),FOREMOST COUNTY MUTUAL INSURANCE COMPANY,tx-age65,1793
tx-2025,TX,2025,https://www.helpinsure.com/auto.html,"raw/api/autoResults_75023_age65.json (POST https://www.helpinsure.com/api/autoResults, body in raw/api/manifest.json); record RPTG_INSR_ID=215 PLANKEY_ID=1149510132 field AUTO_SAMPLE_RATE_AMT",Plano 75023 (Collin County),"MGA INSURANCE COMPANY, INC.",tx-age65,1839
tx-2025,TX,2025,https://www.helpinsure.com/auto.html,"raw/api/autoResults_75023_age65.json (POST https://www.helpinsure.com/api/autoResults, body in raw/api/manifest.json); record RPTG_INSR_ID=205 PLANKEY_ID=1148698908 field AUTO_SAMPLE_RATE_AMT",Plano 75023 (Collin County),DAIRYLAND COUNTY MUTUAL INSURANCE COMPANY OF TEXAS,tx-age65,2107
tx-2025,TX,2025,https://www.helpinsure.com/auto.html,"raw/api/autoResults_75023_age65.json (POST https://www.helpinsure.com/api/autoResults, body in raw/api/manifest.json); record RPTG_INSR_ID=123 PLANKEY_ID=1159273404 field AUTO_SAMPLE_RATE_AMT",Plano 75023 (Collin County),AMICA MUTUAL INSURANCE COMPANY,tx-age65,2115
tx-2025,TX,2025,https://www.helpinsure.com/auto.html,"raw/api/autoResults_75023_age65.json (POST https://www.helpinsure.com/api/autoResults, body in raw/api/manifest.json); record RPTG_INSR_ID=142 PLANKEY_ID=1150867980 field AUTO_SAMPLE_RATE_AMT",Plano 75023 (Collin County),"COLONIAL COUNTY MUTUAL INSURANCE COMPANY / MGA: Titan Insurance Services, Inc.",tx-age65,2316
tx-2025,TX,2025,https://www.helpinsure.com/auto.html,"raw/api/autoResults_75023_age65.json (POST https://www.helpinsure.com/api/autoResults, body in raw/api/manifest.json); record RPTG_INSR_ID=161 PLANKEY_ID=1147885020 field AUTO_SAMPLE_RATE_AMT",Plano 75023 (Collin County),AMICA PROPERTY AND CASUALTY INSURANCE COMPANY,tx-age65,2449
tx-2025,TX,2025,https://www.helpinsure.com/auto.html,"raw/api/autoResults_75023_age65.json (POST https://www.helpinsure.com/api/autoResults, body in raw/api/manifest.json); record RPTG_INSR_ID=155 PLANKEY_ID=1162664388 field AUTO_SAMPLE_RATE_AMT",Plano 75023 (Collin County),LIBERTY COUNTY MUTUAL INSURANCE COMPANY / MGA: Safeco General Agency (Safeco),tx-age65,2639
tx-2025,TX,2025,https://www.helpinsure.com/auto.html,"raw/api/autoResults_75023_age65.json (POST https://www.helpinsure.com/api/autoResults, body in raw/api/manifest.json); record RPTG_INSR_ID=45 PLANKEY_ID=1159680348 field AUTO_SAMPLE_RATE_AMT",Plano 75023 (Collin County),"SENTINEL INSURANCE COMPANY, LTD.",tx-age65,2864
tx-2025,TX,2025,https://www.helpinsure.com/auto.html,"raw/api/autoResults_75023_age65.json (POST https://www.helpinsure.com/api/autoResults, body in raw/api/manifest.json); record RPTG_INSR_ID=212 PLANKEY_ID=1158459516 field AUTO_SAMPLE_RATE_AMT",Plano 75023 (Collin County),ENCOMPASS INDEPENDENT INSURANCE COMPANY,tx-age65,4481
tx-2025,TX,2025,https://www.helpinsure.com/auto.html,"raw/api/autoResults_75023_age65_married.json (POST https://www.helpinsure.com/api/autoResults, body in raw/api/manifest.json); record RPTG_INSR_ID=283 PLANKEY_ID=1161308448 field AUTO_SAMPLE_RATE_AMT",Plano 75023 (Collin County),GEICO TEXAS COUNTY MUTUAL INSURANCE COMPANY / MGA: Voyager Corporation,tx-age65_married,337
tx-2025,TX,2025,https://www.helpinsure.com/auto.html,"raw/api/autoResults_75023_age65_married.json (POST https://www.helpinsure.com/api/autoResults, body in raw/api/manifest.json); record RPTG_INSR_ID=282 PLANKEY_ID=1160087616 field AUTO_SAMPLE_RATE_AMT",Plano 75023 (Collin County),GEICO TEXAS COUNTY MUTUAL INSURANCE COMPANY / MGA: Horizon Corporation,tx-age65_married,342
tx-2025,TX,2025,https://www.helpinsure.com/auto.html,"raw/api/autoResults_75023_age65_married.json (POST https://www.helpinsure.com/api/autoResults, body in raw/api/manifest.json); record RPTG_INSR_ID=281 PLANKEY_ID=1160901504 field AUTO_SAMPLE_RATE_AMT",Plano 75023 (Collin County),GEICO TEXAS COUNTY MUTUAL INSURANCE COMPANY / MGA: Perspective Corporation,tx-age65_married,372
tx-2025,TX,2025,https://www.helpinsure.com/auto.html,"raw/api/autoResults_75023_age65_married.json (POST https://www.helpinsure.com/api/autoResults, body in raw/api/manifest.json); record RPTG_INSR_ID=21 PLANKEY_ID=1152086544 field AUTO_SAMPLE_RATE_AMT",Plano 75023 (Collin County),FARMERS TEXAS COUNTY MUTUAL INSURANCE COMPANY,tx-age65_married,454
tx-2025,TX,2025,https://www.helpinsure.com/auto.html,"raw/api/autoResults_75023_age65_married.json (POST https://www.helpinsure.com/api/autoResults, body in raw/api/manifest.json); record RPTG_INSR_ID=41 PLANKEY_ID=1163071656 field AUTO_SAMPLE_RATE_AMT",Plano 75023 (Collin County),PROGRESSIVE COUNTY MUTUAL INSURANCE COMPANY,tx-age65_married,503
tx-2025,TX,2025,https://www.helpinsure.com/auto.html,"raw/api/autoResults_75023_age65_married.json (POST https://www.helpinsure.com/api/autoResults, body in raw/api/manifest.json); record RPTG_INSR_ID=119 PLANKEY_ID=1157239008 field AUTO_SAMPLE_RATE_AMT",Plano 75023 (Collin County),USAA CASUALTY INSURANCE COMPANY,tx-age65_married,575
tx-2025,TX,2025,https://www.helpinsure.com/auto.html,"raw/api/autoResults_75023_age65_married.json (POST https://www.helpinsure.com/api/autoResults, body in raw/api/manifest.json); record RPTG_INSR_ID=56 PLANKEY_ID=1156832064 field AUTO_SAMPLE_RATE_AMT",Plano 75023 (Collin County),UNITED SERVICES AUTOMOBILE ASSOCIATION,tx-age65_married,580
tx-2025,TX,2025,https://www.helpinsure.com/auto.html,"raw/api/autoResults_75023_age65_married.json (POST https://www.helpinsure.com/api/autoResults, body in raw/api/manifest.json); record RPTG_INSR_ID=118 PLANKEY_ID=1157645952 field AUTO_SAMPLE_RATE_AMT",Plano 75023 (Collin County),USAA GENERAL INDEMNITY COMPANY,tx-age65_married,634
tx-2025,TX,2025,https://www.helpinsure.com/auto.html,"raw/api/autoResults_75023_age65_married.json (POST https://www.helpinsure.com/api/autoResults, body in raw/api/manifest.json); record RPTG_INSR_ID=102 PLANKEY_ID=1163477304 field AUTO_SAMPLE_RATE_AMT",Plano 75023 (Collin County),PROGRESSIVE COUNTY MUTUAL INSURANCE COMPANY / MGA: PROGRESSIVE COUNTY MUTUAL - DIRECT RATES,tx-age65_married,648
tx-2025,TX,2025,https://www.helpinsure.com/auto.html,"raw/api/autoResults_75023_age65_married.json (POST https://www.helpinsure.com/api/autoResults, body in raw/api/manifest.json); record RPTG_INSR_ID=112 PLANKEY_ID=1156019472 field AUTO_SAMPLE_RATE_AMT",Plano 75023 (Collin County),GARRISON PROPERTY AND CASUALTY INSURANCE COMPANY,tx-age65_married,687
tx-2025,TX,2025,https://www.helpinsure.com/auto.html,"raw/api/autoResults_75023_age65_married.json (POST https://www.helpinsure.com/api/autoResults, body in raw/api/manifest.json); record RPTG_INSR_ID=246 PLANKEY_ID=1162257768 field AUTO_SAMPLE_RATE_AMT",Plano 75023 (Collin County),GEICO TEXAS COUNTY MUTUAL INSURANCE COMPANY / MGA: Endeavor Corporation,tx-age65_married,697
tx-2025,TX,2025,https://www.helpinsure.com/auto.html,"raw/api/autoResults_75023_age65_married.json (POST https://www.helpinsure.com/api/autoResults, body in raw/api/manifest.json); record RPTG_INSR_ID=6 PLANKEY_ID=1164832488 field AUTO_SAMPLE_RATE_AMT",Plano 75023 (Collin County),ALLSTATE FIRE AND CASUALTY INSURANCE COMPANY,tx-age65_married,803
tx-2025,TX,2025,https://www.helpinsure.com/auto.html,"raw/api/autoResults_75023_age65_married.json (POST https://www.helpinsure.com/api/autoResults, body in raw/api/manifest.json); record RPTG_INSR_ID=138 PLANKEY_ID=1153306728 field AUTO_SAMPLE_RATE_AMT",Plano 75023 (Collin County),INFINITY COUNTY MUTUAL INSURANCE COMPANY,tx-age65_married,822
tx-2025,TX,2025,https://www.helpinsure.com/auto.html,"raw/api/autoResults_75023_age65_married.json (POST https://www.helpinsure.com/api/autoResults, body in raw/api/manifest.json); record RPTG_INSR_ID=238 PLANKEY_ID=1164289896 field AUTO_SAMPLE_RATE_AMT",Plano 75023 (Collin County),MID-CENTURY INSURANCE COMPANY OF TEXAS,tx-age65_married,864
tx-2025,TX,2025,https://www.helpinsure.com/auto.html,"raw/api/autoResults_75023_age65_married.json (POST https://www.helpinsure.com/api/autoResults, body in raw/api/manifest.json); record RPTG_INSR_ID=50 PLANKEY_ID=1149647472 field AUTO_SAMPLE_RATE_AMT",Plano 75023 (Collin County),STATE FARM MUTUAL AUTOMOBILE INSURANCE COMPANY,tx-age65_married,901
tx-2025,TX,2025,https://www.helpinsure.com/auto.html,"raw/api/autoResults_75023_age65_married.json (POST https://www.helpinsure.com/api/autoResults, body in raw/api/manifest.json); record RPTG_INSR_ID=32 PLANKEY_ID=1150458768 field AUTO_SAMPLE_RATE_AMT",Plano 75023 (Collin County),MERCURY COUNTY MUTUAL INSURANCE COMPANY,tx-age65_married,914
tx-2025,TX,2025,https://www.helpinsure.com/auto.html,"raw/api/autoResults_75023_age65_married.json (POST https://www.helpinsure.com/api/autoResults, body in raw/api/manifest.json); record RPTG_INSR_ID=173 PLANKEY_ID=1151679600 field AUTO_SAMPLE_RATE_AMT",Plano 75023 (Collin County),ECONOMY FIRE & CASUALTY COMPANY,tx-age65_married,977
tx-2025,TX,2025,https://www.helpinsure.com/auto.html,"raw/api/autoResults_75023_age65_married.json (POST https://www.helpinsure.com/api/autoResults, body in raw/api/manifest.json); record RPTG_INSR_ID=175 PLANKEY_ID=1163882952 field AUTO_SAMPLE_RATE_AMT",Plano 75023 (Collin County),FARMERS PROPERTY AND CASUALTY INSURANCE COMPANY,tx-age65_married,1063
tx-2025,TX,2025,https://www.helpinsure.com/auto.html,"raw/api/autoResults_75023_age65_married.json (POST https://www.helpinsure.com/api/autoResults, body in raw/api/manifest.json); record RPTG_INSR_ID=1 PLANKEY_ID=1148292288 field AUTO_SAMPLE_RATE_AMT",Plano 75023 (Collin County),AUTO CLUB COUNTY MUTUAL INSURANCE COMPANY,tx-age65_married,1123
tx-2025,TX,2025,https://www.helpinsure.com/auto.html,"raw/api/autoResults_75023_age65_married.json (POST https://www.helpinsure.com/api/autoResults, body in raw/api/manifest.json); record RPTG_INSR_ID=48 PLANKEY_ID=1150053120 field AUTO_SAMPLE_RATE_AMT",Plano 75023 (Collin County),STATE FARM COUNTY MUTUAL INSURANCE COMPANY OF TEXAS,tx-age65_married,1124
tx-2025,TX,2025,https://www.helpinsure.com/auto.html,"raw/api/autoResults_75023_age65_married.json (POST https://www.helpinsure.com/api/autoResults, body in raw/api/manifest.json); record RPTG_INSR_ID=219 PLANKEY_ID=1153712088 field AUTO_SAMPLE_RATE_AMT",Plano 75023 (Collin County),AMERICAN ACCESS CASUALTY COMPANY,tx-age65_married,1146
tx-2025,TX,2025,https://www.helpinsure.com/auto.html,"raw/api/autoResults_75023_age65_married.json (POST https://www.helpinsure.com/api/autoResults, body in raw/api/manifest.json); record RPTG_INSR_ID=5 PLANKEY_ID=1152899784 field AUTO_SAMPLE_RATE_AMT",Plano 75023 (Collin County),ALLSTATE COUNTY MUTUAL INSURANCE COMPANY,tx-age65_married,1211
tx-2025,TX,2025,https://www.helpinsure.com/auto.html,"raw/api/autoResults_75023_age65_married.json (POST https://www.helpinsure.com/api/autoResults, body in raw/api/manifest.json); record RPTG_INSR_ID=16 PLANKEY_ID=1151272656 field AUTO_SAMPLE_RATE_AMT",Plano 75023 (Collin County),CONSUMERS COUNTY MUTUAL INSURANCE COMPANY / MGA: Travelers Quantum Auto 2.0 Program,tx-age65_married,1288
tx-2025,TX,2025,https://www.helpinsure.com/auto.html,"raw/api/autoResults_75023_age65_married.json (POST https://www.helpinsure.com/api/autoResults, body in raw/api/manifest.json); record RPTG_INSR_ID=124 PLANKEY_ID=1165239432 field AUTO_SAMPLE_RATE_AMT",Plano 75023 (Collin County),CONSUMERS COUNTY MUTUAL INSURANCE COMPANY,tx-age65_married,1288
tx-2025,TX,2025,https://www.helpinsure.com/auto.html,"raw/api/autoResults_75023_age65_married.json (POST https://www.helpinsure.com/api/autoResults, body in raw/api/manifest.json); record RPTG_INSR_ID=104 PLANKEY_ID=1164695256 field AUTO_SAMPLE_RATE_AMT",Plano 75023 (Collin County),TEXAS AUTOMOBILE INSURANCE PLAN ASSOCIATION,tx-age65_married,1322
tx-2025,TX,2025,https://www.helpinsure.com/auto.html,"raw/api/autoResults_75023_age65_married.json (POST https://www.helpinsure.com/api/autoResults, body in raw/api/manifest.json); record RPTG_INSR_ID=209 PLANKEY_ID=1158866784 field AUTO_SAMPLE_RATE_AMT",Plano 75023 (Collin County),AMERICAN FAMILY CONNECT PROPERTY AND CASUALTY INSURANCE COMPANY,tx-age65_married,1330
tx-2025,TX,2025,https://www.helpinsure.com/auto.html,"raw/api/autoResults_75023_age65_married.json (POST https://www.helpinsure.com/api/autoResults, body in raw/api/manifest.json); record RPTG_INSR_ID=140 PLANKEY_ID=1152493488 field AUTO_SAMPLE_RATE_AMT",Plano 75023 (Collin County),FOREMOST COUNTY MUTUAL INSURANCE COMPANY,tx-age65_married,1532
tx-2025,TX,2025,https://www.helpinsure.com/auto.html,"raw/api/autoResults_75023_age65_married.json (POST https://www.helpinsure.com/api/autoResults, body in raw/api/manifest.json); record RPTG_INSR_ID=33 PLANKEY_ID=1158052896 field AUTO_SAMPLE_RATE_AMT",Plano 75023 (Collin County),FARMERS LLOYDS INSURANCE COMPANY OF TEXAS,tx-age65_married,1644
tx-2025,TX,2025,https://www.helpinsure.com/auto.html,"raw/api/autoResults_75023_age65_married.json (POST https://www.helpinsure.com/api/autoResults, body in raw/api/manifest.json); record RPTG_INSR_ID=215 PLANKEY_ID=1149510240 field AUTO_SAMPLE_RATE_AMT",Plano 75023 (Collin County),"MGA INSURANCE COMPANY, INC.",tx-age65_married,1659
tx-2025,TX,2025,https://www.helpinsure.com/auto.html,"raw/api/autoResults_75023_age65_married.json (POST https://www.helpinsure.com/api/autoResults, body in raw/api/manifest.json); record RPTG_INSR_ID=205 PLANKEY_ID=1148699232 field AUTO_SAMPLE_RATE_AMT",Plano 75023 (Collin County),DAIRYLAND COUNTY MUTUAL INSURANCE COMPANY OF TEXAS,tx-age65_married,2027
tx-2025,TX,2025,https://www.helpinsure.com/auto.html,"raw/api/autoResults_75023_age65_married.json (POST https://www.helpinsure.com/api/autoResults, body in raw/api/manifest.json); record RPTG_INSR_ID=123 PLANKEY_ID=1159273728 field AUTO_SAMPLE_RATE_AMT",Plano 75023 (Collin County),AMICA MUTUAL INSURANCE COMPANY,tx-age65_married,2115
tx-2025,TX,2025,https://www.helpinsure.com/auto.html,"raw/api/autoResults_75023_age65_married.json (POST https://www.helpinsure.com/api/autoResults, body in raw/api/manifest.json); record RPTG_INSR_ID=142 PLANKEY_ID=1150868304 field AUTO_SAMPLE_RATE_AMT",Plano 75023 (Collin County),"COLONIAL COUNTY MUTUAL INSURANCE COMPANY / MGA: Titan Insurance Services, Inc.",tx-age65_married,2199
tx-2025,TX,2025,https://www.helpinsure.com/auto.html,"raw/api/autoResults_75023_age65_married.json (POST https://www.helpinsure.com/api/autoResults, body in raw/api/manifest.json); record RPTG_INSR_ID=161 PLANKEY_ID=1147885344 field AUTO_SAMPLE_RATE_AMT",Plano 75023 (Collin County),AMICA PROPERTY AND CASUALTY INSURANCE COMPANY,tx-age65_married,2449
tx-2025,TX,2025,https://www.helpinsure.com/auto.html,"raw/api/autoResults_75023_age65_married.json (POST https://www.helpinsure.com/api/autoResults, body in raw/api/manifest.json); record RPTG_INSR_ID=155 PLANKEY_ID=1162664712 field AUTO_SAMPLE_RATE_AMT",Plano 75023 (Collin County),LIBERTY COUNTY MUTUAL INSURANCE COMPANY / MGA: Safeco General Agency (Safeco),tx-age65_married,2649
tx-2025,TX,2025,https://www.helpinsure.com/auto.html,"raw/api/autoResults_75023_age65_married.json (POST https://www.helpinsure.com/api/autoResults, body in raw/api/manifest.json); record RPTG_INSR_ID=45 PLANKEY_ID=1159680672 field AUTO_SAMPLE_RATE_AMT",Plano 75023 (Collin County),"SENTINEL INSURANCE COMPANY, LTD.",tx-age65_married,2810
tx-2025,TX,2025,https://www.helpinsure.com/auto.html,"raw/api/autoResults_75023_age65_married.json (POST https://www.helpinsure.com/api/autoResults, body in raw/api/manifest.json); record RPTG_INSR_ID=212 PLANKEY_ID=1158459840 field AUTO_SAMPLE_RATE_AMT",Plano 75023 (Collin County),ENCOMPASS INDEPENDENT INSURANCE COMPANY,tx-age65_married,3906
tx-2025,TX,2025,https://www.helpinsure.com/auto.html,"raw/api/autoResults_75023_base.json (POST https://www.helpinsure.com/api/autoResults, body in raw/api/manifest.json); record RPTG_INSR_ID=283 PLANKEY_ID=1161308070 field AUTO_SAMPLE_RATE_AMT",Plano 75023 (Collin County),GEICO TEXAS COUNTY MUTUAL INSURANCE COMPANY / MGA: Voyager Corporation,tx-base,407
tx-2025,TX,2025,https://www.helpinsure.com/auto.html,"raw/api/autoResults_75023_base.json (POST https://www.helpinsure.com/api/autoResults, body in raw/api/manifest.json); record RPTG_INSR_ID=282 PLANKEY_ID=1160087238 field AUTO_SAMPLE_RATE_AMT",Plano 75023 (Collin County),GEICO TEXAS COUNTY MUTUAL INSURANCE COMPANY / MGA: Horizon Corporation,tx-base,414
tx-2025,TX,2025,https://www.helpinsure.com/auto.html,"raw/api/autoResults_75023_base.json (POST https://www.helpinsure.com/api/autoResults, body in raw/api/manifest.json); record RPTG_INSR_ID=281 PLANKEY_ID=1160901126 field AUTO_SAMPLE_RATE_AMT",Plano 75023 (Collin County),GEICO TEXAS COUNTY MUTUAL INSURANCE COMPANY / MGA: Perspective Corporation,tx-base,442
tx-2025,TX,2025,https://www.helpinsure.com/auto.html,"raw/api/autoResults_75023_base.json (POST https://www.helpinsure.com/api/autoResults, body in raw/api/manifest.json); record RPTG_INSR_ID=21 PLANKEY_ID=1152086166 field AUTO_SAMPLE_RATE_AMT",Plano 75023 (Collin County),FARMERS TEXAS COUNTY MUTUAL INSURANCE COMPANY,tx-base,520
tx-2025,TX,2025,https://www.helpinsure.com/auto.html,"raw/api/autoResults_75023_base.json (POST https://www.helpinsure.com/api/autoResults, body in raw/api/manifest.json); record RPTG_INSR_ID=56 PLANKEY_ID=1156831686 field AUTO_SAMPLE_RATE_AMT",Plano 75023 (Collin County),UNITED SERVICES AUTOMOBILE ASSOCIATION,tx-base,657
tx-2025,TX,2025,https://www.helpinsure.com/auto.html,"raw/api/autoResults_75023_base.json (POST https://www.helpinsure.com/api/autoResults, body in raw/api/manifest.json); record RPTG_INSR_ID=119 PLANKEY_ID=1157238630 field AUTO_SAMPLE_RATE_AMT",Plano 75023 (Collin County),USAA CASUALTY INSURANCE COMPANY,tx-base,678
tx-2025,TX,2025,https://www.helpinsure.com/auto.html,"raw/api/autoResults_75023_base.json (POST https://www.helpinsure.com/api/autoResults, body in raw/api/manifest.json); record RPTG_INSR_ID=246 PLANKEY_ID=1162257390 field AUTO_SAMPLE_RATE_AMT",Plano 75023 (Collin County),GEICO TEXAS COUNTY MUTUAL INSURANCE COMPANY / MGA: Endeavor Corporation,tx-base,776
tx-2025,TX,2025,https://www.helpinsure.com/auto.html,"raw/api/autoResults_75023_base.json (POST https://www.helpinsure.com/api/autoResults, body in raw/api/manifest.json); record RPTG_INSR_ID=118 PLANKEY_ID=1157645574 field AUTO_SAMPLE_RATE_AMT",Plano 75023 (Collin County),USAA GENERAL INDEMNITY COMPANY,tx-base,779
tx-2025,TX,2025,https://www.helpinsure.com/auto.html,"raw/api/autoResults_75023_base.json (POST https://www.helpinsure.com/api/autoResults, body in raw/api/manifest.json); record RPTG_INSR_ID=41 PLANKEY_ID=1163071278 field AUTO_SAMPLE_RATE_AMT",Plano 75023 (Collin County),PROGRESSIVE COUNTY MUTUAL INSURANCE COMPANY,tx-base,785
tx-2025,TX,2025,https://www.helpinsure.com/auto.html,"raw/api/autoResults_75023_base.json (POST https://www.helpinsure.com/api/autoResults, body in raw/api/manifest.json); record RPTG_INSR_ID=112 PLANKEY_ID=1156019094 field AUTO_SAMPLE_RATE_AMT",Plano 75023 (Collin County),GARRISON PROPERTY AND CASUALTY INSURANCE COMPANY,tx-base,795
tx-2025,TX,2025,https://www.helpinsure.com/auto.html,"raw/api/autoResults_75023_base.json (POST https://www.helpinsure.com/api/autoResults, body in raw/api/manifest.json); record RPTG_INSR_ID=102 PLANKEY_ID=1163476926 field AUTO_SAMPLE_RATE_AMT",Plano 75023 (Collin County),PROGRESSIVE COUNTY MUTUAL INSURANCE COMPANY / MGA: PROGRESSIVE COUNTY MUTUAL - DIRECT RATES,tx-base,811
tx-2025,TX,2025,https://www.helpinsure.com/auto.html,"raw/api/autoResults_75023_base.json (POST https://www.helpinsure.com/api/autoResults, body in raw/api/manifest.json); record RPTG_INSR_ID=6 PLANKEY_ID=1164832110 field AUTO_SAMPLE_RATE_AMT",Plano 75023 (Collin County),ALLSTATE FIRE AND CASUALTY INSURANCE COMPANY,tx-base,892
tx-2025,TX,2025,https://www.helpinsure.com/auto.html,"raw/api/autoResults_75023_base.json (POST https://www.helpinsure.com/api/autoResults, body in raw/api/manifest.json); record RPTG_INSR_ID=138 PLANKEY_ID=1153306350 field AUTO_SAMPLE_RATE_AMT",Plano 75023 (Collin County),INFINITY COUNTY MUTUAL INSURANCE COMPANY,tx-base,949
tx-2025,TX,2025,https://www.helpinsure.com/auto.html,"raw/api/autoResults_75023_base.json (POST https://www.helpinsure.com/api/autoResults, body in raw/api/manifest.json); record RPTG_INSR_ID=50 PLANKEY_ID=1149647094 field AUTO_SAMPLE_RATE_AMT",Plano 75023 (Collin County),STATE FARM MUTUAL AUTOMOBILE INSURANCE COMPANY,tx-base,959
tx-2025,TX,2025,https://www.helpinsure.com/auto.html,"raw/api/autoResults_75023_base.json (POST https://www.helpinsure.com/api/autoResults, body in raw/api/manifest.json); record RPTG_INSR_ID=238 PLANKEY_ID=1164289518 field AUTO_SAMPLE_RATE_AMT",Plano 75023 (Collin County),MID-CENTURY INSURANCE COMPANY OF TEXAS,tx-base,987
tx-2025,TX,2025,https://www.helpinsure.com/auto.html,"raw/api/autoResults_75023_base.json (POST https://www.helpinsure.com/api/autoResults, body in raw/api/manifest.json); record RPTG_INSR_ID=219 PLANKEY_ID=1153711962 field AUTO_SAMPLE_RATE_AMT",Plano 75023 (Collin County),AMERICAN ACCESS CASUALTY COMPANY,tx-base,1154
tx-2025,TX,2025,https://www.helpinsure.com/auto.html,"raw/api/autoResults_75023_base.json (POST https://www.helpinsure.com/api/autoResults, body in raw/api/manifest.json); record RPTG_INSR_ID=5 PLANKEY_ID=1152899406 field AUTO_SAMPLE_RATE_AMT",Plano 75023 (Collin County),ALLSTATE COUNTY MUTUAL INSURANCE COMPANY,tx-base,1186
tx-2025,TX,2025,https://www.helpinsure.com/auto.html,"raw/api/autoResults_75023_base.json (POST https://www.helpinsure.com/api/autoResults, body in raw/api/manifest.json); record RPTG_INSR_ID=48 PLANKEY_ID=1150052742 field AUTO_SAMPLE_RATE_AMT",Plano 75023 (Collin County),STATE FARM COUNTY MUTUAL INSURANCE COMPANY OF TEXAS,tx-base,1228
tx-2025,TX,2025,https://www.helpinsure.com/auto.html,"raw/api/autoResults_75023_base.json (POST https://www.helpinsure.com/api/autoResults, body in raw/api/manifest.json); record RPTG_INSR_ID=1 PLANKEY_ID=1148291910 field AUTO_SAMPLE_RATE_AMT",Plano 75023 (Collin County),AUTO CLUB COUNTY MUTUAL INSURANCE COMPANY,tx-base,1255
tx-2025,TX,2025,https://www.helpinsure.com/auto.html,"raw/api/autoResults_75023_base.json (POST https://www.helpinsure.com/api/autoResults, body in raw/api/manifest.json); record RPTG_INSR_ID=32 PLANKEY_ID=1150458390 field AUTO_SAMPLE_RATE_AMT",Plano 75023 (Collin County),MERCURY COUNTY MUTUAL INSURANCE COMPANY,tx-base,1284
tx-2025,TX,2025,https://www.helpinsure.com/auto.html,"raw/api/autoResults_75023_base.json (POST https://www.helpinsure.com/api/autoResults, body in raw/api/manifest.json); record RPTG_INSR_ID=175 PLANKEY_ID=1163882574 field AUTO_SAMPLE_RATE_AMT",Plano 75023 (Collin County),FARMERS PROPERTY AND CASUALTY INSURANCE COMPANY,tx-base,1289
tx-2025,TX,2025,https://www.helpinsure.com/auto.html,"raw/api/autoResults_75023_base.json (POST https://www.helpinsure.com/api/autoResults, body in raw/api/manifest.json); record RPTG_INSR_ID=104 PLANKEY_ID=1164695130 field AUTO_SAMPLE_RATE_AMT",Plano 75023 (Collin County),TEXAS AUTOMOBILE INSURANCE PLAN ASSOCIATION,tx-base,1322
tx-2025,TX,2025,https://www.helpinsure.com/auto.html,"raw/api/autoResults_75023_base.json (POST https://www.helpinsure.com/api/autoResults, body in raw/api/manifest.json); record RPTG_INSR_ID=16 PLANKEY_ID=1151272278 field AUTO_SAMPLE_RATE_AMT",Plano 75023 (Collin County),CONSUMERS COUNTY MUTUAL INSURANCE COMPANY / MGA: Travelers Quantum Auto 2.0 Program,tx-base,1351
tx-2025,TX,2025,https://www.helpinsure.com/auto.html,"raw/api/autoResults_75023_base.json (POST https://www.helpinsure.com/api/autoResults, body in raw/api/manifest.json); record RPTG_INSR_ID=124 PLANKEY_ID=1165239054 field AUTO_SAMPLE_RATE_AMT",Plano 75023 (Collin County),CONSUMERS COUNTY MUTUAL INSURANCE COMPANY,tx-base,1351
tx-2025,TX,2025,https://www.helpinsure.com/auto.html,"raw/api/autoResults_75023_base.json (POST https://www.helpinsure.com/api/autoResults, body in raw/api/manifest.json); record RPTG_INSR_ID=173 PLANKEY_ID=1151679222 field AUTO_SAMPLE_RATE_AMT",Plano 75023 (Collin County),ECONOMY FIRE & CASUALTY COMPANY,tx-base,1352
tx-2025,TX,2025,https://www.helpinsure.com/auto.html,"raw/api/autoResults_75023_base.json (POST https://www.helpinsure.com/api/autoResults, body in raw/api/manifest.json); record RPTG_INSR_ID=209 PLANKEY_ID=1158866406 field AUTO_SAMPLE_RATE_AMT",Plano 75023 (Collin County),AMERICAN FAMILY CONNECT PROPERTY AND CASUALTY INSURANCE COMPANY,tx-base,1520
tx-2025,TX,2025,https://www.helpinsure.com/auto.html,"raw/api/autoResults_75023_base.json (POST https://www.helpinsure.com/api/autoResults, body in raw/api/manifest.json); record RPTG_INSR_ID=140 PLANKEY_ID=1152493110 field AUTO_SAMPLE_RATE_AMT",Plano 75023 (Collin County),FOREMOST COUNTY MUTUAL INSURANCE COMPANY,tx-base,1634
tx-2025,TX,2025,https://www.helpinsure.com/auto.html,"raw/api/autoResults_75023_base.json (POST https://www.helpinsure.com/api/autoResults, body in raw/api/manifest.json); record RPTG_INSR_ID=215 PLANKEY_ID=1149510114 field AUTO_SAMPLE_RATE_AMT",Plano 75023 (Collin County),"MGA INSURANCE COMPANY, INC.",tx-base,1798
tx-2025,TX,2025,https://www.helpinsure.com/auto.html,"raw/api/autoResults_75023_base.json (POST https://www.helpinsure.com/api/autoResults, body in raw/api/manifest.json); record RPTG_INSR_ID=33 PLANKEY_ID=1158052518 field AUTO_SAMPLE_RATE_AMT",Plano 75023 (Collin County),FARMERS LLOYDS INSURANCE COMPANY OF TEXAS,tx-base,2044
tx-2025,TX,2025,https://www.helpinsure.com/auto.html,"raw/api/autoResults_75023_base.json (POST https://www.helpinsure.com/api/autoResults, body in raw/api/manifest.json); record RPTG_INSR_ID=123 PLANKEY_ID=1159273350 field AUTO_SAMPLE_RATE_AMT",Plano 75023 (Collin County),AMICA MUTUAL INSURANCE COMPANY,tx-base,2226
tx-2025,TX,2025,https://www.helpinsure.com/auto.html,"raw/api/autoResults_75023_base.json (POST https://www.helpinsure.com/api/autoResults, body in raw/api/manifest.json); record RPTG_INSR_ID=142 PLANKEY_ID=1150867926 field AUTO_SAMPLE_RATE_AMT",Plano 75023 (Collin County),"COLONIAL COUNTY MUTUAL INSURANCE COMPANY / MGA: Titan Insurance Services, Inc.",tx-base,2308
tx-2025,TX,2025,https://www.helpinsure.com/auto.html,"raw/api/autoResults_75023_base.json (POST https://www.helpinsure.com/api/autoResults, body in raw/api/manifest.json); record RPTG_INSR_ID=161 PLANKEY_ID=1147884966 field AUTO_SAMPLE_RATE_AMT",Plano 75023 (Collin County),AMICA PROPERTY AND CASUALTY INSURANCE COMPANY,tx-base,2577
tx-2025,TX,2025,https://www.helpinsure.com/auto.html,"raw/api/autoResults_75023_base.json (POST https://www.helpinsure.com/api/autoResults, body in raw/api/manifest.json); record RPTG_INSR_ID=205 PLANKEY_ID=1148698854 field AUTO_SAMPLE_RATE_AMT",Plano 75023 (Collin County),DAIRYLAND COUNTY MUTUAL INSURANCE COMPANY OF TEXAS,tx-base,2760
tx-2025,TX,2025,https://www.helpinsure.com/auto.html,"raw/api/autoResults_75023_base.json (POST https://www.helpinsure.com/api/autoResults, body in raw/api/manifest.json); record RPTG_INSR_ID=155 PLANKEY_ID=1162664334 field AUTO_SAMPLE_RATE_AMT",Plano 75023 (Collin County),LIBERTY COUNTY MUTUAL INSURANCE COMPANY / MGA: Safeco General Agency (Safeco),tx-base,2908
tx-2025,TX,2025,https://www.helpinsure.com/auto.html,"raw/api/autoResults_75023_base.json (POST https://www.helpinsure.com/api/autoResults, body in raw/api/manifest.json); record RPTG_INSR_ID=45 PLANKEY_ID=1159680294 field AUTO_SAMPLE_RATE_AMT",Plano 75023 (Collin County),"SENTINEL INSURANCE COMPANY, LTD.",tx-base,3380
tx-2025,TX,2025,https://www.helpinsure.com/auto.html,"raw/api/autoResults_75023_base.json (POST https://www.helpinsure.com/api/autoResults, body in raw/api/manifest.json); record RPTG_INSR_ID=212 PLANKEY_ID=1158459462 field AUTO_SAMPLE_RATE_AMT",Plano 75023 (Collin County),ENCOMPASS INDEPENDENT INSURANCE COMPANY,tx-base,4115
tx-2025,TX,2025,https://www.helpinsure.com/auto.html,"raw/api/autoResults_75023_creditGood.json (POST https://www.helpinsure.com/api/autoResults, body in raw/api/manifest.json); record RPTG_INSR_ID=283 PLANKEY_ID=1161308073 field AUTO_SAMPLE_RATE_AMT",Plano 75023 (Collin County),GEICO TEXAS COUNTY MUTUAL INSURANCE COMPANY / MGA: Voyager Corporation,tx-creditGood,333
tx-2025,TX,2025,https://www.helpinsure.com/auto.html,"raw/api/autoResults_75023_creditGood.json (POST https://www.helpinsure.com/api/autoResults, body in raw/api/manifest.json); record RPTG_INSR_ID=282 PLANKEY_ID=1160087241 field AUTO_SAMPLE_RATE_AMT",Plano 75023 (Collin County),GEICO TEXAS COUNTY MUTUAL INSURANCE COMPANY / MGA: Horizon Corporation,tx-creditGood,339
tx-2025,TX,2025,https://www.helpinsure.com/auto.html,"raw/api/autoResults_75023_creditGood.json (POST https://www.helpinsure.com/api/autoResults, body in raw/api/manifest.json); record RPTG_INSR_ID=281 PLANKEY_ID=1160901129 field AUTO_SAMPLE_RATE_AMT",Plano 75023 (Collin County),GEICO TEXAS COUNTY MUTUAL INSURANCE COMPANY / MGA: Perspective Corporation,tx-creditGood,371
tx-2025,TX,2025,https://www.helpinsure.com/auto.html,"raw/api/autoResults_75023_creditGood.json (POST https://www.helpinsure.com/api/autoResults, body in raw/api/manifest.json); record RPTG_INSR_ID=56 PLANKEY_ID=1156831689 field AUTO_SAMPLE_RATE_AMT",Plano 75023 (Collin County),UNITED SERVICES AUTOMOBILE ASSOCIATION,tx-creditGood,575
tx-2025,TX,2025,https://www.helpinsure.com/auto.html,"raw/api/autoResults_75023_creditGood.json (POST https://www.helpinsure.com/api/autoResults, body in raw/api/manifest.json); record RPTG_INSR_ID=119 PLANKEY_ID=1157238633 field AUTO_SAMPLE_RATE_AMT",Plano 75023 (Collin County),USAA CASUALTY INSURANCE COMPANY,tx-creditGood,579
tx-2025,TX,2025,https://www.helpinsure.com/auto.html,"raw/api/autoResults_75023_creditGood.json (POST https://www.helpinsure.com/api/autoResults, body in raw/api/manifest.json); record RPTG_INSR_ID=118 PLANKEY_ID=1157645577 field AUTO_SAMPLE_RATE_AMT",Plano 75023 (Collin County),USAA GENERAL INDEMNITY COMPANY,tx-creditGood,608
tx-2025,TX,2025,https://www.helpinsure.com/auto.html,"raw/api/autoResults_75023_creditGood.json (POST https://www.helpinsure.com/api/autoResults, body in raw/api/manifest.json); record RPTG_INSR_ID=21 PLANKEY_ID=1152086169 field AUTO_SAMPLE_RATE_AMT",Plano 75023 (Collin County),FARMERS TEXAS COUNTY MUTUAL INSURANCE COMPANY,tx-creditGood,612
tx-2025,TX,2025,https://www.helpinsure.com/auto.html,"raw/api/autoResults_75023_creditGood.json (POST https://www.helpinsure.com/api/autoResults, body in raw/api/manifest.json); record RPTG_INSR_ID=246 PLANKEY_ID=1162257393 field AUTO_SAMPLE_RATE_AMT",Plano 75023 (Collin County),GEICO TEXAS COUNTY MUTUAL INSURANCE COMPANY / MGA: Endeavor Corporation,tx-creditGood,633
tx-2025,TX,2025,https://www.helpinsure.com/auto.html,"raw/api/autoResults_75023_creditGood.json (POST https://www.helpinsure.com/api/autoResults, body in raw/api/manifest.json); record RPTG_INSR_ID=112 PLANKEY_ID=1156019097 field AUTO_SAMPLE_RATE_AMT",Plano 75023 (Collin County),GARRISON PROPERTY AND CASUALTY INSURANCE COMPANY,tx-creditGood,659
tx-2025,TX,2025,https://www.helpinsure.com/auto.html,"raw/api/autoResults_75023_creditGood.json (POST https://www.helpinsure.com/api/autoResults, body in raw/api/manifest.json); record RPTG_INSR_ID=6 PLANKEY_ID=1164832113 field AUTO_SAMPLE_RATE_AMT",Plano 75023 (Collin County),ALLSTATE FIRE AND CASUALTY INSURANCE COMPANY,tx-creditGood,702
tx-2025,TX,2025,https://www.helpinsure.com/auto.html,"raw/api/autoResults_75023_creditGood.json (POST https://www.helpinsure.com/api/autoResults, body in raw/api/manifest.json); record RPTG_INSR_ID=41 PLANKEY_ID=1163071281 field AUTO_SAMPLE_RATE_AMT",Plano 75023 (Collin County),PROGRESSIVE COUNTY MUTUAL INSURANCE COMPANY,tx-creditGood,709
tx-2025,TX,2025,https://www.helpinsure.com/auto.html,"raw/api/autoResults_75023_creditGood.json (POST https://www.helpinsure.com/api/autoResults, body in raw/api/manifest.json); record RPTG_INSR_ID=102 PLANKEY_ID=1163476929 field AUTO_SAMPLE_RATE_AMT",Plano 75023 (Collin County),PROGRESSIVE COUNTY MUTUAL INSURANCE COMPANY / MGA: PROGRESSIVE COUNTY MUTUAL - DIRECT RATES,tx-creditGood,752
tx-2025,TX,2025,https://www.helpinsure.com/auto.html,"raw/api/autoResults_75023_creditGood.json (POST https://www.helpinsure.com/api/autoResults, body in raw/api/manifest.json); record RPTG_INSR_ID=50 PLANKEY_ID=1149647097 field AUTO_SAMPLE_RATE_AMT",Plano 75023 (Collin County),STATE FARM MUTUAL AUTOMOBILE INSURANCE COMPANY,tx-creditGood,789
tx-2025,TX,2025,https://www.helpinsure.com/auto.html,"raw/api/autoResults_75023_creditGood.json (POST https://www.helpinsure.com/api/autoResults, body in raw/api/manifest.json); record RPTG_INSR_ID=238 PLANKEY_ID=1164289521 field AUTO_SAMPLE_RATE_AMT",Plano 75023 (Collin County),MID-CENTURY INSURANCE COMPANY OF TEXAS,tx-creditGood,814
tx-2025,TX,2025,https://www.helpinsure.com/auto.html,"raw/api/autoResults_75023_creditGood.json (POST https://www.helpinsure.com/api/autoResults, body in raw/api/manifest.json); record RPTG_INSR_ID=138 PLANKEY_ID=1153306353 field AUTO_SAMPLE_RATE_AMT",Plano 75023 (Collin County),INFINITY COUNTY MUTUAL INSURANCE COMPANY,tx-creditGood,874
tx-2025,TX,2025,https://www.helpinsure.com/auto.html,"raw/api/autoResults_75023_creditGood.json (POST https://www.helpinsure.com/api/autoResults, body in raw/api/manifest.json); record RPTG_INSR_ID=16 PLANKEY_ID=1151272281 field AUTO_SAMPLE_RATE_AMT",Plano 75023 (Collin County),CONSUMERS COUNTY MUTUAL INSURANCE COMPANY / MGA: Travelers Quantum Auto 2.0 Program,tx-creditGood,906
tx-2025,TX,2025,https://www.helpinsure.com/auto.html,"raw/api/autoResults_75023_creditGood.json (POST https://www.helpinsure.com/api/autoResults, body in raw/api/manifest.json); record RPTG_INSR_ID=124 PLANKEY_ID=1165239057 field AUTO_SAMPLE_RATE_AMT",Plano 75023 (Collin County),CONSUMERS COUNTY MUTUAL INSURANCE COMPANY,tx-creditGood,906
tx-2025,TX,2025,https://www.helpinsure.com/auto.html,"raw/api/autoResults_75023_creditGood.json (POST https://www.helpinsure.com/api/autoResults, body in raw/api/manifest.json); record RPTG_INSR_ID=48 PLANKEY_ID=1150052745 field AUTO_SAMPLE_RATE_AMT",Plano 75023 (Collin County),STATE FARM COUNTY MUTUAL INSURANCE COMPANY OF TEXAS,tx-creditGood,1005
tx-2025,TX,2025,https://www.helpinsure.com/auto.html,"raw/api/autoResults_75023_creditGood.json (POST https://www.helpinsure.com/api/autoResults, body in raw/api/manifest.json); record RPTG_INSR_ID=173 PLANKEY_ID=1151679225 field AUTO_SAMPLE_RATE_AMT",Plano 75023 (Collin County),ECONOMY FIRE & CASUALTY COMPANY,tx-creditGood,1022
tx-2025,TX,2025,https://www.helpinsure.com/auto.html,"raw/api/autoResults_75023_creditGood.json (POST https://www.helpinsure.com/api/autoResults, body in raw/api/manifest.json); record RPTG_INSR_ID=32 PLANKEY_ID=1150458393 field AUTO_SAMPLE_RATE_AMT",Plano 75023 (Collin County),MERCURY COUNTY MUTUAL INSURANCE COMPANY,tx-creditGood,1042
tx-2025,TX,2025,https://www.helpinsure.com/auto.html,"raw/api/autoResults_75023_creditGood.json (POST https://www.helpinsure.com/api/autoResults, body in raw/api/manifest.json); record RPTG_INSR_ID=175 PLANKEY_ID=1163882577 field AUTO_SAMPLE_RATE_AMT",Plano 75023 (Collin County),FARMERS PROPERTY AND CASUALTY INSURANCE COMPANY,tx-creditGood,1086
tx-2025,TX,2025,https://www.helpinsure.com/auto.html,"raw/api/autoResults_75023_creditGood.json (POST https://www.helpinsure.com/api/autoResults, body in raw/api/manifest.json); record RPTG_INSR_ID=1 PLANKEY_ID=1148291913 field AUTO_SAMPLE_RATE_AMT",Plano 75023 (Collin County),AUTO CLUB COUNTY MUTUAL INSURANCE COMPANY,tx-creditGood,1105
tx-2025,TX,2025,https://www.helpinsure.com/auto.html,"raw/api/autoResults_75023_creditGood.json (POST https://www.helpinsure.com/api/autoResults, body in raw/api/manifest.json); record RPTG_INSR_ID=5 PLANKEY_ID=1152899409 field AUTO_SAMPLE_RATE_AMT",Plano 75023 (Collin County),ALLSTATE COUNTY MUTUAL INSURANCE COMPANY,tx-creditGood,1117
tx-2025,TX,2025,https://www.helpinsure.com/auto.html,"raw/api/autoResults_75023_creditGood.json (POST https://www.helpinsure.com/api/autoResults, body in raw/api/manifest.json); record RPTG_INSR_ID=219 PLANKEY_ID=1153711965 field AUTO_SAMPLE_RATE_AMT",Plano 75023 (Collin County),AMERICAN ACCESS CASUALTY COMPANY,tx-creditGood,1154
tx-2025,TX,2025,https://www.helpinsure.com/auto.html,"raw/api/autoResults_75023_creditGood.json (POST https://www.helpinsure.com/api/autoResults, body in raw/api/manifest.json); record RPTG_INSR_ID=104 PLANKEY_ID=1164695133 field AUTO_SAMPLE_RATE_AMT",Plano 75023 (Collin County),TEXAS AUTOMOBILE INSURANCE PLAN ASSOCIATION,tx-creditGood,1322
tx-2025,TX,2025,https://www.helpinsure.com/auto.html,"raw/api/autoResults_75023_creditGood.json (POST https://www.helpinsure.com/api/autoResults, body in raw/api/manifest.json); record RPTG_INSR_ID=140 PLANKEY_ID=1152493113 field AUTO_SAMPLE_RATE_AMT",Plano 75023 (Collin County),FOREMOST COUNTY MUTUAL INSURANCE COMPANY,tx-creditGood,1337
tx-2025,TX,2025,https://www.helpinsure.com/auto.html,"raw/api/autoResults_75023_creditGood.json (POST https://www.helpinsure.com/api/autoResults, body in raw/api/manifest.json); record RPTG_INSR_ID=209 PLANKEY_ID=1158866409 field AUTO_SAMPLE_RATE_AMT",Plano 75023 (Collin County),AMERICAN FAMILY CONNECT PROPERTY AND CASUALTY INSURANCE COMPANY,tx-creditGood,1358
tx-2025,TX,2025,https://www.helpinsure.com/auto.html,"raw/api/autoResults_75023_creditGood.json (POST https://www.helpinsure.com/api/autoResults, body in raw/api/manifest.json); record RPTG_INSR_ID=33 PLANKEY_ID=1158052521 field AUTO_SAMPLE_RATE_AMT",Plano 75023 (Collin County),FARMERS LLOYDS INSURANCE COMPANY OF TEXAS,tx-creditGood,1434
tx-2025,TX,2025,https://www.helpinsure.com/auto.html,"raw/api/autoResults_75023_creditGood.json (POST https://www.helpinsure.com/api/autoResults, body in raw/api/manifest.json); record RPTG_INSR_ID=123 PLANKEY_ID=1159273353 field AUTO_SAMPLE_RATE_AMT",Plano 75023 (Collin County),AMICA MUTUAL INSURANCE COMPANY,tx-creditGood,1593
tx-2025,TX,2025,https://www.helpinsure.com/auto.html,"raw/api/autoResults_75023_creditGood.json (POST https://www.helpinsure.com/api/autoResults, body in raw/api/manifest.json); record RPTG_INSR_ID=215 PLANKEY_ID=1149510117 field AUTO_SAMPLE_RATE_AMT",Plano 75023 (Collin County),"MGA INSURANCE COMPANY, INC.",tx-creditGood,1602
tx-2025,TX,2025,https://www.helpinsure.com/auto.html,"raw/api/autoResults_75023_creditGood.json (POST https://www.helpinsure.com/api/autoResults, body in raw/api/manifest.json); record RPTG_INSR_ID=161 PLANKEY_ID=1147884969 field AUTO_SAMPLE_RATE_AMT",Plano 75023 (Collin County),AMICA PROPERTY AND CASUALTY INSURANCE COMPANY,tx-creditGood,1733
tx-2025,TX,2025,https://www.helpinsure.com/auto.html,"raw/api/autoResults_75023_creditGood.json (POST https://www.helpinsure.com/api/autoResults, body in raw/api/manifest.json); record RPTG_INSR_ID=142 PLANKEY_ID=1150867929 field AUTO_SAMPLE_RATE_AMT",Plano 75023 (Collin County),"COLONIAL COUNTY MUTUAL INSURANCE COMPANY / MGA: Titan Insurance Services, Inc.",tx-creditGood,1889
tx-2025,TX,2025,https://www.helpinsure.com/auto.html,"raw/api/autoResults_75023_creditGood.json (POST https://www.helpinsure.com/api/autoResults, body in raw/api/manifest.json); record RPTG_INSR_ID=155 PLANKEY_ID=1162664337 field AUTO_SAMPLE_RATE_AMT",Plano 75023 (Collin County),LIBERTY COUNTY MUTUAL INSURANCE COMPANY / MGA: Safeco General Agency (Safeco),tx-creditGood,2131
tx-2025,TX,2025,https://www.helpinsure.com/auto.html,"raw/api/autoResults_75023_creditGood.json (POST https://www.helpinsure.com/api/autoResults, body in raw/api/manifest.json); record RPTG_INSR_ID=205 PLANKEY_ID=1148698857 field AUTO_SAMPLE_RATE_AMT",Plano 75023 (Collin County),DAIRYLAND COUNTY MUTUAL INSURANCE COMPANY OF TEXAS,tx-creditGood,2443
tx-2025,TX,2025,https://www.helpinsure.com/auto.html,"raw/api/autoResults_75023_creditGood.json (POST https://www.helpinsure.com/api/autoResults, body in raw/api/manifest.json); record RPTG_INSR_ID=45 PLANKEY_ID=1159680297 field AUTO_SAMPLE_RATE_AMT",Plano 75023 (Collin County),"SENTINEL INSURANCE COMPANY, LTD.",tx-creditGood,2486
tx-2025,TX,2025,https://www.helpinsure.com/auto.html,"raw/api/autoResults_75023_creditGood.json (POST https://www.helpinsure.com/api/autoResults, body in raw/api/manifest.json); record RPTG_INSR_ID=212 PLANKEY_ID=1158459465 field AUTO_SAMPLE_RATE_AMT",Plano 75023 (Collin County),ENCOMPASS INDEPENDENT INSURANCE COMPANY,tx-creditGood,4115
tx-2025,TX,2025,https://www.helpinsure.com/auto.html,"raw/api/autoResults_75023_creditPoor.json (POST https://www.helpinsure.com/api/autoResults, body in raw/api/manifest.json); record RPTG_INSR_ID=21 PLANKEY_ID=1152086163 field AUTO_SAMPLE_RATE_AMT",Plano 75023 (Collin County),FARMERS TEXAS COUNTY MUTUAL INSURANCE COMPANY,tx-creditPoor,416
tx-2025,TX,2025,https://www.helpinsure.com/auto.html,"raw/api/autoResults_75023_creditPoor.json (POST https://www.helpinsure.com/api/autoResults, body in raw/api/manifest.json); record RPTG_INSR_ID=283 PLANKEY_ID=1161308067 field AUTO_SAMPLE_RATE_AMT",Plano 75023 (Collin County),GEICO TEXAS COUNTY MUTUAL INSURANCE COMPANY / MGA: Voyager Corporation,tx-creditPoor,507
tx-2025,TX,2025,https://www.helpinsure.com/auto.html,"raw/api/autoResults_75023_creditPoor.json (POST https://www.helpinsure.com/api/autoResults, body in raw/api/manifest.json); record RPTG_INSR_ID=282 PLANKEY_ID=1160087235 field AUTO_SAMPLE_RATE_AMT",Plano 75023 (Collin County),GEICO TEXAS COUNTY MUTUAL INSURANCE COMPANY / MGA: Horizon Corporation,tx-creditPoor,515
tx-2025,TX,2025,https://www.helpinsure.com/auto.html,"raw/api/autoResults_75023_creditPoor.json (POST https://www.helpinsure.com/api/autoResults, body in raw/api/manifest.json); record RPTG_INSR_ID=281 PLANKEY_ID=1160901123 field AUTO_SAMPLE_RATE_AMT",Plano 75023 (Collin County),GEICO TEXAS COUNTY MUTUAL INSURANCE COMPANY / MGA: Perspective Corporation,tx-creditPoor,541
tx-2025,TX,2025,https://www.helpinsure.com/auto.html,"raw/api/autoResults_75023_creditPoor.json (POST https://www.helpinsure.com/api/autoResults, body in raw/api/manifest.json); record RPTG_INSR_ID=118 PLANKEY_ID=1157645571 field AUTO_SAMPLE_RATE_AMT",Plano 75023 (Collin County),USAA GENERAL INDEMNITY COMPANY,tx-creditPoor,807
tx-2025,TX,2025,https://www.helpinsure.com/auto.html,"raw/api/autoResults_75023_creditPoor.json (POST https://www.helpinsure.com/api/autoResults, body in raw/api/manifest.json); record RPTG_INSR_ID=56 PLANKEY_ID=1156831683 field AUTO_SAMPLE_RATE_AMT",Plano 75023 (Collin County),UNITED SERVICES AUTOMOBILE ASSOCIATION,tx-creditPoor,864
tx-2025,TX,2025,https://www.helpinsure.com/auto.html,"raw/api/autoResults_75023_creditPoor.json (POST https://www.helpinsure.com/api/autoResults, body in raw/api/manifest.json); record RPTG_INSR_ID=119 PLANKEY_ID=1157238627 field AUTO_SAMPLE_RATE_AMT",Plano 75023 (Collin County),USAA CASUALTY INSURANCE COMPANY,tx-creditPoor,905
tx-2025,TX,2025,https://www.helpinsure.com/auto.html,"raw/api/autoResults_75023_creditPoor.json (POST https://www.helpinsure.com/api/autoResults, body in raw/api/manifest.json); record RPTG_INSR_ID=246 PLANKEY_ID=1162257387 field AUTO_SAMPLE_RATE_AMT",Plano 75023 (Collin County),GEICO TEXAS COUNTY MUTUAL INSURANCE COMPANY / MGA: Endeavor Corporation,tx-creditPoor,911
tx-2025,TX,2025,https://www.helpinsure.com/auto.html,"raw/api/autoResults_75023_creditPoor.json (POST https://www.helpinsure.com/api/autoResults, body in raw/api/manifest.json); record RPTG_INSR_ID=102 PLANKEY_ID=1163476923 field AUTO_SAMPLE_RATE_AMT",Plano 75023 (Collin County),PROGRESSIVE COUNTY MUTUAL INSURANCE COMPANY / MGA: PROGRESSIVE COUNTY MUTUAL - DIRECT RATES,tx-creditPoor,949
tx-2025,TX,2025,https://www.helpinsure.com/auto.html,"raw/api/autoResults_75023_creditPoor.json (POST https://www.helpinsure.com/api/autoResults, body in raw/api/manifest.json); record RPTG_INSR_ID=41 PLANKEY_ID=1163071275 field AUTO_SAMPLE_RATE_AMT",Plano 75023 (Collin County),PROGRESSIVE COUNTY MUTUAL INSURANCE COMPANY,tx-creditPoor,961
tx-2025,TX,2025,https://www.helpinsure.com/auto.html,"raw/api/autoResults_75023_creditPoor.json (POST https://www.helpinsure.com/api/autoResults, body in raw/api/manifest.json); record RPTG_INSR_ID=112 PLANKEY_ID=1156019091 field AUTO_SAMPLE_RATE_AMT",Plano 75023 (Collin County),GARRISON PROPERTY AND CASUALTY INSURANCE COMPANY,tx-creditPoor,1014
tx-2025,TX,2025,https://www.helpinsure.com/auto.html,"raw/api/autoResults_75023_creditPoor.json (POST https://www.helpinsure.com/api/autoResults, body in raw/api/manifest.json); record RPTG_INSR_ID=6 PLANKEY_ID=1164832107 field AUTO_SAMPLE_RATE_AMT",Plano 75023 (Collin County),ALLSTATE FIRE AND CASUALTY INSURANCE COMPANY,tx-creditPoor,1061
tx-2025,TX,2025,https://www.helpinsure.com/auto.html,"raw/api/autoResults_75023_creditPoor.json (POST https://www.helpinsure.com/api/autoResults, body in raw/api/manifest.json); record RPTG_INSR_ID=138 PLANKEY_ID=1153306347 field AUTO_SAMPLE_RATE_AMT",Plano 75023 (Collin County),INFINITY COUNTY MUTUAL INSURANCE COMPANY,tx-creditPoor,1135
tx-2025,TX,2025,https://www.helpinsure.com/auto.html,"raw/api/autoResults_75023_creditPoor.json (POST https://www.helpinsure.com/api/autoResults, body in raw/api/manifest.json); record RPTG_INSR_ID=238 PLANKEY_ID=1164289515 field AUTO_SAMPLE_RATE_AMT",Plano 75023 (Collin County),MID-CENTURY INSURANCE COMPANY OF TEXAS,tx-creditPoor,1151
tx-2025,TX,2025,https://www.helpinsure.com/auto.html,"raw/api/autoResults_75023_creditPoor.json (POST https://www.helpinsure.com/api/autoResults, body in raw/api/manifest.json); record RPTG_INSR_ID=219 PLANKEY_ID=1153711959 field AUTO_SAMPLE_RATE_AMT",Plano 75023 (Collin County),AMERICAN ACCESS CASUALTY COMPANY,tx-creditPoor,1154
tx-2025,TX,2025,https://www.helpinsure.com/auto.html,"raw/api/autoResults_75023_creditPoor.json (POST https://www.helpinsure.com/api/autoResults, body in raw/api/manifest.json); record RPTG_INSR_ID=50 PLANKEY_ID=1149647091 field AUTO_SAMPLE_RATE_AMT",Plano 75023 (Collin County),STATE FARM MUTUAL AUTOMOBILE INSURANCE COMPANY,tx-creditPoor,1211
tx-2025,TX,2025,https://www.helpinsure.com/auto.html,"raw/api/autoResults_75023_creditPoor.json (POST https://www.helpinsure.com/api/autoResults, body in raw/api/manifest.json); record RPTG_INSR_ID=5 PLANKEY_ID=1152899403 field AUTO_SAMPLE_RATE_AMT",Plano 75023 (Collin County),ALLSTATE COUNTY MUTUAL INSURANCE COMPANY,tx-creditPoor,1222
tx-2025,TX,2025,https://www.helpinsure.com/auto.html,"raw/api/autoResults_75023_creditPoor.json (POST https://www.helpinsure.com/api/autoResults, body in raw/api/manifest.json); record RPTG_INSR_ID=104 PLANKEY_ID=1164695127 field AUTO_SAMPLE_RATE_AMT",Plano 75023 (Collin County),TEXAS AUTOMOBILE INSURANCE PLAN ASSOCIATION,tx-creditPoor,1322
tx-2025,TX,2025,https://www.helpinsure.com/auto.html,"raw/api/autoResults_75023_creditPoor.json (POST https://www.helpinsure.com/api/autoResults, body in raw/api/manifest.json); record RPTG_INSR_ID=32 PLANKEY_ID=1150458387 field AUTO_SAMPLE_RATE_AMT",Plano 75023 (Collin County),MERCURY COUNTY MUTUAL INSURANCE COMPANY,tx-creditPoor,1458
tx-2025,TX,2025,https://www.helpinsure.com/auto.html,"raw/api/autoResults_75023_creditPoor.json (POST https://www.helpinsure.com/api/autoResults, body in raw/api/manifest.json); record RPTG_INSR_ID=1 PLANKEY_ID=1148291907 field AUTO_SAMPLE_RATE_AMT",Plano 75023 (Collin County),AUTO CLUB COUNTY MUTUAL INSURANCE COMPANY,tx-creditPoor,1483
tx-2025,TX,2025,https://www.helpinsure.com/auto.html,"raw/api/autoResults_75023_creditPoor.json (POST https://www.helpinsure.com/api/autoResults, body in raw/api/manifest.json); record RPTG_INSR_ID=48 PLANKEY_ID=1150052739 field AUTO_SAMPLE_RATE_AMT",Plano 75023 (Collin County),STATE FARM COUNTY MUTUAL INSURANCE COMPANY OF TEXAS,tx-creditPoor,1531
tx-2025,TX,2025,https://www.helpinsure.com/auto.html,"raw/api/autoResults_75023_creditPoor.json (POST https://www.helpinsure.com/api/autoResults, body in raw/api/manifest.json); record RPTG_INSR_ID=16 PLANKEY_ID=1151272275 field AUTO_SAMPLE_RATE_AMT",Plano 75023 (Collin County),CONSUMERS COUNTY MUTUAL INSURANCE COMPANY / MGA: Travelers Quantum Auto 2.0 Program,tx-creditPoor,1628
tx-2025,TX,2025,https://www.helpinsure.com/auto.html,"raw/api/autoResults_75023_creditPoor.json (POST https://www.helpinsure.com/api/autoResults, body in raw/api/manifest.json); record RPTG_INSR_ID=124 PLANKEY_ID=1165239051 field AUTO_SAMPLE_RATE_AMT",Plano 75023 (Collin County),CONSUMERS COUNTY MUTUAL INSURANCE COMPANY,tx-creditPoor,1628
tx-2025,TX,2025,https://www.helpinsure.com/auto.html,"raw/api/autoResults_75023_creditPoor.json (POST https://www.helpinsure.com/api/autoResults, body in raw/api/manifest.json); record RPTG_INSR_ID=140 PLANKEY_ID=1152493107 field AUTO_SAMPLE_RATE_AMT",Plano 75023 (Collin County),FOREMOST COUNTY MUTUAL INSURANCE COMPANY,tx-creditPoor,1673
tx-2025,TX,2025,https://www.helpinsure.com/auto.html,"raw/api/autoResults_75023_creditPoor.json (POST https://www.helpinsure.com/api/autoResults, body in raw/api/manifest.json); record RPTG_INSR_ID=209 PLANKEY_ID=1158866403 field AUTO_SAMPLE_RATE_AMT",Plano 75023 (Collin County),AMERICAN FAMILY CONNECT PROPERTY AND CASUALTY INSURANCE COMPANY,tx-creditPoor,1748
tx-2025,TX,2025,https://www.helpinsure.com/auto.html,"raw/api/autoResults_75023_creditPoor.json (POST https://www.helpinsure.com/api/autoResults, body in raw/api/manifest.json); record RPTG_INSR_ID=215 PLANKEY_ID=1149510111 field AUTO_SAMPLE_RATE_AMT",Plano 75023 (Collin County),"MGA INSURANCE COMPANY, INC.",tx-creditPoor,1993
tx-2025,TX,2025,https://www.helpinsure.com/auto.html,"raw/api/autoResults_75023_creditPoor.json (POST https://www.helpinsure.com/api/autoResults, body in raw/api/manifest.json); record RPTG_INSR_ID=173 PLANKEY_ID=1151679219 field AUTO_SAMPLE_RATE_AMT",Plano 75023 (Collin County),ECONOMY FIRE & CASUALTY COMPANY,tx-creditPoor,1996
tx-2025,TX,2025,https://www.helpinsure.com/auto.html,"raw/api/autoResults_75023_creditPoor.json (POST https://www.helpinsure.com/api/autoResults, body in raw/api/manifest.json); record RPTG_INSR_ID=175 PLANKEY_ID=1163882571 field AUTO_SAMPLE_RATE_AMT",Plano 75023 (Collin County),FARMERS PROPERTY AND CASUALTY INSURANCE COMPANY,tx-creditPoor,2175
tx-2025,TX,2025,https://www.helpinsure.com/auto.html,"raw/api/autoResults_75023_creditPoor.json (POST https://www.helpinsure.com/api/autoResults, body in raw/api/manifest.json); record RPTG_INSR_ID=142 PLANKEY_ID=1150867275 field AUTO_SAMPLE_RATE_AMT",Plano 75023 (Collin County),"COLONIAL COUNTY MUTUAL INSURANCE COMPANY / MGA: Titan Insurance Services, Inc.",tx-creditPoor,2712
tx-2025,TX,2025,https://www.helpinsure.com/auto.html,"raw/api/autoResults_75023_creditPoor.json (POST https://www.helpinsure.com/api/autoResults, body in raw/api/manifest.json); record RPTG_INSR_ID=205 PLANKEY_ID=1148698851 field AUTO_SAMPLE_RATE_AMT",Plano 75023 (Collin County),DAIRYLAND COUNTY MUTUAL INSURANCE COMPANY OF TEXAS,tx-creditPoor,2986
tx-2025,TX,2025,https://www.helpinsure.com/auto.html,"raw/api/autoResults_75023_creditPoor.json (POST https://www.helpinsure.com/api/autoResults, body in raw/api/manifest.json); record RPTG_INSR_ID=33 PLANKEY_ID=1158052515 field AUTO_SAMPLE_RATE_AMT",Plano 75023 (Collin County),FARMERS LLOYDS INSURANCE COMPANY OF TEXAS,tx-creditPoor,3212
tx-2025,TX,2025,https://www.helpinsure.com/auto.html,"raw/api/autoResults_75023_creditPoor.json (POST https://www.helpinsure.com/api/autoResults, body in raw/api/manifest.json); record RPTG_INSR_ID=155 PLANKEY_ID=1162664331 field AUTO_SAMPLE_RATE_AMT",Plano 75023 (Collin County),LIBERTY COUNTY MUTUAL INSURANCE COMPANY / MGA: Safeco General Agency (Safeco),tx-creditPoor,3745
tx-2025,TX,2025,https://www.helpinsure.com/auto.html,"raw/api/autoResults_75023_creditPoor.json (POST https://www.helpinsure.com/api/autoResults, body in raw/api/manifest.json); record RPTG_INSR_ID=123 PLANKEY_ID=1159273347 field AUTO_SAMPLE_RATE_AMT",Plano 75023 (Collin County),AMICA MUTUAL INSURANCE COMPANY,tx-creditPoor,4011
tx-2025,TX,2025,https://www.helpinsure.com/auto.html,"raw/api/autoResults_75023_creditPoor.json (POST https://www.helpinsure.com/api/autoResults, body in raw/api/manifest.json); record RPTG_INSR_ID=212 PLANKEY_ID=1158459459 field AUTO_SAMPLE_RATE_AMT",Plano 75023 (Collin County),ENCOMPASS INDEPENDENT INSURANCE COMPANY,tx-creditPoor,4115
tx-2025,TX,2025,https://www.helpinsure.com/auto.html,"raw/api/autoResults_75023_creditPoor.json (POST https://www.helpinsure.com/api/autoResults, body in raw/api/manifest.json); record RPTG_INSR_ID=161 PLANKEY_ID=1147884963 field AUTO_SAMPLE_RATE_AMT",Plano 75023 (Collin County),AMICA PROPERTY AND CASUALTY INSURANCE COMPANY,tx-creditPoor,4415
tx-2025,TX,2025,https://www.helpinsure.com/auto.html,"raw/api/autoResults_75023_creditPoor.json (POST https://www.helpinsure.com/api/autoResults, body in raw/api/manifest.json); record RPTG_INSR_ID=45 PLANKEY_ID=1159680291 field AUTO_SAMPLE_RATE_AMT",Plano 75023 (Collin County),"SENTINEL INSURANCE COMPANY, LTD.",tx-creditPoor,6828
tx-2025,TX,2025,https://www.helpinsure.com/auto.html,"raw/api/autoResults_75023_female.json (POST https://www.helpinsure.com/api/autoResults, body in raw/api/manifest.json); record RPTG_INSR_ID=283 PLANKEY_ID=1161308232 field AUTO_SAMPLE_RATE_AMT",Plano 75023 (Collin County),GEICO TEXAS COUNTY MUTUAL INSURANCE COMPANY / MGA: Voyager Corporation,tx-female,394
tx-2025,TX,2025,https://www.helpinsure.com/auto.html,"raw/api/autoResults_75023_female.json (POST https://www.helpinsure.com/api/autoResults, body in raw/api/manifest.json); record RPTG_INSR_ID=282 PLANKEY_ID=1160087400 field AUTO_SAMPLE_RATE_AMT",Plano 75023 (Collin County),GEICO TEXAS COUNTY MUTUAL INSURANCE COMPANY / MGA: Horizon Corporation,tx-female,401
tx-2025,TX,2025,https://www.helpinsure.com/auto.html,"raw/api/autoResults_75023_female.json (POST https://www.helpinsure.com/api/autoResults, body in raw/api/manifest.json); record RPTG_INSR_ID=281 PLANKEY_ID=1160901288 field AUTO_SAMPLE_RATE_AMT",Plano 75023 (Collin County),GEICO TEXAS COUNTY MUTUAL INSURANCE COMPANY / MGA: Perspective Corporation,tx-female,423
tx-2025,TX,2025,https://www.helpinsure.com/auto.html,"raw/api/autoResults_75023_female.json (POST https://www.helpinsure.com/api/autoResults, body in raw/api/manifest.json); record RPTG_INSR_ID=21 PLANKEY_ID=1152086328 field AUTO_SAMPLE_RATE_AMT",Plano 75023 (Collin County),FARMERS TEXAS COUNTY MUTUAL INSURANCE COMPANY,tx-female,520
tx-2025,TX,2025,https://www.helpinsure.com/auto.html,"raw/api/autoResults_75023_female.json (POST https://www.helpinsure.com/api/autoResults, body in raw/api/manifest.json); record RPTG_INSR_ID=56 PLANKEY_ID=1156831848 field AUTO_SAMPLE_RATE_AMT",Plano 75023 (Collin County),UNITED SERVICES AUTOMOBILE ASSOCIATION,tx-female,672
tx-2025,TX,2025,https://www.helpinsure.com/auto.html,"raw/api/autoResults_75023_female.json (POST https://www.helpinsure.com/api/autoResults, body in raw/api/manifest.json); record RPTG_INSR_ID=119 PLANKEY_ID=1157238792 field AUTO_SAMPLE_RATE_AMT",Plano 75023 (Collin County),USAA CASUALTY INSURANCE COMPANY,tx-female,688
tx-2025,TX,2025,https://www.helpinsure.com/auto.html,"raw/api/autoResults_75023_female.json (POST https://www.helpinsure.com/api/autoResults, body in raw/api/manifest.json); record RPTG_INSR_ID=246 PLANKEY_ID=1162257552 field AUTO_SAMPLE_RATE_AMT",Plano 75023 (Collin County),GEICO TEXAS COUNTY MUTUAL INSURANCE COMPANY / MGA: Endeavor Corporation,tx-female,709
tx-2025,TX,2025,https://www.helpinsure.com/auto.html,"raw/api/autoResults_75023_female.json (POST https://www.helpinsure.com/api/autoResults, body in raw/api/manifest.json); record RPTG_INSR_ID=118 PLANKEY_ID=1157645736 field AUTO_SAMPLE_RATE_AMT",Plano 75023 (Collin County),USAA GENERAL INDEMNITY COMPANY,tx-female,788
tx-2025,TX,2025,https://www.helpinsure.com/auto.html,"raw/api/autoResults_75023_female.json (POST https://www.helpinsure.com/api/autoResults, body in raw/api/manifest.json); record RPTG_INSR_ID=41 PLANKEY_ID=1163071440 field AUTO_SAMPLE_RATE_AMT",Plano 75023 (Collin County),PROGRESSIVE COUNTY MUTUAL INSURANCE COMPANY,tx-female,792
tx-2025,TX,2025,https://www.helpinsure.com/auto.html,"raw/api/autoResults_75023_female.json (POST https://www.helpinsure.com/api/autoResults, body in raw/api/manifest.json); record RPTG_INSR_ID=112 PLANKEY_ID=1156019256 field AUTO_SAMPLE_RATE_AMT",Plano 75023 (Collin County),GARRISON PROPERTY AND CASUALTY INSURANCE COMPANY,tx-female,801
tx-2025,TX,2025,https://www.helpinsure.com/auto.html,"raw/api/autoResults_75023_female.json (POST https://www.helpinsure.com/api/autoResults, body in raw/api/manifest.json); record RPTG_INSR_ID=102 PLANKEY_ID=1163477088 field AUTO_SAMPLE_RATE_AMT",Plano 75023 (Collin County),PROGRESSIVE COUNTY MUTUAL INSURANCE COMPANY / MGA: PROGRESSIVE COUNTY MUTUAL - DIRECT RATES,tx-female,819
tx-2025,TX,2025,https://www.helpinsure.com/auto.html,"raw/api/autoResults_75023_female.json (POST https://www.helpinsure.com/api/autoResults, body in raw/api/manifest.json); record RPTG_INSR_ID=6 PLANKEY_ID=1164832272 field AUTO_SAMPLE_RATE_AMT",Plano 75023 (Collin County),ALLSTATE FIRE AND CASUALTY INSURANCE COMPANY,tx-female,892
tx-2025,TX,2025,https://www.helpinsure.com/auto.html,"raw/api/autoResults_75023_female.json (POST https://www.helpinsure.com/api/autoResults, body in raw/api/manifest.json); record RPTG_INSR_ID=138 PLANKEY_ID=1153306512 field AUTO_SAMPLE_RATE_AMT",Plano 75023 (Collin County),INFINITY COUNTY MUTUAL INSURANCE COMPANY,tx-female,937
tx-2025,TX,2025,https://www.helpinsure.com/auto.html,"raw/api/autoResults_75023_female.json (POST https://www.helpinsure.com/api/autoResults, body in raw/api/manifest.json); record RPTG_INSR_ID=50 PLANKEY_ID=1149647256 field AUTO_SAMPLE_RATE_AMT",Plano 75023 (Collin County),STATE FARM MUTUAL AUTOMOBILE INSURANCE COMPANY,tx-female,959
tx-2025,TX,2025,https://www.helpinsure.com/auto.html,"raw/api/autoResults_75023_female.json (POST https://www.helpinsure.com/api/autoResults, body in raw/api/manifest.json); record RPTG_INSR_ID=238 PLANKEY_ID=1164289680 field AUTO_SAMPLE_RATE_AMT",Plano 75023 (Collin County),MID-CENTURY INSURANCE COMPANY OF TEXAS,tx-female,1022
tx-2025,TX,2025,https://www.helpinsure.com/auto.html,"raw/api/autoResults_75023_female.json (POST https://www.helpinsure.com/api/autoResults, body in raw/api/manifest.json); record RPTG_INSR_ID=5 PLANKEY_ID=1152899568 field AUTO_SAMPLE_RATE_AMT",Plano 75023 (Collin County),ALLSTATE COUNTY MUTUAL INSURANCE COMPANY,tx-female,1123
tx-2025,TX,2025,https://www.helpinsure.com/auto.html,"raw/api/autoResults_75023_female.json (POST https://www.helpinsure.com/api/autoResults, body in raw/api/manifest.json); record RPTG_INSR_ID=175 PLANKEY_ID=1163882736 field AUTO_SAMPLE_RATE_AMT",Plano 75023 (Collin County),FARMERS PROPERTY AND CASUALTY INSURANCE COMPANY,tx-female,1187
tx-2025,TX,2025,https://www.helpinsure.com/auto.html,"raw/api/autoResults_75023_female.json (POST https://www.helpinsure.com/api/autoResults, body in raw/api/manifest.json); record RPTG_INSR_ID=219 PLANKEY_ID=1153712016 field AUTO_SAMPLE_RATE_AMT",Plano 75023 (Collin County),AMERICAN ACCESS CASUALTY COMPANY,tx-female,1214
tx-2025,TX,2025,https://www.helpinsure.com/auto.html,"raw/api/autoResults_75023_female.json (POST https://www.helpinsure.com/api/autoResults, body in raw/api/manifest.json); record RPTG_INSR_ID=48 PLANKEY_ID=1150052904 field AUTO_SAMPLE_RATE_AMT",Plano 75023 (Collin County),STATE FARM COUNTY MUTUAL INSURANCE COMPANY OF TEXAS,tx-female,1228
tx-2025,TX,2025,https://www.helpinsure.com/auto.html,"raw/api/autoResults_75023_female.json (POST https://www.helpinsure.com/api/autoResults, body in raw/api/manifest.json); record RPTG_INSR_ID=1 PLANKEY_ID=1148292072 field AUTO_SAMPLE_RATE_AMT",Plano 75023 (Collin County),AUTO CLUB COUNTY MUTUAL INSURANCE COMPANY,tx-female,1255
tx-2025,TX,2025,https://www.helpinsure.com/auto.html,"raw/api/autoResults_75023_female.json (POST https://www.helpinsure.com/api/autoResults, body in raw/api/manifest.json); record RPTG_INSR_ID=16 PLANKEY_ID=1151272440 field AUTO_SAMPLE_RATE_AMT",Plano 75023 (Collin County),CONSUMERS COUNTY MUTUAL INSURANCE COMPANY / MGA: Travelers Quantum Auto 2.0 Program,tx-female,1283
tx-2025,TX,2025,https://www.helpinsure.com/auto.html,"raw/api/autoResults_75023_female.json (POST https://www.helpinsure.com/api/autoResults, body in raw/api/manifest.json); record RPTG_INSR_ID=124 PLANKEY_ID=1165239216 field AUTO_SAMPLE_RATE_AMT",Plano 75023 (Collin County),CONSUMERS COUNTY MUTUAL INSURANCE COMPANY,tx-female,1283
tx-2025,TX,2025,https://www.helpinsure.com/auto.html,"raw/api/autoResults_75023_female.json (POST https://www.helpinsure.com/api/autoResults, body in raw/api/manifest.json); record RPTG_INSR_ID=173 PLANKEY_ID=1151679384 field AUTO_SAMPLE_RATE_AMT",Plano 75023 (Collin County),ECONOMY FIRE & CASUALTY COMPANY,tx-female,1285
tx-2025,TX,2025,https://www.helpinsure.com/auto.html,"raw/api/autoResults_75023_female.json (POST https://www.helpinsure.com/api/autoResults, body in raw/api/manifest.json); record RPTG_INSR_ID=32 PLANKEY_ID=1150458552 field AUTO_SAMPLE_RATE_AMT",Plano 75023 (Collin County),MERCURY COUNTY MUTUAL INSURANCE COMPANY,tx-female,1309
tx-2025,TX,2025,https://www.helpinsure.com/auto.html,"raw/api/autoResults_75023_female.json (POST https://www.helpinsure.com/api/autoResults, body in raw/api/manifest.json); record RPTG_INSR_ID=104 PLANKEY_ID=1164695184 field AUTO_SAMPLE_RATE_AMT",Plano 75023 (Collin County),TEXAS AUTOMOBILE INSURANCE PLAN ASSOCIATION,tx-female,1322
tx-2025,TX,2025,https://www.helpinsure.com/auto.html,"raw/api/autoResults_75023_female.json (POST https://www.helpinsure.com/api/autoResults, body in raw/api/manifest.json); record RPTG_INSR_ID=209 PLANKEY_ID=1158866568 field AUTO_SAMPLE_RATE_AMT",Plano 75023 (Collin County),AMERICAN FAMILY CONNECT PROPERTY AND CASUALTY INSURANCE COMPANY,tx-female,1552
tx-2025,TX,2025,https://www.helpinsure.com/auto.html,"raw/api/autoResults_75023_female.json (POST https://www.helpinsure.com/api/autoResults, body in raw/api/manifest.json); record RPTG_INSR_ID=33 PLANKEY_ID=1158052680 field AUTO_SAMPLE_RATE_AMT",Plano 75023 (Collin County),FARMERS LLOYDS INSURANCE COMPANY OF TEXAS,tx-female,1558
tx-2025,TX,2025,https://www.helpinsure.com/auto.html,"raw/api/autoResults_75023_female.json (POST https://www.helpinsure.com/api/autoResults, body in raw/api/manifest.json); record RPTG_INSR_ID=140 PLANKEY_ID=1152493272 field AUTO_SAMPLE_RATE_AMT",Plano 75023 (Collin County),FOREMOST COUNTY MUTUAL INSURANCE COMPANY,tx-female,1789
tx-2025,TX,2025,https://www.helpinsure.com/auto.html,"raw/api/autoResults_75023_female.json (POST https://www.helpinsure.com/api/autoResults, body in raw/api/manifest.json); record RPTG_INSR_ID=215 PLANKEY_ID=1149510168 field AUTO_SAMPLE_RATE_AMT",Plano 75023 (Collin County),"MGA INSURANCE COMPANY, INC.",tx-female,1905
tx-2025,TX,2025,https://www.helpinsure.com/auto.html,"raw/api/autoResults_75023_female.json (POST https://www.helpinsure.com/api/autoResults, body in raw/api/manifest.json); record RPTG_INSR_ID=123 PLANKEY_ID=1159273512 field AUTO_SAMPLE_RATE_AMT",Plano 75023 (Collin County),AMICA MUTUAL INSURANCE COMPANY,tx-female,2226
tx-2025,TX,2025,https://www.helpinsure.com/auto.html,"raw/api/autoResults_75023_female.json (POST https://www.helpinsure.com/api/autoResults, body in raw/api/manifest.json); record RPTG_INSR_ID=142 PLANKEY_ID=1150867440 field AUTO_SAMPLE_RATE_AMT",Plano 75023 (Collin County),"COLONIAL COUNTY MUTUAL INSURANCE COMPANY / MGA: Titan Insurance Services, Inc.",tx-female,2254
tx-2025,TX,2025,https://www.helpinsure.com/auto.html,"raw/api/autoResults_75023_female.json (POST https://www.helpinsure.com/api/autoResults, body in raw/api/manifest.json); record RPTG_INSR_ID=161 PLANKEY_ID=1147885128 field AUTO_SAMPLE_RATE_AMT",Plano 75023 (Collin County),AMICA PROPERTY AND CASUALTY INSURANCE COMPANY,tx-female,2577
tx-2025,TX,2025,https://www.helpinsure.com/auto.html,"raw/api/autoResults_75023_female.json (POST https://www.helpinsure.com/api/autoResults, body in raw/api/manifest.json); record RPTG_INSR_ID=205 PLANKEY_ID=1148699016 field AUTO_SAMPLE_RATE_AMT",Plano 75023 (Collin County),DAIRYLAND COUNTY MUTUAL INSURANCE COMPANY OF TEXAS,tx-female,2633
tx-2025,TX,2025,https://www.helpinsure.com/auto.html,"raw/api/autoResults_75023_female.json (POST https://www.helpinsure.com/api/autoResults, body in raw/api/manifest.json); record RPTG_INSR_ID=155 PLANKEY_ID=1162664496 field AUTO_SAMPLE_RATE_AMT",Plano 75023 (Collin County),LIBERTY COUNTY MUTUAL INSURANCE COMPANY / MGA: Safeco General Agency (Safeco),tx-female,2889
tx-2025,TX,2025,https://www.helpinsure.com/auto.html,"raw/api/autoResults_75023_female.json (POST https://www.helpinsure.com/api/autoResults, body in raw/api/manifest.json); record RPTG_INSR_ID=45 PLANKEY_ID=1159680456 field AUTO_SAMPLE_RATE_AMT",Plano 75023 (Collin County),"SENTINEL INSURANCE COMPANY, LTD.",tx-female,3388
tx-2025,TX,2025,https://www.helpinsure.com/auto.html,"raw/api/autoResults_75023_female.json (POST https://www.helpinsure.com/api/autoResults, body in raw/api/manifest.json); record RPTG_INSR_ID=212 PLANKEY_ID=1158459624 field AUTO_SAMPLE_RATE_AMT",Plano 75023 (Collin County),ENCOMPASS INDEPENDENT INSURANCE COMPANY,tx-female,3936
tx-2025,TX,2025,https://www.helpinsure.com/auto.html,"raw/api/autoResults_75023_limits100.json (POST https://www.helpinsure.com/api/autoResults, body in raw/api/manifest.json); record RPTG_INSR_ID=283 PLANKEY_ID=1161308106 field AUTO_SAMPLE_RATE_AMT",Plano 75023 (Collin County),GEICO TEXAS COUNTY MUTUAL INSURANCE COMPANY / MGA: Voyager Corporation,tx-limits100,613
tx-2025,TX,2025,https://www.helpinsure.com/auto.html,"raw/api/autoResults_75023_limits100.json (POST https://www.helpinsure.com/api/autoResults, body in raw/api/manifest.json); record RPTG_INSR_ID=282 PLANKEY_ID=1160087274 field AUTO_SAMPLE_RATE_AMT",Plano 75023 (Collin County),GEICO TEXAS COUNTY MUTUAL INSURANCE COMPANY / MGA: Horizon Corporation,tx-limits100,629
tx-2025,TX,2025,https://www.helpinsure.com/auto.html,"raw/api/autoResults_75023_limits100.json (POST https://www.helpinsure.com/api/autoResults, body in raw/api/manifest.json); record RPTG_INSR_ID=21 PLANKEY_ID=1152086202 field AUTO_SAMPLE_RATE_AMT",Plano 75023 (Collin County),FARMERS TEXAS COUNTY MUTUAL INSURANCE COMPANY,tx-limits100,638
tx-2025,TX,2025,https://www.helpinsure.com/auto.html,"raw/api/autoResults_75023_limits100.json (POST https://www.helpinsure.com/api/autoResults, body in raw/api/manifest.json); record RPTG_INSR_ID=281 PLANKEY_ID=1160901162 field AUTO_SAMPLE_RATE_AMT",Plano 75023 (Collin County),GEICO TEXAS COUNTY MUTUAL INSURANCE COMPANY / MGA: Perspective Corporation,tx-limits100,695
tx-2025,TX,2025,https://www.helpinsure.com/auto.html,"raw/api/autoResults_75023_limits100.json (POST https://www.helpinsure.com/api/autoResults, body in raw/api/manifest.json); record RPTG_INSR_ID=56 PLANKEY_ID=1156831722 field AUTO_SAMPLE_RATE_AMT",Plano 75023 (Collin County),UNITED SERVICES AUTOMOBILE ASSOCIATION,tx-limits100,742
tx-2025,TX,2025,https://www.helpinsure.com/auto.html,"raw/api/autoResults_75023_limits100.json (POST https://www.helpinsure.com/api/autoResults, body in raw/api/manifest.json); record RPTG_INSR_ID=119 PLANKEY_ID=1157238666 field AUTO_SAMPLE_RATE_AMT",Plano 75023 (Collin County),USAA CASUALTY INSURANCE COMPANY,tx-limits100,759
tx-2025,TX,2025,https://www.helpinsure.com/auto.html,"raw/api/autoResults_75023_limits100.json (POST https://www.helpinsure.com/api/autoResults, body in raw/api/manifest.json); record RPTG_INSR_ID=41 PLANKEY_ID=1163071314 field AUTO_SAMPLE_RATE_AMT",Plano 75023 (Collin County),PROGRESSIVE COUNTY MUTUAL INSURANCE COMPANY,tx-limits100,865
tx-2025,TX,2025,https://www.helpinsure.com/auto.html,"raw/api/autoResults_75023_limits100.json (POST https://www.helpinsure.com/api/autoResults, body in raw/api/manifest.json); record RPTG_INSR_ID=118 PLANKEY_ID=1157645610 field AUTO_SAMPLE_RATE_AMT",Plano 75023 (Collin County),USAA GENERAL INDEMNITY COMPANY,tx-limits100,867
tx-2025,TX,2025,https://www.helpinsure.com/auto.html,"raw/api/autoResults_75023_limits100.json (POST https://www.helpinsure.com/api/autoResults, body in raw/api/manifest.json); record RPTG_INSR_ID=246 PLANKEY_ID=1162257426 field AUTO_SAMPLE_RATE_AMT",Plano 75023 (Collin County),GEICO TEXAS COUNTY MUTUAL INSURANCE COMPANY / MGA: Endeavor Corporation,tx-limits100,877
tx-2025,TX,2025,https://www.helpinsure.com/auto.html,"raw/api/autoResults_75023_limits100.json (POST https://www.helpinsure.com/api/autoResults, body in raw/api/manifest.json); record RPTG_INSR_ID=112 PLANKEY_ID=1156019130 field AUTO_SAMPLE_RATE_AMT",Plano 75023 (Collin County),GARRISON PROPERTY AND CASUALTY INSURANCE COMPANY,tx-limits100,897
tx-2025,TX,2025,https://www.helpinsure.com/auto.html,"raw/api/autoResults_75023_limits100.json (POST https://www.helpinsure.com/api/autoResults, body in raw/api/manifest.json); record RPTG_INSR_ID=102 PLANKEY_ID=1163476962 field AUTO_SAMPLE_RATE_AMT",Plano 75023 (Collin County),PROGRESSIVE COUNTY MUTUAL INSURANCE COMPANY / MGA: PROGRESSIVE COUNTY MUTUAL - DIRECT RATES,tx-limits100,916
tx-2025,TX,2025,https://www.helpinsure.com/auto.html,"raw/api/autoResults_75023_limits100.json (POST https://www.helpinsure.com/api/autoResults, body in raw/api/manifest.json); record RPTG_INSR_ID=6 PLANKEY_ID=1164832146 field AUTO_SAMPLE_RATE_AMT",Plano 75023 (Collin County),ALLSTATE FIRE AND CASUALTY INSURANCE COMPANY,tx-limits100,1017
tx-2025,TX,2025,https://www.helpinsure.com/auto.html,"raw/api/autoResults_75023_limits100.json (POST https://www.helpinsure.com/api/autoResults, body in raw/api/manifest.json); record RPTG_INSR_ID=32 PLANKEY_ID=1150458426 field AUTO_SAMPLE_RATE_AMT",Plano 75023 (Collin County),MERCURY COUNTY MUTUAL INSURANCE COMPANY,tx-limits100,1177
tx-2025,TX,2025,https://www.helpinsure.com/auto.html,"raw/api/autoResults_75023_limits100.json (POST https://www.helpinsure.com/api/autoResults, body in raw/api/manifest.json); record RPTG_INSR_ID=50 PLANKEY_ID=1149647130 field AUTO_SAMPLE_RATE_AMT",Plano 75023 (Collin County),STATE FARM MUTUAL AUTOMOBILE INSURANCE COMPANY,tx-limits100,1188
tx-2025,TX,2025,https://www.helpinsure.com/auto.html,"raw/api/autoResults_75023_limits100.json (POST https://www.helpinsure.com/api/autoResults, body in raw/api/manifest.json); record RPTG_INSR_ID=238 PLANKEY_ID=1164289554 field AUTO_SAMPLE_RATE_AMT",Plano 75023 (Collin County),MID-CENTURY INSURANCE COMPANY OF TEXAS,tx-limits100,1231
tx-2025,TX,2025,https://www.helpinsure.com/auto.html,"raw/api/autoResults_75023_limits100.json (POST https://www.helpinsure.com/api/autoResults, body in raw/api/manifest.json); record RPTG_INSR_ID=175 PLANKEY_ID=1163882610 field AUTO_SAMPLE_RATE_AMT",Plano 75023 (Collin County),FARMERS PROPERTY AND CASUALTY INSURANCE COMPANY,tx-limits100,1354
tx-2025,TX,2025,https://www.helpinsure.com/auto.html,"raw/api/autoResults_75023_limits100.json (POST https://www.helpinsure.com/api/autoResults, body in raw/api/manifest.json); record RPTG_INSR_ID=5 PLANKEY_ID=1152899442 field AUTO_SAMPLE_RATE_AMT",Plano 75023 (Collin County),ALLSTATE COUNTY MUTUAL INSURANCE COMPANY,tx-limits100,1356
tx-2025,TX,2025,https://www.helpinsure.com/auto.html,"raw/api/autoResults_75023_limits100.json (POST https://www.helpinsure.com/api/autoResults, body in raw/api/manifest.json); record RPTG_INSR_ID=124 PLANKEY_ID=1165239090 field AUTO_SAMPLE_RATE_AMT",Plano 75023 (Collin County),CONSUMERS COUNTY MUTUAL INSURANCE COMPANY,tx-limits100,1472
tx-2025,TX,2025,https://www.helpinsure.com/auto.html,"raw/api/autoResults_75023_limits100.json (POST https://www.helpinsure.com/api/autoResults, body in raw/api/manifest.json); record RPTG_INSR_ID=16 PLANKEY_ID=1151272314 field AUTO_SAMPLE_RATE_AMT",Plano 75023 (Collin County),CONSUMERS COUNTY MUTUAL INSURANCE COMPANY / MGA: Travelers Quantum Auto 2.0 Program,tx-limits100,1472
tx-2025,TX,2025,https://www.helpinsure.com/auto.html,"raw/api/autoResults_75023_limits100.json (POST https://www.helpinsure.com/api/autoResults, body in raw/api/manifest.json); record RPTG_INSR_ID=173 PLANKEY_ID=1151679258 field AUTO_SAMPLE_RATE_AMT",Plano 75023 (Collin County),ECONOMY FIRE & CASUALTY COMPANY,tx-limits100,1481
tx-2025,TX,2025,https://www.helpinsure.com/auto.html,"raw/api/autoResults_75023_limits100.json (POST https://www.helpinsure.com/api/autoResults, body in raw/api/manifest.json); record RPTG_INSR_ID=48 PLANKEY_ID=1150052778 field AUTO_SAMPLE_RATE_AMT",Plano 75023 (Collin County),STATE FARM COUNTY MUTUAL INSURANCE COMPANY OF TEXAS,tx-limits100,1498
tx-2025,TX,2025,https://www.helpinsure.com/auto.html,"raw/api/autoResults_75023_limits100.json (POST https://www.helpinsure.com/api/autoResults, body in raw/api/manifest.json); record RPTG_INSR_ID=1 PLANKEY_ID=1148291946 field AUTO_SAMPLE_RATE_AMT",Plano 75023 (Collin County),AUTO CLUB COUNTY MUTUAL INSURANCE COMPANY,tx-limits100,1520
tx-2025,TX,2025,https://www.helpinsure.com/auto.html,"raw/api/autoResults_75023_limits100.json (POST https://www.helpinsure.com/api/autoResults, body in raw/api/manifest.json); record RPTG_INSR_ID=123 PLANKEY_ID=1159273386 field AUTO_SAMPLE_RATE_AMT",Plano 75023 (Collin County),AMICA MUTUAL INSURANCE COMPANY,tx-limits100,1624
tx-2025,TX,2025,https://www.helpinsure.com/auto.html,"raw/api/autoResults_75023_limits100.json (POST https://www.helpinsure.com/api/autoResults, body in raw/api/manifest.json); record RPTG_INSR_ID=209 PLANKEY_ID=1158866442 field AUTO_SAMPLE_RATE_AMT",Plano 75023 (Collin County),AMERICAN FAMILY CONNECT PROPERTY AND CASUALTY INSURANCE COMPANY,tx-limits100,1786
tx-2025,TX,2025,https://www.helpinsure.com/auto.html,"raw/api/autoResults_75023_limits100.json (POST https://www.helpinsure.com/api/autoResults, body in raw/api/manifest.json); record RPTG_INSR_ID=140 PLANKEY_ID=1152493146 field AUTO_SAMPLE_RATE_AMT",Plano 75023 (Collin County),FOREMOST COUNTY MUTUAL INSURANCE COMPANY,tx-limits100,1831
tx-2025,TX,2025,https://www.helpinsure.com/auto.html,"raw/api/autoResults_75023_limits100.json (POST https://www.helpinsure.com/api/autoResults, body in raw/api/manifest.json); record RPTG_INSR_ID=138 PLANKEY_ID=1153306386 field AUTO_SAMPLE_RATE_AMT",Plano 75023 (Collin County),INFINITY COUNTY MUTUAL INSURANCE COMPANY,tx-limits100,1858
tx-2025,TX,2025,https://www.helpinsure.com/auto.html,"raw/api/autoResults_75023_limits100.json (POST https://www.helpinsure.com/api/autoResults, body in raw/api/manifest.json); record RPTG_INSR_ID=161 PLANKEY_ID=1147885002 field AUTO_SAMPLE_RATE_AMT",Plano 75023 (Collin County),AMICA PROPERTY AND CASUALTY INSURANCE COMPANY,tx-limits100,1870
tx-2025,TX,2025,https://www.helpinsure.com/auto.html,"raw/api/autoResults_75023_limits100.json (POST https://www.helpinsure.com/api/autoResults, body in raw/api/manifest.json); record RPTG_INSR_ID=33 PLANKEY_ID=1158052554 field AUTO_SAMPLE_RATE_AMT",Plano 75023 (Collin County),FARMERS LLOYDS INSURANCE COMPANY OF TEXAS,tx-limits100,2350
tx-2025,TX,2025,https://www.helpinsure.com/auto.html,"raw/api/autoResults_75023_limits100.json (POST https://www.helpinsure.com/api/autoResults, body in raw/api/manifest.json); record RPTG_INSR_ID=142 PLANKEY_ID=1150867962 field AUTO_SAMPLE_RATE_AMT",Plano 75023 (Collin County),"COLONIAL COUNTY MUTUAL INSURANCE COMPANY / MGA: Titan Insurance Services, Inc.",tx-limits100,2691
tx-2025,TX,2025,https://www.helpinsure.com/auto.html,"raw/api/autoResults_75023_limits100.json (POST https://www.helpinsure.com/api/autoResults, body in raw/api/manifest.json); record RPTG_INSR_ID=155 PLANKEY_ID=1162664370 field AUTO_SAMPLE_RATE_AMT",Plano 75023 (Collin County),LIBERTY COUNTY MUTUAL INSURANCE COMPANY / MGA: Safeco General Agency (Safeco),tx-limits100,3254
tx-2025,TX,2025,https://www.helpinsure.com/auto.html,"raw/api/autoResults_75023_limits100.json (POST https://www.helpinsure.com/api/autoResults, body in raw/api/manifest.json); record RPTG_INSR_ID=205 PLANKEY_ID=1148698890 field AUTO_SAMPLE_RATE_AMT",Plano 75023 (Collin County),DAIRYLAND COUNTY MUTUAL INSURANCE COMPANY OF TEXAS,tx-limits100,4046
tx-2025,TX,2025,https://www.helpinsure.com/auto.html,"raw/api/autoResults_75023_limits100.json (POST https://www.helpinsure.com/api/autoResults, body in raw/api/manifest.json); record RPTG_INSR_ID=45 PLANKEY_ID=1159680330 field AUTO_SAMPLE_RATE_AMT",Plano 75023 (Collin County),"SENTINEL INSURANCE COMPANY, LTD.",tx-limits100,4388
tx-2025,TX,2025,https://www.helpinsure.com/auto.html,"raw/api/autoResults_75023_limits100.json (POST https://www.helpinsure.com/api/autoResults, body in raw/api/manifest.json); record RPTG_INSR_ID=212 PLANKEY_ID=1158459498 field AUTO_SAMPLE_RATE_AMT",Plano 75023 (Collin County),ENCOMPASS INDEPENDENT INSURANCE COMPANY,tx-limits100,5247
tx-2025,TX,2025,https://www.helpinsure.com/auto.html,"raw/api/autoResults_75023_limits50.json (POST https://www.helpinsure.com/api/autoResults, body in raw/api/manifest.json); record RPTG_INSR_ID=283 PLANKEY_ID=1161308088 field AUTO_SAMPLE_RATE_AMT",Plano 75023 (Collin County),GEICO TEXAS COUNTY MUTUAL INSURANCE COMPANY / MGA: Voyager Corporation,tx-limits50,506
tx-2025,TX,2025,https://www.helpinsure.com/auto.html,"raw/api/autoResults_75023_limits50.json (POST https://www.helpinsure.com/api/autoResults, body in raw/api/manifest.json); record RPTG_INSR_ID=282 PLANKEY_ID=1160087256 field AUTO_SAMPLE_RATE_AMT",Plano 75023 (Collin County),GEICO TEXAS COUNTY MUTUAL INSURANCE COMPANY / MGA: Horizon Corporation,tx-limits50,518
tx-2025,TX,2025,https://www.helpinsure.com/auto.html,"raw/api/autoResults_75023_limits50.json (POST https://www.helpinsure.com/api/autoResults, body in raw/api/manifest.json); record RPTG_INSR_ID=281 PLANKEY_ID=1160901144 field AUTO_SAMPLE_RATE_AMT",Plano 75023 (Collin County),GEICO TEXAS COUNTY MUTUAL INSURANCE COMPANY / MGA: Perspective Corporation,tx-limits50,574
tx-2025,TX,2025,https://www.helpinsure.com/auto.html,"raw/api/autoResults_75023_limits50.json (POST https://www.helpinsure.com/api/autoResults, body in raw/api/manifest.json); record RPTG_INSR_ID=21 PLANKEY_ID=1152086184 field AUTO_SAMPLE_RATE_AMT",Plano 75023 (Collin County),FARMERS TEXAS COUNTY MUTUAL INSURANCE COMPANY,tx-limits50,630
tx-2025,TX,2025,https://www.helpinsure.com/auto.html,"raw/api/autoResults_75023_limits50.json (POST https://www.helpinsure.com/api/autoResults, body in raw/api/manifest.json); record RPTG_INSR_ID=56 PLANKEY_ID=1156831704 field AUTO_SAMPLE_RATE_AMT",Plano 75023 (Collin County),UNITED SERVICES AUTOMOBILE ASSOCIATION,tx-limits50,685
tx-2025,TX,2025,https://www.helpinsure.com/auto.html,"raw/api/autoResults_75023_limits50.json (POST https://www.helpinsure.com/api/autoResults, body in raw/api/manifest.json); record RPTG_INSR_ID=119 PLANKEY_ID=1157238648 field AUTO_SAMPLE_RATE_AMT",Plano 75023 (Collin County),USAA CASUALTY INSURANCE COMPANY,tx-limits50,704
tx-2025,TX,2025,https://www.helpinsure.com/auto.html,"raw/api/autoResults_75023_limits50.json (POST https://www.helpinsure.com/api/autoResults, body in raw/api/manifest.json); record RPTG_INSR_ID=246 PLANKEY_ID=1162257408 field AUTO_SAMPLE_RATE_AMT",Plano 75023 (Collin County),GEICO TEXAS COUNTY MUTUAL INSURANCE COMPANY / MGA: Endeavor Corporation,tx-limits50,797
tx-2025,TX,2025,https://www.helpinsure.com/auto.html,"raw/api/autoResults_75023_limits50.json (POST https://www.helpinsure.com/api/autoResults, body in raw/api/manifest.json); record RPTG_INSR_ID=118 PLANKEY_ID=1157645592 field AUTO_SAMPLE_RATE_AMT",Plano 75023 (Collin County),USAA GENERAL INDEMNITY COMPANY,tx-limits50,806
tx-2025,TX,2025,https://www.helpinsure.com/auto.html,"raw/api/autoResults_75023_limits50.json (POST https://www.helpinsure.com/api/autoResults, body in raw/api/manifest.json); record RPTG_INSR_ID=41 PLANKEY_ID=1163071296 field AUTO_SAMPLE_RATE_AMT",Plano 75023 (Collin County),PROGRESSIVE COUNTY MUTUAL INSURANCE COMPANY,tx-limits50,811
tx-2025,TX,2025,https://www.helpinsure.com/auto.html,"raw/api/autoResults_75023_limits50.json (POST https://www.helpinsure.com/api/autoResults, body in raw/api/manifest.json); record RPTG_INSR_ID=112 PLANKEY_ID=1156019112 field AUTO_SAMPLE_RATE_AMT",Plano 75023 (Collin County),GARRISON PROPERTY AND CASUALTY INSURANCE COMPANY,tx-limits50,829
tx-2025,TX,2025,https://www.helpinsure.com/auto.html,"raw/api/autoResults_75023_limits50.json (POST https://www.helpinsure.com/api/autoResults, body in raw/api/manifest.json); record RPTG_INSR_ID=102 PLANKEY_ID=1163476944 field AUTO_SAMPLE_RATE_AMT",Plano 75023 (Collin County),PROGRESSIVE COUNTY MUTUAL INSURANCE COMPANY / MGA: PROGRESSIVE COUNTY MUTUAL - DIRECT RATES,tx-limits50,865
tx-2025,TX,2025,https://www.helpinsure.com/auto.html,"raw/api/autoResults_75023_limits50.json (POST https://www.helpinsure.com/api/autoResults, body in raw/api/manifest.json); record RPTG_INSR_ID=6 PLANKEY_ID=1164832128 field AUTO_SAMPLE_RATE_AMT",Plano 75023 (Collin County),ALLSTATE FIRE AND CASUALTY INSURANCE COMPANY,tx-limits50,890
tx-2025,TX,2025,https://www.helpinsure.com/auto.html,"raw/api/autoResults_75023_limits50.json (POST https://www.helpinsure.com/api/autoResults, body in raw/api/manifest.json); record RPTG_INSR_ID=50 PLANKEY_ID=1149647112 field AUTO_SAMPLE_RATE_AMT",Plano 75023 (Collin County),STATE FARM MUTUAL AUTOMOBILE INSURANCE COMPANY,tx-limits50,1036
tx-2025,TX,2025,https://www.helpinsure.com/auto.html,"raw/api/autoResults_75023_limits50.json (POST https://www.helpinsure.com/api/autoResults, body in raw/api/manifest.json); record RPTG_INSR_ID=238 PLANKEY_ID=1164289536 field AUTO_SAMPLE_RATE_AMT",Plano 75023 (Collin County),MID-CENTURY INSURANCE COMPANY OF TEXAS,tx-limits50,1090
tx-2025,TX,2025,https://www.helpinsure.com/auto.html,"raw/api/autoResults_75023_limits50.json (POST https://www.helpinsure.com/api/autoResults, body in raw/api/manifest.json); record RPTG_INSR_ID=5 PLANKEY_ID=1152899424 field AUTO_SAMPLE_RATE_AMT",Plano 75023 (Collin County),ALLSTATE COUNTY MUTUAL INSURANCE COMPANY,tx-limits50,1216
tx-2025,TX,2025,https://www.helpinsure.com/auto.html,"raw/api/autoResults_75023_limits50.json (POST https://www.helpinsure.com/api/autoResults, body in raw/api/manifest.json); record RPTG_INSR_ID=138 PLANKEY_ID=1153306368 field AUTO_SAMPLE_RATE_AMT",Plano 75023 (Collin County),INFINITY COUNTY MUTUAL INSURANCE COMPANY,tx-limits50,1224
tx-2025,TX,2025,https://www.helpinsure.com/auto.html,"raw/api/autoResults_75023_limits50.json (POST https://www.helpinsure.com/api/autoResults, body in raw/api/manifest.json); record RPTG_INSR_ID=32 PLANKEY_ID=1150458408 field AUTO_SAMPLE_RATE_AMT",Plano 75023 (Collin County),MERCURY COUNTY MUTUAL INSURANCE COMPANY,tx-limits50,1234
tx-2025,TX,2025,https://www.helpinsure.com/auto.html,"raw/api/autoResults_75023_limits50.json (POST https://www.helpinsure.com/api/autoResults, body in raw/api/manifest.json); record RPTG_INSR_ID=48 PLANKEY_ID=1150052760 field AUTO_SAMPLE_RATE_AMT",Plano 75023 (Collin County),STATE FARM COUNTY MUTUAL INSURANCE COMPANY OF TEXAS,tx-limits50,1319
tx-2025,TX,2025,https://www.helpinsure.com/auto.html,"raw/api/autoResults_75023_limits50.json (POST https://www.helpinsure.com/api/autoResults, body in raw/api/manifest.json); record RPTG_INSR_ID=1 PLANKEY_ID=1148291928 field AUTO_SAMPLE_RATE_AMT",Plano 75023 (Collin County),AUTO CLUB COUNTY MUTUAL INSURANCE COMPANY,tx-limits50,1357
tx-2025,TX,2025,https://www.helpinsure.com/auto.html,"raw/api/autoResults_75023_limits50.json (POST https://www.helpinsure.com/api/autoResults, body in raw/api/manifest.json); record RPTG_INSR_ID=175 PLANKEY_ID=1163882592 field AUTO_SAMPLE_RATE_AMT",Plano 75023 (Collin County),FARMERS PROPERTY AND CASUALTY INSURANCE COMPANY,tx-limits50,1360
tx-2025,TX,2025,https://www.helpinsure.com/auto.html,"raw/api/autoResults_75023_limits50.json (POST https://www.helpinsure.com/api/autoResults, body in raw/api/manifest.json); record RPTG_INSR_ID=124 PLANKEY_ID=1165239072 field AUTO_SAMPLE_RATE_AMT",Plano 75023 (Collin County),CONSUMERS COUNTY MUTUAL INSURANCE COMPANY,tx-limits50,1405
tx-2025,TX,2025,https://www.helpinsure.com/auto.html,"raw/api/autoResults_75023_limits50.json (POST https://www.helpinsure.com/api/autoResults, body in raw/api/manifest.json); record RPTG_INSR_ID=16 PLANKEY_ID=1151272296 field AUTO_SAMPLE_RATE_AMT",Plano 75023 (Collin County),CONSUMERS COUNTY MUTUAL INSURANCE COMPANY / MGA: Travelers Quantum Auto 2.0 Program,tx-limits50,1405
tx-2025,TX,2025,https://www.helpinsure.com/auto.html,"raw/api/autoResults_75023_limits50.json (POST https://www.helpinsure.com/api/autoResults, body in raw/api/manifest.json); record RPTG_INSR_ID=173 PLANKEY_ID=1151679240 field AUTO_SAMPLE_RATE_AMT",Plano 75023 (Collin County),ECONOMY FIRE & CASUALTY COMPANY,tx-limits50,1438
tx-2025,TX,2025,https://www.helpinsure.com/auto.html,"raw/api/autoResults_75023_limits50.json (POST https://www.helpinsure.com/api/autoResults, body in raw/api/manifest.json); record RPTG_INSR_ID=209 PLANKEY_ID=1158866424 field AUTO_SAMPLE_RATE_AMT",Plano 75023 (Collin County),AMERICAN FAMILY CONNECT PROPERTY AND CASUALTY INSURANCE COMPANY,tx-limits50,1626
tx-2025,TX,2025,https://www.helpinsure.com/auto.html,"raw/api/autoResults_75023_limits50.json (POST https://www.helpinsure.com/api/autoResults, body in raw/api/manifest.json); record RPTG_INSR_ID=140 PLANKEY_ID=1152493128 field AUTO_SAMPLE_RATE_AMT",Plano 75023 (Collin County),FOREMOST COUNTY MUTUAL INSURANCE COMPANY,tx-limits50,1685
tx-2025,TX,2025,https://www.helpinsure.com/auto.html,"raw/api/autoResults_75023_limits50.json (POST https://www.helpinsure.com/api/autoResults, body in raw/api/manifest.json); record RPTG_INSR_ID=33 PLANKEY_ID=1158052536 field AUTO_SAMPLE_RATE_AMT",Plano 75023 (Collin County),FARMERS LLOYDS INSURANCE COMPANY OF TEXAS,tx-limits50,2265
tx-2025,TX,2025,https://www.helpinsure.com/auto.html,"raw/api/autoResults_75023_limits50.json (POST https://www.helpinsure.com/api/autoResults, body in raw/api/manifest.json); record RPTG_INSR_ID=123 PLANKEY_ID=1159273368 field AUTO_SAMPLE_RATE_AMT",Plano 75023 (Collin County),AMICA MUTUAL INSURANCE COMPANY,tx-limits50,2471
tx-2025,TX,2025,https://www.helpinsure.com/auto.html,"raw/api/autoResults_75023_limits50.json (POST https://www.helpinsure.com/api/autoResults, body in raw/api/manifest.json); record RPTG_INSR_ID=142 PLANKEY_ID=1150867296 field AUTO_SAMPLE_RATE_AMT",Plano 75023 (Collin County),"COLONIAL COUNTY MUTUAL INSURANCE COMPANY / MGA: Titan Insurance Services, Inc.",tx-limits50,2480
tx-2025,TX,2025,https://www.helpinsure.com/auto.html,"raw/api/autoResults_75023_limits50.json (POST https://www.helpinsure.com/api/autoResults, body in raw/api/manifest.json); record RPTG_INSR_ID=161 PLANKEY_ID=1147884984 field AUTO_SAMPLE_RATE_AMT",Plano 75023 (Collin County),AMICA PROPERTY AND CASUALTY INSURANCE COMPANY,tx-limits50,2871
tx-2025,TX,2025,https://www.helpinsure.com/auto.html,"raw/api/autoResults_75023_limits50.json (POST https://www.helpinsure.com/api/autoResults, body in raw/api/manifest.json); record RPTG_INSR_ID=155 PLANKEY_ID=1162664352 field AUTO_SAMPLE_RATE_AMT",Plano 75023 (Collin County),LIBERTY COUNTY MUTUAL INSURANCE COMPANY / MGA: Safeco General Agency (Safeco),tx-limits50,3116
tx-2025,TX,2025,https://www.helpinsure.com/auto.html,"raw/api/autoResults_75023_limits50.json (POST https://www.helpinsure.com/api/autoResults, body in raw/api/manifest.json); record RPTG_INSR_ID=205 PLANKEY_ID=1148698872 field AUTO_SAMPLE_RATE_AMT",Plano 75023 (Collin County),DAIRYLAND COUNTY MUTUAL INSURANCE COMPANY OF TEXAS,tx-limits50,3161
tx-2025,TX,2025,https://www.helpinsure.com/auto.html,"raw/api/autoResults_75023_limits50.json (POST https://www.helpinsure.com/api/autoResults, body in raw/api/manifest.json); record RPTG_INSR_ID=45 PLANKEY_ID=1159680312 field AUTO_SAMPLE_RATE_AMT",Plano 75023 (Collin County),"SENTINEL INSURANCE COMPANY, LTD.",tx-limits50,3838
tx-2025,TX,2025,https://www.helpinsure.com/auto.html,"raw/api/autoResults_75023_limits50.json (POST https://www.helpinsure.com/api/autoResults, body in raw/api/manifest.json); record RPTG_INSR_ID=212 PLANKEY_ID=1158459480 field AUTO_SAMPLE_RATE_AMT",Plano 75023 (Collin County),ENCOMPASS INDEPENDENT INSURANCE COMPANY,tx-limits50,4582
tx-2025,TX,2025,https://www.helpinsure.com/auto.html,"raw/api/autoResults_75023_married.json (POST https://www.helpinsure.com/api/autoResults, body in raw/api/manifest.json); record RPTG_INSR_ID=283 PLANKEY_ID=1161308394 field AUTO_SAMPLE_RATE_AMT",Plano 75023 (Collin County),GEICO TEXAS COUNTY MUTUAL INSURANCE COMPANY / MGA: Voyager Corporation,tx-married,353
tx-2025,TX,2025,https://www.helpinsure.com/auto.html,"raw/api/autoResults_75023_married.json (POST https://www.helpinsure.com/api/autoResults, body in raw/api/manifest.json); record RPTG_INSR_ID=282 PLANKEY_ID=1160087562 field AUTO_SAMPLE_RATE_AMT",Plano 75023 (Collin County),GEICO TEXAS COUNTY MUTUAL INSURANCE COMPANY / MGA: Horizon Corporation,tx-married,359
tx-2025,TX,2025,https://www.helpinsure.com/auto.html,"raw/api/autoResults_75023_married.json (POST https://www.helpinsure.com/api/autoResults, body in raw/api/manifest.json); record RPTG_INSR_ID=281 PLANKEY_ID=1160901450 field AUTO_SAMPLE_RATE_AMT",Plano 75023 (Collin County),GEICO TEXAS COUNTY MUTUAL INSURANCE COMPANY / MGA: Perspective Corporation,tx-married,379
tx-2025,TX,2025,https://www.helpinsure.com/auto.html,"raw/api/autoResults_75023_married.json (POST https://www.helpinsure.com/api/autoResults, body in raw/api/manifest.json); record RPTG_INSR_ID=21 PLANKEY_ID=1152086490 field AUTO_SAMPLE_RATE_AMT",Plano 75023 (Collin County),FARMERS TEXAS COUNTY MUTUAL INSURANCE COMPANY,tx-married,464
tx-2025,TX,2025,https://www.helpinsure.com/auto.html,"raw/api/autoResults_75023_married.json (POST https://www.helpinsure.com/api/autoResults, body in raw/api/manifest.json); record RPTG_INSR_ID=56 PLANKEY_ID=1156832010 field AUTO_SAMPLE_RATE_AMT",Plano 75023 (Collin County),UNITED SERVICES AUTOMOBILE ASSOCIATION,tx-married,577
tx-2025,TX,2025,https://www.helpinsure.com/auto.html,"raw/api/autoResults_75023_married.json (POST https://www.helpinsure.com/api/autoResults, body in raw/api/manifest.json); record RPTG_INSR_ID=119 PLANKEY_ID=1157238954 field AUTO_SAMPLE_RATE_AMT",Plano 75023 (Collin County),USAA CASUALTY INSURANCE COMPANY,tx-married,592
tx-2025,TX,2025,https://www.helpinsure.com/auto.html,"raw/api/autoResults_75023_married.json (POST https://www.helpinsure.com/api/autoResults, body in raw/api/manifest.json); record RPTG_INSR_ID=41 PLANKEY_ID=1163071602 field AUTO_SAMPLE_RATE_AMT",Plano 75023 (Collin County),PROGRESSIVE COUNTY MUTUAL INSURANCE COMPANY,tx-married,614
tx-2025,TX,2025,https://www.helpinsure.com/auto.html,"raw/api/autoResults_75023_married.json (POST https://www.helpinsure.com/api/autoResults, body in raw/api/manifest.json); record RPTG_INSR_ID=118 PLANKEY_ID=1157645898 field AUTO_SAMPLE_RATE_AMT",Plano 75023 (Collin County),USAA GENERAL INDEMNITY COMPANY,tx-married,678
tx-2025,TX,2025,https://www.helpinsure.com/auto.html,"raw/api/autoResults_75023_married.json (POST https://www.helpinsure.com/api/autoResults, body in raw/api/manifest.json); record RPTG_INSR_ID=112 PLANKEY_ID=1156019418 field AUTO_SAMPLE_RATE_AMT",Plano 75023 (Collin County),GARRISON PROPERTY AND CASUALTY INSURANCE COMPANY,tx-married,689
tx-2025,TX,2025,https://www.helpinsure.com/auto.html,"raw/api/autoResults_75023_married.json (POST https://www.helpinsure.com/api/autoResults, body in raw/api/manifest.json); record RPTG_INSR_ID=102 PLANKEY_ID=1163477250 field AUTO_SAMPLE_RATE_AMT",Plano 75023 (Collin County),PROGRESSIVE COUNTY MUTUAL INSURANCE COMPANY / MGA: PROGRESSIVE COUNTY MUTUAL - DIRECT RATES,tx-married,701
tx-2025,TX,2025,https://www.helpinsure.com/auto.html,"raw/api/autoResults_75023_married.json (POST https://www.helpinsure.com/api/autoResults, body in raw/api/manifest.json); record RPTG_INSR_ID=138 PLANKEY_ID=1153306674 field AUTO_SAMPLE_RATE_AMT",Plano 75023 (Collin County),INFINITY COUNTY MUTUAL INSURANCE COMPANY,tx-married,773
tx-2025,TX,2025,https://www.helpinsure.com/auto.html,"raw/api/autoResults_75023_married.json (POST https://www.helpinsure.com/api/autoResults, body in raw/api/manifest.json); record RPTG_INSR_ID=246 PLANKEY_ID=1162257714 field AUTO_SAMPLE_RATE_AMT",Plano 75023 (Collin County),GEICO TEXAS COUNTY MUTUAL INSURANCE COMPANY / MGA: Endeavor Corporation,tx-married,776
tx-2025,TX,2025,https://www.helpinsure.com/auto.html,"raw/api/autoResults_75023_married.json (POST https://www.helpinsure.com/api/autoResults, body in raw/api/manifest.json); record RPTG_INSR_ID=6 PLANKEY_ID=1164832434 field AUTO_SAMPLE_RATE_AMT",Plano 75023 (Collin County),ALLSTATE FIRE AND CASUALTY INSURANCE COMPANY,tx-married,892
tx-2025,TX,2025,https://www.helpinsure.com/auto.html,"raw/api/autoResults_75023_married.json (POST https://www.helpinsure.com/api/autoResults, body in raw/api/manifest.json); record RPTG_INSR_ID=32 PLANKEY_ID=1150458714 field AUTO_SAMPLE_RATE_AMT",Plano 75023 (Collin County),MERCURY COUNTY MUTUAL INSURANCE COMPANY,tx-married,946
tx-2025,TX,2025,https://www.helpinsure.com/auto.html,"raw/api/autoResults_75023_married.json (POST https://www.helpinsure.com/api/autoResults, body in raw/api/manifest.json); record RPTG_INSR_ID=50 PLANKEY_ID=1149647418 field AUTO_SAMPLE_RATE_AMT",Plano 75023 (Collin County),STATE FARM MUTUAL AUTOMOBILE INSURANCE COMPANY,tx-married,959
tx-2025,TX,2025,https://www.helpinsure.com/auto.html,"raw/api/autoResults_75023_married.json (POST https://www.helpinsure.com/api/autoResults, body in raw/api/manifest.json); record RPTG_INSR_ID=173 PLANKEY_ID=1151679546 field AUTO_SAMPLE_RATE_AMT",Plano 75023 (Collin County),ECONOMY FIRE & CASUALTY COMPANY,tx-married,971
tx-2025,TX,2025,https://www.helpinsure.com/auto.html,"raw/api/autoResults_75023_married.json (POST https://www.helpinsure.com/api/autoResults, body in raw/api/manifest.json); record RPTG_INSR_ID=238 PLANKEY_ID=1164289842 field AUTO_SAMPLE_RATE_AMT",Plano 75023 (Collin County),MID-CENTURY INSURANCE COMPANY OF TEXAS,tx-married,1048
tx-2025,TX,2025,https://www.helpinsure.com/auto.html,"raw/api/autoResults_75023_married.json (POST https://www.helpinsure.com/api/autoResults, body in raw/api/manifest.json); record RPTG_INSR_ID=175 PLANKEY_ID=1163882898 field AUTO_SAMPLE_RATE_AMT",Plano 75023 (Collin County),FARMERS PROPERTY AND CASUALTY INSURANCE COMPANY,tx-married,1077
tx-2025,TX,2025,https://www.helpinsure.com/auto.html,"raw/api/autoResults_75023_married.json (POST https://www.helpinsure.com/api/autoResults, body in raw/api/manifest.json); record RPTG_INSR_ID=219 PLANKEY_ID=1153712070 field AUTO_SAMPLE_RATE_AMT",Plano 75023 (Collin County),AMERICAN ACCESS CASUALTY COMPANY,tx-married,1102
tx-2025,TX,2025,https://www.helpinsure.com/auto.html,"raw/api/autoResults_75023_married.json (POST https://www.helpinsure.com/api/autoResults, body in raw/api/manifest.json); record RPTG_INSR_ID=1 PLANKEY_ID=1148292234 field AUTO_SAMPLE_RATE_AMT",Plano 75023 (Collin County),AUTO CLUB COUNTY MUTUAL INSURANCE COMPANY,tx-married,1131
tx-2025,TX,2025,https://www.helpinsure.com/auto.html,"raw/api/autoResults_75023_married.json (POST https://www.helpinsure.com/api/autoResults, body in raw/api/manifest.json); record RPTG_INSR_ID=5 PLANKEY_ID=1152899730 field AUTO_SAMPLE_RATE_AMT",Plano 75023 (Collin County),ALLSTATE COUNTY MUTUAL INSURANCE COMPANY,tx-married,1157
tx-2025,TX,2025,https://www.helpinsure.com/auto.html,"raw/api/autoResults_75023_married.json (POST https://www.helpinsure.com/api/autoResults, body in raw/api/manifest.json); record RPTG_INSR_ID=48 PLANKEY_ID=1150053066 field AUTO_SAMPLE_RATE_AMT",Plano 75023 (Collin County),STATE FARM COUNTY MUTUAL INSURANCE COMPANY OF TEXAS,tx-married,1228
tx-2025,TX,2025,https://www.helpinsure.com/auto.html,"raw/api/autoResults_75023_married.json (POST https://www.helpinsure.com/api/autoResults, body in raw/api/manifest.json); record RPTG_INSR_ID=209 PLANKEY_ID=1158866730 field AUTO_SAMPLE_RATE_AMT",Plano 75023 (Collin County),AMERICAN FAMILY CONNECT PROPERTY AND CASUALTY INSURANCE COMPANY,tx-married,1248
tx-2025,TX,2025,https://www.helpinsure.com/auto.html,"raw/api/autoResults_75023_married.json (POST https://www.helpinsure.com/api/autoResults, body in raw/api/manifest.json); record RPTG_INSR_ID=104 PLANKEY_ID=1164695238 field AUTO_SAMPLE_RATE_AMT",Plano 75023 (Collin County),TEXAS AUTOMOBILE INSURANCE PLAN ASSOCIATION,tx-married,1322
tx-2025,TX,2025,https://www.helpinsure.com/auto.html,"raw/api/autoResults_75023_married.json (POST https://www.helpinsure.com/api/autoResults, body in raw/api/manifest.json); record RPTG_INSR_ID=16 PLANKEY_ID=1151272602 field AUTO_SAMPLE_RATE_AMT",Plano 75023 (Collin County),CONSUMERS COUNTY MUTUAL INSURANCE COMPANY / MGA: Travelers Quantum Auto 2.0 Program,tx-married,1351
tx-2025,TX,2025,https://www.helpinsure.com/auto.html,"raw/api/autoResults_75023_married.json (POST https://www.helpinsure.com/api/autoResults, body in raw/api/manifest.json); record RPTG_INSR_ID=124 PLANKEY_ID=1165239378 field AUTO_SAMPLE_RATE_AMT",Plano 75023 (Collin County),CONSUMERS COUNTY MUTUAL INSURANCE COMPANY,tx-married,1351
tx-2025,TX,2025,https://www.helpinsure.com/auto.html,"raw/api/autoResults_75023_married.json (POST https://www.helpinsure.com/api/autoResults, body in raw/api/manifest.json); record RPTG_INSR_ID=140 PLANKEY_ID=1152493434 field AUTO_SAMPLE_RATE_AMT",Plano 75023 (Collin County),FOREMOST COUNTY MUTUAL INSURANCE COMPANY,tx-married,1424
tx-2025,TX,2025,https://www.helpinsure.com/auto.html,"raw/api/autoResults_75023_married.json (POST https://www.helpinsure.com/api/autoResults, body in raw/api/manifest.json); record RPTG_INSR_ID=33 PLANKEY_ID=1158052842 field AUTO_SAMPLE_RATE_AMT",Plano 75023 (Collin County),FARMERS LLOYDS INSURANCE COMPANY OF TEXAS,tx-married,1558
tx-2025,TX,2025,https://www.helpinsure.com/auto.html,"raw/api/autoResults_75023_married.json (POST https://www.helpinsure.com/api/autoResults, body in raw/api/manifest.json); record RPTG_INSR_ID=215 PLANKEY_ID=1149510222 field AUTO_SAMPLE_RATE_AMT",Plano 75023 (Collin County),"MGA INSURANCE COMPANY, INC.",tx-married,1671
tx-2025,TX,2025,https://www.helpinsure.com/auto.html,"raw/api/autoResults_75023_married.json (POST https://www.helpinsure.com/api/autoResults, body in raw/api/manifest.json); record RPTG_INSR_ID=142 PLANKEY_ID=1150868250 field AUTO_SAMPLE_RATE_AMT",Plano 75023 (Collin County),"COLONIAL COUNTY MUTUAL INSURANCE COMPANY / MGA: Titan Insurance Services, Inc.",tx-married,1954
tx-2025,TX,2025,https://www.helpinsure.com/auto.html,"raw/api/autoResults_75023_married.json (POST https://www.helpinsure.com/api/autoResults, body in raw/api/manifest.json); record RPTG_INSR_ID=123 PLANKEY_ID=1159273674 field AUTO_SAMPLE_RATE_AMT",Plano 75023 (Collin County),AMICA MUTUAL INSURANCE COMPANY,tx-married,2226
tx-2025,TX,2025,https://www.helpinsure.com/auto.html,"raw/api/autoResults_75023_married.json (POST https://www.helpinsure.com/api/autoResults, body in raw/api/manifest.json); record RPTG_INSR_ID=205 PLANKEY_ID=1148699178 field AUTO_SAMPLE_RATE_AMT",Plano 75023 (Collin County),DAIRYLAND COUNTY MUTUAL INSURANCE COMPANY OF TEXAS,tx-married,2298
tx-2025,TX,2025,https://www.helpinsure.com/auto.html,"raw/api/autoResults_75023_married.json (POST https://www.helpinsure.com/api/autoResults, body in raw/api/manifest.json); record RPTG_INSR_ID=161 PLANKEY_ID=1147885290 field AUTO_SAMPLE_RATE_AMT",Plano 75023 (Collin County),AMICA PROPERTY AND CASUALTY INSURANCE COMPANY,tx-married,2577
tx-2025,TX,2025,https://www.helpinsure.com/auto.html,"raw/api/autoResults_75023_married.json (POST https://www.helpinsure.com/api/autoResults, body in raw/api/manifest.json); record RPTG_INSR_ID=155 PLANKEY_ID=1162664658 field AUTO_SAMPLE_RATE_AMT",Plano 75023 (Collin County),LIBERTY COUNTY MUTUAL INSURANCE COMPANY / MGA: Safeco General Agency (Safeco),tx-married,2849
tx-2025,TX,2025,https://www.helpinsure.com/auto.html,"raw/api/autoResults_75023_married.json (POST https://www.helpinsure.com/api/autoResults, body in raw/api/manifest.json); record RPTG_INSR_ID=45 PLANKEY_ID=1159680618 field AUTO_SAMPLE_RATE_AMT",Plano 75023 (Collin County),"SENTINEL INSURANCE COMPANY, LTD.",tx-married,3188
tx-2025,TX,2025,https://www.helpinsure.com/auto.html,"raw/api/autoResults_75023_married.json (POST https://www.helpinsure.com/api/autoResults, body in raw/api/manifest.json); record RPTG_INSR_ID=212 PLANKEY_ID=1158459786 field AUTO_SAMPLE_RATE_AMT",Plano 75023 (Collin County),ENCOMPASS INDEPENDENT INSURANCE COMPANY,tx-married,3411
tx-2025,TX,2025,https://www.helpinsure.com/auto.html,"raw/api/autoResults_75023_pleasure.json (POST https://www.helpinsure.com/api/autoResults, body in raw/api/manifest.json); record RPTG_INSR_ID=283 PLANKEY_ID=1161308061 field AUTO_SAMPLE_RATE_AMT",Plano 75023 (Collin County),GEICO TEXAS COUNTY MUTUAL INSURANCE COMPANY / MGA: Voyager Corporation,tx-pleasure,370
tx-2025,TX,2025,https://www.helpinsure.com/auto.html,"raw/api/autoResults_75023_pleasure.json (POST https://www.helpinsure.com/api/autoResults, body in raw/api/manifest.json); record RPTG_INSR_ID=282 PLANKEY_ID=1160087229 field AUTO_SAMPLE_RATE_AMT",Plano 75023 (Collin County),GEICO TEXAS COUNTY MUTUAL INSURANCE COMPANY / MGA: Horizon Corporation,tx-pleasure,375
tx-2025,TX,2025,https://www.helpinsure.com/auto.html,"raw/api/autoResults_75023_pleasure.json (POST https://www.helpinsure.com/api/autoResults, body in raw/api/manifest.json); record RPTG_INSR_ID=281 PLANKEY_ID=1160901117 field AUTO_SAMPLE_RATE_AMT",Plano 75023 (Collin County),GEICO TEXAS COUNTY MUTUAL INSURANCE COMPANY / MGA: Perspective Corporation,tx-pleasure,400
tx-2025,TX,2025,https://www.helpinsure.com/auto.html,"raw/api/autoResults_75023_pleasure.json (POST https://www.helpinsure.com/api/autoResults, body in raw/api/manifest.json); record RPTG_INSR_ID=21 PLANKEY_ID=1152086157 field AUTO_SAMPLE_RATE_AMT",Plano 75023 (Collin County),FARMERS TEXAS COUNTY MUTUAL INSURANCE COMPANY,tx-pleasure,520
tx-2025,TX,2025,https://www.helpinsure.com/auto.html,"raw/api/autoResults_75023_pleasure.json (POST https://www.helpinsure.com/api/autoResults, body in raw/api/manifest.json); record RPTG_INSR_ID=56 PLANKEY_ID=1156831677 field AUTO_SAMPLE_RATE_AMT",Plano 75023 (Collin County),UNITED SERVICES AUTOMOBILE ASSOCIATION,tx-pleasure,639
tx-2025,TX,2025,https://www.helpinsure.com/auto.html,"raw/api/autoResults_75023_pleasure.json (POST https://www.helpinsure.com/api/autoResults, body in raw/api/manifest.json); record RPTG_INSR_ID=119 PLANKEY_ID=1157238621 field AUTO_SAMPLE_RATE_AMT",Plano 75023 (Collin County),USAA CASUALTY INSURANCE COMPANY,tx-pleasure,660
tx-2025,TX,2025,https://www.helpinsure.com/auto.html,"raw/api/autoResults_75023_pleasure.json (POST https://www.helpinsure.com/api/autoResults, body in raw/api/manifest.json); record RPTG_INSR_ID=41 PLANKEY_ID=1163071269 field AUTO_SAMPLE_RATE_AMT",Plano 75023 (Collin County),PROGRESSIVE COUNTY MUTUAL INSURANCE COMPANY,tx-pleasure,719
tx-2025,TX,2025,https://www.helpinsure.com/auto.html,"raw/api/autoResults_75023_pleasure.json (POST https://www.helpinsure.com/api/autoResults, body in raw/api/manifest.json); record RPTG_INSR_ID=118 PLANKEY_ID=1157645565 field AUTO_SAMPLE_RATE_AMT",Plano 75023 (Collin County),USAA GENERAL INDEMNITY COMPANY,tx-pleasure,751
tx-2025,TX,2025,https://www.helpinsure.com/auto.html,"raw/api/autoResults_75023_pleasure.json (POST https://www.helpinsure.com/api/autoResults, body in raw/api/manifest.json); record RPTG_INSR_ID=112 PLANKEY_ID=1156019085 field AUTO_SAMPLE_RATE_AMT",Plano 75023 (Collin County),GARRISON PROPERTY AND CASUALTY INSURANCE COMPANY,tx-pleasure,752
tx-2025,TX,2025,https://www.helpinsure.com/auto.html,"raw/api/autoResults_75023_pleasure.json (POST https://www.helpinsure.com/api/autoResults, body in raw/api/manifest.json); record RPTG_INSR_ID=102 PLANKEY_ID=1163476917 field AUTO_SAMPLE_RATE_AMT",Plano 75023 (Collin County),PROGRESSIVE COUNTY MUTUAL INSURANCE COMPANY / MGA: PROGRESSIVE COUNTY MUTUAL - DIRECT RATES,tx-pleasure,768
tx-2025,TX,2025,https://www.helpinsure.com/auto.html,"raw/api/autoResults_75023_pleasure.json (POST https://www.helpinsure.com/api/autoResults, body in raw/api/manifest.json); record RPTG_INSR_ID=246 PLANKEY_ID=1162257381 field AUTO_SAMPLE_RATE_AMT",Plano 75023 (Collin County),GEICO TEXAS COUNTY MUTUAL INSURANCE COMPANY / MGA: Endeavor Corporation,tx-pleasure,776
tx-2025,TX,2025,https://www.helpinsure.com/auto.html,"raw/api/autoResults_75023_pleasure.json (POST https://www.helpinsure.com/api/autoResults, body in raw/api/manifest.json); record RPTG_INSR_ID=6 PLANKEY_ID=1164832101 field AUTO_SAMPLE_RATE_AMT",Plano 75023 (Collin County),ALLSTATE FIRE AND CASUALTY INSURANCE COMPANY,tx-pleasure,892
tx-2025,TX,2025,https://www.helpinsure.com/auto.html,"raw/api/autoResults_75023_pleasure.json (POST https://www.helpinsure.com/api/autoResults, body in raw/api/manifest.json); record RPTG_INSR_ID=238 PLANKEY_ID=1164289509 field AUTO_SAMPLE_RATE_AMT",Plano 75023 (Collin County),MID-CENTURY INSURANCE COMPANY OF TEXAS,tx-pleasure,895
tx-2025,TX,2025,https://www.helpinsure.com/auto.html,"raw/api/autoResults_75023_pleasure.json (POST https://www.helpinsure.com/api/autoResults, body in raw/api/manifest.json); record RPTG_INSR_ID=138 PLANKEY_ID=1153306341 field AUTO_SAMPLE_RATE_AMT",Plano 75023 (Collin County),INFINITY COUNTY MUTUAL INSURANCE COMPANY,tx-pleasure,949
tx-2025,TX,2025,https://www.helpinsure.com/auto.html,"raw/api/autoResults_75023_pleasure.json (POST https://www.helpinsure.com/api/autoResults, body in raw/api/manifest.json); record RPTG_INSR_ID=50 PLANKEY_ID=1149647085 field AUTO_SAMPLE_RATE_AMT",Plano 75023 (Collin County),STATE FARM MUTUAL AUTOMOBILE INSURANCE COMPANY,tx-pleasure,959
tx-2025,TX,2025,https://www.helpinsure.com/auto.html,"raw/api/autoResults_75023_pleasure.json (POST https://www.helpinsure.com/api/autoResults, body in raw/api/manifest.json); record RPTG_INSR_ID=1 PLANKEY_ID=1148291901 field AUTO_SAMPLE_RATE_AMT",Plano 75023 (Collin County),AUTO CLUB COUNTY MUTUAL INSURANCE COMPANY,tx-pleasure,1087
tx-2025,TX,2025,https://www.helpinsure.com/auto.html,"raw/api/autoResults_75023_pleasure.json (POST https://www.helpinsure.com/api/autoResults, body in raw/api/manifest.json); record RPTG_INSR_ID=104 PLANKEY_ID=1164695121 field AUTO_SAMPLE_RATE_AMT",Plano 75023 (Collin County),TEXAS AUTOMOBILE INSURANCE PLAN ASSOCIATION,tx-pleasure,1150
tx-2025,TX,2025,https://www.helpinsure.com/auto.html,"raw/api/autoResults_75023_pleasure.json (POST https://www.helpinsure.com/api/autoResults, body in raw/api/manifest.json); record RPTG_INSR_ID=219 PLANKEY_ID=1153711953 field AUTO_SAMPLE_RATE_AMT",Plano 75023 (Collin County),AMERICAN ACCESS CASUALTY COMPANY,tx-pleasure,1154
tx-2025,TX,2025,https://www.helpinsure.com/auto.html,"raw/api/autoResults_75023_pleasure.json (POST https://www.helpinsure.com/api/autoResults, body in raw/api/manifest.json); record RPTG_INSR_ID=16 PLANKEY_ID=1151272269 field AUTO_SAMPLE_RATE_AMT",Plano 75023 (Collin County),CONSUMERS COUNTY MUTUAL INSURANCE COMPANY / MGA: Travelers Quantum Auto 2.0 Program,tx-pleasure,1186
tx-2025,TX,2025,https://www.helpinsure.com/auto.html,"raw/api/autoResults_75023_pleasure.json (POST https://www.helpinsure.com/api/autoResults, body in raw/api/manifest.json); record RPTG_INSR_ID=124 PLANKEY_ID=1165239045 field AUTO_SAMPLE_RATE_AMT",Plano 75023 (Collin County),CONSUMERS COUNTY MUTUAL INSURANCE COMPANY,tx-pleasure,1186
tx-2025,TX,2025,https://www.helpinsure.com/auto.html,"raw/api/autoResults_75023_pleasure.json (POST https://www.helpinsure.com/api/autoResults, body in raw/api/manifest.json); record RPTG_INSR_ID=5 PLANKEY_ID=1152899397 field AUTO_SAMPLE_RATE_AMT",Plano 75023 (Collin County),ALLSTATE COUNTY MUTUAL INSURANCE COMPANY,tx-pleasure,1205
tx-2025,TX,2025,https://www.helpinsure.com/auto.html,"raw/api/autoResults_75023_pleasure.json (POST https://www.helpinsure.com/api/autoResults, body in raw/api/manifest.json); record RPTG_INSR_ID=48 PLANKEY_ID=1150052733 field AUTO_SAMPLE_RATE_AMT",Plano 75023 (Collin County),STATE FARM COUNTY MUTUAL INSURANCE COMPANY OF TEXAS,tx-pleasure,1228
tx-2025,TX,2025,https://www.helpinsure.com/auto.html,"raw/api/autoResults_75023_pleasure.json (POST https://www.helpinsure.com/api/autoResults, body in raw/api/manifest.json); record RPTG_INSR_ID=32 PLANKEY_ID=1150458381 field AUTO_SAMPLE_RATE_AMT",Plano 75023 (Collin County),MERCURY COUNTY MUTUAL INSURANCE COMPANY,tx-pleasure,1284
tx-2025,TX,2025,https://www.helpinsure.com/auto.html,"raw/api/autoResults_75023_pleasure.json (POST https://www.helpinsure.com/api/autoResults, body in raw/api/manifest.json); record RPTG_INSR_ID=175 PLANKEY_ID=1163882565 field AUTO_SAMPLE_RATE_AMT",Plano 75023 (Collin County),FARMERS PROPERTY AND CASUALTY INSURANCE COMPANY,tx-pleasure,1289
tx-2025,TX,2025,https://www.helpinsure.com/auto.html,"raw/api/autoResults_75023_pleasure.json (POST https://www.helpinsure.com/api/autoResults, body in raw/api/manifest.json); record RPTG_INSR_ID=173 PLANKEY_ID=1151679213 field AUTO_SAMPLE_RATE_AMT",Plano 75023 (Collin County),ECONOMY FIRE & CASUALTY COMPANY,tx-pleasure,1352
tx-2025,TX,2025,https://www.helpinsure.com/auto.html,"raw/api/autoResults_75023_pleasure.json (POST https://www.helpinsure.com/api/autoResults, body in raw/api/manifest.json); record RPTG_INSR_ID=209 PLANKEY_ID=1158866397 field AUTO_SAMPLE_RATE_AMT",Plano 75023 (Collin County),AMERICAN FAMILY CONNECT PROPERTY AND CASUALTY INSURANCE COMPANY,tx-pleasure,1400
tx-2025,TX,2025,https://www.helpinsure.com/auto.html,"raw/api/autoResults_75023_pleasure.json (POST https://www.helpinsure.com/api/autoResults, body in raw/api/manifest.json); record RPTG_INSR_ID=140 PLANKEY_ID=1152493101 field AUTO_SAMPLE_RATE_AMT",Plano 75023 (Collin County),FOREMOST COUNTY MUTUAL INSURANCE COMPANY,tx-pleasure,1634
tx-2025,TX,2025,https://www.helpinsure.com/auto.html,"raw/api/autoResults_75023_pleasure.json (POST https://www.helpinsure.com/api/autoResults, body in raw/api/manifest.json); record RPTG_INSR_ID=215 PLANKEY_ID=1149510105 field AUTO_SAMPLE_RATE_AMT",Plano 75023 (Collin County),"MGA INSURANCE COMPANY, INC.",tx-pleasure,1798
tx-2025,TX,2025,https://www.helpinsure.com/auto.html,"raw/api/autoResults_75023_pleasure.json (POST https://www.helpinsure.com/api/autoResults, body in raw/api/manifest.json); record RPTG_INSR_ID=33 PLANKEY_ID=1158052509 field AUTO_SAMPLE_RATE_AMT",Plano 75023 (Collin County),FARMERS LLOYDS INSURANCE COMPANY OF TEXAS,tx-pleasure,2075
tx-2025,TX,2025,https://www.helpinsure.com/auto.html,"raw/api/autoResults_75023_pleasure.json (POST https://www.helpinsure.com/api/autoResults, body in raw/api/manifest.json); record RPTG_INSR_ID=123 PLANKEY_ID=1159273341 field AUTO_SAMPLE_RATE_AMT",Plano 75023 (Collin County),AMICA MUTUAL INSURANCE COMPANY,tx-pleasure,2133
tx-2025,TX,2025,https://www.helpinsure.com/auto.html,"raw/api/autoResults_75023_pleasure.json (POST https://www.helpinsure.com/api/autoResults, body in raw/api/manifest.json); record RPTG_INSR_ID=142 PLANKEY_ID=1150867269 field AUTO_SAMPLE_RATE_AMT",Plano 75023 (Collin County),"COLONIAL COUNTY MUTUAL INSURANCE COMPANY / MGA: Titan Insurance Services, Inc.",tx-pleasure,2308
tx-2025,TX,2025,https://www.helpinsure.com/auto.html,"raw/api/autoResults_75023_pleasure.json (POST https://www.helpinsure.com/api/autoResults, body in raw/api/manifest.json); record RPTG_INSR_ID=161 PLANKEY_ID=1147884957 field AUTO_SAMPLE_RATE_AMT",Plano 75023 (Collin County),AMICA PROPERTY AND CASUALTY INSURANCE COMPANY,tx-pleasure,2528
tx-2025,TX,2025,https://www.helpinsure.com/auto.html,"raw/api/autoResults_75023_pleasure.json (POST https://www.helpinsure.com/api/autoResults, body in raw/api/manifest.json); record RPTG_INSR_ID=205 PLANKEY_ID=1148698845 field AUTO_SAMPLE_RATE_AMT",Plano 75023 (Collin County),DAIRYLAND COUNTY MUTUAL INSURANCE COMPANY OF TEXAS,tx-pleasure,2760
tx-2025,TX,2025,https://www.helpinsure.com/auto.html,"raw/api/autoResults_75023_pleasure.json (POST https://www.helpinsure.com/api/autoResults, body in raw/api/manifest.json); record RPTG_INSR_ID=155 PLANKEY_ID=1162664325 field AUTO_SAMPLE_RATE_AMT",Plano 75023 (Collin County),LIBERTY COUNTY MUTUAL INSURANCE COMPANY / MGA: Safeco General Agency (Safeco),tx-pleasure,2908
tx-2025,TX,2025,https://www.helpinsure.com/auto.html,"raw/api/autoResults_75023_pleasure.json (POST https://www.helpinsure.com/api/autoResults, body in raw/api/manifest.json); record RPTG_INSR_ID=45 PLANKEY_ID=1159680285 field AUTO_SAMPLE_RATE_AMT",Plano 75023 (Collin County),"SENTINEL INSURANCE COMPANY, LTD.",tx-pleasure,3380
tx-2025,TX,2025,https://www.helpinsure.com/auto.html,"raw/api/autoResults_75023_pleasure.json (POST https://www.helpinsure.com/api/autoResults, body in raw/api/manifest.json); record RPTG_INSR_ID=212 PLANKEY_ID=1158459453 field AUTO_SAMPLE_RATE_AMT",Plano 75023 (Collin County),ENCOMPASS INDEPENDENT INSURANCE COMPANY,tx-pleasure,4115
tx-2025,TX,2025,https://www.helpinsure.com/auto.html,"raw/api/autoResults_75023_speeding.json (POST https://www.helpinsure.com/api/autoResults, body in raw/api/manifest.json); record RPTG_INSR_ID=21 PLANKEY_ID=1152086165 field AUTO_SAMPLE_RATE_AMT",Plano 75023 (Collin County),FARMERS TEXAS COUNTY MUTUAL INSURANCE COMPANY,tx-speeding,588
tx-2025,TX,2025,https://www.helpinsure.com/auto.html,"raw/api/autoResults_75023_speeding.json (POST https://www.helpinsure.com/api/autoResults, body in raw/api/manifest.json); record RPTG_INSR_ID=283 PLANKEY_ID=1161308069 field AUTO_SAMPLE_RATE_AMT",Plano 75023 (Collin County),GEICO TEXAS COUNTY MUTUAL INSURANCE COMPANY / MGA: Voyager Corporation,tx-speeding,637
tx-2025,TX,2025,https://www.helpinsure.com/auto.html,"raw/api/autoResults_75023_speeding.json (POST https://www.helpinsure.com/api/autoResults, body in raw/api/manifest.json); record RPTG_INSR_ID=282 PLANKEY_ID=1160087237 field AUTO_SAMPLE_RATE_AMT",Plano 75023 (Collin County),GEICO TEXAS COUNTY MUTUAL INSURANCE COMPANY / MGA: Horizon Corporation,tx-speeding,652
tx-2025,TX,2025,https://www.helpinsure.com/auto.html,"raw/api/autoResults_75023_speeding.json (POST https://www.helpinsure.com/api/autoResults, body in raw/api/manifest.json); record RPTG_INSR_ID=56 PLANKEY_ID=1156831685 field AUTO_SAMPLE_RATE_AMT",Plano 75023 (Collin County),UNITED SERVICES AUTOMOBILE ASSOCIATION,tx-speeding,657
tx-2025,TX,2025,https://www.helpinsure.com/auto.html,"raw/api/autoResults_75023_speeding.json (POST https://www.helpinsure.com/api/autoResults, body in raw/api/manifest.json); record RPTG_INSR_ID=119 PLANKEY_ID=1157238629 field AUTO_SAMPLE_RATE_AMT",Plano 75023 (Collin County),USAA CASUALTY INSURANCE COMPANY,tx-speeding,678
tx-2025,TX,2025,https://www.helpinsure.com/auto.html,"raw/api/autoResults_75023_speeding.json (POST https://www.helpinsure.com/api/autoResults, body in raw/api/manifest.json); record RPTG_INSR_ID=281 PLANKEY_ID=1160901125 field AUTO_SAMPLE_RATE_AMT",Plano 75023 (Collin County),GEICO TEXAS COUNTY MUTUAL INSURANCE COMPANY / MGA: Perspective Corporation,tx-speeding,708
tx-2025,TX,2025,https://www.helpinsure.com/auto.html,"raw/api/autoResults_75023_speeding.json (POST https://www.helpinsure.com/api/autoResults, body in raw/api/manifest.json); record RPTG_INSR_ID=118 PLANKEY_ID=1157645573 field AUTO_SAMPLE_RATE_AMT",Plano 75023 (Collin County),USAA GENERAL INDEMNITY COMPANY,tx-speeding,779
tx-2025,TX,2025,https://www.helpinsure.com/auto.html,"raw/api/autoResults_75023_speeding.json (POST https://www.helpinsure.com/api/autoResults, body in raw/api/manifest.json); record RPTG_INSR_ID=112 PLANKEY_ID=1156019093 field AUTO_SAMPLE_RATE_AMT",Plano 75023 (Collin County),GARRISON PROPERTY AND CASUALTY INSURANCE COMPANY,tx-speeding,795
tx-2025,TX,2025,https://www.helpinsure.com/auto.html,"raw/api/autoResults_75023_speeding.json (POST https://www.helpinsure.com/api/autoResults, body in raw/api/manifest.json); record RPTG_INSR_ID=6 PLANKEY_ID=1164832109 field AUTO_SAMPLE_RATE_AMT",Plano 75023 (Collin County),ALLSTATE FIRE AND CASUALTY INSURANCE COMPANY,tx-speeding,892
tx-2025,TX,2025,https://www.helpinsure.com/auto.html,"raw/api/autoResults_75023_speeding.json (POST https://www.helpinsure.com/api/autoResults, body in raw/api/manifest.json); record RPTG_INSR_ID=50 PLANKEY_ID=1149647093 field AUTO_SAMPLE_RATE_AMT",Plano 75023 (Collin County),STATE FARM MUTUAL AUTOMOBILE INSURANCE COMPANY,tx-speeding,937
tx-2025,TX,2025,https://www.helpinsure.com/auto.html,"raw/api/autoResults_75023_speeding.json (POST https://www.helpinsure.com/api/autoResults, body in raw/api/manifest.json); record RPTG_INSR_ID=102 PLANKEY_ID=1163476925 field AUTO_SAMPLE_RATE_AMT",Plano 75023 (Collin County),PROGRESSIVE COUNTY MUTUAL INSURANCE COMPANY / MGA: PROGRESSIVE COUNTY MUTUAL - DIRECT RATES,tx-speeding,985
tx-2025,TX,2025,https://www.helpinsure.com/auto.html,"raw/api/autoResults_75023_speeding.json (POST https://www.helpinsure.com/api/autoResults, body in raw/api/manifest.json); record RPTG_INSR_ID=246 PLANKEY_ID=1162257389 field AUTO_SAMPLE_RATE_AMT",Plano 75023 (Collin County),GEICO TEXAS COUNTY MUTUAL INSURANCE COMPANY / MGA: Endeavor Corporation,tx-speeding,1037
tx-2025,TX,2025,https://www.helpinsure.com/auto.html,"raw/api/autoResults_75023_speeding.json (POST https://www.helpinsure.com/api/autoResults, body in raw/api/manifest.json); record RPTG_INSR_ID=41 PLANKEY_ID=1163071277 field AUTO_SAMPLE_RATE_AMT",Plano 75023 (Collin County),PROGRESSIVE COUNTY MUTUAL INSURANCE COMPANY,tx-speeding,1047
tx-2025,TX,2025,https://www.helpinsure.com/auto.html,"raw/api/autoResults_75023_speeding.json (POST https://www.helpinsure.com/api/autoResults, body in raw/api/manifest.json); record RPTG_INSR_ID=238 PLANKEY_ID=1164289517 field AUTO_SAMPLE_RATE_AMT",Plano 75023 (Collin County),MID-CENTURY INSURANCE COMPANY OF TEXAS,tx-speeding,1056
tx-2025,TX,2025,https://www.helpinsure.com/auto.html,"raw/api/autoResults_75023_speeding.json (POST https://www.helpinsure.com/api/autoResults, body in raw/api/manifest.json); record RPTG_INSR_ID=219 PLANKEY_ID=1153711961 field AUTO_SAMPLE_RATE_AMT",Plano 75023 (Collin County),AMERICAN ACCESS CASUALTY COMPANY,tx-speeding,1154
tx-2025,TX,2025,https://www.helpinsure.com/auto.html,"raw/api/autoResults_75023_speeding.json (POST https://www.helpinsure.com/api/autoResults, body in raw/api/manifest.json); record RPTG_INSR_ID=138 PLANKEY_ID=1153306349 field AUTO_SAMPLE_RATE_AMT",Plano 75023 (Collin County),INFINITY COUNTY MUTUAL INSURANCE COMPANY,tx-speeding,1226
tx-2025,TX,2025,https://www.helpinsure.com/auto.html,"raw/api/autoResults_75023_speeding.json (POST https://www.helpinsure.com/api/autoResults, body in raw/api/manifest.json); record RPTG_INSR_ID=175 PLANKEY_ID=1163882573 field AUTO_SAMPLE_RATE_AMT",Plano 75023 (Collin County),FARMERS PROPERTY AND CASUALTY INSURANCE COMPANY,tx-speeding,1289
tx-2025,TX,2025,https://www.helpinsure.com/auto.html,"raw/api/autoResults_75023_speeding.json (POST https://www.helpinsure.com/api/autoResults, body in raw/api/manifest.json); record RPTG_INSR_ID=5 PLANKEY_ID=1152899405 field AUTO_SAMPLE_RATE_AMT",Plano 75023 (Collin County),ALLSTATE COUNTY MUTUAL INSURANCE COMPANY,tx-speeding,1293
tx-2025,TX,2025,https://www.helpinsure.com/auto.html,"raw/api/autoResults_75023_speeding.json (POST https://www.helpinsure.com/api/autoResults, body in raw/api/manifest.json); record RPTG_INSR_ID=173 PLANKEY_ID=1151679221 field AUTO_SAMPLE_RATE_AMT",Plano 75023 (Collin County),ECONOMY FIRE & CASUALTY COMPANY,tx-speeding,1352
tx-2025,TX,2025,https://www.helpinsure.com/auto.html,"raw/api/autoResults_75023_speeding.json (POST https://www.helpinsure.com/api/autoResults, body in raw/api/manifest.json); record RPTG_INSR_ID=209 PLANKEY_ID=1158866405 field AUTO_SAMPLE_RATE_AMT",Plano 75023 (Collin County),AMERICAN FAMILY CONNECT PROPERTY AND CASUALTY INSURANCE COMPANY,tx-speeding,1520
tx-2025,TX,2025,https://www.helpinsure.com/auto.html,"raw/api/autoResults_75023_speeding.json (POST https://www.helpinsure.com/api/autoResults, body in raw/api/manifest.json); record RPTG_INSR_ID=104 PLANKEY_ID=1164695129 field AUTO_SAMPLE_RATE_AMT",Plano 75023 (Collin County),TEXAS AUTOMOBILE INSURANCE PLAN ASSOCIATION,tx-speeding,1520
tx-2025,TX,2025,https://www.helpinsure.com/auto.html,"raw/api/autoResults_75023_speeding.json (POST https://www.helpinsure.com/api/autoResults, body in raw/api/manifest.json); record RPTG_INSR_ID=48 PLANKEY_ID=1150052741 field AUTO_SAMPLE_RATE_AMT",Plano 75023 (Collin County),STATE FARM COUNTY MUTUAL INSURANCE COMPANY OF TEXAS,tx-speeding,1523
tx-2025,TX,2025,https://www.helpinsure.com/auto.html,"raw/api/autoResults_75023_speeding.json (POST https://www.helpinsure.com/api/autoResults, body in raw/api/manifest.json); record RPTG_INSR_ID=16 PLANKEY_ID=1151272277 field AUTO_SAMPLE_RATE_AMT",Plano 75023 (Collin County),CONSUMERS COUNTY MUTUAL INSURANCE COMPANY / MGA: Travelers Quantum Auto 2.0 Program,tx-speeding,1606
tx-2025,TX,2025,https://www.helpinsure.com/auto.html,"raw/api/autoResults_75023_speeding.json (POST https://www.helpinsure.com/api/autoResults, body in raw/api/manifest.json); record RPTG_INSR_ID=124 PLANKEY_ID=1165239053 field AUTO_SAMPLE_RATE_AMT",Plano 75023 (Collin County),CONSUMERS COUNTY MUTUAL INSURANCE COMPANY,tx-speeding,1606
tx-2025,TX,2025,https://www.helpinsure.com/auto.html,"raw/api/autoResults_75023_speeding.json (POST https://www.helpinsure.com/api/autoResults, body in raw/api/manifest.json); record RPTG_INSR_ID=215 PLANKEY_ID=1149510113 field AUTO_SAMPLE_RATE_AMT",Plano 75023 (Collin County),"MGA INSURANCE COMPANY, INC.",tx-speeding,1798
tx-2025,TX,2025,https://www.helpinsure.com/auto.html,"raw/api/autoResults_75023_speeding.json (POST https://www.helpinsure.com/api/autoResults, body in raw/api/manifest.json); record RPTG_INSR_ID=1 PLANKEY_ID=1148291909 field AUTO_SAMPLE_RATE_AMT",Plano 75023 (Collin County),AUTO CLUB COUNTY MUTUAL INSURANCE COMPANY,tx-speeding,1820
tx-2025,TX,2025,https://www.helpinsure.com/auto.html,"raw/api/autoResults_75023_speeding.json (POST https://www.helpinsure.com/api/autoResults, body in raw/api/manifest.json); record RPTG_INSR_ID=32 PLANKEY_ID=1150458389 field AUTO_SAMPLE_RATE_AMT",Plano 75023 (Collin County),MERCURY COUNTY MUTUAL INSURANCE COMPANY,tx-speeding,1843
tx-2025,TX,2025,https://www.helpinsure.com/auto.html,"raw/api/autoResults_75023_speeding.json (POST https://www.helpinsure.com/api/autoResults, body in raw/api/manifest.json); record RPTG_INSR_ID=33 PLANKEY_ID=1158052517 field AUTO_SAMPLE_RATE_AMT",Plano 75023 (Collin County),FARMERS LLOYDS INSURANCE COMPANY OF TEXAS,tx-speeding,2044
tx-2025,TX,2025,https://www.helpinsure.com/auto.html,"raw/api/autoResults_75023_speeding.json (POST https://www.helpinsure.com/api/autoResults, body in raw/api/manifest.json); record RPTG_INSR_ID=140 PLANKEY_ID=1152493109 field AUTO_SAMPLE_RATE_AMT",Plano 75023 (Collin County),FOREMOST COUNTY MUTUAL INSURANCE COMPANY,tx-speeding,2177
tx-2025,TX,2025,https://www.helpinsure.com/auto.html,"raw/api/autoResults_75023_speeding.json (POST https://www.helpinsure.com/api/autoResults, body in raw/api/manifest.json); record RPTG_INSR_ID=123 PLANKEY_ID=1159273349 field AUTO_SAMPLE_RATE_AMT",Plano 75023 (Collin County),AMICA MUTUAL INSURANCE COMPANY,tx-speeding,2226
tx-2025,TX,2025,https://www.helpinsure.com/auto.html,"raw/api/autoResults_75023_speeding.json (POST https://www.helpinsure.com/api/autoResults, body in raw/api/manifest.json); record RPTG_INSR_ID=161 PLANKEY_ID=1147884965 field AUTO_SAMPLE_RATE_AMT",Plano 75023 (Collin County),AMICA PROPERTY AND CASUALTY INSURANCE COMPANY,tx-speeding,2577
tx-2025,TX,2025,https://www.helpinsure.com/auto.html,"raw/api/autoResults_75023_speeding.json (POST https://www.helpinsure.com/api/autoResults, body in raw/api/manifest.json); record RPTG_INSR_ID=142 PLANKEY_ID=1150867277 field AUTO_SAMPLE_RATE_AMT",Plano 75023 (Collin County),"COLONIAL COUNTY MUTUAL INSURANCE COMPANY / MGA: Titan Insurance Services, Inc.",tx-speeding,3132
tx-2025,TX,2025,https://www.helpinsure.com/auto.html,"raw/api/autoResults_75023_speeding.json (POST https://www.helpinsure.com/api/autoResults, body in raw/api/manifest.json); record RPTG_INSR_ID=205 PLANKEY_ID=1148698853 field AUTO_SAMPLE_RATE_AMT",Plano 75023 (Collin County),DAIRYLAND COUNTY MUTUAL INSURANCE COMPANY OF TEXAS,tx-speeding,3745
tx-2025,TX,2025,https://www.helpinsure.com/auto.html,"raw/api/autoResults_75023_speeding.json (POST https://www.helpinsure.com/api/autoResults, body in raw/api/manifest.json); record RPTG_INSR_ID=155 PLANKEY_ID=1162664333 field AUTO_SAMPLE_RATE_AMT",Plano 75023 (Collin County),LIBERTY COUNTY MUTUAL INSURANCE COMPANY / MGA: Safeco General Agency (Safeco),tx-speeding,4084
tx-2025,TX,2025,https://www.helpinsure.com/auto.html,"raw/api/autoResults_75023_speeding.json (POST https://www.helpinsure.com/api/autoResults, body in raw/api/manifest.json); record RPTG_INSR_ID=212 PLANKEY_ID=1158459461 field AUTO_SAMPLE_RATE_AMT",Plano 75023 (Collin County),ENCOMPASS INDEPENDENT INSURANCE COMPANY,tx-speeding,4115
tx-2025,TX,2025,https://www.helpinsure.com/auto.html,"raw/api/autoResults_75023_speeding.json (POST https://www.helpinsure.com/api/autoResults, body in raw/api/manifest.json); record RPTG_INSR_ID=45 PLANKEY_ID=1159680293 field AUTO_SAMPLE_RATE_AMT",Plano 75023 (Collin County),"SENTINEL INSURANCE COMPANY, LTD.",tx-speeding,4202
tx-2025,TX,2025,https://www.helpinsure.com/auto.html,"raw/api/autoResults_75023_truck.json (POST https://www.helpinsure.com/api/autoResults, body in raw/api/manifest.json); record RPTG_INSR_ID=283 PLANKEY_ID=1161511542 field AUTO_SAMPLE_RATE_AMT",Plano 75023 (Collin County),GEICO TEXAS COUNTY MUTUAL INSURANCE COMPANY / MGA: Voyager Corporation,tx-truck,384
tx-2025,TX,2025,https://www.helpinsure.com/auto.html,"raw/api/autoResults_75023_truck.json (POST https://www.helpinsure.com/api/autoResults, body in raw/api/manifest.json); record RPTG_INSR_ID=282 PLANKEY_ID=1160290710 field AUTO_SAMPLE_RATE_AMT",Plano 75023 (Collin County),GEICO TEXAS COUNTY MUTUAL INSURANCE COMPANY / MGA: Horizon Corporation,tx-truck,390
tx-2025,TX,2025,https://www.helpinsure.com/auto.html,"raw/api/autoResults_75023_truck.json (POST https://www.helpinsure.com/api/autoResults, body in raw/api/manifest.json); record RPTG_INSR_ID=281 PLANKEY_ID=1161104598 field AUTO_SAMPLE_RATE_AMT",Plano 75023 (Collin County),GEICO TEXAS COUNTY MUTUAL INSURANCE COMPANY / MGA: Perspective Corporation,tx-truck,419
tx-2025,TX,2025,https://www.helpinsure.com/auto.html,"raw/api/autoResults_75023_truck.json (POST https://www.helpinsure.com/api/autoResults, body in raw/api/manifest.json); record RPTG_INSR_ID=21 PLANKEY_ID=1152289638 field AUTO_SAMPLE_RATE_AMT",Plano 75023 (Collin County),FARMERS TEXAS COUNTY MUTUAL INSURANCE COMPANY,tx-truck,536
tx-2025,TX,2025,https://www.helpinsure.com/auto.html,"raw/api/autoResults_75023_truck.json (POST https://www.helpinsure.com/api/autoResults, body in raw/api/manifest.json); record RPTG_INSR_ID=56 PLANKEY_ID=1157035158 field AUTO_SAMPLE_RATE_AMT",Plano 75023 (Collin County),UNITED SERVICES AUTOMOBILE ASSOCIATION,tx-truck,588
tx-2025,TX,2025,https://www.helpinsure.com/auto.html,"raw/api/autoResults_75023_truck.json (POST https://www.helpinsure.com/api/autoResults, body in raw/api/manifest.json); record RPTG_INSR_ID=119 PLANKEY_ID=1157442102 field AUTO_SAMPLE_RATE_AMT",Plano 75023 (Collin County),USAA CASUALTY INSURANCE COMPANY,tx-truck,607
tx-2025,TX,2025,https://www.helpinsure.com/auto.html,"raw/api/autoResults_75023_truck.json (POST https://www.helpinsure.com/api/autoResults, body in raw/api/manifest.json); record RPTG_INSR_ID=138 PLANKEY_ID=1153509822 field AUTO_SAMPLE_RATE_AMT",Plano 75023 (Collin County),INFINITY COUNTY MUTUAL INSURANCE COMPANY,tx-truck,650
tx-2025,TX,2025,https://www.helpinsure.com/auto.html,"raw/api/autoResults_75023_truck.json (POST https://www.helpinsure.com/api/autoResults, body in raw/api/manifest.json); record RPTG_INSR_ID=118 PLANKEY_ID=1157849046 field AUTO_SAMPLE_RATE_AMT",Plano 75023 (Collin County),USAA GENERAL INDEMNITY COMPANY,tx-truck,696
tx-2025,TX,2025,https://www.helpinsure.com/auto.html,"raw/api/autoResults_75023_truck.json (POST https://www.helpinsure.com/api/autoResults, body in raw/api/manifest.json); record RPTG_INSR_ID=112 PLANKEY_ID=1156222566 field AUTO_SAMPLE_RATE_AMT",Plano 75023 (Collin County),GARRISON PROPERTY AND CASUALTY INSURANCE COMPANY,tx-truck,710
tx-2025,TX,2025,https://www.helpinsure.com/auto.html,"raw/api/autoResults_75023_truck.json (POST https://www.helpinsure.com/api/autoResults, body in raw/api/manifest.json); record RPTG_INSR_ID=246 PLANKEY_ID=1162460862 field AUTO_SAMPLE_RATE_AMT",Plano 75023 (Collin County),GEICO TEXAS COUNTY MUTUAL INSURANCE COMPANY / MGA: Endeavor Corporation,tx-truck,755
tx-2025,TX,2025,https://www.helpinsure.com/auto.html,"raw/api/autoResults_75023_truck.json (POST https://www.helpinsure.com/api/autoResults, body in raw/api/manifest.json); record RPTG_INSR_ID=6 PLANKEY_ID=1165035582 field AUTO_SAMPLE_RATE_AMT",Plano 75023 (Collin County),ALLSTATE FIRE AND CASUALTY INSURANCE COMPANY,tx-truck,765
tx-2025,TX,2025,https://www.helpinsure.com/auto.html,"raw/api/autoResults_75023_truck.json (POST https://www.helpinsure.com/api/autoResults, body in raw/api/manifest.json); record RPTG_INSR_ID=50 PLANKEY_ID=1149849918 field AUTO_SAMPLE_RATE_AMT",Plano 75023 (Collin County),STATE FARM MUTUAL AUTOMOBILE INSURANCE COMPANY,tx-truck,959
tx-2025,TX,2025,https://www.helpinsure.com/auto.html,"raw/api/autoResults_75023_truck.json (POST https://www.helpinsure.com/api/autoResults, body in raw/api/manifest.json); record RPTG_INSR_ID=102 PLANKEY_ID=1163679750 field AUTO_SAMPLE_RATE_AMT",Plano 75023 (Collin County),PROGRESSIVE COUNTY MUTUAL INSURANCE COMPANY / MGA: PROGRESSIVE COUNTY MUTUAL - DIRECT RATES,tx-truck,1013
tx-2025,TX,2025,https://www.helpinsure.com/auto.html,"raw/api/autoResults_75023_truck.json (POST https://www.helpinsure.com/api/autoResults, body in raw/api/manifest.json); record RPTG_INSR_ID=41 PLANKEY_ID=1163274102 field AUTO_SAMPLE_RATE_AMT",Plano 75023 (Collin County),PROGRESSIVE COUNTY MUTUAL INSURANCE COMPANY,tx-truck,1045
tx-2025,TX,2025,https://www.helpinsure.com/auto.html,"raw/api/autoResults_75023_truck.json (POST https://www.helpinsure.com/api/autoResults, body in raw/api/manifest.json); record RPTG_INSR_ID=238 PLANKEY_ID=1164492990 field AUTO_SAMPLE_RATE_AMT",Plano 75023 (Collin County),MID-CENTURY INSURANCE COMPANY OF TEXAS,tx-truck,1104
tx-2025,TX,2025,https://www.helpinsure.com/auto.html,"raw/api/autoResults_75023_truck.json (POST https://www.helpinsure.com/api/autoResults, body in raw/api/manifest.json); record RPTG_INSR_ID=48 PLANKEY_ID=1150255566 field AUTO_SAMPLE_RATE_AMT",Plano 75023 (Collin County),STATE FARM COUNTY MUTUAL INSURANCE COMPANY OF TEXAS,tx-truck,1228
tx-2025,TX,2025,https://www.helpinsure.com/auto.html,"raw/api/autoResults_75023_truck.json (POST https://www.helpinsure.com/api/autoResults, body in raw/api/manifest.json); record RPTG_INSR_ID=32 PLANKEY_ID=1150661862 field AUTO_SAMPLE_RATE_AMT",Plano 75023 (Collin County),MERCURY COUNTY MUTUAL INSURANCE COMPANY,tx-truck,1303
tx-2025,TX,2025,https://www.helpinsure.com/auto.html,"raw/api/autoResults_75023_truck.json (POST https://www.helpinsure.com/api/autoResults, body in raw/api/manifest.json); record RPTG_INSR_ID=175 PLANKEY_ID=1164086046 field AUTO_SAMPLE_RATE_AMT",Plano 75023 (Collin County),FARMERS PROPERTY AND CASUALTY INSURANCE COMPANY,tx-truck,1311
tx-2025,TX,2025,https://www.helpinsure.com/auto.html,"raw/api/autoResults_75023_truck.json (POST https://www.helpinsure.com/api/autoResults, body in raw/api/manifest.json); record RPTG_INSR_ID=219 PLANKEY_ID=1153779786 field AUTO_SAMPLE_RATE_AMT",Plano 75023 (Collin County),AMERICAN ACCESS CASUALTY COMPANY,tx-truck,1316
tx-2025,TX,2025,https://www.helpinsure.com/auto.html,"raw/api/autoResults_75023_truck.json (POST https://www.helpinsure.com/api/autoResults, body in raw/api/manifest.json); record RPTG_INSR_ID=104 PLANKEY_ID=1164762954 field AUTO_SAMPLE_RATE_AMT",Plano 75023 (Collin County),TEXAS AUTOMOBILE INSURANCE PLAN ASSOCIATION,tx-truck,1322
tx-2025,TX,2025,https://www.helpinsure.com/auto.html,"raw/api/autoResults_75023_truck.json (POST https://www.helpinsure.com/api/autoResults, body in raw/api/manifest.json); record RPTG_INSR_ID=173 PLANKEY_ID=1151882694 field AUTO_SAMPLE_RATE_AMT",Plano 75023 (Collin County),ECONOMY FIRE & CASUALTY COMPANY,tx-truck,1338
tx-2025,TX,2025,https://www.helpinsure.com/auto.html,"raw/api/autoResults_75023_truck.json (POST https://www.helpinsure.com/api/autoResults, body in raw/api/manifest.json); record RPTG_INSR_ID=1 PLANKEY_ID=1148495382 field AUTO_SAMPLE_RATE_AMT",Plano 75023 (Collin County),AUTO CLUB COUNTY MUTUAL INSURANCE COMPANY,tx-truck,1346
tx-2025,TX,2025,https://www.helpinsure.com/auto.html,"raw/api/autoResults_75023_truck.json (POST https://www.helpinsure.com/api/autoResults, body in raw/api/manifest.json); record RPTG_INSR_ID=209 PLANKEY_ID=1159069878 field AUTO_SAMPLE_RATE_AMT",Plano 75023 (Collin County),AMERICAN FAMILY CONNECT PROPERTY AND CASUALTY INSURANCE COMPANY,tx-truck,1420
tx-2025,TX,2025,https://www.helpinsure.com/auto.html,"raw/api/autoResults_75023_truck.json (POST https://www.helpinsure.com/api/autoResults, body in raw/api/manifest.json); record RPTG_INSR_ID=16 PLANKEY_ID=1151475750 field AUTO_SAMPLE_RATE_AMT",Plano 75023 (Collin County),CONSUMERS COUNTY MUTUAL INSURANCE COMPANY / MGA: Travelers Quantum Auto 2.0 Program,tx-truck,1554
tx-2025,TX,2025,https://www.helpinsure.com/auto.html,"raw/api/autoResults_75023_truck.json (POST https://www.helpinsure.com/api/autoResults, body in raw/api/manifest.json); record RPTG_INSR_ID=124 PLANKEY_ID=1165442526 field AUTO_SAMPLE_RATE_AMT",Plano 75023 (Collin County),CONSUMERS COUNTY MUTUAL INSURANCE COMPANY,tx-truck,1554
tx-2025,TX,2025,https://www.helpinsure.com/auto.html,"raw/api/autoResults_75023_truck.json (POST https://www.helpinsure.com/api/autoResults, body in raw/api/manifest.json); record RPTG_INSR_ID=215 PLANKEY_ID=1149577938 field AUTO_SAMPLE_RATE_AMT",Plano 75023 (Collin County),"MGA INSURANCE COMPANY, INC.",tx-truck,1558
tx-2025,TX,2025,https://www.helpinsure.com/auto.html,"raw/api/autoResults_75023_truck.json (POST https://www.helpinsure.com/api/autoResults, body in raw/api/manifest.json); record RPTG_INSR_ID=140 PLANKEY_ID=1152696582 field AUTO_SAMPLE_RATE_AMT",Plano 75023 (Collin County),FOREMOST COUNTY MUTUAL INSURANCE COMPANY,tx-truck,1958
tx-2025,TX,2025,https://www.helpinsure.com/auto.html,"raw/api/autoResults_75023_truck.json (POST https://www.helpinsure.com/api/autoResults, body in raw/api/manifest.json); record RPTG_INSR_ID=33 PLANKEY_ID=1158255990 field AUTO_SAMPLE_RATE_AMT",Plano 75023 (Collin County),FARMERS LLOYDS INSURANCE COMPANY OF TEXAS,tx-truck,2024
tx-2025,TX,2025,https://www.helpinsure.com/auto.html,"raw/api/autoResults_75023_truck.json (POST https://www.helpinsure.com/api/autoResults, body in raw/api/manifest.json); record RPTG_INSR_ID=123 PLANKEY_ID=1159476822 field AUTO_SAMPLE_RATE_AMT",Plano 75023 (Collin County),AMICA MUTUAL INSURANCE COMPANY,tx-truck,2259
tx-2025,TX,2025,https://www.helpinsure.com/auto.html,"raw/api/autoResults_75023_truck.json (POST https://www.helpinsure.com/api/autoResults, body in raw/api/manifest.json); record RPTG_INSR_ID=5 PLANKEY_ID=1153102878 field AUTO_SAMPLE_RATE_AMT",Plano 75023 (Collin County),ALLSTATE COUNTY MUTUAL INSURANCE COMPANY,tx-truck,2504
tx-2025,TX,2025,https://www.helpinsure.com/auto.html,"raw/api/autoResults_75023_truck.json (POST https://www.helpinsure.com/api/autoResults, body in raw/api/manifest.json); record RPTG_INSR_ID=161 PLANKEY_ID=1148088438 field AUTO_SAMPLE_RATE_AMT",Plano 75023 (Collin County),AMICA PROPERTY AND CASUALTY INSURANCE COMPANY,tx-truck,2614
tx-2025,TX,2025,https://www.helpinsure.com/auto.html,"raw/api/autoResults_75023_truck.json (POST https://www.helpinsure.com/api/autoResults, body in raw/api/manifest.json); record RPTG_INSR_ID=205 PLANKEY_ID=1148901678 field AUTO_SAMPLE_RATE_AMT",Plano 75023 (Collin County),DAIRYLAND COUNTY MUTUAL INSURANCE COMPANY OF TEXAS,tx-truck,2681
tx-2025,TX,2025,https://www.helpinsure.com/auto.html,"raw/api/autoResults_75023_truck.json (POST https://www.helpinsure.com/api/autoResults, body in raw/api/manifest.json); record RPTG_INSR_ID=155 PLANKEY_ID=1162867806 field AUTO_SAMPLE_RATE_AMT",Plano 75023 (Collin County),LIBERTY COUNTY MUTUAL INSURANCE COMPANY / MGA: Safeco General Agency (Safeco),tx-truck,2908
tx-2025,TX,2025,https://www.helpinsure.com/auto.html,"raw/api/autoResults_75023_truck.json (POST https://www.helpinsure.com/api/autoResults, body in raw/api/manifest.json); record RPTG_INSR_ID=45 PLANKEY_ID=1159883766 field AUTO_SAMPLE_RATE_AMT",Plano 75023 (Collin County),"SENTINEL INSURANCE COMPANY, LTD.",tx-truck,4080
tx-2025,TX,2025,https://www.helpinsure.com/auto.html,"raw/api/autoResults_75023_truck.json (POST https://www.helpinsure.com/api/autoResults, body in raw/api/manifest.json); record RPTG_INSR_ID=212 PLANKEY_ID=1158662934 field AUTO_SAMPLE_RATE_AMT",Plano 75023 (Collin County),ENCOMPASS INDEPENDENT INSURANCE COMPANY,tx-truck,4394
tx-2025,TX,2025,https://www.helpinsure.com/auto.html,"raw/api/autoResults_75216_accident.json (POST https://www.helpinsure.com/api/autoResults, body in raw/api/manifest.json); record RPTG_INSR_ID=21 PLANKEY_ID=1152094588 field AUTO_SAMPLE_RATE_AMT",Dallas 75216 (Dallas County),FARMERS TEXAS COUNTY MUTUAL INSURANCE COMPANY,tx-accident,718
tx-2025,TX,2025,https://www.helpinsure.com/auto.html,"raw/api/autoResults_75216_accident.json (POST https://www.helpinsure.com/api/autoResults, body in raw/api/manifest.json); record RPTG_INSR_ID=283 PLANKEY_ID=1161316492 field AUTO_SAMPLE_RATE_AMT",Dallas 75216 (Dallas County),GEICO TEXAS COUNTY MUTUAL INSURANCE COMPANY / MGA: Voyager Corporation,tx-accident,822
tx-2025,TX,2025,https://www.helpinsure.com/auto.html,"raw/api/autoResults_75216_accident.json (POST https://www.helpinsure.com/api/autoResults, body in raw/api/manifest.json); record RPTG_INSR_ID=282 PLANKEY_ID=1160095660 field AUTO_SAMPLE_RATE_AMT",Dallas 75216 (Dallas County),GEICO TEXAS COUNTY MUTUAL INSURANCE COMPANY / MGA: Horizon Corporation,tx-accident,844
tx-2025,TX,2025,https://www.helpinsure.com/auto.html,"raw/api/autoResults_75216_accident.json (POST https://www.helpinsure.com/api/autoResults, body in raw/api/manifest.json); record RPTG_INSR_ID=281 PLANKEY_ID=1160909548 field AUTO_SAMPLE_RATE_AMT",Dallas 75216 (Dallas County),GEICO TEXAS COUNTY MUTUAL INSURANCE COMPANY / MGA: Perspective Corporation,tx-accident,885
tx-2025,TX,2025,https://www.helpinsure.com/auto.html,"raw/api/autoResults_75216_accident.json (POST https://www.helpinsure.com/api/autoResults, body in raw/api/manifest.json); record RPTG_INSR_ID=56 PLANKEY_ID=1156840108 field AUTO_SAMPLE_RATE_AMT",Dallas 75216 (Dallas County),UNITED SERVICES AUTOMOBILE ASSOCIATION,tx-accident,1248
tx-2025,TX,2025,https://www.helpinsure.com/auto.html,"raw/api/autoResults_75216_accident.json (POST https://www.helpinsure.com/api/autoResults, body in raw/api/manifest.json); record RPTG_INSR_ID=102 PLANKEY_ID=1163485348 field AUTO_SAMPLE_RATE_AMT",Dallas 75216 (Dallas County),PROGRESSIVE COUNTY MUTUAL INSURANCE COMPANY / MGA: PROGRESSIVE COUNTY MUTUAL - DIRECT RATES,tx-accident,1257
tx-2025,TX,2025,https://www.helpinsure.com/auto.html,"raw/api/autoResults_75216_accident.json (POST https://www.helpinsure.com/api/autoResults, body in raw/api/manifest.json); record RPTG_INSR_ID=138 PLANKEY_ID=1153314772 field AUTO_SAMPLE_RATE_AMT",Dallas 75216 (Dallas County),INFINITY COUNTY MUTUAL INSURANCE COMPANY,tx-accident,1302
tx-2025,TX,2025,https://www.helpinsure.com/auto.html,"raw/api/autoResults_75216_accident.json (POST https://www.helpinsure.com/api/autoResults, body in raw/api/manifest.json); record RPTG_INSR_ID=119 PLANKEY_ID=1157247052 field AUTO_SAMPLE_RATE_AMT",Dallas 75216 (Dallas County),USAA CASUALTY INSURANCE COMPANY,tx-accident,1343
tx-2025,TX,2025,https://www.helpinsure.com/auto.html,"raw/api/autoResults_75216_accident.json (POST https://www.helpinsure.com/api/autoResults, body in raw/api/manifest.json); record RPTG_INSR_ID=246 PLANKEY_ID=1162265812 field AUTO_SAMPLE_RATE_AMT",Dallas 75216 (Dallas County),GEICO TEXAS COUNTY MUTUAL INSURANCE COMPANY / MGA: Endeavor Corporation,tx-accident,1384
tx-2025,TX,2025,https://www.helpinsure.com/auto.html,"raw/api/autoResults_75216_accident.json (POST https://www.helpinsure.com/api/autoResults, body in raw/api/manifest.json); record RPTG_INSR_ID=50 PLANKEY_ID=1149655516 field AUTO_SAMPLE_RATE_AMT",Dallas 75216 (Dallas County),STATE FARM MUTUAL AUTOMOBILE INSURANCE COMPANY,tx-accident,1462
tx-2025,TX,2025,https://www.helpinsure.com/auto.html,"raw/api/autoResults_75216_accident.json (POST https://www.helpinsure.com/api/autoResults, body in raw/api/manifest.json); record RPTG_INSR_ID=5 PLANKEY_ID=1152907828 field AUTO_SAMPLE_RATE_AMT",Dallas 75216 (Dallas County),ALLSTATE COUNTY MUTUAL INSURANCE COMPANY,tx-accident,1469
tx-2025,TX,2025,https://www.helpinsure.com/auto.html,"raw/api/autoResults_75216_accident.json (POST https://www.helpinsure.com/api/autoResults, body in raw/api/manifest.json); record RPTG_INSR_ID=118 PLANKEY_ID=1157653996 field AUTO_SAMPLE_RATE_AMT",Dallas 75216 (Dallas County),USAA GENERAL INDEMNITY COMPANY,tx-accident,1489
tx-2025,TX,2025,https://www.helpinsure.com/auto.html,"raw/api/autoResults_75216_accident.json (POST https://www.helpinsure.com/api/autoResults, body in raw/api/manifest.json); record RPTG_INSR_ID=41 PLANKEY_ID=1163079700 field AUTO_SAMPLE_RATE_AMT",Dallas 75216 (Dallas County),PROGRESSIVE COUNTY MUTUAL INSURANCE COMPANY,tx-accident,1491
tx-2025,TX,2025,https://www.helpinsure.com/auto.html,"raw/api/autoResults_75216_accident.json (POST https://www.helpinsure.com/api/autoResults, body in raw/api/manifest.json); record RPTG_INSR_ID=112 PLANKEY_ID=1156027516 field AUTO_SAMPLE_RATE_AMT",Dallas 75216 (Dallas County),GARRISON PROPERTY AND CASUALTY INSURANCE COMPANY,tx-accident,1573
tx-2025,TX,2025,https://www.helpinsure.com/auto.html,"raw/api/autoResults_75216_accident.json (POST https://www.helpinsure.com/api/autoResults, body in raw/api/manifest.json); record RPTG_INSR_ID=16 PLANKEY_ID=1151280700 field AUTO_SAMPLE_RATE_AMT",Dallas 75216 (Dallas County),CONSUMERS COUNTY MUTUAL INSURANCE COMPANY / MGA: Travelers Quantum Auto 2.0 Program,tx-accident,1721
tx-2025,TX,2025,https://www.helpinsure.com/auto.html,"raw/api/autoResults_75216_accident.json (POST https://www.helpinsure.com/api/autoResults, body in raw/api/manifest.json); record RPTG_INSR_ID=124 PLANKEY_ID=1165247476 field AUTO_SAMPLE_RATE_AMT",Dallas 75216 (Dallas County),CONSUMERS COUNTY MUTUAL INSURANCE COMPANY,tx-accident,1721
tx-2025,TX,2025,https://www.helpinsure.com/auto.html,"raw/api/autoResults_75216_accident.json (POST https://www.helpinsure.com/api/autoResults, body in raw/api/manifest.json); record RPTG_INSR_ID=104 PLANKEY_ID=1164697936 field AUTO_SAMPLE_RATE_AMT",Dallas 75216 (Dallas County),TEXAS AUTOMOBILE INSURANCE PLAN ASSOCIATION,tx-accident,1725
tx-2025,TX,2025,https://www.helpinsure.com/auto.html,"raw/api/autoResults_75216_accident.json (POST https://www.helpinsure.com/api/autoResults, body in raw/api/manifest.json); record RPTG_INSR_ID=6 PLANKEY_ID=1164840532 field AUTO_SAMPLE_RATE_AMT",Dallas 75216 (Dallas County),ALLSTATE FIRE AND CASUALTY INSURANCE COMPANY,tx-accident,1995
tx-2025,TX,2025,https://www.helpinsure.com/auto.html,"raw/api/autoResults_75216_accident.json (POST https://www.helpinsure.com/api/autoResults, body in raw/api/manifest.json); record RPTG_INSR_ID=219 PLANKEY_ID=1153714768 field AUTO_SAMPLE_RATE_AMT",Dallas 75216 (Dallas County),AMERICAN ACCESS CASUALTY COMPANY,tx-accident,2054
tx-2025,TX,2025,https://www.helpinsure.com/auto.html,"raw/api/autoResults_75216_accident.json (POST https://www.helpinsure.com/api/autoResults, body in raw/api/manifest.json); record RPTG_INSR_ID=48 PLANKEY_ID=1150061164 field AUTO_SAMPLE_RATE_AMT",Dallas 75216 (Dallas County),STATE FARM COUNTY MUTUAL INSURANCE COMPANY OF TEXAS,tx-accident,2193
tx-2025,TX,2025,https://www.helpinsure.com/auto.html,"raw/api/autoResults_75216_accident.json (POST https://www.helpinsure.com/api/autoResults, body in raw/api/manifest.json); record RPTG_INSR_ID=238 PLANKEY_ID=1164297940 field AUTO_SAMPLE_RATE_AMT",Dallas 75216 (Dallas County),MID-CENTURY INSURANCE COMPANY OF TEXAS,tx-accident,2249
tx-2025,TX,2025,https://www.helpinsure.com/auto.html,"raw/api/autoResults_75216_accident.json (POST https://www.helpinsure.com/api/autoResults, body in raw/api/manifest.json); record RPTG_INSR_ID=1 PLANKEY_ID=1148300332 field AUTO_SAMPLE_RATE_AMT",Dallas 75216 (Dallas County),AUTO CLUB COUNTY MUTUAL INSURANCE COMPANY,tx-accident,2393
tx-2025,TX,2025,https://www.helpinsure.com/auto.html,"raw/api/autoResults_75216_accident.json (POST https://www.helpinsure.com/api/autoResults, body in raw/api/manifest.json); record RPTG_INSR_ID=173 PLANKEY_ID=1151687644 field AUTO_SAMPLE_RATE_AMT",Dallas 75216 (Dallas County),ECONOMY FIRE & CASUALTY COMPANY,tx-accident,2520
tx-2025,TX,2025,https://www.helpinsure.com/auto.html,"raw/api/autoResults_75216_accident.json (POST https://www.helpinsure.com/api/autoResults, body in raw/api/manifest.json); record RPTG_INSR_ID=175 PLANKEY_ID=1163890996 field AUTO_SAMPLE_RATE_AMT",Dallas 75216 (Dallas County),FARMERS PROPERTY AND CASUALTY INSURANCE COMPANY,tx-accident,2580
tx-2025,TX,2025,https://www.helpinsure.com/auto.html,"raw/api/autoResults_75216_accident.json (POST https://www.helpinsure.com/api/autoResults, body in raw/api/manifest.json); record RPTG_INSR_ID=32 PLANKEY_ID=1150466812 field AUTO_SAMPLE_RATE_AMT",Dallas 75216 (Dallas County),MERCURY COUNTY MUTUAL INSURANCE COMPANY,tx-accident,2595
tx-2025,TX,2025,https://www.helpinsure.com/auto.html,"raw/api/autoResults_75216_accident.json (POST https://www.helpinsure.com/api/autoResults, body in raw/api/manifest.json); record RPTG_INSR_ID=215 PLANKEY_ID=1149512920 field AUTO_SAMPLE_RATE_AMT",Dallas 75216 (Dallas County),"MGA INSURANCE COMPANY, INC.",tx-accident,2899
tx-2025,TX,2025,https://www.helpinsure.com/auto.html,"raw/api/autoResults_75216_accident.json (POST https://www.helpinsure.com/api/autoResults, body in raw/api/manifest.json); record RPTG_INSR_ID=209 PLANKEY_ID=1158874828 field AUTO_SAMPLE_RATE_AMT",Dallas 75216 (Dallas County),AMERICAN FAMILY CONNECT PROPERTY AND CASUALTY INSURANCE COMPANY,tx-accident,3186
tx-2025,TX,2025,https://www.helpinsure.com/auto.html,"raw/api/autoResults_75216_accident.json (POST https://www.helpinsure.com/api/autoResults, body in raw/api/manifest.json); record RPTG_INSR_ID=33 PLANKEY_ID=1158060940 field AUTO_SAMPLE_RATE_AMT",Dallas 75216 (Dallas County),FARMERS LLOYDS INSURANCE COMPANY OF TEXAS,tx-accident,3283
tx-2025,TX,2025,https://www.helpinsure.com/auto.html,"raw/api/autoResults_75216_accident.json (POST https://www.helpinsure.com/api/autoResults, body in raw/api/manifest.json); record RPTG_INSR_ID=140 PLANKEY_ID=1152501532 field AUTO_SAMPLE_RATE_AMT",Dallas 75216 (Dallas County),FOREMOST COUNTY MUTUAL INSURANCE COMPANY,tx-accident,3540
tx-2025,TX,2025,https://www.helpinsure.com/auto.html,"raw/api/autoResults_75216_accident.json (POST https://www.helpinsure.com/api/autoResults, body in raw/api/manifest.json); record RPTG_INSR_ID=142 PLANKEY_ID=1150884124 field AUTO_SAMPLE_RATE_AMT",Dallas 75216 (Dallas County),"COLONIAL COUNTY MUTUAL INSURANCE COMPANY / MGA: Titan Insurance Services, Inc.",tx-accident,3727
tx-2025,TX,2025,https://www.helpinsure.com/auto.html,"raw/api/autoResults_75216_accident.json (POST https://www.helpinsure.com/api/autoResults, body in raw/api/manifest.json); record RPTG_INSR_ID=155 PLANKEY_ID=1162672756 field AUTO_SAMPLE_RATE_AMT",Dallas 75216 (Dallas County),LIBERTY COUNTY MUTUAL INSURANCE COMPANY / MGA: Safeco General Agency (Safeco),tx-accident,4215
tx-2025,TX,2025,https://www.helpinsure.com/auto.html,"raw/api/autoResults_75216_accident.json (POST https://www.helpinsure.com/api/autoResults, body in raw/api/manifest.json); record RPTG_INSR_ID=123 PLANKEY_ID=1159281772 field AUTO_SAMPLE_RATE_AMT",Dallas 75216 (Dallas County),AMICA MUTUAL INSURANCE COMPANY,tx-accident,4433
tx-2025,TX,2025,https://www.helpinsure.com/auto.html,"raw/api/autoResults_75216_accident.json (POST https://www.helpinsure.com/api/autoResults, body in raw/api/manifest.json); record RPTG_INSR_ID=205 PLANKEY_ID=1148707276 field AUTO_SAMPLE_RATE_AMT",Dallas 75216 (Dallas County),DAIRYLAND COUNTY MUTUAL INSURANCE COMPANY OF TEXAS,tx-accident,4594
tx-2025,TX,2025,https://www.helpinsure.com/auto.html,"raw/api/autoResults_75216_accident.json (POST https://www.helpinsure.com/api/autoResults, body in raw/api/manifest.json); record RPTG_INSR_ID=161 PLANKEY_ID=1147893388 field AUTO_SAMPLE_RATE_AMT",Dallas 75216 (Dallas County),AMICA PROPERTY AND CASUALTY INSURANCE COMPANY,tx-accident,4767
tx-2025,TX,2025,https://www.helpinsure.com/auto.html,"raw/api/autoResults_75216_accident.json (POST https://www.helpinsure.com/api/autoResults, body in raw/api/manifest.json); record RPTG_INSR_ID=212 PLANKEY_ID=1158467884 field AUTO_SAMPLE_RATE_AMT",Dallas 75216 (Dallas County),ENCOMPASS INDEPENDENT INSURANCE COMPANY,tx-accident,5036
tx-2025,TX,2025,https://www.helpinsure.com/auto.html,"raw/api/autoResults_75216_accident.json (POST https://www.helpinsure.com/api/autoResults, body in raw/api/manifest.json); record RPTG_INSR_ID=45 PLANKEY_ID=1159688716 field AUTO_SAMPLE_RATE_AMT",Dallas 75216 (Dallas County),"SENTINEL INSURANCE COMPANY, LTD.",tx-accident,6580
tx-2025,TX,2025,https://www.helpinsure.com/auto.html,"raw/api/autoResults_75216_age18.json (POST https://www.helpinsure.com/api/autoResults, body in raw/api/manifest.json); record RPTG_INSR_ID=21 PLANKEY_ID=1152094536 field AUTO_SAMPLE_RATE_AMT",Dallas 75216 (Dallas County),FARMERS TEXAS COUNTY MUTUAL INSURANCE COMPANY,tx-age18,1272
tx-2025,TX,2025,https://www.helpinsure.com/auto.html,"raw/api/autoResults_75216_age18.json (POST https://www.helpinsure.com/api/autoResults, body in raw/api/manifest.json); record RPTG_INSR_ID=283 PLANKEY_ID=1161316440 field AUTO_SAMPLE_RATE_AMT",Dallas 75216 (Dallas County),GEICO TEXAS COUNTY MUTUAL INSURANCE COMPANY / MGA: Voyager Corporation,tx-age18,1500
tx-2025,TX,2025,https://www.helpinsure.com/auto.html,"raw/api/autoResults_75216_age18.json (POST https://www.helpinsure.com/api/autoResults, body in raw/api/manifest.json); record RPTG_INSR_ID=282 PLANKEY_ID=1160095608 field AUTO_SAMPLE_RATE_AMT",Dallas 75216 (Dallas County),GEICO TEXAS COUNTY MUTUAL INSURANCE COMPANY / MGA: Horizon Corporation,tx-age18,1540
tx-2025,TX,2025,https://www.helpinsure.com/auto.html,"raw/api/autoResults_75216_age18.json (POST https://www.helpinsure.com/api/autoResults, body in raw/api/manifest.json); record RPTG_INSR_ID=281 PLANKEY_ID=1160909496 field AUTO_SAMPLE_RATE_AMT",Dallas 75216 (Dallas County),GEICO TEXAS COUNTY MUTUAL INSURANCE COMPANY / MGA: Perspective Corporation,tx-age18,1548
tx-2025,TX,2025,https://www.helpinsure.com/auto.html,"raw/api/autoResults_75216_age18.json (POST https://www.helpinsure.com/api/autoResults, body in raw/api/manifest.json); record RPTG_INSR_ID=56 PLANKEY_ID=1156840056 field AUTO_SAMPLE_RATE_AMT",Dallas 75216 (Dallas County),UNITED SERVICES AUTOMOBILE ASSOCIATION,tx-age18,1672
tx-2025,TX,2025,https://www.helpinsure.com/auto.html,"raw/api/autoResults_75216_age18.json (POST https://www.helpinsure.com/api/autoResults, body in raw/api/manifest.json); record RPTG_INSR_ID=119 PLANKEY_ID=1157247000 field AUTO_SAMPLE_RATE_AMT",Dallas 75216 (Dallas County),USAA CASUALTY INSURANCE COMPANY,tx-age18,1861
tx-2025,TX,2025,https://www.helpinsure.com/auto.html,"raw/api/autoResults_75216_age18.json (POST https://www.helpinsure.com/api/autoResults, body in raw/api/manifest.json); record RPTG_INSR_ID=112 PLANKEY_ID=1156027464 field AUTO_SAMPLE_RATE_AMT",Dallas 75216 (Dallas County),GARRISON PROPERTY AND CASUALTY INSURANCE COMPANY,tx-age18,2203
tx-2025,TX,2025,https://www.helpinsure.com/auto.html,"raw/api/autoResults_75216_age18.json (POST https://www.helpinsure.com/api/autoResults, body in raw/api/manifest.json); record RPTG_INSR_ID=118 PLANKEY_ID=1157653944 field AUTO_SAMPLE_RATE_AMT",Dallas 75216 (Dallas County),USAA GENERAL INDEMNITY COMPANY,tx-age18,2281
tx-2025,TX,2025,https://www.helpinsure.com/auto.html,"raw/api/autoResults_75216_age18.json (POST https://www.helpinsure.com/api/autoResults, body in raw/api/manifest.json); record RPTG_INSR_ID=5 PLANKEY_ID=1152907776 field AUTO_SAMPLE_RATE_AMT",Dallas 75216 (Dallas County),ALLSTATE COUNTY MUTUAL INSURANCE COMPANY,tx-age18,2636
tx-2025,TX,2025,https://www.helpinsure.com/auto.html,"raw/api/autoResults_75216_age18.json (POST https://www.helpinsure.com/api/autoResults, body in raw/api/manifest.json); record RPTG_INSR_ID=238 PLANKEY_ID=1164297888 field AUTO_SAMPLE_RATE_AMT",Dallas 75216 (Dallas County),MID-CENTURY INSURANCE COMPANY OF TEXAS,tx-age18,2697
tx-2025,TX,2025,https://www.helpinsure.com/auto.html,"raw/api/autoResults_75216_age18.json (POST https://www.helpinsure.com/api/autoResults, body in raw/api/manifest.json); record RPTG_INSR_ID=6 PLANKEY_ID=1164840480 field AUTO_SAMPLE_RATE_AMT",Dallas 75216 (Dallas County),ALLSTATE FIRE AND CASUALTY INSURANCE COMPANY,tx-age18,2884
tx-2025,TX,2025,https://www.helpinsure.com/auto.html,"raw/api/autoResults_75216_age18.json (POST https://www.helpinsure.com/api/autoResults, body in raw/api/manifest.json); record RPTG_INSR_ID=32 PLANKEY_ID=1150466760 field AUTO_SAMPLE_RATE_AMT",Dallas 75216 (Dallas County),MERCURY COUNTY MUTUAL INSURANCE COMPANY,tx-age18,3332
tx-2025,TX,2025,https://www.helpinsure.com/auto.html,"raw/api/autoResults_75216_age18.json (POST https://www.helpinsure.com/api/autoResults, body in raw/api/manifest.json); record RPTG_INSR_ID=104 PLANKEY_ID=1164697920 field AUTO_SAMPLE_RATE_AMT",Dallas 75216 (Dallas County),TEXAS AUTOMOBILE INSURANCE PLAN ASSOCIATION,tx-age18,3440
tx-2025,TX,2025,https://www.helpinsure.com/auto.html,"raw/api/autoResults_75216_age18.json (POST https://www.helpinsure.com/api/autoResults, body in raw/api/manifest.json); record RPTG_INSR_ID=138 PLANKEY_ID=1153314720 field AUTO_SAMPLE_RATE_AMT",Dallas 75216 (Dallas County),INFINITY COUNTY MUTUAL INSURANCE COMPANY,tx-age18,3503
tx-2025,TX,2025,https://www.helpinsure.com/auto.html,"raw/api/autoResults_75216_age18.json (POST https://www.helpinsure.com/api/autoResults, body in raw/api/manifest.json); record RPTG_INSR_ID=246 PLANKEY_ID=1162265760 field AUTO_SAMPLE_RATE_AMT",Dallas 75216 (Dallas County),GEICO TEXAS COUNTY MUTUAL INSURANCE COMPANY / MGA: Endeavor Corporation,tx-age18,3589
tx-2025,TX,2025,https://www.helpinsure.com/auto.html,"raw/api/autoResults_75216_age18.json (POST https://www.helpinsure.com/api/autoResults, body in raw/api/manifest.json); record RPTG_INSR_ID=102 PLANKEY_ID=1163485296 field AUTO_SAMPLE_RATE_AMT",Dallas 75216 (Dallas County),PROGRESSIVE COUNTY MUTUAL INSURANCE COMPANY / MGA: PROGRESSIVE COUNTY MUTUAL - DIRECT RATES,tx-age18,3612
tx-2025,TX,2025,https://www.helpinsure.com/auto.html,"raw/api/autoResults_75216_age18.json (POST https://www.helpinsure.com/api/autoResults, body in raw/api/manifest.json); record RPTG_INSR_ID=124 PLANKEY_ID=1165247424 field AUTO_SAMPLE_RATE_AMT",Dallas 75216 (Dallas County),CONSUMERS COUNTY MUTUAL INSURANCE COMPANY,tx-age18,3840
tx-2025,TX,2025,https://www.helpinsure.com/auto.html,"raw/api/autoResults_75216_age18.json (POST https://www.helpinsure.com/api/autoResults, body in raw/api/manifest.json); record RPTG_INSR_ID=16 PLANKEY_ID=1151280648 field AUTO_SAMPLE_RATE_AMT",Dallas 75216 (Dallas County),CONSUMERS COUNTY MUTUAL INSURANCE COMPANY / MGA: Travelers Quantum Auto 2.0 Program,tx-age18,3840
tx-2025,TX,2025,https://www.helpinsure.com/auto.html,"raw/api/autoResults_75216_age18.json (POST https://www.helpinsure.com/api/autoResults, body in raw/api/manifest.json); record RPTG_INSR_ID=1 PLANKEY_ID=1148300280 field AUTO_SAMPLE_RATE_AMT",Dallas 75216 (Dallas County),AUTO CLUB COUNTY MUTUAL INSURANCE COMPANY,tx-age18,4036
tx-2025,TX,2025,https://www.helpinsure.com/auto.html,"raw/api/autoResults_75216_age18.json (POST https://www.helpinsure.com/api/autoResults, body in raw/api/manifest.json); record RPTG_INSR_ID=175 PLANKEY_ID=1163890944 field AUTO_SAMPLE_RATE_AMT",Dallas 75216 (Dallas County),FARMERS PROPERTY AND CASUALTY INSURANCE COMPANY,tx-age18,4091
tx-2025,TX,2025,https://www.helpinsure.com/auto.html,"raw/api/autoResults_75216_age18.json (POST https://www.helpinsure.com/api/autoResults, body in raw/api/manifest.json); record RPTG_INSR_ID=50 PLANKEY_ID=1149655464 field AUTO_SAMPLE_RATE_AMT",Dallas 75216 (Dallas County),STATE FARM MUTUAL AUTOMOBILE INSURANCE COMPANY,tx-age18,4202
tx-2025,TX,2025,https://www.helpinsure.com/auto.html,"raw/api/autoResults_75216_age18.json (POST https://www.helpinsure.com/api/autoResults, body in raw/api/manifest.json); record RPTG_INSR_ID=140 PLANKEY_ID=1152501480 field AUTO_SAMPLE_RATE_AMT",Dallas 75216 (Dallas County),FOREMOST COUNTY MUTUAL INSURANCE COMPANY,tx-age18,4375
tx-2025,TX,2025,https://www.helpinsure.com/auto.html,"raw/api/autoResults_75216_age18.json (POST https://www.helpinsure.com/api/autoResults, body in raw/api/manifest.json); record RPTG_INSR_ID=41 PLANKEY_ID=1163079648 field AUTO_SAMPLE_RATE_AMT",Dallas 75216 (Dallas County),PROGRESSIVE COUNTY MUTUAL INSURANCE COMPANY,tx-age18,4723
tx-2025,TX,2025,https://www.helpinsure.com/auto.html,"raw/api/autoResults_75216_age18.json (POST https://www.helpinsure.com/api/autoResults, body in raw/api/manifest.json); record RPTG_INSR_ID=48 PLANKEY_ID=1150061112 field AUTO_SAMPLE_RATE_AMT",Dallas 75216 (Dallas County),STATE FARM COUNTY MUTUAL INSURANCE COMPANY OF TEXAS,tx-age18,5059
tx-2025,TX,2025,https://www.helpinsure.com/auto.html,"raw/api/autoResults_75216_age18.json (POST https://www.helpinsure.com/api/autoResults, body in raw/api/manifest.json); record RPTG_INSR_ID=173 PLANKEY_ID=1151687592 field AUTO_SAMPLE_RATE_AMT",Dallas 75216 (Dallas County),ECONOMY FIRE & CASUALTY COMPANY,tx-age18,5707
tx-2025,TX,2025,https://www.helpinsure.com/auto.html,"raw/api/autoResults_75216_age18.json (POST https://www.helpinsure.com/api/autoResults, body in raw/api/manifest.json); record RPTG_INSR_ID=209 PLANKEY_ID=1158874776 field AUTO_SAMPLE_RATE_AMT",Dallas 75216 (Dallas County),AMERICAN FAMILY CONNECT PROPERTY AND CASUALTY INSURANCE COMPANY,tx-age18,6036
tx-2025,TX,2025,https://www.helpinsure.com/auto.html,"raw/api/autoResults_75216_age18.json (POST https://www.helpinsure.com/api/autoResults, body in raw/api/manifest.json); record RPTG_INSR_ID=212 PLANKEY_ID=1158467832 field AUTO_SAMPLE_RATE_AMT",Dallas 75216 (Dallas County),ENCOMPASS INDEPENDENT INSURANCE COMPANY,tx-age18,6331
tx-2025,TX,2025,https://www.helpinsure.com/auto.html,"raw/api/autoResults_75216_age18.json (POST https://www.helpinsure.com/api/autoResults, body in raw/api/manifest.json); record RPTG_INSR_ID=142 PLANKEY_ID=1150884072 field AUTO_SAMPLE_RATE_AMT",Dallas 75216 (Dallas County),"COLONIAL COUNTY MUTUAL INSURANCE COMPANY / MGA: Titan Insurance Services, Inc.",tx-age18,6607
tx-2025,TX,2025,https://www.helpinsure.com/auto.html,"raw/api/autoResults_75216_age18.json (POST https://www.helpinsure.com/api/autoResults, body in raw/api/manifest.json); record RPTG_INSR_ID=219 PLANKEY_ID=1153714752 field AUTO_SAMPLE_RATE_AMT",Dallas 75216 (Dallas County),AMERICAN ACCESS CASUALTY COMPANY,tx-age18,6612
tx-2025,TX,2025,https://www.helpinsure.com/auto.html,"raw/api/autoResults_75216_age18.json (POST https://www.helpinsure.com/api/autoResults, body in raw/api/manifest.json); record RPTG_INSR_ID=205 PLANKEY_ID=1148707224 field AUTO_SAMPLE_RATE_AMT",Dallas 75216 (Dallas County),DAIRYLAND COUNTY MUTUAL INSURANCE COMPANY OF TEXAS,tx-age18,6616
tx-2025,TX,2025,https://www.helpinsure.com/auto.html,"raw/api/autoResults_75216_age18.json (POST https://www.helpinsure.com/api/autoResults, body in raw/api/manifest.json); record RPTG_INSR_ID=215 PLANKEY_ID=1149512904 field AUTO_SAMPLE_RATE_AMT",Dallas 75216 (Dallas County),"MGA INSURANCE COMPANY, INC.",tx-age18,7833
tx-2025,TX,2025,https://www.helpinsure.com/auto.html,"raw/api/autoResults_75216_age18.json (POST https://www.helpinsure.com/api/autoResults, body in raw/api/manifest.json); record RPTG_INSR_ID=33 PLANKEY_ID=1158060888 field AUTO_SAMPLE_RATE_AMT",Dallas 75216 (Dallas County),FARMERS LLOYDS INSURANCE COMPANY OF TEXAS,tx-age18,8885
tx-2025,TX,2025,https://www.helpinsure.com/auto.html,"raw/api/autoResults_75216_age18.json (POST https://www.helpinsure.com/api/autoResults, body in raw/api/manifest.json); record RPTG_INSR_ID=45 PLANKEY_ID=1159688664 field AUTO_SAMPLE_RATE_AMT",Dallas 75216 (Dallas County),"SENTINEL INSURANCE COMPANY, LTD.",tx-age18,12406
tx-2025,TX,2025,https://www.helpinsure.com/auto.html,"raw/api/autoResults_75216_age18.json (POST https://www.helpinsure.com/api/autoResults, body in raw/api/manifest.json); record RPTG_INSR_ID=123 PLANKEY_ID=1159281720 field AUTO_SAMPLE_RATE_AMT",Dallas 75216 (Dallas County),AMICA MUTUAL INSURANCE COMPANY,tx-age18,17685
tx-2025,TX,2025,https://www.helpinsure.com/auto.html,"raw/api/autoResults_75216_age18.json (POST https://www.helpinsure.com/api/autoResults, body in raw/api/manifest.json); record RPTG_INSR_ID=161 PLANKEY_ID=1147893336 field AUTO_SAMPLE_RATE_AMT",Dallas 75216 (Dallas County),AMICA PROPERTY AND CASUALTY INSURANCE COMPANY,tx-age18,18052
tx-2025,TX,2025,https://www.helpinsure.com/auto.html,"raw/api/autoResults_75216_age18.json (POST https://www.helpinsure.com/api/autoResults, body in raw/api/manifest.json); record RPTG_INSR_ID=155 PLANKEY_ID=1162672704 field AUTO_SAMPLE_RATE_AMT",Dallas 75216 (Dallas County),LIBERTY COUNTY MUTUAL INSURANCE COMPANY / MGA: Safeco General Agency (Safeco),tx-age18,18222
tx-2025,TX,2025,https://www.helpinsure.com/auto.html,"raw/api/autoResults_75216_age18_female.json (POST https://www.helpinsure.com/api/autoResults, body in raw/api/manifest.json); record RPTG_INSR_ID=21 PLANKEY_ID=1152094698 field AUTO_SAMPLE_RATE_AMT",Dallas 75216 (Dallas County),FARMERS TEXAS COUNTY MUTUAL INSURANCE COMPANY,tx-age18_female,1272
tx-2025,TX,2025,https://www.helpinsure.com/auto.html,"raw/api/autoResults_75216_age18_female.json (POST https://www.helpinsure.com/api/autoResults, body in raw/api/manifest.json); record RPTG_INSR_ID=283 PLANKEY_ID=1161316602 field AUTO_SAMPLE_RATE_AMT",Dallas 75216 (Dallas County),GEICO TEXAS COUNTY MUTUAL INSURANCE COMPANY / MGA: Voyager Corporation,tx-age18_female,1318
tx-2025,TX,2025,https://www.helpinsure.com/auto.html,"raw/api/autoResults_75216_age18_female.json (POST https://www.helpinsure.com/api/autoResults, body in raw/api/manifest.json); record RPTG_INSR_ID=282 PLANKEY_ID=1160095770 field AUTO_SAMPLE_RATE_AMT",Dallas 75216 (Dallas County),GEICO TEXAS COUNTY MUTUAL INSURANCE COMPANY / MGA: Horizon Corporation,tx-age18_female,1353
tx-2025,TX,2025,https://www.helpinsure.com/auto.html,"raw/api/autoResults_75216_age18_female.json (POST https://www.helpinsure.com/api/autoResults, body in raw/api/manifest.json); record RPTG_INSR_ID=281 PLANKEY_ID=1160909658 field AUTO_SAMPLE_RATE_AMT",Dallas 75216 (Dallas County),GEICO TEXAS COUNTY MUTUAL INSURANCE COMPANY / MGA: Perspective Corporation,tx-age18_female,1360
tx-2025,TX,2025,https://www.helpinsure.com/auto.html,"raw/api/autoResults_75216_age18_female.json (POST https://www.helpinsure.com/api/autoResults, body in raw/api/manifest.json); record RPTG_INSR_ID=56 PLANKEY_ID=1156840218 field AUTO_SAMPLE_RATE_AMT",Dallas 75216 (Dallas County),UNITED SERVICES AUTOMOBILE ASSOCIATION,tx-age18_female,1609
tx-2025,TX,2025,https://www.helpinsure.com/auto.html,"raw/api/autoResults_75216_age18_female.json (POST https://www.helpinsure.com/api/autoResults, body in raw/api/manifest.json); record RPTG_INSR_ID=119 PLANKEY_ID=1157247162 field AUTO_SAMPLE_RATE_AMT",Dallas 75216 (Dallas County),USAA CASUALTY INSURANCE COMPANY,tx-age18_female,1805
tx-2025,TX,2025,https://www.helpinsure.com/auto.html,"raw/api/autoResults_75216_age18_female.json (POST https://www.helpinsure.com/api/autoResults, body in raw/api/manifest.json); record RPTG_INSR_ID=112 PLANKEY_ID=1156027626 field AUTO_SAMPLE_RATE_AMT",Dallas 75216 (Dallas County),GARRISON PROPERTY AND CASUALTY INSURANCE COMPANY,tx-age18_female,2139
tx-2025,TX,2025,https://www.helpinsure.com/auto.html,"raw/api/autoResults_75216_age18_female.json (POST https://www.helpinsure.com/api/autoResults, body in raw/api/manifest.json); record RPTG_INSR_ID=118 PLANKEY_ID=1157654106 field AUTO_SAMPLE_RATE_AMT",Dallas 75216 (Dallas County),USAA GENERAL INDEMNITY COMPANY,tx-age18_female,2220
tx-2025,TX,2025,https://www.helpinsure.com/auto.html,"raw/api/autoResults_75216_age18_female.json (POST https://www.helpinsure.com/api/autoResults, body in raw/api/manifest.json); record RPTG_INSR_ID=5 PLANKEY_ID=1152907938 field AUTO_SAMPLE_RATE_AMT",Dallas 75216 (Dallas County),ALLSTATE COUNTY MUTUAL INSURANCE COMPANY,tx-age18_female,2314
tx-2025,TX,2025,https://www.helpinsure.com/auto.html,"raw/api/autoResults_75216_age18_female.json (POST https://www.helpinsure.com/api/autoResults, body in raw/api/manifest.json); record RPTG_INSR_ID=104 PLANKEY_ID=1164697974 field AUTO_SAMPLE_RATE_AMT",Dallas 75216 (Dallas County),TEXAS AUTOMOBILE INSURANCE PLAN ASSOCIATION,tx-age18_female,2627
tx-2025,TX,2025,https://www.helpinsure.com/auto.html,"raw/api/autoResults_75216_age18_female.json (POST https://www.helpinsure.com/api/autoResults, body in raw/api/manifest.json); record RPTG_INSR_ID=238 PLANKEY_ID=1164298050 field AUTO_SAMPLE_RATE_AMT",Dallas 75216 (Dallas County),MID-CENTURY INSURANCE COMPANY OF TEXAS,tx-age18_female,2786
tx-2025,TX,2025,https://www.helpinsure.com/auto.html,"raw/api/autoResults_75216_age18_female.json (POST https://www.helpinsure.com/api/autoResults, body in raw/api/manifest.json); record RPTG_INSR_ID=138 PLANKEY_ID=1153314882 field AUTO_SAMPLE_RATE_AMT",Dallas 75216 (Dallas County),INFINITY COUNTY MUTUAL INSURANCE COMPANY,tx-age18_female,2818
tx-2025,TX,2025,https://www.helpinsure.com/auto.html,"raw/api/autoResults_75216_age18_female.json (POST https://www.helpinsure.com/api/autoResults, body in raw/api/manifest.json); record RPTG_INSR_ID=6 PLANKEY_ID=1164840642 field AUTO_SAMPLE_RATE_AMT",Dallas 75216 (Dallas County),ALLSTATE FIRE AND CASUALTY INSURANCE COMPANY,tx-age18_female,2884
tx-2025,TX,2025,https://www.helpinsure.com/auto.html,"raw/api/autoResults_75216_age18_female.json (POST https://www.helpinsure.com/api/autoResults, body in raw/api/manifest.json); record RPTG_INSR_ID=16 PLANKEY_ID=1151280810 field AUTO_SAMPLE_RATE_AMT",Dallas 75216 (Dallas County),CONSUMERS COUNTY MUTUAL INSURANCE COMPANY / MGA: Travelers Quantum Auto 2.0 Program,tx-age18_female,2914
tx-2025,TX,2025,https://www.helpinsure.com/auto.html,"raw/api/autoResults_75216_age18_female.json (POST https://www.helpinsure.com/api/autoResults, body in raw/api/manifest.json); record RPTG_INSR_ID=124 PLANKEY_ID=1165247586 field AUTO_SAMPLE_RATE_AMT",Dallas 75216 (Dallas County),CONSUMERS COUNTY MUTUAL INSURANCE COMPANY,tx-age18_female,2914
tx-2025,TX,2025,https://www.helpinsure.com/auto.html,"raw/api/autoResults_75216_age18_female.json (POST https://www.helpinsure.com/api/autoResults, body in raw/api/manifest.json); record RPTG_INSR_ID=32 PLANKEY_ID=1150466922 field AUTO_SAMPLE_RATE_AMT",Dallas 75216 (Dallas County),MERCURY COUNTY MUTUAL INSURANCE COMPANY,tx-age18_female,3027
tx-2025,TX,2025,https://www.helpinsure.com/auto.html,"raw/api/autoResults_75216_age18_female.json (POST https://www.helpinsure.com/api/autoResults, body in raw/api/manifest.json); record RPTG_INSR_ID=246 PLANKEY_ID=1162265922 field AUTO_SAMPLE_RATE_AMT",Dallas 75216 (Dallas County),GEICO TEXAS COUNTY MUTUAL INSURANCE COMPANY / MGA: Endeavor Corporation,tx-age18_female,3201
tx-2025,TX,2025,https://www.helpinsure.com/auto.html,"raw/api/autoResults_75216_age18_female.json (POST https://www.helpinsure.com/api/autoResults, body in raw/api/manifest.json); record RPTG_INSR_ID=50 PLANKEY_ID=1149655626 field AUTO_SAMPLE_RATE_AMT",Dallas 75216 (Dallas County),STATE FARM MUTUAL AUTOMOBILE INSURANCE COMPANY,tx-age18_female,3308
tx-2025,TX,2025,https://www.helpinsure.com/auto.html,"raw/api/autoResults_75216_age18_female.json (POST https://www.helpinsure.com/api/autoResults, body in raw/api/manifest.json); record RPTG_INSR_ID=102 PLANKEY_ID=1163485458 field AUTO_SAMPLE_RATE_AMT",Dallas 75216 (Dallas County),PROGRESSIVE COUNTY MUTUAL INSURANCE COMPANY / MGA: PROGRESSIVE COUNTY MUTUAL - DIRECT RATES,tx-age18_female,3327
tx-2025,TX,2025,https://www.helpinsure.com/auto.html,"raw/api/autoResults_75216_age18_female.json (POST https://www.helpinsure.com/api/autoResults, body in raw/api/manifest.json); record RPTG_INSR_ID=175 PLANKEY_ID=1163891106 field AUTO_SAMPLE_RATE_AMT",Dallas 75216 (Dallas County),FARMERS PROPERTY AND CASUALTY INSURANCE COMPANY,tx-age18_female,3374
tx-2025,TX,2025,https://www.helpinsure.com/auto.html,"raw/api/autoResults_75216_age18_female.json (POST https://www.helpinsure.com/api/autoResults, body in raw/api/manifest.json); record RPTG_INSR_ID=140 PLANKEY_ID=1152501642 field AUTO_SAMPLE_RATE_AMT",Dallas 75216 (Dallas County),FOREMOST COUNTY MUTUAL INSURANCE COMPANY,tx-age18_female,3941
tx-2025,TX,2025,https://www.helpinsure.com/auto.html,"raw/api/autoResults_75216_age18_female.json (POST https://www.helpinsure.com/api/autoResults, body in raw/api/manifest.json); record RPTG_INSR_ID=48 PLANKEY_ID=1150061274 field AUTO_SAMPLE_RATE_AMT",Dallas 75216 (Dallas County),STATE FARM COUNTY MUTUAL INSURANCE COMPANY OF TEXAS,tx-age18_female,4003
tx-2025,TX,2025,https://www.helpinsure.com/auto.html,"raw/api/autoResults_75216_age18_female.json (POST https://www.helpinsure.com/api/autoResults, body in raw/api/manifest.json); record RPTG_INSR_ID=41 PLANKEY_ID=1163079810 field AUTO_SAMPLE_RATE_AMT",Dallas 75216 (Dallas County),PROGRESSIVE COUNTY MUTUAL INSURANCE COMPANY,tx-age18_female,4010
tx-2025,TX,2025,https://www.helpinsure.com/auto.html,"raw/api/autoResults_75216_age18_female.json (POST https://www.helpinsure.com/api/autoResults, body in raw/api/manifest.json); record RPTG_INSR_ID=1 PLANKEY_ID=1148300442 field AUTO_SAMPLE_RATE_AMT",Dallas 75216 (Dallas County),AUTO CLUB COUNTY MUTUAL INSURANCE COMPANY,tx-age18_female,4036
tx-2025,TX,2025,https://www.helpinsure.com/auto.html,"raw/api/autoResults_75216_age18_female.json (POST https://www.helpinsure.com/api/autoResults, body in raw/api/manifest.json); record RPTG_INSR_ID=209 PLANKEY_ID=1158874938 field AUTO_SAMPLE_RATE_AMT",Dallas 75216 (Dallas County),AMERICAN FAMILY CONNECT PROPERTY AND CASUALTY INSURANCE COMPANY,tx-age18_female,5508
tx-2025,TX,2025,https://www.helpinsure.com/auto.html,"raw/api/autoResults_75216_age18_female.json (POST https://www.helpinsure.com/api/autoResults, body in raw/api/manifest.json); record RPTG_INSR_ID=219 PLANKEY_ID=1153714806 field AUTO_SAMPLE_RATE_AMT",Dallas 75216 (Dallas County),AMERICAN ACCESS CASUALTY COMPANY,tx-age18_female,5528
tx-2025,TX,2025,https://www.helpinsure.com/auto.html,"raw/api/autoResults_75216_age18_female.json (POST https://www.helpinsure.com/api/autoResults, body in raw/api/manifest.json); record RPTG_INSR_ID=173 PLANKEY_ID=1151687754 field AUTO_SAMPLE_RATE_AMT",Dallas 75216 (Dallas County),ECONOMY FIRE & CASUALTY COMPANY,tx-age18_female,5663
tx-2025,TX,2025,https://www.helpinsure.com/auto.html,"raw/api/autoResults_75216_age18_female.json (POST https://www.helpinsure.com/api/autoResults, body in raw/api/manifest.json); record RPTG_INSR_ID=142 PLANKEY_ID=1150884882 field AUTO_SAMPLE_RATE_AMT",Dallas 75216 (Dallas County),"COLONIAL COUNTY MUTUAL INSURANCE COMPANY / MGA: Titan Insurance Services, Inc.",tx-age18_female,5892
tx-2025,TX,2025,https://www.helpinsure.com/auto.html,"raw/api/autoResults_75216_age18_female.json (POST https://www.helpinsure.com/api/autoResults, body in raw/api/manifest.json); record RPTG_INSR_ID=215 PLANKEY_ID=1149512958 field AUTO_SAMPLE_RATE_AMT",Dallas 75216 (Dallas County),"MGA INSURANCE COMPANY, INC.",tx-age18_female,6017
tx-2025,TX,2025,https://www.helpinsure.com/auto.html,"raw/api/autoResults_75216_age18_female.json (POST https://www.helpinsure.com/api/autoResults, body in raw/api/manifest.json); record RPTG_INSR_ID=212 PLANKEY_ID=1158467994 field AUTO_SAMPLE_RATE_AMT",Dallas 75216 (Dallas County),ENCOMPASS INDEPENDENT INSURANCE COMPANY,tx-age18_female,6075
tx-2025,TX,2025,https://www.helpinsure.com/auto.html,"raw/api/autoResults_75216_age18_female.json (POST https://www.helpinsure.com/api/autoResults, body in raw/api/manifest.json); record RPTG_INSR_ID=205 PLANKEY_ID=1148707386 field AUTO_SAMPLE_RATE_AMT",Dallas 75216 (Dallas County),DAIRYLAND COUNTY MUTUAL INSURANCE COMPANY OF TEXAS,tx-age18_female,6147
tx-2025,TX,2025,https://www.helpinsure.com/auto.html,"raw/api/autoResults_75216_age18_female.json (POST https://www.helpinsure.com/api/autoResults, body in raw/api/manifest.json); record RPTG_INSR_ID=33 PLANKEY_ID=1158061050 field AUTO_SAMPLE_RATE_AMT",Dallas 75216 (Dallas County),FARMERS LLOYDS INSURANCE COMPANY OF TEXAS,tx-age18_female,7227
tx-2025,TX,2025,https://www.helpinsure.com/auto.html,"raw/api/autoResults_75216_age18_female.json (POST https://www.helpinsure.com/api/autoResults, body in raw/api/manifest.json); record RPTG_INSR_ID=45 PLANKEY_ID=1159688826 field AUTO_SAMPLE_RATE_AMT",Dallas 75216 (Dallas County),"SENTINEL INSURANCE COMPANY, LTD.",tx-age18_female,11056
tx-2025,TX,2025,https://www.helpinsure.com/auto.html,"raw/api/autoResults_75216_age18_female.json (POST https://www.helpinsure.com/api/autoResults, body in raw/api/manifest.json); record RPTG_INSR_ID=123 PLANKEY_ID=1159281882 field AUTO_SAMPLE_RATE_AMT",Dallas 75216 (Dallas County),AMICA MUTUAL INSURANCE COMPANY,tx-age18_female,16178
tx-2025,TX,2025,https://www.helpinsure.com/auto.html,"raw/api/autoResults_75216_age18_female.json (POST https://www.helpinsure.com/api/autoResults, body in raw/api/manifest.json); record RPTG_INSR_ID=161 PLANKEY_ID=1147893498 field AUTO_SAMPLE_RATE_AMT",Dallas 75216 (Dallas County),AMICA PROPERTY AND CASUALTY INSURANCE COMPANY,tx-age18_female,16513
tx-2025,TX,2025,https://www.helpinsure.com/auto.html,"raw/api/autoResults_75216_age18_female.json (POST https://www.helpinsure.com/api/autoResults, body in raw/api/manifest.json); record RPTG_INSR_ID=155 PLANKEY_ID=1162672866 field AUTO_SAMPLE_RATE_AMT",Dallas 75216 (Dallas County),LIBERTY COUNTY MUTUAL INSURANCE COMPANY / MGA: Safeco General Agency (Safeco),tx-age18_female,16727
tx-2025,TX,2025,https://www.helpinsure.com/auto.html,"raw/api/autoResults_75216_age65.json (POST https://www.helpinsure.com/api/autoResults, body in raw/api/manifest.json); record RPTG_INSR_ID=21 PLANKEY_ID=1152094644 field AUTO_SAMPLE_RATE_AMT",Dallas 75216 (Dallas County),FARMERS TEXAS COUNTY MUTUAL INSURANCE COMPANY,tx-age65,446
tx-2025,TX,2025,https://www.helpinsure.com/auto.html,"raw/api/autoResults_75216_age65.json (POST https://www.helpinsure.com/api/autoResults, body in raw/api/manifest.json); record RPTG_INSR_ID=283 PLANKEY_ID=1161316548 field AUTO_SAMPLE_RATE_AMT",Dallas 75216 (Dallas County),GEICO TEXAS COUNTY MUTUAL INSURANCE COMPANY / MGA: Voyager Corporation,tx-age65,458
tx-2025,TX,2025,https://www.helpinsure.com/auto.html,"raw/api/autoResults_75216_age65.json (POST https://www.helpinsure.com/api/autoResults, body in raw/api/manifest.json); record RPTG_INSR_ID=282 PLANKEY_ID=1160095716 field AUTO_SAMPLE_RATE_AMT",Dallas 75216 (Dallas County),GEICO TEXAS COUNTY MUTUAL INSURANCE COMPANY / MGA: Horizon Corporation,tx-age65,465
tx-2025,TX,2025,https://www.helpinsure.com/auto.html,"raw/api/autoResults_75216_age65.json (POST https://www.helpinsure.com/api/autoResults, body in raw/api/manifest.json); record RPTG_INSR_ID=281 PLANKEY_ID=1160909604 field AUTO_SAMPLE_RATE_AMT",Dallas 75216 (Dallas County),GEICO TEXAS COUNTY MUTUAL INSURANCE COMPANY / MGA: Perspective Corporation,tx-age65,496
tx-2025,TX,2025,https://www.helpinsure.com/auto.html,"raw/api/autoResults_75216_age65.json (POST https://www.helpinsure.com/api/autoResults, body in raw/api/manifest.json); record RPTG_INSR_ID=41 PLANKEY_ID=1163079756 field AUTO_SAMPLE_RATE_AMT",Dallas 75216 (Dallas County),PROGRESSIVE COUNTY MUTUAL INSURANCE COMPANY,tx-age65,662
tx-2025,TX,2025,https://www.helpinsure.com/auto.html,"raw/api/autoResults_75216_age65.json (POST https://www.helpinsure.com/api/autoResults, body in raw/api/manifest.json); record RPTG_INSR_ID=56 PLANKEY_ID=1156840164 field AUTO_SAMPLE_RATE_AMT",Dallas 75216 (Dallas County),UNITED SERVICES AUTOMOBILE ASSOCIATION,tx-age65,725
tx-2025,TX,2025,https://www.helpinsure.com/auto.html,"raw/api/autoResults_75216_age65.json (POST https://www.helpinsure.com/api/autoResults, body in raw/api/manifest.json); record RPTG_INSR_ID=119 PLANKEY_ID=1157247108 field AUTO_SAMPLE_RATE_AMT",Dallas 75216 (Dallas County),USAA CASUALTY INSURANCE COMPANY,tx-age65,757
tx-2025,TX,2025,https://www.helpinsure.com/auto.html,"raw/api/autoResults_75216_age65.json (POST https://www.helpinsure.com/api/autoResults, body in raw/api/manifest.json); record RPTG_INSR_ID=102 PLANKEY_ID=1163485404 field AUTO_SAMPLE_RATE_AMT",Dallas 75216 (Dallas County),PROGRESSIVE COUNTY MUTUAL INSURANCE COMPANY / MGA: PROGRESSIVE COUNTY MUTUAL - DIRECT RATES,tx-age65,763
tx-2025,TX,2025,https://www.helpinsure.com/auto.html,"raw/api/autoResults_75216_age65.json (POST https://www.helpinsure.com/api/autoResults, body in raw/api/manifest.json); record RPTG_INSR_ID=118 PLANKEY_ID=1157654052 field AUTO_SAMPLE_RATE_AMT",Dallas 75216 (Dallas County),USAA GENERAL INDEMNITY COMPANY,tx-age65,817
tx-2025,TX,2025,https://www.helpinsure.com/auto.html,"raw/api/autoResults_75216_age65.json (POST https://www.helpinsure.com/api/autoResults, body in raw/api/manifest.json); record RPTG_INSR_ID=246 PLANKEY_ID=1162265868 field AUTO_SAMPLE_RATE_AMT",Dallas 75216 (Dallas County),GEICO TEXAS COUNTY MUTUAL INSURANCE COMPANY / MGA: Endeavor Corporation,tx-age65,840
tx-2025,TX,2025,https://www.helpinsure.com/auto.html,"raw/api/autoResults_75216_age65.json (POST https://www.helpinsure.com/api/autoResults, body in raw/api/manifest.json); record RPTG_INSR_ID=112 PLANKEY_ID=1156027572 field AUTO_SAMPLE_RATE_AMT",Dallas 75216 (Dallas County),GARRISON PROPERTY AND CASUALTY INSURANCE COMPANY,tx-age65,895
tx-2025,TX,2025,https://www.helpinsure.com/auto.html,"raw/api/autoResults_75216_age65.json (POST https://www.helpinsure.com/api/autoResults, body in raw/api/manifest.json); record RPTG_INSR_ID=138 PLANKEY_ID=1153314828 field AUTO_SAMPLE_RATE_AMT",Dallas 75216 (Dallas County),INFINITY COUNTY MUTUAL INSURANCE COMPANY,tx-age65,943
tx-2025,TX,2025,https://www.helpinsure.com/auto.html,"raw/api/autoResults_75216_age65.json (POST https://www.helpinsure.com/api/autoResults, body in raw/api/manifest.json); record RPTG_INSR_ID=6 PLANKEY_ID=1164840588 field AUTO_SAMPLE_RATE_AMT",Dallas 75216 (Dallas County),ALLSTATE FIRE AND CASUALTY INSURANCE COMPANY,tx-age65,1078
tx-2025,TX,2025,https://www.helpinsure.com/auto.html,"raw/api/autoResults_75216_age65.json (POST https://www.helpinsure.com/api/autoResults, body in raw/api/manifest.json); record RPTG_INSR_ID=238 PLANKEY_ID=1164297996 field AUTO_SAMPLE_RATE_AMT",Dallas 75216 (Dallas County),MID-CENTURY INSURANCE COMPANY OF TEXAS,tx-age65,1131
tx-2025,TX,2025,https://www.helpinsure.com/auto.html,"raw/api/autoResults_75216_age65.json (POST https://www.helpinsure.com/api/autoResults, body in raw/api/manifest.json); record RPTG_INSR_ID=32 PLANKEY_ID=1150466868 field AUTO_SAMPLE_RATE_AMT",Dallas 75216 (Dallas County),MERCURY COUNTY MUTUAL INSURANCE COMPANY,tx-age65,1143
tx-2025,TX,2025,https://www.helpinsure.com/auto.html,"raw/api/autoResults_75216_age65.json (POST https://www.helpinsure.com/api/autoResults, body in raw/api/manifest.json); record RPTG_INSR_ID=50 PLANKEY_ID=1149655572 field AUTO_SAMPLE_RATE_AMT",Dallas 75216 (Dallas County),STATE FARM MUTUAL AUTOMOBILE INSURANCE COMPANY,tx-age65,1159
tx-2025,TX,2025,https://www.helpinsure.com/auto.html,"raw/api/autoResults_75216_age65.json (POST https://www.helpinsure.com/api/autoResults, body in raw/api/manifest.json); record RPTG_INSR_ID=1 PLANKEY_ID=1148300388 field AUTO_SAMPLE_RATE_AMT",Dallas 75216 (Dallas County),AUTO CLUB COUNTY MUTUAL INSURANCE COMPANY,tx-age65,1232
tx-2025,TX,2025,https://www.helpinsure.com/auto.html,"raw/api/autoResults_75216_age65.json (POST https://www.helpinsure.com/api/autoResults, body in raw/api/manifest.json); record RPTG_INSR_ID=16 PLANKEY_ID=1151280756 field AUTO_SAMPLE_RATE_AMT",Dallas 75216 (Dallas County),CONSUMERS COUNTY MUTUAL INSURANCE COMPANY / MGA: Travelers Quantum Auto 2.0 Program,tx-age65,1243
tx-2025,TX,2025,https://www.helpinsure.com/auto.html,"raw/api/autoResults_75216_age65.json (POST https://www.helpinsure.com/api/autoResults, body in raw/api/manifest.json); record RPTG_INSR_ID=124 PLANKEY_ID=1165247532 field AUTO_SAMPLE_RATE_AMT",Dallas 75216 (Dallas County),CONSUMERS COUNTY MUTUAL INSURANCE COMPANY,tx-age65,1243
tx-2025,TX,2025,https://www.helpinsure.com/auto.html,"raw/api/autoResults_75216_age65.json (POST https://www.helpinsure.com/api/autoResults, body in raw/api/manifest.json); record RPTG_INSR_ID=5 PLANKEY_ID=1152907884 field AUTO_SAMPLE_RATE_AMT",Dallas 75216 (Dallas County),ALLSTATE COUNTY MUTUAL INSURANCE COMPANY,tx-age65,1282
tx-2025,TX,2025,https://www.helpinsure.com/auto.html,"raw/api/autoResults_75216_age65.json (POST https://www.helpinsure.com/api/autoResults, body in raw/api/manifest.json); record RPTG_INSR_ID=173 PLANKEY_ID=1151687700 field AUTO_SAMPLE_RATE_AMT",Dallas 75216 (Dallas County),ECONOMY FIRE & CASUALTY COMPANY,tx-age65,1322
tx-2025,TX,2025,https://www.helpinsure.com/auto.html,"raw/api/autoResults_75216_age65.json (POST https://www.helpinsure.com/api/autoResults, body in raw/api/manifest.json); record RPTG_INSR_ID=175 PLANKEY_ID=1163891052 field AUTO_SAMPLE_RATE_AMT",Dallas 75216 (Dallas County),FARMERS PROPERTY AND CASUALTY INSURANCE COMPANY,tx-age65,1336
tx-2025,TX,2025,https://www.helpinsure.com/auto.html,"raw/api/autoResults_75216_age65.json (POST https://www.helpinsure.com/api/autoResults, body in raw/api/manifest.json); record RPTG_INSR_ID=48 PLANKEY_ID=1150061220 field AUTO_SAMPLE_RATE_AMT",Dallas 75216 (Dallas County),STATE FARM COUNTY MUTUAL INSURANCE COMPANY OF TEXAS,tx-age65,1424
tx-2025,TX,2025,https://www.helpinsure.com/auto.html,"raw/api/autoResults_75216_age65.json (POST https://www.helpinsure.com/api/autoResults, body in raw/api/manifest.json); record RPTG_INSR_ID=104 PLANKEY_ID=1164697956 field AUTO_SAMPLE_RATE_AMT",Dallas 75216 (Dallas County),TEXAS AUTOMOBILE INSURANCE PLAN ASSOCIATION,tx-age65,1438
tx-2025,TX,2025,https://www.helpinsure.com/auto.html,"raw/api/autoResults_75216_age65.json (POST https://www.helpinsure.com/api/autoResults, body in raw/api/manifest.json); record RPTG_INSR_ID=33 PLANKEY_ID=1158060996 field AUTO_SAMPLE_RATE_AMT",Dallas 75216 (Dallas County),FARMERS LLOYDS INSURANCE COMPANY OF TEXAS,tx-age65,1474
tx-2025,TX,2025,https://www.helpinsure.com/auto.html,"raw/api/autoResults_75216_age65.json (POST https://www.helpinsure.com/api/autoResults, body in raw/api/manifest.json); record RPTG_INSR_ID=219 PLANKEY_ID=1153714788 field AUTO_SAMPLE_RATE_AMT",Dallas 75216 (Dallas County),AMERICAN ACCESS CASUALTY COMPANY,tx-age65,1820
tx-2025,TX,2025,https://www.helpinsure.com/auto.html,"raw/api/autoResults_75216_age65.json (POST https://www.helpinsure.com/api/autoResults, body in raw/api/manifest.json); record RPTG_INSR_ID=140 PLANKEY_ID=1152501588 field AUTO_SAMPLE_RATE_AMT",Dallas 75216 (Dallas County),FOREMOST COUNTY MUTUAL INSURANCE COMPANY,tx-age65,1897
tx-2025,TX,2025,https://www.helpinsure.com/auto.html,"raw/api/autoResults_75216_age65.json (POST https://www.helpinsure.com/api/autoResults, body in raw/api/manifest.json); record RPTG_INSR_ID=209 PLANKEY_ID=1158874884 field AUTO_SAMPLE_RATE_AMT",Dallas 75216 (Dallas County),AMERICAN FAMILY CONNECT PROPERTY AND CASUALTY INSURANCE COMPANY,tx-age65,2076
tx-2025,TX,2025,https://www.helpinsure.com/auto.html,"raw/api/autoResults_75216_age65.json (POST https://www.helpinsure.com/api/autoResults, body in raw/api/manifest.json); record RPTG_INSR_ID=215 PLANKEY_ID=1149512940 field AUTO_SAMPLE_RATE_AMT",Dallas 75216 (Dallas County),"MGA INSURANCE COMPANY, INC.",tx-age65,2253
tx-2025,TX,2025,https://www.helpinsure.com/auto.html,"raw/api/autoResults_75216_age65.json (POST https://www.helpinsure.com/api/autoResults, body in raw/api/manifest.json); record RPTG_INSR_ID=142 PLANKEY_ID=1150884180 field AUTO_SAMPLE_RATE_AMT",Dallas 75216 (Dallas County),"COLONIAL COUNTY MUTUAL INSURANCE COMPANY / MGA: Titan Insurance Services, Inc.",tx-age65,2334
tx-2025,TX,2025,https://www.helpinsure.com/auto.html,"raw/api/autoResults_75216_age65.json (POST https://www.helpinsure.com/api/autoResults, body in raw/api/manifest.json); record RPTG_INSR_ID=205 PLANKEY_ID=1148707332 field AUTO_SAMPLE_RATE_AMT",Dallas 75216 (Dallas County),DAIRYLAND COUNTY MUTUAL INSURANCE COMPANY OF TEXAS,tx-age65,2377
tx-2025,TX,2025,https://www.helpinsure.com/auto.html,"raw/api/autoResults_75216_age65.json (POST https://www.helpinsure.com/api/autoResults, body in raw/api/manifest.json); record RPTG_INSR_ID=155 PLANKEY_ID=1162672812 field AUTO_SAMPLE_RATE_AMT",Dallas 75216 (Dallas County),LIBERTY COUNTY MUTUAL INSURANCE COMPANY / MGA: Safeco General Agency (Safeco),tx-age65,2495
tx-2025,TX,2025,https://www.helpinsure.com/auto.html,"raw/api/autoResults_75216_age65.json (POST https://www.helpinsure.com/api/autoResults, body in raw/api/manifest.json); record RPTG_INSR_ID=123 PLANKEY_ID=1159281828 field AUTO_SAMPLE_RATE_AMT",Dallas 75216 (Dallas County),AMICA MUTUAL INSURANCE COMPANY,tx-age65,2807
tx-2025,TX,2025,https://www.helpinsure.com/auto.html,"raw/api/autoResults_75216_age65.json (POST https://www.helpinsure.com/api/autoResults, body in raw/api/manifest.json); record RPTG_INSR_ID=161 PLANKEY_ID=1147893444 field AUTO_SAMPLE_RATE_AMT",Dallas 75216 (Dallas County),AMICA PROPERTY AND CASUALTY INSURANCE COMPANY,tx-age65,3019
tx-2025,TX,2025,https://www.helpinsure.com/auto.html,"raw/api/autoResults_75216_age65.json (POST https://www.helpinsure.com/api/autoResults, body in raw/api/manifest.json); record RPTG_INSR_ID=45 PLANKEY_ID=1159688772 field AUTO_SAMPLE_RATE_AMT",Dallas 75216 (Dallas County),"SENTINEL INSURANCE COMPANY, LTD.",tx-age65,3356
tx-2025,TX,2025,https://www.helpinsure.com/auto.html,"raw/api/autoResults_75216_age65.json (POST https://www.helpinsure.com/api/autoResults, body in raw/api/manifest.json); record RPTG_INSR_ID=212 PLANKEY_ID=1158467940 field AUTO_SAMPLE_RATE_AMT",Dallas 75216 (Dallas County),ENCOMPASS INDEPENDENT INSURANCE COMPANY,tx-age65,4650
tx-2025,TX,2025,https://www.helpinsure.com/auto.html,"raw/api/autoResults_75216_age65_married.json (POST https://www.helpinsure.com/api/autoResults, body in raw/api/manifest.json); record RPTG_INSR_ID=283 PLANKEY_ID=1161316872 field AUTO_SAMPLE_RATE_AMT",Dallas 75216 (Dallas County),GEICO TEXAS COUNTY MUTUAL INSURANCE COMPANY / MGA: Voyager Corporation,tx-age65_married,420
tx-2025,TX,2025,https://www.helpinsure.com/auto.html,"raw/api/autoResults_75216_age65_married.json (POST https://www.helpinsure.com/api/autoResults, body in raw/api/manifest.json); record RPTG_INSR_ID=282 PLANKEY_ID=1160096040 field AUTO_SAMPLE_RATE_AMT",Dallas 75216 (Dallas County),GEICO TEXAS COUNTY MUTUAL INSURANCE COMPANY / MGA: Horizon Corporation,tx-age65_married,427
tx-2025,TX,2025,https://www.helpinsure.com/auto.html,"raw/api/autoResults_75216_age65_married.json (POST https://www.helpinsure.com/api/autoResults, body in raw/api/manifest.json); record RPTG_INSR_ID=281 PLANKEY_ID=1160909928 field AUTO_SAMPLE_RATE_AMT",Dallas 75216 (Dallas County),GEICO TEXAS COUNTY MUTUAL INSURANCE COMPANY / MGA: Perspective Corporation,tx-age65_married,452
tx-2025,TX,2025,https://www.helpinsure.com/auto.html,"raw/api/autoResults_75216_age65_married.json (POST https://www.helpinsure.com/api/autoResults, body in raw/api/manifest.json); record RPTG_INSR_ID=21 PLANKEY_ID=1152094968 field AUTO_SAMPLE_RATE_AMT",Dallas 75216 (Dallas County),FARMERS TEXAS COUNTY MUTUAL INSURANCE COMPANY,tx-age65_married,458
tx-2025,TX,2025,https://www.helpinsure.com/auto.html,"raw/api/autoResults_75216_age65_married.json (POST https://www.helpinsure.com/api/autoResults, body in raw/api/manifest.json); record RPTG_INSR_ID=41 PLANKEY_ID=1163080080 field AUTO_SAMPLE_RATE_AMT",Dallas 75216 (Dallas County),PROGRESSIVE COUNTY MUTUAL INSURANCE COMPANY,tx-age65_married,560
tx-2025,TX,2025,https://www.helpinsure.com/auto.html,"raw/api/autoResults_75216_age65_married.json (POST https://www.helpinsure.com/api/autoResults, body in raw/api/manifest.json); record RPTG_INSR_ID=56 PLANKEY_ID=1156840488 field AUTO_SAMPLE_RATE_AMT",Dallas 75216 (Dallas County),UNITED SERVICES AUTOMOBILE ASSOCIATION,tx-age65_married,660
tx-2025,TX,2025,https://www.helpinsure.com/auto.html,"raw/api/autoResults_75216_age65_married.json (POST https://www.helpinsure.com/api/autoResults, body in raw/api/manifest.json); record RPTG_INSR_ID=119 PLANKEY_ID=1157247432 field AUTO_SAMPLE_RATE_AMT",Dallas 75216 (Dallas County),USAA CASUALTY INSURANCE COMPANY,tx-age65_married,680
tx-2025,TX,2025,https://www.helpinsure.com/auto.html,"raw/api/autoResults_75216_age65_married.json (POST https://www.helpinsure.com/api/autoResults, body in raw/api/manifest.json); record RPTG_INSR_ID=102 PLANKEY_ID=1163485728 field AUTO_SAMPLE_RATE_AMT",Dallas 75216 (Dallas County),PROGRESSIVE COUNTY MUTUAL INSURANCE COMPANY / MGA: PROGRESSIVE COUNTY MUTUAL - DIRECT RATES,tx-age65_married,683
tx-2025,TX,2025,https://www.helpinsure.com/auto.html,"raw/api/autoResults_75216_age65_married.json (POST https://www.helpinsure.com/api/autoResults, body in raw/api/manifest.json); record RPTG_INSR_ID=118 PLANKEY_ID=1157654376 field AUTO_SAMPLE_RATE_AMT",Dallas 75216 (Dallas County),USAA GENERAL INDEMNITY COMPANY,tx-age65_married,722
tx-2025,TX,2025,https://www.helpinsure.com/auto.html,"raw/api/autoResults_75216_age65_married.json (POST https://www.helpinsure.com/api/autoResults, body in raw/api/manifest.json); record RPTG_INSR_ID=112 PLANKEY_ID=1156027896 field AUTO_SAMPLE_RATE_AMT",Dallas 75216 (Dallas County),GARRISON PROPERTY AND CASUALTY INSURANCE COMPANY,tx-age65_married,812
tx-2025,TX,2025,https://www.helpinsure.com/auto.html,"raw/api/autoResults_75216_age65_married.json (POST https://www.helpinsure.com/api/autoResults, body in raw/api/manifest.json); record RPTG_INSR_ID=138 PLANKEY_ID=1153315152 field AUTO_SAMPLE_RATE_AMT",Dallas 75216 (Dallas County),INFINITY COUNTY MUTUAL INSURANCE COMPANY,tx-age65_married,826
tx-2025,TX,2025,https://www.helpinsure.com/auto.html,"raw/api/autoResults_75216_age65_married.json (POST https://www.helpinsure.com/api/autoResults, body in raw/api/manifest.json); record RPTG_INSR_ID=246 PLANKEY_ID=1162266192 field AUTO_SAMPLE_RATE_AMT",Dallas 75216 (Dallas County),GEICO TEXAS COUNTY MUTUAL INSURANCE COMPANY / MGA: Endeavor Corporation,tx-age65_married,840
tx-2025,TX,2025,https://www.helpinsure.com/auto.html,"raw/api/autoResults_75216_age65_married.json (POST https://www.helpinsure.com/api/autoResults, body in raw/api/manifest.json); record RPTG_INSR_ID=32 PLANKEY_ID=1150467192 field AUTO_SAMPLE_RATE_AMT",Dallas 75216 (Dallas County),MERCURY COUNTY MUTUAL INSURANCE COMPANY,tx-age65_married,946
tx-2025,TX,2025,https://www.helpinsure.com/auto.html,"raw/api/autoResults_75216_age65_married.json (POST https://www.helpinsure.com/api/autoResults, body in raw/api/manifest.json); record RPTG_INSR_ID=238 PLANKEY_ID=1164298320 field AUTO_SAMPLE_RATE_AMT",Dallas 75216 (Dallas County),MID-CENTURY INSURANCE COMPANY OF TEXAS,tx-age65_married,1042
tx-2025,TX,2025,https://www.helpinsure.com/auto.html,"raw/api/autoResults_75216_age65_married.json (POST https://www.helpinsure.com/api/autoResults, body in raw/api/manifest.json); record RPTG_INSR_ID=173 PLANKEY_ID=1151688024 field AUTO_SAMPLE_RATE_AMT",Dallas 75216 (Dallas County),ECONOMY FIRE & CASUALTY COMPANY,tx-age65_married,1068
tx-2025,TX,2025,https://www.helpinsure.com/auto.html,"raw/api/autoResults_75216_age65_married.json (POST https://www.helpinsure.com/api/autoResults, body in raw/api/manifest.json); record RPTG_INSR_ID=6 PLANKEY_ID=1164840912 field AUTO_SAMPLE_RATE_AMT",Dallas 75216 (Dallas County),ALLSTATE FIRE AND CASUALTY INSURANCE COMPANY,tx-age65_married,1078
tx-2025,TX,2025,https://www.helpinsure.com/auto.html,"raw/api/autoResults_75216_age65_married.json (POST https://www.helpinsure.com/api/autoResults, body in raw/api/manifest.json); record RPTG_INSR_ID=50 PLANKEY_ID=1149655896 field AUTO_SAMPLE_RATE_AMT",Dallas 75216 (Dallas County),STATE FARM MUTUAL AUTOMOBILE INSURANCE COMPANY,tx-age65_married,1159
tx-2025,TX,2025,https://www.helpinsure.com/auto.html,"raw/api/autoResults_75216_age65_married.json (POST https://www.helpinsure.com/api/autoResults, body in raw/api/manifest.json); record RPTG_INSR_ID=1 PLANKEY_ID=1148300712 field AUTO_SAMPLE_RATE_AMT",Dallas 75216 (Dallas County),AUTO CLUB COUNTY MUTUAL INSURANCE COMPANY,tx-age65_married,1232
tx-2025,TX,2025,https://www.helpinsure.com/auto.html,"raw/api/autoResults_75216_age65_married.json (POST https://www.helpinsure.com/api/autoResults, body in raw/api/manifest.json); record RPTG_INSR_ID=124 PLANKEY_ID=1165247856 field AUTO_SAMPLE_RATE_AMT",Dallas 75216 (Dallas County),CONSUMERS COUNTY MUTUAL INSURANCE COMPANY,tx-age65_married,1243
tx-2025,TX,2025,https://www.helpinsure.com/auto.html,"raw/api/autoResults_75216_age65_married.json (POST https://www.helpinsure.com/api/autoResults, body in raw/api/manifest.json); record RPTG_INSR_ID=16 PLANKEY_ID=1151281080 field AUTO_SAMPLE_RATE_AMT",Dallas 75216 (Dallas County),CONSUMERS COUNTY MUTUAL INSURANCE COMPANY / MGA: Travelers Quantum Auto 2.0 Program,tx-age65_married,1243
tx-2025,TX,2025,https://www.helpinsure.com/auto.html,"raw/api/autoResults_75216_age65_married.json (POST https://www.helpinsure.com/api/autoResults, body in raw/api/manifest.json); record RPTG_INSR_ID=175 PLANKEY_ID=1163891376 field AUTO_SAMPLE_RATE_AMT",Dallas 75216 (Dallas County),FARMERS PROPERTY AND CASUALTY INSURANCE COMPANY,tx-age65_married,1277
tx-2025,TX,2025,https://www.helpinsure.com/auto.html,"raw/api/autoResults_75216_age65_married.json (POST https://www.helpinsure.com/api/autoResults, body in raw/api/manifest.json); record RPTG_INSR_ID=5 PLANKEY_ID=1152908208 field AUTO_SAMPLE_RATE_AMT",Dallas 75216 (Dallas County),ALLSTATE COUNTY MUTUAL INSURANCE COMPANY,tx-age65_married,1282
tx-2025,TX,2025,https://www.helpinsure.com/auto.html,"raw/api/autoResults_75216_age65_married.json (POST https://www.helpinsure.com/api/autoResults, body in raw/api/manifest.json); record RPTG_INSR_ID=48 PLANKEY_ID=1150061544 field AUTO_SAMPLE_RATE_AMT",Dallas 75216 (Dallas County),STATE FARM COUNTY MUTUAL INSURANCE COMPANY OF TEXAS,tx-age65_married,1424
tx-2025,TX,2025,https://www.helpinsure.com/auto.html,"raw/api/autoResults_75216_age65_married.json (POST https://www.helpinsure.com/api/autoResults, body in raw/api/manifest.json); record RPTG_INSR_ID=104 PLANKEY_ID=1164698064 field AUTO_SAMPLE_RATE_AMT",Dallas 75216 (Dallas County),TEXAS AUTOMOBILE INSURANCE PLAN ASSOCIATION,tx-age65_married,1438
tx-2025,TX,2025,https://www.helpinsure.com/auto.html,"raw/api/autoResults_75216_age65_married.json (POST https://www.helpinsure.com/api/autoResults, body in raw/api/manifest.json); record RPTG_INSR_ID=33 PLANKEY_ID=1158061320 field AUTO_SAMPLE_RATE_AMT",Dallas 75216 (Dallas County),FARMERS LLOYDS INSURANCE COMPANY OF TEXAS,tx-age65_married,1608
tx-2025,TX,2025,https://www.helpinsure.com/auto.html,"raw/api/autoResults_75216_age65_married.json (POST https://www.helpinsure.com/api/autoResults, body in raw/api/manifest.json); record RPTG_INSR_ID=140 PLANKEY_ID=1152501912 field AUTO_SAMPLE_RATE_AMT",Dallas 75216 (Dallas County),FOREMOST COUNTY MUTUAL INSURANCE COMPANY,tx-age65_married,1620
tx-2025,TX,2025,https://www.helpinsure.com/auto.html,"raw/api/autoResults_75216_age65_married.json (POST https://www.helpinsure.com/api/autoResults, body in raw/api/manifest.json); record RPTG_INSR_ID=219 PLANKEY_ID=1153714896 field AUTO_SAMPLE_RATE_AMT",Dallas 75216 (Dallas County),AMERICAN ACCESS CASUALTY COMPANY,tx-age65_married,1640
tx-2025,TX,2025,https://www.helpinsure.com/auto.html,"raw/api/autoResults_75216_age65_married.json (POST https://www.helpinsure.com/api/autoResults, body in raw/api/manifest.json); record RPTG_INSR_ID=209 PLANKEY_ID=1158875208 field AUTO_SAMPLE_RATE_AMT",Dallas 75216 (Dallas County),AMERICAN FAMILY CONNECT PROPERTY AND CASUALTY INSURANCE COMPANY,tx-age65_married,1940
tx-2025,TX,2025,https://www.helpinsure.com/auto.html,"raw/api/autoResults_75216_age65_married.json (POST https://www.helpinsure.com/api/autoResults, body in raw/api/manifest.json); record RPTG_INSR_ID=215 PLANKEY_ID=1149513048 field AUTO_SAMPLE_RATE_AMT",Dallas 75216 (Dallas County),"MGA INSURANCE COMPANY, INC.",tx-age65_married,2030
tx-2025,TX,2025,https://www.helpinsure.com/auto.html,"raw/api/autoResults_75216_age65_married.json (POST https://www.helpinsure.com/api/autoResults, body in raw/api/manifest.json); record RPTG_INSR_ID=142 PLANKEY_ID=1150884504 field AUTO_SAMPLE_RATE_AMT",Dallas 75216 (Dallas County),"COLONIAL COUNTY MUTUAL INSURANCE COMPANY / MGA: Titan Insurance Services, Inc.",tx-age65_married,2214
tx-2025,TX,2025,https://www.helpinsure.com/auto.html,"raw/api/autoResults_75216_age65_married.json (POST https://www.helpinsure.com/api/autoResults, body in raw/api/manifest.json); record RPTG_INSR_ID=205 PLANKEY_ID=1148707656 field AUTO_SAMPLE_RATE_AMT",Dallas 75216 (Dallas County),DAIRYLAND COUNTY MUTUAL INSURANCE COMPANY OF TEXAS,tx-age65_married,2303
tx-2025,TX,2025,https://www.helpinsure.com/auto.html,"raw/api/autoResults_75216_age65_married.json (POST https://www.helpinsure.com/api/autoResults, body in raw/api/manifest.json); record RPTG_INSR_ID=155 PLANKEY_ID=1162673136 field AUTO_SAMPLE_RATE_AMT",Dallas 75216 (Dallas County),LIBERTY COUNTY MUTUAL INSURANCE COMPANY / MGA: Safeco General Agency (Safeco),tx-age65_married,2503
tx-2025,TX,2025,https://www.helpinsure.com/auto.html,"raw/api/autoResults_75216_age65_married.json (POST https://www.helpinsure.com/api/autoResults, body in raw/api/manifest.json); record RPTG_INSR_ID=123 PLANKEY_ID=1159282152 field AUTO_SAMPLE_RATE_AMT",Dallas 75216 (Dallas County),AMICA MUTUAL INSURANCE COMPANY,tx-age65_married,2807
tx-2025,TX,2025,https://www.helpinsure.com/auto.html,"raw/api/autoResults_75216_age65_married.json (POST https://www.helpinsure.com/api/autoResults, body in raw/api/manifest.json); record RPTG_INSR_ID=161 PLANKEY_ID=1147893768 field AUTO_SAMPLE_RATE_AMT",Dallas 75216 (Dallas County),AMICA PROPERTY AND CASUALTY INSURANCE COMPANY,tx-age65_married,3019
tx-2025,TX,2025,https://www.helpinsure.com/auto.html,"raw/api/autoResults_75216_age65_married.json (POST https://www.helpinsure.com/api/autoResults, body in raw/api/manifest.json); record RPTG_INSR_ID=45 PLANKEY_ID=1159689096 field AUTO_SAMPLE_RATE_AMT",Dallas 75216 (Dallas County),"SENTINEL INSURANCE COMPANY, LTD.",tx-age65_married,3296
tx-2025,TX,2025,https://www.helpinsure.com/auto.html,"raw/api/autoResults_75216_age65_married.json (POST https://www.helpinsure.com/api/autoResults, body in raw/api/manifest.json); record RPTG_INSR_ID=212 PLANKEY_ID=1158468264 field AUTO_SAMPLE_RATE_AMT",Dallas 75216 (Dallas County),ENCOMPASS INDEPENDENT INSURANCE COMPANY,tx-age65_married,4048
tx-2025,TX,2025,https://www.helpinsure.com/auto.html,"raw/api/autoResults_75216_base.json (POST https://www.helpinsure.com/api/autoResults, body in raw/api/manifest.json); record RPTG_INSR_ID=283 PLANKEY_ID=1161316494 field AUTO_SAMPLE_RATE_AMT",Dallas 75216 (Dallas County),GEICO TEXAS COUNTY MUTUAL INSURANCE COMPANY / MGA: Voyager Corporation,tx-base,513
tx-2025,TX,2025,https://www.helpinsure.com/auto.html,"raw/api/autoResults_75216_base.json (POST https://www.helpinsure.com/api/autoResults, body in raw/api/manifest.json); record RPTG_INSR_ID=21 PLANKEY_ID=1152094590 field AUTO_SAMPLE_RATE_AMT",Dallas 75216 (Dallas County),FARMERS TEXAS COUNTY MUTUAL INSURANCE COMPANY,tx-base,518
tx-2025,TX,2025,https://www.helpinsure.com/auto.html,"raw/api/autoResults_75216_base.json (POST https://www.helpinsure.com/api/autoResults, body in raw/api/manifest.json); record RPTG_INSR_ID=282 PLANKEY_ID=1160095662 field AUTO_SAMPLE_RATE_AMT",Dallas 75216 (Dallas County),GEICO TEXAS COUNTY MUTUAL INSURANCE COMPANY / MGA: Horizon Corporation,tx-base,521
tx-2025,TX,2025,https://www.helpinsure.com/auto.html,"raw/api/autoResults_75216_base.json (POST https://www.helpinsure.com/api/autoResults, body in raw/api/manifest.json); record RPTG_INSR_ID=281 PLANKEY_ID=1160909550 field AUTO_SAMPLE_RATE_AMT",Dallas 75216 (Dallas County),GEICO TEXAS COUNTY MUTUAL INSURANCE COMPANY / MGA: Perspective Corporation,tx-base,542
tx-2025,TX,2025,https://www.helpinsure.com/auto.html,"raw/api/autoResults_75216_base.json (POST https://www.helpinsure.com/api/autoResults, body in raw/api/manifest.json); record RPTG_INSR_ID=56 PLANKEY_ID=1156840110 field AUTO_SAMPLE_RATE_AMT",Dallas 75216 (Dallas County),UNITED SERVICES AUTOMOBILE ASSOCIATION,tx-base,748
tx-2025,TX,2025,https://www.helpinsure.com/auto.html,"raw/api/autoResults_75216_base.json (POST https://www.helpinsure.com/api/autoResults, body in raw/api/manifest.json); record RPTG_INSR_ID=119 PLANKEY_ID=1157247054 field AUTO_SAMPLE_RATE_AMT",Dallas 75216 (Dallas County),USAA CASUALTY INSURANCE COMPANY,tx-base,803
tx-2025,TX,2025,https://www.helpinsure.com/auto.html,"raw/api/autoResults_75216_base.json (POST https://www.helpinsure.com/api/autoResults, body in raw/api/manifest.json); record RPTG_INSR_ID=102 PLANKEY_ID=1163485350 field AUTO_SAMPLE_RATE_AMT",Dallas 75216 (Dallas County),PROGRESSIVE COUNTY MUTUAL INSURANCE COMPANY / MGA: PROGRESSIVE COUNTY MUTUAL - DIRECT RATES,tx-base,865
tx-2025,TX,2025,https://www.helpinsure.com/auto.html,"raw/api/autoResults_75216_base.json (POST https://www.helpinsure.com/api/autoResults, body in raw/api/manifest.json); record RPTG_INSR_ID=41 PLANKEY_ID=1163079702 field AUTO_SAMPLE_RATE_AMT",Dallas 75216 (Dallas County),PROGRESSIVE COUNTY MUTUAL INSURANCE COMPANY,tx-base,875
tx-2025,TX,2025,https://www.helpinsure.com/auto.html,"raw/api/autoResults_75216_base.json (POST https://www.helpinsure.com/api/autoResults, body in raw/api/manifest.json); record RPTG_INSR_ID=118 PLANKEY_ID=1157653998 field AUTO_SAMPLE_RATE_AMT",Dallas 75216 (Dallas County),USAA GENERAL INDEMNITY COMPANY,tx-base,888
tx-2025,TX,2025,https://www.helpinsure.com/auto.html,"raw/api/autoResults_75216_base.json (POST https://www.helpinsure.com/api/autoResults, body in raw/api/manifest.json); record RPTG_INSR_ID=138 PLANKEY_ID=1153314774 field AUTO_SAMPLE_RATE_AMT",Dallas 75216 (Dallas County),INFINITY COUNTY MUTUAL INSURANCE COMPANY,tx-base,934
tx-2025,TX,2025,https://www.helpinsure.com/auto.html,"raw/api/autoResults_75216_base.json (POST https://www.helpinsure.com/api/autoResults, body in raw/api/manifest.json); record RPTG_INSR_ID=246 PLANKEY_ID=1162265814 field AUTO_SAMPLE_RATE_AMT",Dallas 75216 (Dallas County),GEICO TEXAS COUNTY MUTUAL INSURANCE COMPANY / MGA: Endeavor Corporation,tx-base,935
tx-2025,TX,2025,https://www.helpinsure.com/auto.html,"raw/api/autoResults_75216_base.json (POST https://www.helpinsure.com/api/autoResults, body in raw/api/manifest.json); record RPTG_INSR_ID=112 PLANKEY_ID=1156027518 field AUTO_SAMPLE_RATE_AMT",Dallas 75216 (Dallas County),GARRISON PROPERTY AND CASUALTY INSURANCE COMPANY,tx-base,938
tx-2025,TX,2025,https://www.helpinsure.com/auto.html,"raw/api/autoResults_75216_base.json (POST https://www.helpinsure.com/api/autoResults, body in raw/api/manifest.json); record RPTG_INSR_ID=238 PLANKEY_ID=1164297942 field AUTO_SAMPLE_RATE_AMT",Dallas 75216 (Dallas County),MID-CENTURY INSURANCE COMPANY OF TEXAS,tx-base,1167
tx-2025,TX,2025,https://www.helpinsure.com/auto.html,"raw/api/autoResults_75216_base.json (POST https://www.helpinsure.com/api/autoResults, body in raw/api/manifest.json); record RPTG_INSR_ID=6 PLANKEY_ID=1164840534 field AUTO_SAMPLE_RATE_AMT",Dallas 75216 (Dallas County),ALLSTATE FIRE AND CASUALTY INSURANCE COMPANY,tx-base,1202
tx-2025,TX,2025,https://www.helpinsure.com/auto.html,"raw/api/autoResults_75216_base.json (POST https://www.helpinsure.com/api/autoResults, body in raw/api/manifest.json); record RPTG_INSR_ID=50 PLANKEY_ID=1149655518 field AUTO_SAMPLE_RATE_AMT",Dallas 75216 (Dallas County),STATE FARM MUTUAL AUTOMOBILE INSURANCE COMPANY,tx-base,1234
tx-2025,TX,2025,https://www.helpinsure.com/auto.html,"raw/api/autoResults_75216_base.json (POST https://www.helpinsure.com/api/autoResults, body in raw/api/manifest.json); record RPTG_INSR_ID=5 PLANKEY_ID=1152907830 field AUTO_SAMPLE_RATE_AMT",Dallas 75216 (Dallas County),ALLSTATE COUNTY MUTUAL INSURANCE COMPANY,tx-base,1257
tx-2025,TX,2025,https://www.helpinsure.com/auto.html,"raw/api/autoResults_75216_base.json (POST https://www.helpinsure.com/api/autoResults, body in raw/api/manifest.json); record RPTG_INSR_ID=16 PLANKEY_ID=1151280702 field AUTO_SAMPLE_RATE_AMT",Dallas 75216 (Dallas County),CONSUMERS COUNTY MUTUAL INSURANCE COMPANY / MGA: Travelers Quantum Auto 2.0 Program,tx-base,1303
tx-2025,TX,2025,https://www.helpinsure.com/auto.html,"raw/api/autoResults_75216_base.json (POST https://www.helpinsure.com/api/autoResults, body in raw/api/manifest.json); record RPTG_INSR_ID=124 PLANKEY_ID=1165247478 field AUTO_SAMPLE_RATE_AMT",Dallas 75216 (Dallas County),CONSUMERS COUNTY MUTUAL INSURANCE COMPANY,tx-base,1303
tx-2025,TX,2025,https://www.helpinsure.com/auto.html,"raw/api/autoResults_75216_base.json (POST https://www.helpinsure.com/api/autoResults, body in raw/api/manifest.json); record RPTG_INSR_ID=32 PLANKEY_ID=1150466814 field AUTO_SAMPLE_RATE_AMT",Dallas 75216 (Dallas County),MERCURY COUNTY MUTUAL INSURANCE COMPANY,tx-base,1343
tx-2025,TX,2025,https://www.helpinsure.com/auto.html,"raw/api/autoResults_75216_base.json (POST https://www.helpinsure.com/api/autoResults, body in raw/api/manifest.json); record RPTG_INSR_ID=1 PLANKEY_ID=1148300334 field AUTO_SAMPLE_RATE_AMT",Dallas 75216 (Dallas County),AUTO CLUB COUNTY MUTUAL INSURANCE COMPANY,tx-base,1408
tx-2025,TX,2025,https://www.helpinsure.com/auto.html,"raw/api/autoResults_75216_base.json (POST https://www.helpinsure.com/api/autoResults, body in raw/api/manifest.json); record RPTG_INSR_ID=104 PLANKEY_ID=1164697938 field AUTO_SAMPLE_RATE_AMT",Dallas 75216 (Dallas County),TEXAS AUTOMOBILE INSURANCE PLAN ASSOCIATION,tx-base,1438
tx-2025,TX,2025,https://www.helpinsure.com/auto.html,"raw/api/autoResults_75216_base.json (POST https://www.helpinsure.com/api/autoResults, body in raw/api/manifest.json); record RPTG_INSR_ID=173 PLANKEY_ID=1151687646 field AUTO_SAMPLE_RATE_AMT",Dallas 75216 (Dallas County),ECONOMY FIRE & CASUALTY COMPANY,tx-base,1489
tx-2025,TX,2025,https://www.helpinsure.com/auto.html,"raw/api/autoResults_75216_base.json (POST https://www.helpinsure.com/api/autoResults, body in raw/api/manifest.json); record RPTG_INSR_ID=48 PLANKEY_ID=1150061166 field AUTO_SAMPLE_RATE_AMT",Dallas 75216 (Dallas County),STATE FARM COUNTY MUTUAL INSURANCE COMPANY OF TEXAS,tx-base,1547
tx-2025,TX,2025,https://www.helpinsure.com/auto.html,"raw/api/autoResults_75216_base.json (POST https://www.helpinsure.com/api/autoResults, body in raw/api/manifest.json); record RPTG_INSR_ID=175 PLANKEY_ID=1163890998 field AUTO_SAMPLE_RATE_AMT",Dallas 75216 (Dallas County),FARMERS PROPERTY AND CASUALTY INSURANCE COMPANY,tx-base,1648
tx-2025,TX,2025,https://www.helpinsure.com/auto.html,"raw/api/autoResults_75216_base.json (POST https://www.helpinsure.com/api/autoResults, body in raw/api/manifest.json); record RPTG_INSR_ID=140 PLANKEY_ID=1152501534 field AUTO_SAMPLE_RATE_AMT",Dallas 75216 (Dallas County),FOREMOST COUNTY MUTUAL INSURANCE COMPANY,tx-base,1718
tx-2025,TX,2025,https://www.helpinsure.com/auto.html,"raw/api/autoResults_75216_base.json (POST https://www.helpinsure.com/api/autoResults, body in raw/api/manifest.json); record RPTG_INSR_ID=219 PLANKEY_ID=1153714770 field AUTO_SAMPLE_RATE_AMT",Dallas 75216 (Dallas County),AMERICAN ACCESS CASUALTY COMPANY,tx-base,1786
tx-2025,TX,2025,https://www.helpinsure.com/auto.html,"raw/api/autoResults_75216_base.json (POST https://www.helpinsure.com/api/autoResults, body in raw/api/manifest.json); record RPTG_INSR_ID=33 PLANKEY_ID=1158060942 field AUTO_SAMPLE_RATE_AMT",Dallas 75216 (Dallas County),FARMERS LLOYDS INSURANCE COMPANY OF TEXAS,tx-base,2002
tx-2025,TX,2025,https://www.helpinsure.com/auto.html,"raw/api/autoResults_75216_base.json (POST https://www.helpinsure.com/api/autoResults, body in raw/api/manifest.json); record RPTG_INSR_ID=215 PLANKEY_ID=1149512922 field AUTO_SAMPLE_RATE_AMT",Dallas 75216 (Dallas County),"MGA INSURANCE COMPANY, INC.",tx-base,2203
tx-2025,TX,2025,https://www.helpinsure.com/auto.html,"raw/api/autoResults_75216_base.json (POST https://www.helpinsure.com/api/autoResults, body in raw/api/manifest.json); record RPTG_INSR_ID=209 PLANKEY_ID=1158874830 field AUTO_SAMPLE_RATE_AMT",Dallas 75216 (Dallas County),AMERICAN FAMILY CONNECT PROPERTY AND CASUALTY INSURANCE COMPANY,tx-base,2236
tx-2025,TX,2025,https://www.helpinsure.com/auto.html,"raw/api/autoResults_75216_base.json (POST https://www.helpinsure.com/api/autoResults, body in raw/api/manifest.json); record RPTG_INSR_ID=142 PLANKEY_ID=1150884774 field AUTO_SAMPLE_RATE_AMT",Dallas 75216 (Dallas County),"COLONIAL COUNTY MUTUAL INSURANCE COMPANY / MGA: Titan Insurance Services, Inc.",tx-base,2328
tx-2025,TX,2025,https://www.helpinsure.com/auto.html,"raw/api/autoResults_75216_base.json (POST https://www.helpinsure.com/api/autoResults, body in raw/api/manifest.json); record RPTG_INSR_ID=155 PLANKEY_ID=1162672758 field AUTO_SAMPLE_RATE_AMT",Dallas 75216 (Dallas County),LIBERTY COUNTY MUTUAL INSURANCE COMPANY / MGA: Safeco General Agency (Safeco),tx-base,2748
tx-2025,TX,2025,https://www.helpinsure.com/auto.html,"raw/api/autoResults_75216_base.json (POST https://www.helpinsure.com/api/autoResults, body in raw/api/manifest.json); record RPTG_INSR_ID=123 PLANKEY_ID=1159281774 field AUTO_SAMPLE_RATE_AMT",Dallas 75216 (Dallas County),AMICA MUTUAL INSURANCE COMPANY,tx-base,2955
tx-2025,TX,2025,https://www.helpinsure.com/auto.html,"raw/api/autoResults_75216_base.json (POST https://www.helpinsure.com/api/autoResults, body in raw/api/manifest.json); record RPTG_INSR_ID=205 PLANKEY_ID=1148707278 field AUTO_SAMPLE_RATE_AMT",Dallas 75216 (Dallas County),DAIRYLAND COUNTY MUTUAL INSURANCE COMPANY OF TEXAS,tx-base,3150
tx-2025,TX,2025,https://www.helpinsure.com/auto.html,"raw/api/autoResults_75216_base.json (POST https://www.helpinsure.com/api/autoResults, body in raw/api/manifest.json); record RPTG_INSR_ID=161 PLANKEY_ID=1147893390 field AUTO_SAMPLE_RATE_AMT",Dallas 75216 (Dallas County),AMICA PROPERTY AND CASUALTY INSURANCE COMPANY,tx-base,3178
tx-2025,TX,2025,https://www.helpinsure.com/auto.html,"raw/api/autoResults_75216_base.json (POST https://www.helpinsure.com/api/autoResults, body in raw/api/manifest.json); record RPTG_INSR_ID=45 PLANKEY_ID=1159688718 field AUTO_SAMPLE_RATE_AMT",Dallas 75216 (Dallas County),"SENTINEL INSURANCE COMPANY, LTD.",tx-base,3968
tx-2025,TX,2025,https://www.helpinsure.com/auto.html,"raw/api/autoResults_75216_base.json (POST https://www.helpinsure.com/api/autoResults, body in raw/api/manifest.json); record RPTG_INSR_ID=212 PLANKEY_ID=1158467886 field AUTO_SAMPLE_RATE_AMT",Dallas 75216 (Dallas County),ENCOMPASS INDEPENDENT INSURANCE COMPANY,tx-base,4255
tx-2025,TX,2025,https://www.helpinsure.com/auto.html,"raw/api/autoResults_75216_creditGood.json (POST https://www.helpinsure.com/api/autoResults, body in raw/api/manifest.json); record RPTG_INSR_ID=283 PLANKEY_ID=1161316497 field AUTO_SAMPLE_RATE_AMT",Dallas 75216 (Dallas County),GEICO TEXAS COUNTY MUTUAL INSURANCE COMPANY / MGA: Voyager Corporation,tx-creditGood,420
tx-2025,TX,2025,https://www.helpinsure.com/auto.html,"raw/api/autoResults_75216_creditGood.json (POST https://www.helpinsure.com/api/autoResults, body in raw/api/manifest.json); record RPTG_INSR_ID=282 PLANKEY_ID=1160095665 field AUTO_SAMPLE_RATE_AMT",Dallas 75216 (Dallas County),GEICO TEXAS COUNTY MUTUAL INSURANCE COMPANY / MGA: Horizon Corporation,tx-creditGood,427
tx-2025,TX,2025,https://www.helpinsure.com/auto.html,"raw/api/autoResults_75216_creditGood.json (POST https://www.helpinsure.com/api/autoResults, body in raw/api/manifest.json); record RPTG_INSR_ID=281 PLANKEY_ID=1160909553 field AUTO_SAMPLE_RATE_AMT",Dallas 75216 (Dallas County),GEICO TEXAS COUNTY MUTUAL INSURANCE COMPANY / MGA: Perspective Corporation,tx-creditGood,457
tx-2025,TX,2025,https://www.helpinsure.com/auto.html,"raw/api/autoResults_75216_creditGood.json (POST https://www.helpinsure.com/api/autoResults, body in raw/api/manifest.json); record RPTG_INSR_ID=21 PLANKEY_ID=1152094593 field AUTO_SAMPLE_RATE_AMT",Dallas 75216 (Dallas County),FARMERS TEXAS COUNTY MUTUAL INSURANCE COMPANY,tx-creditGood,614
tx-2025,TX,2025,https://www.helpinsure.com/auto.html,"raw/api/autoResults_75216_creditGood.json (POST https://www.helpinsure.com/api/autoResults, body in raw/api/manifest.json); record RPTG_INSR_ID=56 PLANKEY_ID=1156840113 field AUTO_SAMPLE_RATE_AMT",Dallas 75216 (Dallas County),UNITED SERVICES AUTOMOBILE ASSOCIATION,tx-creditGood,653
tx-2025,TX,2025,https://www.helpinsure.com/auto.html,"raw/api/autoResults_75216_creditGood.json (POST https://www.helpinsure.com/api/autoResults, body in raw/api/manifest.json); record RPTG_INSR_ID=119 PLANKEY_ID=1157247057 field AUTO_SAMPLE_RATE_AMT",Dallas 75216 (Dallas County),USAA CASUALTY INSURANCE COMPANY,tx-creditGood,684
tx-2025,TX,2025,https://www.helpinsure.com/auto.html,"raw/api/autoResults_75216_creditGood.json (POST https://www.helpinsure.com/api/autoResults, body in raw/api/manifest.json); record RPTG_INSR_ID=118 PLANKEY_ID=1157654001 field AUTO_SAMPLE_RATE_AMT",Dallas 75216 (Dallas County),USAA GENERAL INDEMNITY COMPANY,tx-creditGood,691
tx-2025,TX,2025,https://www.helpinsure.com/auto.html,"raw/api/autoResults_75216_creditGood.json (POST https://www.helpinsure.com/api/autoResults, body in raw/api/manifest.json); record RPTG_INSR_ID=246 PLANKEY_ID=1162265817 field AUTO_SAMPLE_RATE_AMT",Dallas 75216 (Dallas County),GEICO TEXAS COUNTY MUTUAL INSURANCE COMPANY / MGA: Endeavor Corporation,tx-creditGood,742
tx-2025,TX,2025,https://www.helpinsure.com/auto.html,"raw/api/autoResults_75216_creditGood.json (POST https://www.helpinsure.com/api/autoResults, body in raw/api/manifest.json); record RPTG_INSR_ID=112 PLANKEY_ID=1156027521 field AUTO_SAMPLE_RATE_AMT",Dallas 75216 (Dallas County),GARRISON PROPERTY AND CASUALTY INSURANCE COMPANY,tx-creditGood,776
tx-2025,TX,2025,https://www.helpinsure.com/auto.html,"raw/api/autoResults_75216_creditGood.json (POST https://www.helpinsure.com/api/autoResults, body in raw/api/manifest.json); record RPTG_INSR_ID=41 PLANKEY_ID=1163079705 field AUTO_SAMPLE_RATE_AMT",Dallas 75216 (Dallas County),PROGRESSIVE COUNTY MUTUAL INSURANCE COMPANY,tx-creditGood,791
tx-2025,TX,2025,https://www.helpinsure.com/auto.html,"raw/api/autoResults_75216_creditGood.json (POST https://www.helpinsure.com/api/autoResults, body in raw/api/manifest.json); record RPTG_INSR_ID=102 PLANKEY_ID=1163485353 field AUTO_SAMPLE_RATE_AMT",Dallas 75216 (Dallas County),PROGRESSIVE COUNTY MUTUAL INSURANCE COMPANY / MGA: PROGRESSIVE COUNTY MUTUAL - DIRECT RATES,tx-creditGood,796
tx-2025,TX,2025,https://www.helpinsure.com/auto.html,"raw/api/autoResults_75216_creditGood.json (POST https://www.helpinsure.com/api/autoResults, body in raw/api/manifest.json); record RPTG_INSR_ID=138 PLANKEY_ID=1153314777 field AUTO_SAMPLE_RATE_AMT",Dallas 75216 (Dallas County),INFINITY COUNTY MUTUAL INSURANCE COMPANY,tx-creditGood,856
tx-2025,TX,2025,https://www.helpinsure.com/auto.html,"raw/api/autoResults_75216_creditGood.json (POST https://www.helpinsure.com/api/autoResults, body in raw/api/manifest.json); record RPTG_INSR_ID=124 PLANKEY_ID=1165247481 field AUTO_SAMPLE_RATE_AMT",Dallas 75216 (Dallas County),CONSUMERS COUNTY MUTUAL INSURANCE COMPANY,tx-creditGood,873
tx-2025,TX,2025,https://www.helpinsure.com/auto.html,"raw/api/autoResults_75216_creditGood.json (POST https://www.helpinsure.com/api/autoResults, body in raw/api/manifest.json); record RPTG_INSR_ID=16 PLANKEY_ID=1151280705 field AUTO_SAMPLE_RATE_AMT",Dallas 75216 (Dallas County),CONSUMERS COUNTY MUTUAL INSURANCE COMPANY / MGA: Travelers Quantum Auto 2.0 Program,tx-creditGood,873
tx-2025,TX,2025,https://www.helpinsure.com/auto.html,"raw/api/autoResults_75216_creditGood.json (POST https://www.helpinsure.com/api/autoResults, body in raw/api/manifest.json); record RPTG_INSR_ID=238 PLANKEY_ID=1164297945 field AUTO_SAMPLE_RATE_AMT",Dallas 75216 (Dallas County),MID-CENTURY INSURANCE COMPANY OF TEXAS,tx-creditGood,944
tx-2025,TX,2025,https://www.helpinsure.com/auto.html,"raw/api/autoResults_75216_creditGood.json (POST https://www.helpinsure.com/api/autoResults, body in raw/api/manifest.json); record RPTG_INSR_ID=6 PLANKEY_ID=1164840537 field AUTO_SAMPLE_RATE_AMT",Dallas 75216 (Dallas County),ALLSTATE FIRE AND CASUALTY INSURANCE COMPANY,tx-creditGood,946
tx-2025,TX,2025,https://www.helpinsure.com/auto.html,"raw/api/autoResults_75216_creditGood.json (POST https://www.helpinsure.com/api/autoResults, body in raw/api/manifest.json); record RPTG_INSR_ID=50 PLANKEY_ID=1149655521 field AUTO_SAMPLE_RATE_AMT",Dallas 75216 (Dallas County),STATE FARM MUTUAL AUTOMOBILE INSURANCE COMPANY,tx-creditGood,1016
tx-2025,TX,2025,https://www.helpinsure.com/auto.html,"raw/api/autoResults_75216_creditGood.json (POST https://www.helpinsure.com/api/autoResults, body in raw/api/manifest.json); record RPTG_INSR_ID=32 PLANKEY_ID=1150466817 field AUTO_SAMPLE_RATE_AMT",Dallas 75216 (Dallas County),MERCURY COUNTY MUTUAL INSURANCE COMPANY,tx-creditGood,1082
tx-2025,TX,2025,https://www.helpinsure.com/auto.html,"raw/api/autoResults_75216_creditGood.json (POST https://www.helpinsure.com/api/autoResults, body in raw/api/manifest.json); record RPTG_INSR_ID=173 PLANKEY_ID=1151687649 field AUTO_SAMPLE_RATE_AMT",Dallas 75216 (Dallas County),ECONOMY FIRE & CASUALTY COMPANY,tx-creditGood,1127
tx-2025,TX,2025,https://www.helpinsure.com/auto.html,"raw/api/autoResults_75216_creditGood.json (POST https://www.helpinsure.com/api/autoResults, body in raw/api/manifest.json); record RPTG_INSR_ID=5 PLANKEY_ID=1152907833 field AUTO_SAMPLE_RATE_AMT",Dallas 75216 (Dallas County),ALLSTATE COUNTY MUTUAL INSURANCE COMPANY,tx-creditGood,1182
tx-2025,TX,2025,https://www.helpinsure.com/auto.html,"raw/api/autoResults_75216_creditGood.json (POST https://www.helpinsure.com/api/autoResults, body in raw/api/manifest.json); record RPTG_INSR_ID=1 PLANKEY_ID=1148300337 field AUTO_SAMPLE_RATE_AMT",Dallas 75216 (Dallas County),AUTO CLUB COUNTY MUTUAL INSURANCE COMPANY,tx-creditGood,1238
tx-2025,TX,2025,https://www.helpinsure.com/auto.html,"raw/api/autoResults_75216_creditGood.json (POST https://www.helpinsure.com/api/autoResults, body in raw/api/manifest.json); record RPTG_INSR_ID=48 PLANKEY_ID=1150061169 field AUTO_SAMPLE_RATE_AMT",Dallas 75216 (Dallas County),STATE FARM COUNTY MUTUAL INSURANCE COMPANY OF TEXAS,tx-creditGood,1268
tx-2025,TX,2025,https://www.helpinsure.com/auto.html,"raw/api/autoResults_75216_creditGood.json (POST https://www.helpinsure.com/api/autoResults, body in raw/api/manifest.json); record RPTG_INSR_ID=175 PLANKEY_ID=1163891001 field AUTO_SAMPLE_RATE_AMT",Dallas 75216 (Dallas County),FARMERS PROPERTY AND CASUALTY INSURANCE COMPANY,tx-creditGood,1379
tx-2025,TX,2025,https://www.helpinsure.com/auto.html,"raw/api/autoResults_75216_creditGood.json (POST https://www.helpinsure.com/api/autoResults, body in raw/api/manifest.json); record RPTG_INSR_ID=140 PLANKEY_ID=1152501537 field AUTO_SAMPLE_RATE_AMT",Dallas 75216 (Dallas County),FOREMOST COUNTY MUTUAL INSURANCE COMPANY,tx-creditGood,1401
tx-2025,TX,2025,https://www.helpinsure.com/auto.html,"raw/api/autoResults_75216_creditGood.json (POST https://www.helpinsure.com/api/autoResults, body in raw/api/manifest.json); record RPTG_INSR_ID=33 PLANKEY_ID=1158060945 field AUTO_SAMPLE_RATE_AMT",Dallas 75216 (Dallas County),FARMERS LLOYDS INSURANCE COMPANY OF TEXAS,tx-creditGood,1410
tx-2025,TX,2025,https://www.helpinsure.com/auto.html,"raw/api/autoResults_75216_creditGood.json (POST https://www.helpinsure.com/api/autoResults, body in raw/api/manifest.json); record RPTG_INSR_ID=104 PLANKEY_ID=1164697941 field AUTO_SAMPLE_RATE_AMT",Dallas 75216 (Dallas County),TEXAS AUTOMOBILE INSURANCE PLAN ASSOCIATION,tx-creditGood,1438
tx-2025,TX,2025,https://www.helpinsure.com/auto.html,"raw/api/autoResults_75216_creditGood.json (POST https://www.helpinsure.com/api/autoResults, body in raw/api/manifest.json); record RPTG_INSR_ID=219 PLANKEY_ID=1153714773 field AUTO_SAMPLE_RATE_AMT",Dallas 75216 (Dallas County),AMERICAN ACCESS CASUALTY COMPANY,tx-creditGood,1786
tx-2025,TX,2025,https://www.helpinsure.com/auto.html,"raw/api/autoResults_75216_creditGood.json (POST https://www.helpinsure.com/api/autoResults, body in raw/api/manifest.json); record RPTG_INSR_ID=142 PLANKEY_ID=1150884777 field AUTO_SAMPLE_RATE_AMT",Dallas 75216 (Dallas County),"COLONIAL COUNTY MUTUAL INSURANCE COMPANY / MGA: Titan Insurance Services, Inc.",tx-creditGood,1905
tx-2025,TX,2025,https://www.helpinsure.com/auto.html,"raw/api/autoResults_75216_creditGood.json (POST https://www.helpinsure.com/api/autoResults, body in raw/api/manifest.json); record RPTG_INSR_ID=215 PLANKEY_ID=1149512925 field AUTO_SAMPLE_RATE_AMT",Dallas 75216 (Dallas County),"MGA INSURANCE COMPANY, INC.",tx-creditGood,1960
tx-2025,TX,2025,https://www.helpinsure.com/auto.html,"raw/api/autoResults_75216_creditGood.json (POST https://www.helpinsure.com/api/autoResults, body in raw/api/manifest.json); record RPTG_INSR_ID=209 PLANKEY_ID=1158874833 field AUTO_SAMPLE_RATE_AMT",Dallas 75216 (Dallas County),AMERICAN FAMILY CONNECT PROPERTY AND CASUALTY INSURANCE COMPANY,tx-creditGood,1992
tx-2025,TX,2025,https://www.helpinsure.com/auto.html,"raw/api/autoResults_75216_creditGood.json (POST https://www.helpinsure.com/api/autoResults, body in raw/api/manifest.json); record RPTG_INSR_ID=155 PLANKEY_ID=1162672761 field AUTO_SAMPLE_RATE_AMT",Dallas 75216 (Dallas County),LIBERTY COUNTY MUTUAL INSURANCE COMPANY / MGA: Safeco General Agency (Safeco),tx-creditGood,2013
tx-2025,TX,2025,https://www.helpinsure.com/auto.html,"raw/api/autoResults_75216_creditGood.json (POST https://www.helpinsure.com/api/autoResults, body in raw/api/manifest.json); record RPTG_INSR_ID=123 PLANKEY_ID=1159281777 field AUTO_SAMPLE_RATE_AMT",Dallas 75216 (Dallas County),AMICA MUTUAL INSURANCE COMPANY,tx-creditGood,2100
tx-2025,TX,2025,https://www.helpinsure.com/auto.html,"raw/api/autoResults_75216_creditGood.json (POST https://www.helpinsure.com/api/autoResults, body in raw/api/manifest.json); record RPTG_INSR_ID=161 PLANKEY_ID=1147893393 field AUTO_SAMPLE_RATE_AMT",Dallas 75216 (Dallas County),AMICA PROPERTY AND CASUALTY INSURANCE COMPANY,tx-creditGood,2122
tx-2025,TX,2025,https://www.helpinsure.com/auto.html,"raw/api/autoResults_75216_creditGood.json (POST https://www.helpinsure.com/api/autoResults, body in raw/api/manifest.json); record RPTG_INSR_ID=205 PLANKEY_ID=1148707281 field AUTO_SAMPLE_RATE_AMT",Dallas 75216 (Dallas County),DAIRYLAND COUNTY MUTUAL INSURANCE COMPANY OF TEXAS,tx-creditGood,2776
tx-2025,TX,2025,https://www.helpinsure.com/auto.html,"raw/api/autoResults_75216_creditGood.json (POST https://www.helpinsure.com/api/autoResults, body in raw/api/manifest.json); record RPTG_INSR_ID=45 PLANKEY_ID=1159688721 field AUTO_SAMPLE_RATE_AMT",Dallas 75216 (Dallas County),"SENTINEL INSURANCE COMPANY, LTD.",tx-creditGood,2910
tx-2025,TX,2025,https://www.helpinsure.com/auto.html,"raw/api/autoResults_75216_creditGood.json (POST https://www.helpinsure.com/api/autoResults, body in raw/api/manifest.json); record RPTG_INSR_ID=212 PLANKEY_ID=1158467889 field AUTO_SAMPLE_RATE_AMT",Dallas 75216 (Dallas County),ENCOMPASS INDEPENDENT INSURANCE COMPANY,tx-creditGood,4255
tx-2025,TX,2025,https://www.helpinsure.com/auto.html,"raw/api/autoResults_75216_creditPoor.json (POST https://www.helpinsure.com/api/autoResults, body in raw/api/manifest.json); record RPTG_INSR_ID=21 PLANKEY_ID=1152094587 field AUTO_SAMPLE_RATE_AMT",Dallas 75216 (Dallas County),FARMERS TEXAS COUNTY MUTUAL INSURANCE COMPANY,tx-creditPoor,414
tx-2025,TX,2025,https://www.helpinsure.com/auto.html,"raw/api/autoResults_75216_creditPoor.json (POST https://www.helpinsure.com/api/autoResults, body in raw/api/manifest.json); record RPTG_INSR_ID=283 PLANKEY_ID=1161316491 field AUTO_SAMPLE_RATE_AMT",Dallas 75216 (Dallas County),GEICO TEXAS COUNTY MUTUAL INSURANCE COMPANY / MGA: Voyager Corporation,tx-creditPoor,639
tx-2025,TX,2025,https://www.helpinsure.com/auto.html,"raw/api/autoResults_75216_creditPoor.json (POST https://www.helpinsure.com/api/autoResults, body in raw/api/manifest.json); record RPTG_INSR_ID=282 PLANKEY_ID=1160095659 field AUTO_SAMPLE_RATE_AMT",Dallas 75216 (Dallas County),GEICO TEXAS COUNTY MUTUAL INSURANCE COMPANY / MGA: Horizon Corporation,tx-creditPoor,650
tx-2025,TX,2025,https://www.helpinsure.com/auto.html,"raw/api/autoResults_75216_creditPoor.json (POST https://www.helpinsure.com/api/autoResults, body in raw/api/manifest.json); record RPTG_INSR_ID=281 PLANKEY_ID=1160909547 field AUTO_SAMPLE_RATE_AMT",Dallas 75216 (Dallas County),GEICO TEXAS COUNTY MUTUAL INSURANCE COMPANY / MGA: Perspective Corporation,tx-creditPoor,661
tx-2025,TX,2025,https://www.helpinsure.com/auto.html,"raw/api/autoResults_75216_creditPoor.json (POST https://www.helpinsure.com/api/autoResults, body in raw/api/manifest.json); record RPTG_INSR_ID=118 PLANKEY_ID=1157653995 field AUTO_SAMPLE_RATE_AMT",Dallas 75216 (Dallas County),USAA GENERAL INDEMNITY COMPANY,tx-creditPoor,920
tx-2025,TX,2025,https://www.helpinsure.com/auto.html,"raw/api/autoResults_75216_creditPoor.json (POST https://www.helpinsure.com/api/autoResults, body in raw/api/manifest.json); record RPTG_INSR_ID=56 PLANKEY_ID=1156840107 field AUTO_SAMPLE_RATE_AMT",Dallas 75216 (Dallas County),UNITED SERVICES AUTOMOBILE ASSOCIATION,tx-creditPoor,984
tx-2025,TX,2025,https://www.helpinsure.com/auto.html,"raw/api/autoResults_75216_creditPoor.json (POST https://www.helpinsure.com/api/autoResults, body in raw/api/manifest.json); record RPTG_INSR_ID=102 PLANKEY_ID=1163485347 field AUTO_SAMPLE_RATE_AMT",Dallas 75216 (Dallas County),PROGRESSIVE COUNTY MUTUAL INSURANCE COMPANY / MGA: PROGRESSIVE COUNTY MUTUAL - DIRECT RATES,tx-creditPoor,1019
tx-2025,TX,2025,https://www.helpinsure.com/auto.html,"raw/api/autoResults_75216_creditPoor.json (POST https://www.helpinsure.com/api/autoResults, body in raw/api/manifest.json); record RPTG_INSR_ID=119 PLANKEY_ID=1157247051 field AUTO_SAMPLE_RATE_AMT",Dallas 75216 (Dallas County),USAA CASUALTY INSURANCE COMPANY,tx-creditPoor,1074
tx-2025,TX,2025,https://www.helpinsure.com/auto.html,"raw/api/autoResults_75216_creditPoor.json (POST https://www.helpinsure.com/api/autoResults, body in raw/api/manifest.json); record RPTG_INSR_ID=41 PLANKEY_ID=1163079699 field AUTO_SAMPLE_RATE_AMT",Dallas 75216 (Dallas County),PROGRESSIVE COUNTY MUTUAL INSURANCE COMPANY,tx-creditPoor,1075
tx-2025,TX,2025,https://www.helpinsure.com/auto.html,"raw/api/autoResults_75216_creditPoor.json (POST https://www.helpinsure.com/api/autoResults, body in raw/api/manifest.json); record RPTG_INSR_ID=138 PLANKEY_ID=1153314771 field AUTO_SAMPLE_RATE_AMT",Dallas 75216 (Dallas County),INFINITY COUNTY MUTUAL INSURANCE COMPANY,tx-creditPoor,1110
tx-2025,TX,2025,https://www.helpinsure.com/auto.html,"raw/api/autoResults_75216_creditPoor.json (POST https://www.helpinsure.com/api/autoResults, body in raw/api/manifest.json); record RPTG_INSR_ID=246 PLANKEY_ID=1162265811 field AUTO_SAMPLE_RATE_AMT",Dallas 75216 (Dallas County),GEICO TEXAS COUNTY MUTUAL INSURANCE COMPANY / MGA: Endeavor Corporation,tx-creditPoor,1124
tx-2025,TX,2025,https://www.helpinsure.com/auto.html,"raw/api/autoResults_75216_creditPoor.json (POST https://www.helpinsure.com/api/autoResults, body in raw/api/manifest.json); record RPTG_INSR_ID=112 PLANKEY_ID=1156027515 field AUTO_SAMPLE_RATE_AMT",Dallas 75216 (Dallas County),GARRISON PROPERTY AND CASUALTY INSURANCE COMPANY,tx-creditPoor,1200
tx-2025,TX,2025,https://www.helpinsure.com/auto.html,"raw/api/autoResults_75216_creditPoor.json (POST https://www.helpinsure.com/api/autoResults, body in raw/api/manifest.json); record RPTG_INSR_ID=5 PLANKEY_ID=1152907827 field AUTO_SAMPLE_RATE_AMT",Dallas 75216 (Dallas County),ALLSTATE COUNTY MUTUAL INSURANCE COMPANY,tx-creditPoor,1295
tx-2025,TX,2025,https://www.helpinsure.com/auto.html,"raw/api/autoResults_75216_creditPoor.json (POST https://www.helpinsure.com/api/autoResults, body in raw/api/manifest.json); record RPTG_INSR_ID=238 PLANKEY_ID=1164297939 field AUTO_SAMPLE_RATE_AMT",Dallas 75216 (Dallas County),MID-CENTURY INSURANCE COMPANY OF TEXAS,tx-creditPoor,1367
tx-2025,TX,2025,https://www.helpinsure.com/auto.html,"raw/api/autoResults_75216_creditPoor.json (POST https://www.helpinsure.com/api/autoResults, body in raw/api/manifest.json); record RPTG_INSR_ID=6 PLANKEY_ID=1164840531 field AUTO_SAMPLE_RATE_AMT",Dallas 75216 (Dallas County),ALLSTATE FIRE AND CASUALTY INSURANCE COMPANY,tx-creditPoor,1435
tx-2025,TX,2025,https://www.helpinsure.com/auto.html,"raw/api/autoResults_75216_creditPoor.json (POST https://www.helpinsure.com/api/autoResults, body in raw/api/manifest.json); record RPTG_INSR_ID=104 PLANKEY_ID=1164697935 field AUTO_SAMPLE_RATE_AMT",Dallas 75216 (Dallas County),TEXAS AUTOMOBILE INSURANCE PLAN ASSOCIATION,tx-creditPoor,1438
tx-2025,TX,2025,https://www.helpinsure.com/auto.html,"raw/api/autoResults_75216_creditPoor.json (POST https://www.helpinsure.com/api/autoResults, body in raw/api/manifest.json); record RPTG_INSR_ID=32 PLANKEY_ID=1150466811 field AUTO_SAMPLE_RATE_AMT",Dallas 75216 (Dallas County),MERCURY COUNTY MUTUAL INSURANCE COMPANY,tx-creditPoor,1526
tx-2025,TX,2025,https://www.helpinsure.com/auto.html,"raw/api/autoResults_75216_creditPoor.json (POST https://www.helpinsure.com/api/autoResults, body in raw/api/manifest.json); record RPTG_INSR_ID=50 PLANKEY_ID=1149655515 field AUTO_SAMPLE_RATE_AMT",Dallas 75216 (Dallas County),STATE FARM MUTUAL AUTOMOBILE INSURANCE COMPANY,tx-creditPoor,1552
tx-2025,TX,2025,https://www.helpinsure.com/auto.html,"raw/api/autoResults_75216_creditPoor.json (POST https://www.helpinsure.com/api/autoResults, body in raw/api/manifest.json); record RPTG_INSR_ID=16 PLANKEY_ID=1151280699 field AUTO_SAMPLE_RATE_AMT",Dallas 75216 (Dallas County),CONSUMERS COUNTY MUTUAL INSURANCE COMPANY / MGA: Travelers Quantum Auto 2.0 Program,tx-creditPoor,1575
tx-2025,TX,2025,https://www.helpinsure.com/auto.html,"raw/api/autoResults_75216_creditPoor.json (POST https://www.helpinsure.com/api/autoResults, body in raw/api/manifest.json); record RPTG_INSR_ID=124 PLANKEY_ID=1165247475 field AUTO_SAMPLE_RATE_AMT",Dallas 75216 (Dallas County),CONSUMERS COUNTY MUTUAL INSURANCE COMPANY,tx-creditPoor,1575
tx-2025,TX,2025,https://www.helpinsure.com/auto.html,"raw/api/autoResults_75216_creditPoor.json (POST https://www.helpinsure.com/api/autoResults, body in raw/api/manifest.json); record RPTG_INSR_ID=1 PLANKEY_ID=1148300331 field AUTO_SAMPLE_RATE_AMT",Dallas 75216 (Dallas County),AUTO CLUB COUNTY MUTUAL INSURANCE COMPANY,tx-creditPoor,1663
tx-2025,TX,2025,https://www.helpinsure.com/auto.html,"raw/api/autoResults_75216_creditPoor.json (POST https://www.helpinsure.com/api/autoResults, body in raw/api/manifest.json); record RPTG_INSR_ID=140 PLANKEY_ID=1152501531 field AUTO_SAMPLE_RATE_AMT",Dallas 75216 (Dallas County),FOREMOST COUNTY MUTUAL INSURANCE COMPANY,tx-creditPoor,1755
tx-2025,TX,2025,https://www.helpinsure.com/auto.html,"raw/api/autoResults_75216_creditPoor.json (POST https://www.helpinsure.com/api/autoResults, body in raw/api/manifest.json); record RPTG_INSR_ID=219 PLANKEY_ID=1153714767 field AUTO_SAMPLE_RATE_AMT",Dallas 75216 (Dallas County),AMERICAN ACCESS CASUALTY COMPANY,tx-creditPoor,1786
tx-2025,TX,2025,https://www.helpinsure.com/auto.html,"raw/api/autoResults_75216_creditPoor.json (POST https://www.helpinsure.com/api/autoResults, body in raw/api/manifest.json); record RPTG_INSR_ID=48 PLANKEY_ID=1150061163 field AUTO_SAMPLE_RATE_AMT",Dallas 75216 (Dallas County),STATE FARM COUNTY MUTUAL INSURANCE COMPANY OF TEXAS,tx-creditPoor,1927
tx-2025,TX,2025,https://www.helpinsure.com/auto.html,"raw/api/autoResults_75216_creditPoor.json (POST https://www.helpinsure.com/api/autoResults, body in raw/api/manifest.json); record RPTG_INSR_ID=173 PLANKEY_ID=1151687643 field AUTO_SAMPLE_RATE_AMT",Dallas 75216 (Dallas County),ECONOMY FIRE & CASUALTY COMPANY,tx-creditPoor,2200
tx-2025,TX,2025,https://www.helpinsure.com/auto.html,"raw/api/autoResults_75216_creditPoor.json (POST https://www.helpinsure.com/api/autoResults, body in raw/api/manifest.json); record RPTG_INSR_ID=215 PLANKEY_ID=1149512919 field AUTO_SAMPLE_RATE_AMT",Dallas 75216 (Dallas County),"MGA INSURANCE COMPANY, INC.",tx-creditPoor,2444
tx-2025,TX,2025,https://www.helpinsure.com/auto.html,"raw/api/autoResults_75216_creditPoor.json (POST https://www.helpinsure.com/api/autoResults, body in raw/api/manifest.json); record RPTG_INSR_ID=209 PLANKEY_ID=1158874827 field AUTO_SAMPLE_RATE_AMT",Dallas 75216 (Dallas County),AMERICAN FAMILY CONNECT PROPERTY AND CASUALTY INSURANCE COMPANY,tx-creditPoor,2596
tx-2025,TX,2025,https://www.helpinsure.com/auto.html,"raw/api/autoResults_75216_creditPoor.json (POST https://www.helpinsure.com/api/autoResults, body in raw/api/manifest.json); record RPTG_INSR_ID=142 PLANKEY_ID=1150884771 field AUTO_SAMPLE_RATE_AMT",Dallas 75216 (Dallas County),"COLONIAL COUNTY MUTUAL INSURANCE COMPANY / MGA: Titan Insurance Services, Inc.",tx-creditPoor,2746
tx-2025,TX,2025,https://www.helpinsure.com/auto.html,"raw/api/autoResults_75216_creditPoor.json (POST https://www.helpinsure.com/api/autoResults, body in raw/api/manifest.json); record RPTG_INSR_ID=175 PLANKEY_ID=1163890995 field AUTO_SAMPLE_RATE_AMT",Dallas 75216 (Dallas County),FARMERS PROPERTY AND CASUALTY INSURANCE COMPANY,tx-creditPoor,2825
tx-2025,TX,2025,https://www.helpinsure.com/auto.html,"raw/api/autoResults_75216_creditPoor.json (POST https://www.helpinsure.com/api/autoResults, body in raw/api/manifest.json); record RPTG_INSR_ID=33 PLANKEY_ID=1158060939 field AUTO_SAMPLE_RATE_AMT",Dallas 75216 (Dallas County),FARMERS LLOYDS INSURANCE COMPANY OF TEXAS,tx-creditPoor,3162
tx-2025,TX,2025,https://www.helpinsure.com/auto.html,"raw/api/autoResults_75216_creditPoor.json (POST https://www.helpinsure.com/api/autoResults, body in raw/api/manifest.json); record RPTG_INSR_ID=205 PLANKEY_ID=1148707275 field AUTO_SAMPLE_RATE_AMT",Dallas 75216 (Dallas County),DAIRYLAND COUNTY MUTUAL INSURANCE COMPANY OF TEXAS,tx-creditPoor,3427
tx-2025,TX,2025,https://www.helpinsure.com/auto.html,"raw/api/autoResults_75216_creditPoor.json (POST https://www.helpinsure.com/api/autoResults, body in raw/api/manifest.json); record RPTG_INSR_ID=155 PLANKEY_ID=1162672755 field AUTO_SAMPLE_RATE_AMT",Dallas 75216 (Dallas County),LIBERTY COUNTY MUTUAL INSURANCE COMPANY / MGA: Safeco General Agency (Safeco),tx-creditPoor,3541
tx-2025,TX,2025,https://www.helpinsure.com/auto.html,"raw/api/autoResults_75216_creditPoor.json (POST https://www.helpinsure.com/api/autoResults, body in raw/api/manifest.json); record RPTG_INSR_ID=212 PLANKEY_ID=1158467883 field AUTO_SAMPLE_RATE_AMT",Dallas 75216 (Dallas County),ENCOMPASS INDEPENDENT INSURANCE COMPANY,tx-creditPoor,4255
tx-2025,TX,2025,https://www.helpinsure.com/auto.html,"raw/api/autoResults_75216_creditPoor.json (POST https://www.helpinsure.com/api/autoResults, body in raw/api/manifest.json); record RPTG_INSR_ID=123 PLANKEY_ID=1159281771 field AUTO_SAMPLE_RATE_AMT",Dallas 75216 (Dallas County),AMICA MUTUAL INSURANCE COMPANY,tx-creditPoor,5411
tx-2025,TX,2025,https://www.helpinsure.com/auto.html,"raw/api/autoResults_75216_creditPoor.json (POST https://www.helpinsure.com/api/autoResults, body in raw/api/manifest.json); record RPTG_INSR_ID=161 PLANKEY_ID=1147893387 field AUTO_SAMPLE_RATE_AMT",Dallas 75216 (Dallas County),AMICA PROPERTY AND CASUALTY INSURANCE COMPANY,tx-creditPoor,5515
tx-2025,TX,2025,https://www.helpinsure.com/auto.html,"raw/api/autoResults_75216_creditPoor.json (POST https://www.helpinsure.com/api/autoResults, body in raw/api/manifest.json); record RPTG_INSR_ID=45 PLANKEY_ID=1159688715 field AUTO_SAMPLE_RATE_AMT",Dallas 75216 (Dallas County),"SENTINEL INSURANCE COMPANY, LTD.",tx-creditPoor,8100
tx-2025,TX,2025,https://www.helpinsure.com/auto.html,"raw/api/autoResults_75216_female.json (POST https://www.helpinsure.com/api/autoResults, body in raw/api/manifest.json); record RPTG_INSR_ID=283 PLANKEY_ID=1161316656 field AUTO_SAMPLE_RATE_AMT",Dallas 75216 (Dallas County),GEICO TEXAS COUNTY MUTUAL INSURANCE COMPANY / MGA: Voyager Corporation,tx-female,495
tx-2025,TX,2025,https://www.helpinsure.com/auto.html,"raw/api/autoResults_75216_female.json (POST https://www.helpinsure.com/api/autoResults, body in raw/api/manifest.json); record RPTG_INSR_ID=282 PLANKEY_ID=1160095824 field AUTO_SAMPLE_RATE_AMT",Dallas 75216 (Dallas County),GEICO TEXAS COUNTY MUTUAL INSURANCE COMPANY / MGA: Horizon Corporation,tx-female,502
tx-2025,TX,2025,https://www.helpinsure.com/auto.html,"raw/api/autoResults_75216_female.json (POST https://www.helpinsure.com/api/autoResults, body in raw/api/manifest.json); record RPTG_INSR_ID=281 PLANKEY_ID=1160909712 field AUTO_SAMPLE_RATE_AMT",Dallas 75216 (Dallas County),GEICO TEXAS COUNTY MUTUAL INSURANCE COMPANY / MGA: Perspective Corporation,tx-female,516
tx-2025,TX,2025,https://www.helpinsure.com/auto.html,"raw/api/autoResults_75216_female.json (POST https://www.helpinsure.com/api/autoResults, body in raw/api/manifest.json); record RPTG_INSR_ID=21 PLANKEY_ID=1152094752 field AUTO_SAMPLE_RATE_AMT",Dallas 75216 (Dallas County),FARMERS TEXAS COUNTY MUTUAL INSURANCE COMPANY,tx-female,518
tx-2025,TX,2025,https://www.helpinsure.com/auto.html,"raw/api/autoResults_75216_female.json (POST https://www.helpinsure.com/api/autoResults, body in raw/api/manifest.json); record RPTG_INSR_ID=56 PLANKEY_ID=1156840272 field AUTO_SAMPLE_RATE_AMT",Dallas 75216 (Dallas County),UNITED SERVICES AUTOMOBILE ASSOCIATION,tx-female,764
tx-2025,TX,2025,https://www.helpinsure.com/auto.html,"raw/api/autoResults_75216_female.json (POST https://www.helpinsure.com/api/autoResults, body in raw/api/manifest.json); record RPTG_INSR_ID=119 PLANKEY_ID=1157247216 field AUTO_SAMPLE_RATE_AMT",Dallas 75216 (Dallas County),USAA CASUALTY INSURANCE COMPANY,tx-female,814
tx-2025,TX,2025,https://www.helpinsure.com/auto.html,"raw/api/autoResults_75216_female.json (POST https://www.helpinsure.com/api/autoResults, body in raw/api/manifest.json); record RPTG_INSR_ID=246 PLANKEY_ID=1162265976 field AUTO_SAMPLE_RATE_AMT",Dallas 75216 (Dallas County),GEICO TEXAS COUNTY MUTUAL INSURANCE COMPANY / MGA: Endeavor Corporation,tx-female,848
tx-2025,TX,2025,https://www.helpinsure.com/auto.html,"raw/api/autoResults_75216_female.json (POST https://www.helpinsure.com/api/autoResults, body in raw/api/manifest.json); record RPTG_INSR_ID=102 PLANKEY_ID=1163485512 field AUTO_SAMPLE_RATE_AMT",Dallas 75216 (Dallas County),PROGRESSIVE COUNTY MUTUAL INSURANCE COMPANY / MGA: PROGRESSIVE COUNTY MUTUAL - DIRECT RATES,tx-female,874
tx-2025,TX,2025,https://www.helpinsure.com/auto.html,"raw/api/autoResults_75216_female.json (POST https://www.helpinsure.com/api/autoResults, body in raw/api/manifest.json); record RPTG_INSR_ID=41 PLANKEY_ID=1163079864 field AUTO_SAMPLE_RATE_AMT",Dallas 75216 (Dallas County),PROGRESSIVE COUNTY MUTUAL INSURANCE COMPANY,tx-female,882
tx-2025,TX,2025,https://www.helpinsure.com/auto.html,"raw/api/autoResults_75216_female.json (POST https://www.helpinsure.com/api/autoResults, body in raw/api/manifest.json); record RPTG_INSR_ID=118 PLANKEY_ID=1157654160 field AUTO_SAMPLE_RATE_AMT",Dallas 75216 (Dallas County),USAA GENERAL INDEMNITY COMPANY,tx-female,897
tx-2025,TX,2025,https://www.helpinsure.com/auto.html,"raw/api/autoResults_75216_female.json (POST https://www.helpinsure.com/api/autoResults, body in raw/api/manifest.json); record RPTG_INSR_ID=138 PLANKEY_ID=1153314936 field AUTO_SAMPLE_RATE_AMT",Dallas 75216 (Dallas County),INFINITY COUNTY MUTUAL INSURANCE COMPANY,tx-female,922
tx-2025,TX,2025,https://www.helpinsure.com/auto.html,"raw/api/autoResults_75216_female.json (POST https://www.helpinsure.com/api/autoResults, body in raw/api/manifest.json); record RPTG_INSR_ID=112 PLANKEY_ID=1156027680 field AUTO_SAMPLE_RATE_AMT",Dallas 75216 (Dallas County),GARRISON PROPERTY AND CASUALTY INSURANCE COMPANY,tx-female,945
tx-2025,TX,2025,https://www.helpinsure.com/auto.html,"raw/api/autoResults_75216_female.json (POST https://www.helpinsure.com/api/autoResults, body in raw/api/manifest.json); record RPTG_INSR_ID=5 PLANKEY_ID=1152907992 field AUTO_SAMPLE_RATE_AMT",Dallas 75216 (Dallas County),ALLSTATE COUNTY MUTUAL INSURANCE COMPANY,tx-female,1193
tx-2025,TX,2025,https://www.helpinsure.com/auto.html,"raw/api/autoResults_75216_female.json (POST https://www.helpinsure.com/api/autoResults, body in raw/api/manifest.json); record RPTG_INSR_ID=6 PLANKEY_ID=1164840696 field AUTO_SAMPLE_RATE_AMT",Dallas 75216 (Dallas County),ALLSTATE FIRE AND CASUALTY INSURANCE COMPANY,tx-female,1202
tx-2025,TX,2025,https://www.helpinsure.com/auto.html,"raw/api/autoResults_75216_female.json (POST https://www.helpinsure.com/api/autoResults, body in raw/api/manifest.json); record RPTG_INSR_ID=238 PLANKEY_ID=1164298104 field AUTO_SAMPLE_RATE_AMT",Dallas 75216 (Dallas County),MID-CENTURY INSURANCE COMPANY OF TEXAS,tx-female,1218
tx-2025,TX,2025,https://www.helpinsure.com/auto.html,"raw/api/autoResults_75216_female.json (POST https://www.helpinsure.com/api/autoResults, body in raw/api/manifest.json); record RPTG_INSR_ID=50 PLANKEY_ID=1149655680 field AUTO_SAMPLE_RATE_AMT",Dallas 75216 (Dallas County),STATE FARM MUTUAL AUTOMOBILE INSURANCE COMPANY,tx-female,1234
tx-2025,TX,2025,https://www.helpinsure.com/auto.html,"raw/api/autoResults_75216_female.json (POST https://www.helpinsure.com/api/autoResults, body in raw/api/manifest.json); record RPTG_INSR_ID=16 PLANKEY_ID=1151280864 field AUTO_SAMPLE_RATE_AMT",Dallas 75216 (Dallas County),CONSUMERS COUNTY MUTUAL INSURANCE COMPANY / MGA: Travelers Quantum Auto 2.0 Program,tx-female,1240
tx-2025,TX,2025,https://www.helpinsure.com/auto.html,"raw/api/autoResults_75216_female.json (POST https://www.helpinsure.com/api/autoResults, body in raw/api/manifest.json); record RPTG_INSR_ID=124 PLANKEY_ID=1165247640 field AUTO_SAMPLE_RATE_AMT",Dallas 75216 (Dallas County),CONSUMERS COUNTY MUTUAL INSURANCE COMPANY,tx-female,1240
tx-2025,TX,2025,https://www.helpinsure.com/auto.html,"raw/api/autoResults_75216_female.json (POST https://www.helpinsure.com/api/autoResults, body in raw/api/manifest.json); record RPTG_INSR_ID=32 PLANKEY_ID=1150466976 field AUTO_SAMPLE_RATE_AMT",Dallas 75216 (Dallas County),MERCURY COUNTY MUTUAL INSURANCE COMPANY,tx-female,1393
tx-2025,TX,2025,https://www.helpinsure.com/auto.html,"raw/api/autoResults_75216_female.json (POST https://www.helpinsure.com/api/autoResults, body in raw/api/manifest.json); record RPTG_INSR_ID=1 PLANKEY_ID=1148300496 field AUTO_SAMPLE_RATE_AMT",Dallas 75216 (Dallas County),AUTO CLUB COUNTY MUTUAL INSURANCE COMPANY,tx-female,1408
tx-2025,TX,2025,https://www.helpinsure.com/auto.html,"raw/api/autoResults_75216_female.json (POST https://www.helpinsure.com/api/autoResults, body in raw/api/manifest.json); record RPTG_INSR_ID=173 PLANKEY_ID=1151687808 field AUTO_SAMPLE_RATE_AMT",Dallas 75216 (Dallas County),ECONOMY FIRE & CASUALTY COMPANY,tx-female,1413
tx-2025,TX,2025,https://www.helpinsure.com/auto.html,"raw/api/autoResults_75216_female.json (POST https://www.helpinsure.com/api/autoResults, body in raw/api/manifest.json); record RPTG_INSR_ID=104 PLANKEY_ID=1164697992 field AUTO_SAMPLE_RATE_AMT",Dallas 75216 (Dallas County),TEXAS AUTOMOBILE INSURANCE PLAN ASSOCIATION,tx-female,1438
tx-2025,TX,2025,https://www.helpinsure.com/auto.html,"raw/api/autoResults_75216_female.json (POST https://www.helpinsure.com/api/autoResults, body in raw/api/manifest.json); record RPTG_INSR_ID=175 PLANKEY_ID=1163891160 field AUTO_SAMPLE_RATE_AMT",Dallas 75216 (Dallas County),FARMERS PROPERTY AND CASUALTY INSURANCE COMPANY,tx-female,1523
tx-2025,TX,2025,https://www.helpinsure.com/auto.html,"raw/api/autoResults_75216_female.json (POST https://www.helpinsure.com/api/autoResults, body in raw/api/manifest.json); record RPTG_INSR_ID=33 PLANKEY_ID=1158061104 field AUTO_SAMPLE_RATE_AMT",Dallas 75216 (Dallas County),FARMERS LLOYDS INSURANCE COMPANY OF TEXAS,tx-female,1524
tx-2025,TX,2025,https://www.helpinsure.com/auto.html,"raw/api/autoResults_75216_female.json (POST https://www.helpinsure.com/api/autoResults, body in raw/api/manifest.json); record RPTG_INSR_ID=48 PLANKEY_ID=1150061328 field AUTO_SAMPLE_RATE_AMT",Dallas 75216 (Dallas County),STATE FARM COUNTY MUTUAL INSURANCE COMPANY OF TEXAS,tx-female,1547
tx-2025,TX,2025,https://www.helpinsure.com/auto.html,"raw/api/autoResults_75216_female.json (POST https://www.helpinsure.com/api/autoResults, body in raw/api/manifest.json); record RPTG_INSR_ID=219 PLANKEY_ID=1153714824 field AUTO_SAMPLE_RATE_AMT",Dallas 75216 (Dallas County),AMERICAN ACCESS CASUALTY COMPANY,tx-female,1822
tx-2025,TX,2025,https://www.helpinsure.com/auto.html,"raw/api/autoResults_75216_female.json (POST https://www.helpinsure.com/api/autoResults, body in raw/api/manifest.json); record RPTG_INSR_ID=140 PLANKEY_ID=1152501696 field AUTO_SAMPLE_RATE_AMT",Dallas 75216 (Dallas County),FOREMOST COUNTY MUTUAL INSURANCE COMPANY,tx-female,1888
tx-2025,TX,2025,https://www.helpinsure.com/auto.html,"raw/api/autoResults_75216_female.json (POST https://www.helpinsure.com/api/autoResults, body in raw/api/manifest.json); record RPTG_INSR_ID=209 PLANKEY_ID=1158874992 field AUTO_SAMPLE_RATE_AMT",Dallas 75216 (Dallas County),AMERICAN FAMILY CONNECT PROPERTY AND CASUALTY INSURANCE COMPANY,tx-female,2272
tx-2025,TX,2025,https://www.helpinsure.com/auto.html,"raw/api/autoResults_75216_female.json (POST https://www.helpinsure.com/api/autoResults, body in raw/api/manifest.json); record RPTG_INSR_ID=142 PLANKEY_ID=1150884288 field AUTO_SAMPLE_RATE_AMT",Dallas 75216 (Dallas County),"COLONIAL COUNTY MUTUAL INSURANCE COMPANY / MGA: Titan Insurance Services, Inc.",tx-female,2274
tx-2025,TX,2025,https://www.helpinsure.com/auto.html,"raw/api/autoResults_75216_female.json (POST https://www.helpinsure.com/api/autoResults, body in raw/api/manifest.json); record RPTG_INSR_ID=215 PLANKEY_ID=1149512976 field AUTO_SAMPLE_RATE_AMT",Dallas 75216 (Dallas County),"MGA INSURANCE COMPANY, INC.",tx-female,2336
tx-2025,TX,2025,https://www.helpinsure.com/auto.html,"raw/api/autoResults_75216_female.json (POST https://www.helpinsure.com/api/autoResults, body in raw/api/manifest.json); record RPTG_INSR_ID=155 PLANKEY_ID=1162672920 field AUTO_SAMPLE_RATE_AMT",Dallas 75216 (Dallas County),LIBERTY COUNTY MUTUAL INSURANCE COMPANY / MGA: Safeco General Agency (Safeco),tx-female,2728
tx-2025,TX,2025,https://www.helpinsure.com/auto.html,"raw/api/autoResults_75216_female.json (POST https://www.helpinsure.com/api/autoResults, body in raw/api/manifest.json); record RPTG_INSR_ID=123 PLANKEY_ID=1159281936 field AUTO_SAMPLE_RATE_AMT",Dallas 75216 (Dallas County),AMICA MUTUAL INSURANCE COMPANY,tx-female,2955
tx-2025,TX,2025,https://www.helpinsure.com/auto.html,"raw/api/autoResults_75216_female.json (POST https://www.helpinsure.com/api/autoResults, body in raw/api/manifest.json); record RPTG_INSR_ID=205 PLANKEY_ID=1148707440 field AUTO_SAMPLE_RATE_AMT",Dallas 75216 (Dallas County),DAIRYLAND COUNTY MUTUAL INSURANCE COMPANY OF TEXAS,tx-female,2999
tx-2025,TX,2025,https://www.helpinsure.com/auto.html,"raw/api/autoResults_75216_female.json (POST https://www.helpinsure.com/api/autoResults, body in raw/api/manifest.json); record RPTG_INSR_ID=161 PLANKEY_ID=1147893552 field AUTO_SAMPLE_RATE_AMT",Dallas 75216 (Dallas County),AMICA PROPERTY AND CASUALTY INSURANCE COMPANY,tx-female,3178
tx-2025,TX,2025,https://www.helpinsure.com/auto.html,"raw/api/autoResults_75216_female.json (POST https://www.helpinsure.com/api/autoResults, body in raw/api/manifest.json); record RPTG_INSR_ID=45 PLANKEY_ID=1159688880 field AUTO_SAMPLE_RATE_AMT",Dallas 75216 (Dallas County),"SENTINEL INSURANCE COMPANY, LTD.",tx-female,3976
tx-2025,TX,2025,https://www.helpinsure.com/auto.html,"raw/api/autoResults_75216_female.json (POST https://www.helpinsure.com/api/autoResults, body in raw/api/manifest.json); record RPTG_INSR_ID=212 PLANKEY_ID=1158468048 field AUTO_SAMPLE_RATE_AMT",Dallas 75216 (Dallas County),ENCOMPASS INDEPENDENT INSURANCE COMPANY,tx-female,4068
tx-2025,TX,2025,https://www.helpinsure.com/auto.html,"raw/api/autoResults_75216_limits100.json (POST https://www.helpinsure.com/api/autoResults, body in raw/api/manifest.json); record RPTG_INSR_ID=21 PLANKEY_ID=1152094626 field AUTO_SAMPLE_RATE_AMT",Dallas 75216 (Dallas County),FARMERS TEXAS COUNTY MUTUAL INSURANCE COMPANY,tx-limits100,656
tx-2025,TX,2025,https://www.helpinsure.com/auto.html,"raw/api/autoResults_75216_limits100.json (POST https://www.helpinsure.com/api/autoResults, body in raw/api/manifest.json); record RPTG_INSR_ID=283 PLANKEY_ID=1161316530 field AUTO_SAMPLE_RATE_AMT",Dallas 75216 (Dallas County),GEICO TEXAS COUNTY MUTUAL INSURANCE COMPANY / MGA: Voyager Corporation,tx-limits100,825
tx-2025,TX,2025,https://www.helpinsure.com/auto.html,"raw/api/autoResults_75216_limits100.json (POST https://www.helpinsure.com/api/autoResults, body in raw/api/manifest.json); record RPTG_INSR_ID=282 PLANKEY_ID=1160095698 field AUTO_SAMPLE_RATE_AMT",Dallas 75216 (Dallas County),GEICO TEXAS COUNTY MUTUAL INSURANCE COMPANY / MGA: Horizon Corporation,tx-limits100,846
tx-2025,TX,2025,https://www.helpinsure.com/auto.html,"raw/api/autoResults_75216_limits100.json (POST https://www.helpinsure.com/api/autoResults, body in raw/api/manifest.json); record RPTG_INSR_ID=56 PLANKEY_ID=1156840146 field AUTO_SAMPLE_RATE_AMT",Dallas 75216 (Dallas County),UNITED SERVICES AUTOMOBILE ASSOCIATION,tx-limits100,847
tx-2025,TX,2025,https://www.helpinsure.com/auto.html,"raw/api/autoResults_75216_limits100.json (POST https://www.helpinsure.com/api/autoResults, body in raw/api/manifest.json); record RPTG_INSR_ID=119 PLANKEY_ID=1157247090 field AUTO_SAMPLE_RATE_AMT",Dallas 75216 (Dallas County),USAA CASUALTY INSURANCE COMPANY,tx-limits100,902
tx-2025,TX,2025,https://www.helpinsure.com/auto.html,"raw/api/autoResults_75216_limits100.json (POST https://www.helpinsure.com/api/autoResults, body in raw/api/manifest.json); record RPTG_INSR_ID=281 PLANKEY_ID=1160909586 field AUTO_SAMPLE_RATE_AMT",Dallas 75216 (Dallas County),GEICO TEXAS COUNTY MUTUAL INSURANCE COMPANY / MGA: Perspective Corporation,tx-limits100,910
tx-2025,TX,2025,https://www.helpinsure.com/auto.html,"raw/api/autoResults_75216_limits100.json (POST https://www.helpinsure.com/api/autoResults, body in raw/api/manifest.json); record RPTG_INSR_ID=118 PLANKEY_ID=1157654034 field AUTO_SAMPLE_RATE_AMT",Dallas 75216 (Dallas County),USAA GENERAL INDEMNITY COMPANY,tx-limits100,992
tx-2025,TX,2025,https://www.helpinsure.com/auto.html,"raw/api/autoResults_75216_limits100.json (POST https://www.helpinsure.com/api/autoResults, body in raw/api/manifest.json); record RPTG_INSR_ID=41 PLANKEY_ID=1163079738 field AUTO_SAMPLE_RATE_AMT",Dallas 75216 (Dallas County),PROGRESSIVE COUNTY MUTUAL INSURANCE COMPANY,tx-limits100,996
tx-2025,TX,2025,https://www.helpinsure.com/auto.html,"raw/api/autoResults_75216_limits100.json (POST https://www.helpinsure.com/api/autoResults, body in raw/api/manifest.json); record RPTG_INSR_ID=102 PLANKEY_ID=1163485386 field AUTO_SAMPLE_RATE_AMT",Dallas 75216 (Dallas County),PROGRESSIVE COUNTY MUTUAL INSURANCE COMPANY / MGA: PROGRESSIVE COUNTY MUTUAL - DIRECT RATES,tx-limits100,998
tx-2025,TX,2025,https://www.helpinsure.com/auto.html,"raw/api/autoResults_75216_limits100.json (POST https://www.helpinsure.com/api/autoResults, body in raw/api/manifest.json); record RPTG_INSR_ID=112 PLANKEY_ID=1156027554 field AUTO_SAMPLE_RATE_AMT",Dallas 75216 (Dallas County),GARRISON PROPERTY AND CASUALTY INSURANCE COMPANY,tx-limits100,1064
tx-2025,TX,2025,https://www.helpinsure.com/auto.html,"raw/api/autoResults_75216_limits100.json (POST https://www.helpinsure.com/api/autoResults, body in raw/api/manifest.json); record RPTG_INSR_ID=246 PLANKEY_ID=1162265850 field AUTO_SAMPLE_RATE_AMT",Dallas 75216 (Dallas County),GEICO TEXAS COUNTY MUTUAL INSURANCE COMPANY / MGA: Endeavor Corporation,tx-limits100,1115
tx-2025,TX,2025,https://www.helpinsure.com/auto.html,"raw/api/autoResults_75216_limits100.json (POST https://www.helpinsure.com/api/autoResults, body in raw/api/manifest.json); record RPTG_INSR_ID=32 PLANKEY_ID=1150466850 field AUTO_SAMPLE_RATE_AMT",Dallas 75216 (Dallas County),MERCURY COUNTY MUTUAL INSURANCE COMPANY,tx-limits100,1253
tx-2025,TX,2025,https://www.helpinsure.com/auto.html,"raw/api/autoResults_75216_limits100.json (POST https://www.helpinsure.com/api/autoResults, body in raw/api/manifest.json); record RPTG_INSR_ID=6 PLANKEY_ID=1164840570 field AUTO_SAMPLE_RATE_AMT",Dallas 75216 (Dallas County),ALLSTATE FIRE AND CASUALTY INSURANCE COMPANY,tx-limits100,1390
tx-2025,TX,2025,https://www.helpinsure.com/auto.html,"raw/api/autoResults_75216_limits100.json (POST https://www.helpinsure.com/api/autoResults, body in raw/api/manifest.json); record RPTG_INSR_ID=16 PLANKEY_ID=1151280738 field AUTO_SAMPLE_RATE_AMT",Dallas 75216 (Dallas County),CONSUMERS COUNTY MUTUAL INSURANCE COMPANY / MGA: Travelers Quantum Auto 2.0 Program,tx-limits100,1445
tx-2025,TX,2025,https://www.helpinsure.com/auto.html,"raw/api/autoResults_75216_limits100.json (POST https://www.helpinsure.com/api/autoResults, body in raw/api/manifest.json); record RPTG_INSR_ID=124 PLANKEY_ID=1165247514 field AUTO_SAMPLE_RATE_AMT",Dallas 75216 (Dallas County),CONSUMERS COUNTY MUTUAL INSURANCE COMPANY,tx-limits100,1445
tx-2025,TX,2025,https://www.helpinsure.com/auto.html,"raw/api/autoResults_75216_limits100.json (POST https://www.helpinsure.com/api/autoResults, body in raw/api/manifest.json); record RPTG_INSR_ID=5 PLANKEY_ID=1152907866 field AUTO_SAMPLE_RATE_AMT",Dallas 75216 (Dallas County),ALLSTATE COUNTY MUTUAL INSURANCE COMPANY,tx-limits100,1464
tx-2025,TX,2025,https://www.helpinsure.com/auto.html,"raw/api/autoResults_75216_limits100.json (POST https://www.helpinsure.com/api/autoResults, body in raw/api/manifest.json); record RPTG_INSR_ID=238 PLANKEY_ID=1164297978 field AUTO_SAMPLE_RATE_AMT",Dallas 75216 (Dallas County),MID-CENTURY INSURANCE COMPANY OF TEXAS,tx-limits100,1519
tx-2025,TX,2025,https://www.helpinsure.com/auto.html,"raw/api/autoResults_75216_limits100.json (POST https://www.helpinsure.com/api/autoResults, body in raw/api/manifest.json); record RPTG_INSR_ID=50 PLANKEY_ID=1149655554 field AUTO_SAMPLE_RATE_AMT",Dallas 75216 (Dallas County),STATE FARM MUTUAL AUTOMOBILE INSURANCE COMPANY,tx-limits100,1580
tx-2025,TX,2025,https://www.helpinsure.com/auto.html,"raw/api/autoResults_75216_limits100.json (POST https://www.helpinsure.com/api/autoResults, body in raw/api/manifest.json); record RPTG_INSR_ID=173 PLANKEY_ID=1151687682 field AUTO_SAMPLE_RATE_AMT",Dallas 75216 (Dallas County),ECONOMY FIRE & CASUALTY COMPANY,tx-limits100,1632
tx-2025,TX,2025,https://www.helpinsure.com/auto.html,"raw/api/autoResults_75216_limits100.json (POST https://www.helpinsure.com/api/autoResults, body in raw/api/manifest.json); record RPTG_INSR_ID=1 PLANKEY_ID=1148300370 field AUTO_SAMPLE_RATE_AMT",Dallas 75216 (Dallas County),AUTO CLUB COUNTY MUTUAL INSURANCE COMPANY,tx-limits100,1724
tx-2025,TX,2025,https://www.helpinsure.com/auto.html,"raw/api/autoResults_75216_limits100.json (POST https://www.helpinsure.com/api/autoResults, body in raw/api/manifest.json); record RPTG_INSR_ID=175 PLANKEY_ID=1163891034 field AUTO_SAMPLE_RATE_AMT",Dallas 75216 (Dallas County),FARMERS PROPERTY AND CASUALTY INSURANCE COMPANY,tx-limits100,1780
tx-2025,TX,2025,https://www.helpinsure.com/auto.html,"raw/api/autoResults_75216_limits100.json (POST https://www.helpinsure.com/api/autoResults, body in raw/api/manifest.json); record RPTG_INSR_ID=138 PLANKEY_ID=1153314810 field AUTO_SAMPLE_RATE_AMT",Dallas 75216 (Dallas County),INFINITY COUNTY MUTUAL INSURANCE COMPANY,tx-limits100,1930
tx-2025,TX,2025,https://www.helpinsure.com/auto.html,"raw/api/autoResults_75216_limits100.json (POST https://www.helpinsure.com/api/autoResults, body in raw/api/manifest.json); record RPTG_INSR_ID=48 PLANKEY_ID=1150061202 field AUTO_SAMPLE_RATE_AMT",Dallas 75216 (Dallas County),STATE FARM COUNTY MUTUAL INSURANCE COMPANY OF TEXAS,tx-limits100,1954
tx-2025,TX,2025,https://www.helpinsure.com/auto.html,"raw/api/autoResults_75216_limits100.json (POST https://www.helpinsure.com/api/autoResults, body in raw/api/manifest.json); record RPTG_INSR_ID=140 PLANKEY_ID=1152501570 field AUTO_SAMPLE_RATE_AMT",Dallas 75216 (Dallas County),FOREMOST COUNTY MUTUAL INSURANCE COMPANY,tx-limits100,1972
tx-2025,TX,2025,https://www.helpinsure.com/auto.html,"raw/api/autoResults_75216_limits100.json (POST https://www.helpinsure.com/api/autoResults, body in raw/api/manifest.json); record RPTG_INSR_ID=123 PLANKEY_ID=1159281810 field AUTO_SAMPLE_RATE_AMT",Dallas 75216 (Dallas County),AMICA MUTUAL INSURANCE COMPANY,tx-limits100,2161
tx-2025,TX,2025,https://www.helpinsure.com/auto.html,"raw/api/autoResults_75216_limits100.json (POST https://www.helpinsure.com/api/autoResults, body in raw/api/manifest.json); record RPTG_INSR_ID=33 PLANKEY_ID=1158060978 field AUTO_SAMPLE_RATE_AMT",Dallas 75216 (Dallas County),FARMERS LLOYDS INSURANCE COMPANY OF TEXAS,tx-limits100,2311
tx-2025,TX,2025,https://www.helpinsure.com/auto.html,"raw/api/autoResults_75216_limits100.json (POST https://www.helpinsure.com/api/autoResults, body in raw/api/manifest.json); record RPTG_INSR_ID=161 PLANKEY_ID=1147893426 field AUTO_SAMPLE_RATE_AMT",Dallas 75216 (Dallas County),AMICA PROPERTY AND CASUALTY INSURANCE COMPANY,tx-limits100,2312
tx-2025,TX,2025,https://www.helpinsure.com/auto.html,"raw/api/autoResults_75216_limits100.json (POST https://www.helpinsure.com/api/autoResults, body in raw/api/manifest.json); record RPTG_INSR_ID=142 PLANKEY_ID=1150884810 field AUTO_SAMPLE_RATE_AMT",Dallas 75216 (Dallas County),"COLONIAL COUNTY MUTUAL INSURANCE COMPANY / MGA: Titan Insurance Services, Inc.",tx-limits100,2753
tx-2025,TX,2025,https://www.helpinsure.com/auto.html,"raw/api/autoResults_75216_limits100.json (POST https://www.helpinsure.com/api/autoResults, body in raw/api/manifest.json); record RPTG_INSR_ID=209 PLANKEY_ID=1158874866 field AUTO_SAMPLE_RATE_AMT",Dallas 75216 (Dallas County),AMERICAN FAMILY CONNECT PROPERTY AND CASUALTY INSURANCE COMPANY,tx-limits100,2824
tx-2025,TX,2025,https://www.helpinsure.com/auto.html,"raw/api/autoResults_75216_limits100.json (POST https://www.helpinsure.com/api/autoResults, body in raw/api/manifest.json); record RPTG_INSR_ID=155 PLANKEY_ID=1162672794 field AUTO_SAMPLE_RATE_AMT",Dallas 75216 (Dallas County),LIBERTY COUNTY MUTUAL INSURANCE COMPANY / MGA: Safeco General Agency (Safeco),tx-limits100,3089
tx-2025,TX,2025,https://www.helpinsure.com/auto.html,"raw/api/autoResults_75216_limits100.json (POST https://www.helpinsure.com/api/autoResults, body in raw/api/manifest.json); record RPTG_INSR_ID=205 PLANKEY_ID=1148707314 field AUTO_SAMPLE_RATE_AMT",Dallas 75216 (Dallas County),DAIRYLAND COUNTY MUTUAL INSURANCE COMPANY OF TEXAS,tx-limits100,4880
tx-2025,TX,2025,https://www.helpinsure.com/auto.html,"raw/api/autoResults_75216_limits100.json (POST https://www.helpinsure.com/api/autoResults, body in raw/api/manifest.json); record RPTG_INSR_ID=45 PLANKEY_ID=1159688754 field AUTO_SAMPLE_RATE_AMT",Dallas 75216 (Dallas County),"SENTINEL INSURANCE COMPANY, LTD.",tx-limits100,5204
tx-2025,TX,2025,https://www.helpinsure.com/auto.html,"raw/api/autoResults_75216_limits100.json (POST https://www.helpinsure.com/api/autoResults, body in raw/api/manifest.json); record RPTG_INSR_ID=212 PLANKEY_ID=1158467922 field AUTO_SAMPLE_RATE_AMT",Dallas 75216 (Dallas County),ENCOMPASS INDEPENDENT INSURANCE COMPANY,tx-limits100,5471
tx-2025,TX,2025,https://www.helpinsure.com/auto.html,"raw/api/autoResults_75216_limits50.json (POST https://www.helpinsure.com/api/autoResults, body in raw/api/manifest.json); record RPTG_INSR_ID=21 PLANKEY_ID=1152094608 field AUTO_SAMPLE_RATE_AMT",Dallas 75216 (Dallas County),FARMERS TEXAS COUNTY MUTUAL INSURANCE COMPANY,tx-limits50,646
tx-2025,TX,2025,https://www.helpinsure.com/auto.html,"raw/api/autoResults_75216_limits50.json (POST https://www.helpinsure.com/api/autoResults, body in raw/api/manifest.json); record RPTG_INSR_ID=283 PLANKEY_ID=1161316512 field AUTO_SAMPLE_RATE_AMT",Dallas 75216 (Dallas County),GEICO TEXAS COUNTY MUTUAL INSURANCE COMPANY / MGA: Voyager Corporation,tx-limits50,656
tx-2025,TX,2025,https://www.helpinsure.com/auto.html,"raw/api/autoResults_75216_limits50.json (POST https://www.helpinsure.com/api/autoResults, body in raw/api/manifest.json); record RPTG_INSR_ID=282 PLANKEY_ID=1160095680 field AUTO_SAMPLE_RATE_AMT",Dallas 75216 (Dallas County),GEICO TEXAS COUNTY MUTUAL INSURANCE COMPANY / MGA: Horizon Corporation,tx-limits50,672
tx-2025,TX,2025,https://www.helpinsure.com/auto.html,"raw/api/autoResults_75216_limits50.json (POST https://www.helpinsure.com/api/autoResults, body in raw/api/manifest.json); record RPTG_INSR_ID=281 PLANKEY_ID=1160909568 field AUTO_SAMPLE_RATE_AMT",Dallas 75216 (Dallas County),GEICO TEXAS COUNTY MUTUAL INSURANCE COMPANY / MGA: Perspective Corporation,tx-limits50,725
tx-2025,TX,2025,https://www.helpinsure.com/auto.html,"raw/api/autoResults_75216_limits50.json (POST https://www.helpinsure.com/api/autoResults, body in raw/api/manifest.json); record RPTG_INSR_ID=56 PLANKEY_ID=1156840128 field AUTO_SAMPLE_RATE_AMT",Dallas 75216 (Dallas County),UNITED SERVICES AUTOMOBILE ASSOCIATION,tx-limits50,781
tx-2025,TX,2025,https://www.helpinsure.com/auto.html,"raw/api/autoResults_75216_limits50.json (POST https://www.helpinsure.com/api/autoResults, body in raw/api/manifest.json); record RPTG_INSR_ID=119 PLANKEY_ID=1157247072 field AUTO_SAMPLE_RATE_AMT",Dallas 75216 (Dallas County),USAA CASUALTY INSURANCE COMPANY,tx-limits50,835
tx-2025,TX,2025,https://www.helpinsure.com/auto.html,"raw/api/autoResults_75216_limits50.json (POST https://www.helpinsure.com/api/autoResults, body in raw/api/manifest.json); record RPTG_INSR_ID=41 PLANKEY_ID=1163079720 field AUTO_SAMPLE_RATE_AMT",Dallas 75216 (Dallas County),PROGRESSIVE COUNTY MUTUAL INSURANCE COMPANY,tx-limits50,911
tx-2025,TX,2025,https://www.helpinsure.com/auto.html,"raw/api/autoResults_75216_limits50.json (POST https://www.helpinsure.com/api/autoResults, body in raw/api/manifest.json); record RPTG_INSR_ID=118 PLANKEY_ID=1157654016 field AUTO_SAMPLE_RATE_AMT",Dallas 75216 (Dallas County),USAA GENERAL INDEMNITY COMPANY,tx-limits50,920
tx-2025,TX,2025,https://www.helpinsure.com/auto.html,"raw/api/autoResults_75216_limits50.json (POST https://www.helpinsure.com/api/autoResults, body in raw/api/manifest.json); record RPTG_INSR_ID=102 PLANKEY_ID=1163485368 field AUTO_SAMPLE_RATE_AMT",Dallas 75216 (Dallas County),PROGRESSIVE COUNTY MUTUAL INSURANCE COMPANY / MGA: PROGRESSIVE COUNTY MUTUAL - DIRECT RATES,tx-limits50,927
tx-2025,TX,2025,https://www.helpinsure.com/auto.html,"raw/api/autoResults_75216_limits50.json (POST https://www.helpinsure.com/api/autoResults, body in raw/api/manifest.json); record RPTG_INSR_ID=246 PLANKEY_ID=1162265832 field AUTO_SAMPLE_RATE_AMT",Dallas 75216 (Dallas County),GEICO TEXAS COUNTY MUTUAL INSURANCE COMPANY / MGA: Endeavor Corporation,tx-limits50,979
tx-2025,TX,2025,https://www.helpinsure.com/auto.html,"raw/api/autoResults_75216_limits50.json (POST https://www.helpinsure.com/api/autoResults, body in raw/api/manifest.json); record RPTG_INSR_ID=112 PLANKEY_ID=1156027536 field AUTO_SAMPLE_RATE_AMT",Dallas 75216 (Dallas County),GARRISON PROPERTY AND CASUALTY INSURANCE COMPANY,tx-limits50,980
tx-2025,TX,2025,https://www.helpinsure.com/auto.html,"raw/api/autoResults_75216_limits50.json (POST https://www.helpinsure.com/api/autoResults, body in raw/api/manifest.json); record RPTG_INSR_ID=6 PLANKEY_ID=1164840552 field AUTO_SAMPLE_RATE_AMT",Dallas 75216 (Dallas County),ALLSTATE FIRE AND CASUALTY INSURANCE COMPANY,tx-limits50,1205
tx-2025,TX,2025,https://www.helpinsure.com/auto.html,"raw/api/autoResults_75216_limits50.json (POST https://www.helpinsure.com/api/autoResults, body in raw/api/manifest.json); record RPTG_INSR_ID=138 PLANKEY_ID=1153314792 field AUTO_SAMPLE_RATE_AMT",Dallas 75216 (Dallas County),INFINITY COUNTY MUTUAL INSURANCE COMPANY,tx-limits50,1232
tx-2025,TX,2025,https://www.helpinsure.com/auto.html,"raw/api/autoResults_75216_limits50.json (POST https://www.helpinsure.com/api/autoResults, body in raw/api/manifest.json); record RPTG_INSR_ID=5 PLANKEY_ID=1152907848 field AUTO_SAMPLE_RATE_AMT",Dallas 75216 (Dallas County),ALLSTATE COUNTY MUTUAL INSURANCE COMPANY,tx-limits50,1293
tx-2025,TX,2025,https://www.helpinsure.com/auto.html,"raw/api/autoResults_75216_limits50.json (POST https://www.helpinsure.com/api/autoResults, body in raw/api/manifest.json); record RPTG_INSR_ID=238 PLANKEY_ID=1164297960 field AUTO_SAMPLE_RATE_AMT",Dallas 75216 (Dallas County),MID-CENTURY INSURANCE COMPANY OF TEXAS,tx-limits50,1307
tx-2025,TX,2025,https://www.helpinsure.com/auto.html,"raw/api/autoResults_75216_limits50.json (POST https://www.helpinsure.com/api/autoResults, body in raw/api/manifest.json); record RPTG_INSR_ID=32 PLANKEY_ID=1150466832 field AUTO_SAMPLE_RATE_AMT",Dallas 75216 (Dallas County),MERCURY COUNTY MUTUAL INSURANCE COMPANY,tx-limits50,1311
tx-2025,TX,2025,https://www.helpinsure.com/auto.html,"raw/api/autoResults_75216_limits50.json (POST https://www.helpinsure.com/api/autoResults, body in raw/api/manifest.json); record RPTG_INSR_ID=50 PLANKEY_ID=1149655536 field AUTO_SAMPLE_RATE_AMT",Dallas 75216 (Dallas County),STATE FARM MUTUAL AUTOMOBILE INSURANCE COMPANY,tx-limits50,1333
tx-2025,TX,2025,https://www.helpinsure.com/auto.html,"raw/api/autoResults_75216_limits50.json (POST https://www.helpinsure.com/api/autoResults, body in raw/api/manifest.json); record RPTG_INSR_ID=124 PLANKEY_ID=1165247496 field AUTO_SAMPLE_RATE_AMT",Dallas 75216 (Dallas County),CONSUMERS COUNTY MUTUAL INSURANCE COMPANY,tx-limits50,1368
tx-2025,TX,2025,https://www.helpinsure.com/auto.html,"raw/api/autoResults_75216_limits50.json (POST https://www.helpinsure.com/api/autoResults, body in raw/api/manifest.json); record RPTG_INSR_ID=16 PLANKEY_ID=1151280720 field AUTO_SAMPLE_RATE_AMT",Dallas 75216 (Dallas County),CONSUMERS COUNTY MUTUAL INSURANCE COMPANY / MGA: Travelers Quantum Auto 2.0 Program,tx-limits50,1368
tx-2025,TX,2025,https://www.helpinsure.com/auto.html,"raw/api/autoResults_75216_limits50.json (POST https://www.helpinsure.com/api/autoResults, body in raw/api/manifest.json); record RPTG_INSR_ID=1 PLANKEY_ID=1148300352 field AUTO_SAMPLE_RATE_AMT",Dallas 75216 (Dallas County),AUTO CLUB COUNTY MUTUAL INSURANCE COMPANY,tx-limits50,1527
tx-2025,TX,2025,https://www.helpinsure.com/auto.html,"raw/api/autoResults_75216_limits50.json (POST https://www.helpinsure.com/api/autoResults, body in raw/api/manifest.json); record RPTG_INSR_ID=173 PLANKEY_ID=1151687664 field AUTO_SAMPLE_RATE_AMT",Dallas 75216 (Dallas County),ECONOMY FIRE & CASUALTY COMPANY,tx-limits50,1582
tx-2025,TX,2025,https://www.helpinsure.com/auto.html,"raw/api/autoResults_75216_limits50.json (POST https://www.helpinsure.com/api/autoResults, body in raw/api/manifest.json); record RPTG_INSR_ID=48 PLANKEY_ID=1150061184 field AUTO_SAMPLE_RATE_AMT",Dallas 75216 (Dallas County),STATE FARM COUNTY MUTUAL INSURANCE COMPANY OF TEXAS,tx-limits50,1664
tx-2025,TX,2025,https://www.helpinsure.com/auto.html,"raw/api/autoResults_75216_limits50.json (POST https://www.helpinsure.com/api/autoResults, body in raw/api/manifest.json); record RPTG_INSR_ID=175 PLANKEY_ID=1163891016 field AUTO_SAMPLE_RATE_AMT",Dallas 75216 (Dallas County),FARMERS PROPERTY AND CASUALTY INSURANCE COMPANY,tx-limits50,1756
tx-2025,TX,2025,https://www.helpinsure.com/auto.html,"raw/api/autoResults_75216_limits50.json (POST https://www.helpinsure.com/api/autoResults, body in raw/api/manifest.json); record RPTG_INSR_ID=140 PLANKEY_ID=1152501552 field AUTO_SAMPLE_RATE_AMT",Dallas 75216 (Dallas County),FOREMOST COUNTY MUTUAL INSURANCE COMPANY,tx-limits50,1778
tx-2025,TX,2025,https://www.helpinsure.com/auto.html,"raw/api/autoResults_75216_limits50.json (POST https://www.helpinsure.com/api/autoResults, body in raw/api/manifest.json); record RPTG_INSR_ID=33 PLANKEY_ID=1158060960 field AUTO_SAMPLE_RATE_AMT",Dallas 75216 (Dallas County),FARMERS LLOYDS INSURANCE COMPANY OF TEXAS,tx-limits50,2208
tx-2025,TX,2025,https://www.helpinsure.com/auto.html,"raw/api/autoResults_75216_limits50.json (POST https://www.helpinsure.com/api/autoResults, body in raw/api/manifest.json); record RPTG_INSR_ID=209 PLANKEY_ID=1158874848 field AUTO_SAMPLE_RATE_AMT",Dallas 75216 (Dallas County),AMERICAN FAMILY CONNECT PROPERTY AND CASUALTY INSURANCE COMPANY,tx-limits50,2450
tx-2025,TX,2025,https://www.helpinsure.com/auto.html,"raw/api/autoResults_75216_limits50.json (POST https://www.helpinsure.com/api/autoResults, body in raw/api/manifest.json); record RPTG_INSR_ID=142 PLANKEY_ID=1150884792 field AUTO_SAMPLE_RATE_AMT",Dallas 75216 (Dallas County),"COLONIAL COUNTY MUTUAL INSURANCE COMPANY / MGA: Titan Insurance Services, Inc.",tx-limits50,2517
tx-2025,TX,2025,https://www.helpinsure.com/auto.html,"raw/api/autoResults_75216_limits50.json (POST https://www.helpinsure.com/api/autoResults, body in raw/api/manifest.json); record RPTG_INSR_ID=155 PLANKEY_ID=1162672776 field AUTO_SAMPLE_RATE_AMT",Dallas 75216 (Dallas County),LIBERTY COUNTY MUTUAL INSURANCE COMPANY / MGA: Safeco General Agency (Safeco),tx-limits50,2952
tx-2025,TX,2025,https://www.helpinsure.com/auto.html,"raw/api/autoResults_75216_limits50.json (POST https://www.helpinsure.com/api/autoResults, body in raw/api/manifest.json); record RPTG_INSR_ID=123 PLANKEY_ID=1159281792 field AUTO_SAMPLE_RATE_AMT",Dallas 75216 (Dallas County),AMICA MUTUAL INSURANCE COMPANY,tx-limits50,3302
tx-2025,TX,2025,https://www.helpinsure.com/auto.html,"raw/api/autoResults_75216_limits50.json (POST https://www.helpinsure.com/api/autoResults, body in raw/api/manifest.json); record RPTG_INSR_ID=161 PLANKEY_ID=1147893408 field AUTO_SAMPLE_RATE_AMT",Dallas 75216 (Dallas County),AMICA PROPERTY AND CASUALTY INSURANCE COMPANY,tx-limits50,3561
tx-2025,TX,2025,https://www.helpinsure.com/auto.html,"raw/api/autoResults_75216_limits50.json (POST https://www.helpinsure.com/api/autoResults, body in raw/api/manifest.json); record RPTG_INSR_ID=205 PLANKEY_ID=1148707296 field AUTO_SAMPLE_RATE_AMT",Dallas 75216 (Dallas County),DAIRYLAND COUNTY MUTUAL INSURANCE COMPANY OF TEXAS,tx-limits50,3674
tx-2025,TX,2025,https://www.helpinsure.com/auto.html,"raw/api/autoResults_75216_limits50.json (POST https://www.helpinsure.com/api/autoResults, body in raw/api/manifest.json); record RPTG_INSR_ID=45 PLANKEY_ID=1159688736 field AUTO_SAMPLE_RATE_AMT",Dallas 75216 (Dallas County),"SENTINEL INSURANCE COMPANY, LTD.",tx-limits50,4524
tx-2025,TX,2025,https://www.helpinsure.com/auto.html,"raw/api/autoResults_75216_limits50.json (POST https://www.helpinsure.com/api/autoResults, body in raw/api/manifest.json); record RPTG_INSR_ID=212 PLANKEY_ID=1158467904 field AUTO_SAMPLE_RATE_AMT",Dallas 75216 (Dallas County),ENCOMPASS INDEPENDENT INSURANCE COMPANY,tx-limits50,4756
tx-2025,TX,2025,https://www.helpinsure.com/auto.html,"raw/api/autoResults_75216_married.json (POST https://www.helpinsure.com/api/autoResults, body in raw/api/manifest.json); record RPTG_INSR_ID=283 PLANKEY_ID=1161316818 field AUTO_SAMPLE_RATE_AMT",Dallas 75216 (Dallas County),GEICO TEXAS COUNTY MUTUAL INSURANCE COMPANY / MGA: Voyager Corporation,tx-married,439
tx-2025,TX,2025,https://www.helpinsure.com/auto.html,"raw/api/autoResults_75216_married.json (POST https://www.helpinsure.com/api/autoResults, body in raw/api/manifest.json); record RPTG_INSR_ID=282 PLANKEY_ID=1160095986 field AUTO_SAMPLE_RATE_AMT",Dallas 75216 (Dallas County),GEICO TEXAS COUNTY MUTUAL INSURANCE COMPANY / MGA: Horizon Corporation,tx-married,445
tx-2025,TX,2025,https://www.helpinsure.com/auto.html,"raw/api/autoResults_75216_married.json (POST https://www.helpinsure.com/api/autoResults, body in raw/api/manifest.json); record RPTG_INSR_ID=281 PLANKEY_ID=1160909874 field AUTO_SAMPLE_RATE_AMT",Dallas 75216 (Dallas County),GEICO TEXAS COUNTY MUTUAL INSURANCE COMPANY / MGA: Perspective Corporation,tx-married,457
tx-2025,TX,2025,https://www.helpinsure.com/auto.html,"raw/api/autoResults_75216_married.json (POST https://www.helpinsure.com/api/autoResults, body in raw/api/manifest.json); record RPTG_INSR_ID=21 PLANKEY_ID=1152094914 field AUTO_SAMPLE_RATE_AMT",Dallas 75216 (Dallas County),FARMERS TEXAS COUNTY MUTUAL INSURANCE COMPANY,tx-married,462
tx-2025,TX,2025,https://www.helpinsure.com/auto.html,"raw/api/autoResults_75216_married.json (POST https://www.helpinsure.com/api/autoResults, body in raw/api/manifest.json); record RPTG_INSR_ID=56 PLANKEY_ID=1156840434 field AUTO_SAMPLE_RATE_AMT",Dallas 75216 (Dallas County),UNITED SERVICES AUTOMOBILE ASSOCIATION,tx-married,655
tx-2025,TX,2025,https://www.helpinsure.com/auto.html,"raw/api/autoResults_75216_married.json (POST https://www.helpinsure.com/api/autoResults, body in raw/api/manifest.json); record RPTG_INSR_ID=41 PLANKEY_ID=1163080026 field AUTO_SAMPLE_RATE_AMT",Dallas 75216 (Dallas County),PROGRESSIVE COUNTY MUTUAL INSURANCE COMPANY,tx-married,684
tx-2025,TX,2025,https://www.helpinsure.com/auto.html,"raw/api/autoResults_75216_married.json (POST https://www.helpinsure.com/api/autoResults, body in raw/api/manifest.json); record RPTG_INSR_ID=119 PLANKEY_ID=1157247378 field AUTO_SAMPLE_RATE_AMT",Dallas 75216 (Dallas County),USAA CASUALTY INSURANCE COMPANY,tx-married,698
tx-2025,TX,2025,https://www.helpinsure.com/auto.html,"raw/api/autoResults_75216_married.json (POST https://www.helpinsure.com/api/autoResults, body in raw/api/manifest.json); record RPTG_INSR_ID=102 PLANKEY_ID=1163485674 field AUTO_SAMPLE_RATE_AMT",Dallas 75216 (Dallas County),PROGRESSIVE COUNTY MUTUAL INSURANCE COMPANY / MGA: PROGRESSIVE COUNTY MUTUAL - DIRECT RATES,tx-married,738
tx-2025,TX,2025,https://www.helpinsure.com/auto.html,"raw/api/autoResults_75216_married.json (POST https://www.helpinsure.com/api/autoResults, body in raw/api/manifest.json); record RPTG_INSR_ID=138 PLANKEY_ID=1153315098 field AUTO_SAMPLE_RATE_AMT",Dallas 75216 (Dallas County),INFINITY COUNTY MUTUAL INSURANCE COMPANY,tx-married,768
tx-2025,TX,2025,https://www.helpinsure.com/auto.html,"raw/api/autoResults_75216_married.json (POST https://www.helpinsure.com/api/autoResults, body in raw/api/manifest.json); record RPTG_INSR_ID=118 PLANKEY_ID=1157654322 field AUTO_SAMPLE_RATE_AMT",Dallas 75216 (Dallas County),USAA GENERAL INDEMNITY COMPANY,tx-married,770
tx-2025,TX,2025,https://www.helpinsure.com/auto.html,"raw/api/autoResults_75216_married.json (POST https://www.helpinsure.com/api/autoResults, body in raw/api/manifest.json); record RPTG_INSR_ID=112 PLANKEY_ID=1156027842 field AUTO_SAMPLE_RATE_AMT",Dallas 75216 (Dallas County),GARRISON PROPERTY AND CASUALTY INSURANCE COMPANY,tx-married,810
tx-2025,TX,2025,https://www.helpinsure.com/auto.html,"raw/api/autoResults_75216_married.json (POST https://www.helpinsure.com/api/autoResults, body in raw/api/manifest.json); record RPTG_INSR_ID=246 PLANKEY_ID=1162266138 field AUTO_SAMPLE_RATE_AMT",Dallas 75216 (Dallas County),GEICO TEXAS COUNTY MUTUAL INSURANCE COMPANY / MGA: Endeavor Corporation,tx-married,935
tx-2025,TX,2025,https://www.helpinsure.com/auto.html,"raw/api/autoResults_75216_married.json (POST https://www.helpinsure.com/api/autoResults, body in raw/api/manifest.json); record RPTG_INSR_ID=32 PLANKEY_ID=1150467138 field AUTO_SAMPLE_RATE_AMT",Dallas 75216 (Dallas County),MERCURY COUNTY MUTUAL INSURANCE COMPANY,tx-married,974
tx-2025,TX,2025,https://www.helpinsure.com/auto.html,"raw/api/autoResults_75216_married.json (POST https://www.helpinsure.com/api/autoResults, body in raw/api/manifest.json); record RPTG_INSR_ID=173 PLANKEY_ID=1151687970 field AUTO_SAMPLE_RATE_AMT",Dallas 75216 (Dallas County),ECONOMY FIRE & CASUALTY COMPANY,tx-married,1062
tx-2025,TX,2025,https://www.helpinsure.com/auto.html,"raw/api/autoResults_75216_married.json (POST https://www.helpinsure.com/api/autoResults, body in raw/api/manifest.json); record RPTG_INSR_ID=6 PLANKEY_ID=1164840858 field AUTO_SAMPLE_RATE_AMT",Dallas 75216 (Dallas County),ALLSTATE FIRE AND CASUALTY INSURANCE COMPANY,tx-married,1202
tx-2025,TX,2025,https://www.helpinsure.com/auto.html,"raw/api/autoResults_75216_married.json (POST https://www.helpinsure.com/api/autoResults, body in raw/api/manifest.json); record RPTG_INSR_ID=5 PLANKEY_ID=1152908154 field AUTO_SAMPLE_RATE_AMT",Dallas 75216 (Dallas County),ALLSTATE COUNTY MUTUAL INSURANCE COMPANY,tx-married,1228
tx-2025,TX,2025,https://www.helpinsure.com/auto.html,"raw/api/autoResults_75216_married.json (POST https://www.helpinsure.com/api/autoResults, body in raw/api/manifest.json); record RPTG_INSR_ID=50 PLANKEY_ID=1149655842 field AUTO_SAMPLE_RATE_AMT",Dallas 75216 (Dallas County),STATE FARM MUTUAL AUTOMOBILE INSURANCE COMPANY,tx-married,1234
tx-2025,TX,2025,https://www.helpinsure.com/auto.html,"raw/api/autoResults_75216_married.json (POST https://www.helpinsure.com/api/autoResults, body in raw/api/manifest.json); record RPTG_INSR_ID=238 PLANKEY_ID=1164298266 field AUTO_SAMPLE_RATE_AMT",Dallas 75216 (Dallas County),MID-CENTURY INSURANCE COMPANY OF TEXAS,tx-married,1261
tx-2025,TX,2025,https://www.helpinsure.com/auto.html,"raw/api/autoResults_75216_married.json (POST https://www.helpinsure.com/api/autoResults, body in raw/api/manifest.json); record RPTG_INSR_ID=1 PLANKEY_ID=1148300658 field AUTO_SAMPLE_RATE_AMT",Dallas 75216 (Dallas County),AUTO CLUB COUNTY MUTUAL INSURANCE COMPANY,tx-married,1269
tx-2025,TX,2025,https://www.helpinsure.com/auto.html,"raw/api/autoResults_75216_married.json (POST https://www.helpinsure.com/api/autoResults, body in raw/api/manifest.json); record RPTG_INSR_ID=16 PLANKEY_ID=1151281026 field AUTO_SAMPLE_RATE_AMT",Dallas 75216 (Dallas County),CONSUMERS COUNTY MUTUAL INSURANCE COMPANY / MGA: Travelers Quantum Auto 2.0 Program,tx-married,1303
tx-2025,TX,2025,https://www.helpinsure.com/auto.html,"raw/api/autoResults_75216_married.json (POST https://www.helpinsure.com/api/autoResults, body in raw/api/manifest.json); record RPTG_INSR_ID=124 PLANKEY_ID=1165247802 field AUTO_SAMPLE_RATE_AMT",Dallas 75216 (Dallas County),CONSUMERS COUNTY MUTUAL INSURANCE COMPANY,tx-married,1303
tx-2025,TX,2025,https://www.helpinsure.com/auto.html,"raw/api/autoResults_75216_married.json (POST https://www.helpinsure.com/api/autoResults, body in raw/api/manifest.json); record RPTG_INSR_ID=175 PLANKEY_ID=1163891322 field AUTO_SAMPLE_RATE_AMT",Dallas 75216 (Dallas County),FARMERS PROPERTY AND CASUALTY INSURANCE COMPANY,tx-married,1357
tx-2025,TX,2025,https://www.helpinsure.com/auto.html,"raw/api/autoResults_75216_married.json (POST https://www.helpinsure.com/api/autoResults, body in raw/api/manifest.json); record RPTG_INSR_ID=104 PLANKEY_ID=1164698046 field AUTO_SAMPLE_RATE_AMT",Dallas 75216 (Dallas County),TEXAS AUTOMOBILE INSURANCE PLAN ASSOCIATION,tx-married,1438
tx-2025,TX,2025,https://www.helpinsure.com/auto.html,"raw/api/autoResults_75216_married.json (POST https://www.helpinsure.com/api/autoResults, body in raw/api/manifest.json); record RPTG_INSR_ID=140 PLANKEY_ID=1152501858 field AUTO_SAMPLE_RATE_AMT",Dallas 75216 (Dallas County),FOREMOST COUNTY MUTUAL INSURANCE COMPANY,tx-married,1512
tx-2025,TX,2025,https://www.helpinsure.com/auto.html,"raw/api/autoResults_75216_married.json (POST https://www.helpinsure.com/api/autoResults, body in raw/api/manifest.json); record RPTG_INSR_ID=33 PLANKEY_ID=1158061266 field AUTO_SAMPLE_RATE_AMT",Dallas 75216 (Dallas County),FARMERS LLOYDS INSURANCE COMPANY OF TEXAS,tx-married,1524
tx-2025,TX,2025,https://www.helpinsure.com/auto.html,"raw/api/autoResults_75216_married.json (POST https://www.helpinsure.com/api/autoResults, body in raw/api/manifest.json); record RPTG_INSR_ID=48 PLANKEY_ID=1150061490 field AUTO_SAMPLE_RATE_AMT",Dallas 75216 (Dallas County),STATE FARM COUNTY MUTUAL INSURANCE COMPANY OF TEXAS,tx-married,1547
tx-2025,TX,2025,https://www.helpinsure.com/auto.html,"raw/api/autoResults_75216_married.json (POST https://www.helpinsure.com/api/autoResults, body in raw/api/manifest.json); record RPTG_INSR_ID=219 PLANKEY_ID=1153714878 field AUTO_SAMPLE_RATE_AMT",Dallas 75216 (Dallas County),AMERICAN ACCESS CASUALTY COMPANY,tx-married,1591
tx-2025,TX,2025,https://www.helpinsure.com/auto.html,"raw/api/autoResults_75216_married.json (POST https://www.helpinsure.com/api/autoResults, body in raw/api/manifest.json); record RPTG_INSR_ID=209 PLANKEY_ID=1158875154 field AUTO_SAMPLE_RATE_AMT",Dallas 75216 (Dallas County),AMERICAN FAMILY CONNECT PROPERTY AND CASUALTY INSURANCE COMPANY,tx-married,1812
tx-2025,TX,2025,https://www.helpinsure.com/auto.html,"raw/api/autoResults_75216_married.json (POST https://www.helpinsure.com/api/autoResults, body in raw/api/manifest.json); record RPTG_INSR_ID=142 PLANKEY_ID=1150885098 field AUTO_SAMPLE_RATE_AMT",Dallas 75216 (Dallas County),"COLONIAL COUNTY MUTUAL INSURANCE COMPANY / MGA: Titan Insurance Services, Inc.",tx-married,1963
tx-2025,TX,2025,https://www.helpinsure.com/auto.html,"raw/api/autoResults_75216_married.json (POST https://www.helpinsure.com/api/autoResults, body in raw/api/manifest.json); record RPTG_INSR_ID=215 PLANKEY_ID=1149513030 field AUTO_SAMPLE_RATE_AMT",Dallas 75216 (Dallas County),"MGA INSURANCE COMPANY, INC.",tx-married,2046
tx-2025,TX,2025,https://www.helpinsure.com/auto.html,"raw/api/autoResults_75216_married.json (POST https://www.helpinsure.com/api/autoResults, body in raw/api/manifest.json); record RPTG_INSR_ID=205 PLANKEY_ID=1148707602 field AUTO_SAMPLE_RATE_AMT",Dallas 75216 (Dallas County),DAIRYLAND COUNTY MUTUAL INSURANCE COMPANY OF TEXAS,tx-married,2615
tx-2025,TX,2025,https://www.helpinsure.com/auto.html,"raw/api/autoResults_75216_married.json (POST https://www.helpinsure.com/api/autoResults, body in raw/api/manifest.json); record RPTG_INSR_ID=155 PLANKEY_ID=1162673082 field AUTO_SAMPLE_RATE_AMT",Dallas 75216 (Dallas County),LIBERTY COUNTY MUTUAL INSURANCE COMPANY / MGA: Safeco General Agency (Safeco),tx-married,2691
tx-2025,TX,2025,https://www.helpinsure.com/auto.html,"raw/api/autoResults_75216_married.json (POST https://www.helpinsure.com/api/autoResults, body in raw/api/manifest.json); record RPTG_INSR_ID=123 PLANKEY_ID=1159282098 field AUTO_SAMPLE_RATE_AMT",Dallas 75216 (Dallas County),AMICA MUTUAL INSURANCE COMPANY,tx-married,2955
tx-2025,TX,2025,https://www.helpinsure.com/auto.html,"raw/api/autoResults_75216_married.json (POST https://www.helpinsure.com/api/autoResults, body in raw/api/manifest.json); record RPTG_INSR_ID=161 PLANKEY_ID=1147893714 field AUTO_SAMPLE_RATE_AMT",Dallas 75216 (Dallas County),AMICA PROPERTY AND CASUALTY INSURANCE COMPANY,tx-married,3178
tx-2025,TX,2025,https://www.helpinsure.com/auto.html,"raw/api/autoResults_75216_married.json (POST https://www.helpinsure.com/api/autoResults, body in raw/api/manifest.json); record RPTG_INSR_ID=212 PLANKEY_ID=1158468210 field AUTO_SAMPLE_RATE_AMT",Dallas 75216 (Dallas County),ENCOMPASS INDEPENDENT INSURANCE COMPANY,tx-married,3513
tx-2025,TX,2025,https://www.helpinsure.com/auto.html,"raw/api/autoResults_75216_married.json (POST https://www.helpinsure.com/api/autoResults, body in raw/api/manifest.json); record RPTG_INSR_ID=45 PLANKEY_ID=1159689042 field AUTO_SAMPLE_RATE_AMT",Dallas 75216 (Dallas County),"SENTINEL INSURANCE COMPANY, LTD.",tx-married,3766
tx-2025,TX,2025,https://www.helpinsure.com/auto.html,"raw/api/autoResults_75216_pleasure.json (POST https://www.helpinsure.com/api/autoResults, body in raw/api/manifest.json); record RPTG_INSR_ID=283 PLANKEY_ID=1161316485 field AUTO_SAMPLE_RATE_AMT",Dallas 75216 (Dallas County),GEICO TEXAS COUNTY MUTUAL INSURANCE COMPANY / MGA: Voyager Corporation,tx-pleasure,463
tx-2025,TX,2025,https://www.helpinsure.com/auto.html,"raw/api/autoResults_75216_pleasure.json (POST https://www.helpinsure.com/api/autoResults, body in raw/api/manifest.json); record RPTG_INSR_ID=282 PLANKEY_ID=1160095653 field AUTO_SAMPLE_RATE_AMT",Dallas 75216 (Dallas County),GEICO TEXAS COUNTY MUTUAL INSURANCE COMPANY / MGA: Horizon Corporation,tx-pleasure,471
tx-2025,TX,2025,https://www.helpinsure.com/auto.html,"raw/api/autoResults_75216_pleasure.json (POST https://www.helpinsure.com/api/autoResults, body in raw/api/manifest.json); record RPTG_INSR_ID=281 PLANKEY_ID=1160909541 field AUTO_SAMPLE_RATE_AMT",Dallas 75216 (Dallas County),GEICO TEXAS COUNTY MUTUAL INSURANCE COMPANY / MGA: Perspective Corporation,tx-pleasure,487
tx-2025,TX,2025,https://www.helpinsure.com/auto.html,"raw/api/autoResults_75216_pleasure.json (POST https://www.helpinsure.com/api/autoResults, body in raw/api/manifest.json); record RPTG_INSR_ID=21 PLANKEY_ID=1152094581 field AUTO_SAMPLE_RATE_AMT",Dallas 75216 (Dallas County),FARMERS TEXAS COUNTY MUTUAL INSURANCE COMPANY,tx-pleasure,518
tx-2025,TX,2025,https://www.helpinsure.com/auto.html,"raw/api/autoResults_75216_pleasure.json (POST https://www.helpinsure.com/api/autoResults, body in raw/api/manifest.json); record RPTG_INSR_ID=56 PLANKEY_ID=1156840101 field AUTO_SAMPLE_RATE_AMT",Dallas 75216 (Dallas County),UNITED SERVICES AUTOMOBILE ASSOCIATION,tx-pleasure,727
tx-2025,TX,2025,https://www.helpinsure.com/auto.html,"raw/api/autoResults_75216_pleasure.json (POST https://www.helpinsure.com/api/autoResults, body in raw/api/manifest.json); record RPTG_INSR_ID=119 PLANKEY_ID=1157247045 field AUTO_SAMPLE_RATE_AMT",Dallas 75216 (Dallas County),USAA CASUALTY INSURANCE COMPANY,tx-pleasure,781
tx-2025,TX,2025,https://www.helpinsure.com/auto.html,"raw/api/autoResults_75216_pleasure.json (POST https://www.helpinsure.com/api/autoResults, body in raw/api/manifest.json); record RPTG_INSR_ID=41 PLANKEY_ID=1163079693 field AUTO_SAMPLE_RATE_AMT",Dallas 75216 (Dallas County),PROGRESSIVE COUNTY MUTUAL INSURANCE COMPANY,tx-pleasure,799
tx-2025,TX,2025,https://www.helpinsure.com/auto.html,"raw/api/autoResults_75216_pleasure.json (POST https://www.helpinsure.com/api/autoResults, body in raw/api/manifest.json); record RPTG_INSR_ID=102 PLANKEY_ID=1163485341 field AUTO_SAMPLE_RATE_AMT",Dallas 75216 (Dallas County),PROGRESSIVE COUNTY MUTUAL INSURANCE COMPANY / MGA: PROGRESSIVE COUNTY MUTUAL - DIRECT RATES,tx-pleasure,817
tx-2025,TX,2025,https://www.helpinsure.com/auto.html,"raw/api/autoResults_75216_pleasure.json (POST https://www.helpinsure.com/api/autoResults, body in raw/api/manifest.json); record RPTG_INSR_ID=118 PLANKEY_ID=1157653989 field AUTO_SAMPLE_RATE_AMT",Dallas 75216 (Dallas County),USAA GENERAL INDEMNITY COMPANY,tx-pleasure,855
tx-2025,TX,2025,https://www.helpinsure.com/auto.html,"raw/api/autoResults_75216_pleasure.json (POST https://www.helpinsure.com/api/autoResults, body in raw/api/manifest.json); record RPTG_INSR_ID=112 PLANKEY_ID=1156027509 field AUTO_SAMPLE_RATE_AMT",Dallas 75216 (Dallas County),GARRISON PROPERTY AND CASUALTY INSURANCE COMPANY,tx-pleasure,887
tx-2025,TX,2025,https://www.helpinsure.com/auto.html,"raw/api/autoResults_75216_pleasure.json (POST https://www.helpinsure.com/api/autoResults, body in raw/api/manifest.json); record RPTG_INSR_ID=138 PLANKEY_ID=1153314765 field AUTO_SAMPLE_RATE_AMT",Dallas 75216 (Dallas County),INFINITY COUNTY MUTUAL INSURANCE COMPANY,tx-pleasure,934
tx-2025,TX,2025,https://www.helpinsure.com/auto.html,"raw/api/autoResults_75216_pleasure.json (POST https://www.helpinsure.com/api/autoResults, body in raw/api/manifest.json); record RPTG_INSR_ID=246 PLANKEY_ID=1162265805 field AUTO_SAMPLE_RATE_AMT",Dallas 75216 (Dallas County),GEICO TEXAS COUNTY MUTUAL INSURANCE COMPANY / MGA: Endeavor Corporation,tx-pleasure,935
tx-2025,TX,2025,https://www.helpinsure.com/auto.html,"raw/api/autoResults_75216_pleasure.json (POST https://www.helpinsure.com/api/autoResults, body in raw/api/manifest.json); record RPTG_INSR_ID=238 PLANKEY_ID=1164297933 field AUTO_SAMPLE_RATE_AMT",Dallas 75216 (Dallas County),MID-CENTURY INSURANCE COMPANY OF TEXAS,tx-pleasure,1061
tx-2025,TX,2025,https://www.helpinsure.com/auto.html,"raw/api/autoResults_75216_pleasure.json (POST https://www.helpinsure.com/api/autoResults, body in raw/api/manifest.json); record RPTG_INSR_ID=16 PLANKEY_ID=1151280693 field AUTO_SAMPLE_RATE_AMT",Dallas 75216 (Dallas County),CONSUMERS COUNTY MUTUAL INSURANCE COMPANY / MGA: Travelers Quantum Auto 2.0 Program,tx-pleasure,1148
tx-2025,TX,2025,https://www.helpinsure.com/auto.html,"raw/api/autoResults_75216_pleasure.json (POST https://www.helpinsure.com/api/autoResults, body in raw/api/manifest.json); record RPTG_INSR_ID=124 PLANKEY_ID=1165247469 field AUTO_SAMPLE_RATE_AMT",Dallas 75216 (Dallas County),CONSUMERS COUNTY MUTUAL INSURANCE COMPANY,tx-pleasure,1148
tx-2025,TX,2025,https://www.helpinsure.com/auto.html,"raw/api/autoResults_75216_pleasure.json (POST https://www.helpinsure.com/api/autoResults, body in raw/api/manifest.json); record RPTG_INSR_ID=6 PLANKEY_ID=1164840525 field AUTO_SAMPLE_RATE_AMT",Dallas 75216 (Dallas County),ALLSTATE FIRE AND CASUALTY INSURANCE COMPANY,tx-pleasure,1202
tx-2025,TX,2025,https://www.helpinsure.com/auto.html,"raw/api/autoResults_75216_pleasure.json (POST https://www.helpinsure.com/api/autoResults, body in raw/api/manifest.json); record RPTG_INSR_ID=1 PLANKEY_ID=1148300325 field AUTO_SAMPLE_RATE_AMT",Dallas 75216 (Dallas County),AUTO CLUB COUNTY MUTUAL INSURANCE COMPANY,tx-pleasure,1219
tx-2025,TX,2025,https://www.helpinsure.com/auto.html,"raw/api/autoResults_75216_pleasure.json (POST https://www.helpinsure.com/api/autoResults, body in raw/api/manifest.json); record RPTG_INSR_ID=50 PLANKEY_ID=1149655509 field AUTO_SAMPLE_RATE_AMT",Dallas 75216 (Dallas County),STATE FARM MUTUAL AUTOMOBILE INSURANCE COMPANY,tx-pleasure,1234
tx-2025,TX,2025,https://www.helpinsure.com/auto.html,"raw/api/autoResults_75216_pleasure.json (POST https://www.helpinsure.com/api/autoResults, body in raw/api/manifest.json); record RPTG_INSR_ID=104 PLANKEY_ID=1164697929 field AUTO_SAMPLE_RATE_AMT",Dallas 75216 (Dallas County),TEXAS AUTOMOBILE INSURANCE PLAN ASSOCIATION,tx-pleasure,1251
tx-2025,TX,2025,https://www.helpinsure.com/auto.html,"raw/api/autoResults_75216_pleasure.json (POST https://www.helpinsure.com/api/autoResults, body in raw/api/manifest.json); record RPTG_INSR_ID=5 PLANKEY_ID=1152907821 field AUTO_SAMPLE_RATE_AMT",Dallas 75216 (Dallas County),ALLSTATE COUNTY MUTUAL INSURANCE COMPANY,tx-pleasure,1277
tx-2025,TX,2025,https://www.helpinsure.com/auto.html,"raw/api/autoResults_75216_pleasure.json (POST https://www.helpinsure.com/api/autoResults, body in raw/api/manifest.json); record RPTG_INSR_ID=32 PLANKEY_ID=1150466805 field AUTO_SAMPLE_RATE_AMT",Dallas 75216 (Dallas County),MERCURY COUNTY MUTUAL INSURANCE COMPANY,tx-pleasure,1343
tx-2025,TX,2025,https://www.helpinsure.com/auto.html,"raw/api/autoResults_75216_pleasure.json (POST https://www.helpinsure.com/api/autoResults, body in raw/api/manifest.json); record RPTG_INSR_ID=173 PLANKEY_ID=1151687637 field AUTO_SAMPLE_RATE_AMT",Dallas 75216 (Dallas County),ECONOMY FIRE & CASUALTY COMPANY,tx-pleasure,1489
tx-2025,TX,2025,https://www.helpinsure.com/auto.html,"raw/api/autoResults_75216_pleasure.json (POST https://www.helpinsure.com/api/autoResults, body in raw/api/manifest.json); record RPTG_INSR_ID=48 PLANKEY_ID=1150061157 field AUTO_SAMPLE_RATE_AMT",Dallas 75216 (Dallas County),STATE FARM COUNTY MUTUAL INSURANCE COMPANY OF TEXAS,tx-pleasure,1547
tx-2025,TX,2025,https://www.helpinsure.com/auto.html,"raw/api/autoResults_75216_pleasure.json (POST https://www.helpinsure.com/api/autoResults, body in raw/api/manifest.json); record RPTG_INSR_ID=175 PLANKEY_ID=1163890989 field AUTO_SAMPLE_RATE_AMT",Dallas 75216 (Dallas County),FARMERS PROPERTY AND CASUALTY INSURANCE COMPANY,tx-pleasure,1648
tx-2025,TX,2025,https://www.helpinsure.com/auto.html,"raw/api/autoResults_75216_pleasure.json (POST https://www.helpinsure.com/api/autoResults, body in raw/api/manifest.json); record RPTG_INSR_ID=140 PLANKEY_ID=1152501525 field AUTO_SAMPLE_RATE_AMT",Dallas 75216 (Dallas County),FOREMOST COUNTY MUTUAL INSURANCE COMPANY,tx-pleasure,1718
tx-2025,TX,2025,https://www.helpinsure.com/auto.html,"raw/api/autoResults_75216_pleasure.json (POST https://www.helpinsure.com/api/autoResults, body in raw/api/manifest.json); record RPTG_INSR_ID=219 PLANKEY_ID=1153714761 field AUTO_SAMPLE_RATE_AMT",Dallas 75216 (Dallas County),AMERICAN ACCESS CASUALTY COMPANY,tx-pleasure,1786
tx-2025,TX,2025,https://www.helpinsure.com/auto.html,"raw/api/autoResults_75216_pleasure.json (POST https://www.helpinsure.com/api/autoResults, body in raw/api/manifest.json); record RPTG_INSR_ID=33 PLANKEY_ID=1158060933 field AUTO_SAMPLE_RATE_AMT",Dallas 75216 (Dallas County),FARMERS LLOYDS INSURANCE COMPANY OF TEXAS,tx-pleasure,2042
tx-2025,TX,2025,https://www.helpinsure.com/auto.html,"raw/api/autoResults_75216_pleasure.json (POST https://www.helpinsure.com/api/autoResults, body in raw/api/manifest.json); record RPTG_INSR_ID=209 PLANKEY_ID=1158874821 field AUTO_SAMPLE_RATE_AMT",Dallas 75216 (Dallas County),AMERICAN FAMILY CONNECT PROPERTY AND CASUALTY INSURANCE COMPANY,tx-pleasure,2076
tx-2025,TX,2025,https://www.helpinsure.com/auto.html,"raw/api/autoResults_75216_pleasure.json (POST https://www.helpinsure.com/api/autoResults, body in raw/api/manifest.json); record RPTG_INSR_ID=215 PLANKEY_ID=1149512913 field AUTO_SAMPLE_RATE_AMT",Dallas 75216 (Dallas County),"MGA INSURANCE COMPANY, INC.",tx-pleasure,2203
tx-2025,TX,2025,https://www.helpinsure.com/auto.html,"raw/api/autoResults_75216_pleasure.json (POST https://www.helpinsure.com/api/autoResults, body in raw/api/manifest.json); record RPTG_INSR_ID=142 PLANKEY_ID=1150884117 field AUTO_SAMPLE_RATE_AMT",Dallas 75216 (Dallas County),"COLONIAL COUNTY MUTUAL INSURANCE COMPANY / MGA: Titan Insurance Services, Inc.",tx-pleasure,2328
tx-2025,TX,2025,https://www.helpinsure.com/auto.html,"raw/api/autoResults_75216_pleasure.json (POST https://www.helpinsure.com/api/autoResults, body in raw/api/manifest.json); record RPTG_INSR_ID=155 PLANKEY_ID=1162672749 field AUTO_SAMPLE_RATE_AMT",Dallas 75216 (Dallas County),LIBERTY COUNTY MUTUAL INSURANCE COMPANY / MGA: Safeco General Agency (Safeco),tx-pleasure,2748
tx-2025,TX,2025,https://www.helpinsure.com/auto.html,"raw/api/autoResults_75216_pleasure.json (POST https://www.helpinsure.com/api/autoResults, body in raw/api/manifest.json); record RPTG_INSR_ID=123 PLANKEY_ID=1159281765 field AUTO_SAMPLE_RATE_AMT",Dallas 75216 (Dallas County),AMICA MUTUAL INSURANCE COMPANY,tx-pleasure,2830
tx-2025,TX,2025,https://www.helpinsure.com/auto.html,"raw/api/autoResults_75216_pleasure.json (POST https://www.helpinsure.com/api/autoResults, body in raw/api/manifest.json); record RPTG_INSR_ID=161 PLANKEY_ID=1147893381 field AUTO_SAMPLE_RATE_AMT",Dallas 75216 (Dallas County),AMICA PROPERTY AND CASUALTY INSURANCE COMPANY,tx-pleasure,3117
tx-2025,TX,2025,https://www.helpinsure.com/auto.html,"raw/api/autoResults_75216_pleasure.json (POST https://www.helpinsure.com/api/autoResults, body in raw/api/manifest.json); record RPTG_INSR_ID=205 PLANKEY_ID=1148707269 field AUTO_SAMPLE_RATE_AMT",Dallas 75216 (Dallas County),DAIRYLAND COUNTY MUTUAL INSURANCE COMPANY OF TEXAS,tx-pleasure,3150
tx-2025,TX,2025,https://www.helpinsure.com/auto.html,"raw/api/autoResults_75216_pleasure.json (POST https://www.helpinsure.com/api/autoResults, body in raw/api/manifest.json); record RPTG_INSR_ID=45 PLANKEY_ID=1159688709 field AUTO_SAMPLE_RATE_AMT",Dallas 75216 (Dallas County),"SENTINEL INSURANCE COMPANY, LTD.",tx-pleasure,3968
tx-2025,TX,2025,https://www.helpinsure.com/auto.html,"raw/api/autoResults_75216_pleasure.json (POST https://www.helpinsure.com/api/autoResults, body in raw/api/manifest.json); record RPTG_INSR_ID=212 PLANKEY_ID=1158467877 field AUTO_SAMPLE_RATE_AMT",Dallas 75216 (Dallas County),ENCOMPASS INDEPENDENT INSURANCE COMPANY,tx-pleasure,4255
tx-2025,TX,2025,https://www.helpinsure.com/auto.html,"raw/api/autoResults_75216_speeding.json (POST https://www.helpinsure.com/api/autoResults, body in raw/api/manifest.json); record RPTG_INSR_ID=21 PLANKEY_ID=1152094589 field AUTO_SAMPLE_RATE_AMT",Dallas 75216 (Dallas County),FARMERS TEXAS COUNTY MUTUAL INSURANCE COMPANY,tx-speeding,588
tx-2025,TX,2025,https://www.helpinsure.com/auto.html,"raw/api/autoResults_75216_speeding.json (POST https://www.helpinsure.com/api/autoResults, body in raw/api/manifest.json); record RPTG_INSR_ID=56 PLANKEY_ID=1156840109 field AUTO_SAMPLE_RATE_AMT",Dallas 75216 (Dallas County),UNITED SERVICES AUTOMOBILE ASSOCIATION,tx-speeding,748
tx-2025,TX,2025,https://www.helpinsure.com/auto.html,"raw/api/autoResults_75216_speeding.json (POST https://www.helpinsure.com/api/autoResults, body in raw/api/manifest.json); record RPTG_INSR_ID=119 PLANKEY_ID=1157247053 field AUTO_SAMPLE_RATE_AMT",Dallas 75216 (Dallas County),USAA CASUALTY INSURANCE COMPANY,tx-speeding,803
tx-2025,TX,2025,https://www.helpinsure.com/auto.html,"raw/api/autoResults_75216_speeding.json (POST https://www.helpinsure.com/api/autoResults, body in raw/api/manifest.json); record RPTG_INSR_ID=283 PLANKEY_ID=1161316493 field AUTO_SAMPLE_RATE_AMT",Dallas 75216 (Dallas County),GEICO TEXAS COUNTY MUTUAL INSURANCE COMPANY / MGA: Voyager Corporation,tx-speeding,819
tx-2025,TX,2025,https://www.helpinsure.com/auto.html,"raw/api/autoResults_75216_speeding.json (POST https://www.helpinsure.com/api/autoResults, body in raw/api/manifest.json); record RPTG_INSR_ID=282 PLANKEY_ID=1160095661 field AUTO_SAMPLE_RATE_AMT",Dallas 75216 (Dallas County),GEICO TEXAS COUNTY MUTUAL INSURANCE COMPANY / MGA: Horizon Corporation,tx-speeding,841
tx-2025,TX,2025,https://www.helpinsure.com/auto.html,"raw/api/autoResults_75216_speeding.json (POST https://www.helpinsure.com/api/autoResults, body in raw/api/manifest.json); record RPTG_INSR_ID=281 PLANKEY_ID=1160909549 field AUTO_SAMPLE_RATE_AMT",Dallas 75216 (Dallas County),GEICO TEXAS COUNTY MUTUAL INSURANCE COMPANY / MGA: Perspective Corporation,tx-speeding,881
tx-2025,TX,2025,https://www.helpinsure.com/auto.html,"raw/api/autoResults_75216_speeding.json (POST https://www.helpinsure.com/api/autoResults, body in raw/api/manifest.json); record RPTG_INSR_ID=118 PLANKEY_ID=1157653997 field AUTO_SAMPLE_RATE_AMT",Dallas 75216 (Dallas County),USAA GENERAL INDEMNITY COMPANY,tx-speeding,888
tx-2025,TX,2025,https://www.helpinsure.com/auto.html,"raw/api/autoResults_75216_speeding.json (POST https://www.helpinsure.com/api/autoResults, body in raw/api/manifest.json); record RPTG_INSR_ID=112 PLANKEY_ID=1156027517 field AUTO_SAMPLE_RATE_AMT",Dallas 75216 (Dallas County),GARRISON PROPERTY AND CASUALTY INSURANCE COMPANY,tx-speeding,938
tx-2025,TX,2025,https://www.helpinsure.com/auto.html,"raw/api/autoResults_75216_speeding.json (POST https://www.helpinsure.com/api/autoResults, body in raw/api/manifest.json); record RPTG_INSR_ID=102 PLANKEY_ID=1163485349 field AUTO_SAMPLE_RATE_AMT",Dallas 75216 (Dallas County),PROGRESSIVE COUNTY MUTUAL INSURANCE COMPANY / MGA: PROGRESSIVE COUNTY MUTUAL - DIRECT RATES,tx-speeding,1077
tx-2025,TX,2025,https://www.helpinsure.com/auto.html,"raw/api/autoResults_75216_speeding.json (POST https://www.helpinsure.com/api/autoResults, body in raw/api/manifest.json); record RPTG_INSR_ID=41 PLANKEY_ID=1163079701 field AUTO_SAMPLE_RATE_AMT",Dallas 75216 (Dallas County),PROGRESSIVE COUNTY MUTUAL INSURANCE COMPANY,tx-speeding,1188
tx-2025,TX,2025,https://www.helpinsure.com/auto.html,"raw/api/autoResults_75216_speeding.json (POST https://www.helpinsure.com/api/autoResults, body in raw/api/manifest.json); record RPTG_INSR_ID=6 PLANKEY_ID=1164840533 field AUTO_SAMPLE_RATE_AMT",Dallas 75216 (Dallas County),ALLSTATE FIRE AND CASUALTY INSURANCE COMPANY,tx-speeding,1202
tx-2025,TX,2025,https://www.helpinsure.com/auto.html,"raw/api/autoResults_75216_speeding.json (POST https://www.helpinsure.com/api/autoResults, body in raw/api/manifest.json); record RPTG_INSR_ID=50 PLANKEY_ID=1149655517 field AUTO_SAMPLE_RATE_AMT",Dallas 75216 (Dallas County),STATE FARM MUTUAL AUTOMOBILE INSURANCE COMPANY,tx-speeding,1206
tx-2025,TX,2025,https://www.helpinsure.com/auto.html,"raw/api/autoResults_75216_speeding.json (POST https://www.helpinsure.com/api/autoResults, body in raw/api/manifest.json); record RPTG_INSR_ID=138 PLANKEY_ID=1153314773 field AUTO_SAMPLE_RATE_AMT",Dallas 75216 (Dallas County),INFINITY COUNTY MUTUAL INSURANCE COMPANY,tx-speeding,1213
tx-2025,TX,2025,https://www.helpinsure.com/auto.html,"raw/api/autoResults_75216_speeding.json (POST https://www.helpinsure.com/api/autoResults, body in raw/api/manifest.json); record RPTG_INSR_ID=238 PLANKEY_ID=1164297941 field AUTO_SAMPLE_RATE_AMT",Dallas 75216 (Dallas County),MID-CENTURY INSURANCE COMPANY OF TEXAS,tx-speeding,1260
tx-2025,TX,2025,https://www.helpinsure.com/auto.html,"raw/api/autoResults_75216_speeding.json (POST https://www.helpinsure.com/api/autoResults, body in raw/api/manifest.json); record RPTG_INSR_ID=246 PLANKEY_ID=1162265813 field AUTO_SAMPLE_RATE_AMT",Dallas 75216 (Dallas County),GEICO TEXAS COUNTY MUTUAL INSURANCE COMPANY / MGA: Endeavor Corporation,tx-speeding,1267
tx-2025,TX,2025,https://www.helpinsure.com/auto.html,"raw/api/autoResults_75216_speeding.json (POST https://www.helpinsure.com/api/autoResults, body in raw/api/manifest.json); record RPTG_INSR_ID=5 PLANKEY_ID=1152907829 field AUTO_SAMPLE_RATE_AMT",Dallas 75216 (Dallas County),ALLSTATE COUNTY MUTUAL INSURANCE COMPANY,tx-speeding,1370
tx-2025,TX,2025,https://www.helpinsure.com/auto.html,"raw/api/autoResults_75216_speeding.json (POST https://www.helpinsure.com/api/autoResults, body in raw/api/manifest.json); record RPTG_INSR_ID=173 PLANKEY_ID=1151687645 field AUTO_SAMPLE_RATE_AMT",Dallas 75216 (Dallas County),ECONOMY FIRE & CASUALTY COMPANY,tx-speeding,1489
tx-2025,TX,2025,https://www.helpinsure.com/auto.html,"raw/api/autoResults_75216_speeding.json (POST https://www.helpinsure.com/api/autoResults, body in raw/api/manifest.json); record RPTG_INSR_ID=124 PLANKEY_ID=1165247477 field AUTO_SAMPLE_RATE_AMT",Dallas 75216 (Dallas County),CONSUMERS COUNTY MUTUAL INSURANCE COMPANY,tx-speeding,1554
tx-2025,TX,2025,https://www.helpinsure.com/auto.html,"raw/api/autoResults_75216_speeding.json (POST https://www.helpinsure.com/api/autoResults, body in raw/api/manifest.json); record RPTG_INSR_ID=16 PLANKEY_ID=1151280701 field AUTO_SAMPLE_RATE_AMT",Dallas 75216 (Dallas County),CONSUMERS COUNTY MUTUAL INSURANCE COMPANY / MGA: Travelers Quantum Auto 2.0 Program,tx-speeding,1554
tx-2025,TX,2025,https://www.helpinsure.com/auto.html,"raw/api/autoResults_75216_speeding.json (POST https://www.helpinsure.com/api/autoResults, body in raw/api/manifest.json); record RPTG_INSR_ID=175 PLANKEY_ID=1163890997 field AUTO_SAMPLE_RATE_AMT",Dallas 75216 (Dallas County),FARMERS PROPERTY AND CASUALTY INSURANCE COMPANY,tx-speeding,1648
tx-2025,TX,2025,https://www.helpinsure.com/auto.html,"raw/api/autoResults_75216_speeding.json (POST https://www.helpinsure.com/api/autoResults, body in raw/api/manifest.json); record RPTG_INSR_ID=104 PLANKEY_ID=1164697937 field AUTO_SAMPLE_RATE_AMT",Dallas 75216 (Dallas County),TEXAS AUTOMOBILE INSURANCE PLAN ASSOCIATION,tx-speeding,1654
tx-2025,TX,2025,https://www.helpinsure.com/auto.html,"raw/api/autoResults_75216_speeding.json (POST https://www.helpinsure.com/api/autoResults, body in raw/api/manifest.json); record RPTG_INSR_ID=219 PLANKEY_ID=1153714769 field AUTO_SAMPLE_RATE_AMT",Dallas 75216 (Dallas County),AMERICAN ACCESS CASUALTY COMPANY,tx-speeding,1786
tx-2025,TX,2025,https://www.helpinsure.com/auto.html,"raw/api/autoResults_75216_speeding.json (POST https://www.helpinsure.com/api/autoResults, body in raw/api/manifest.json); record RPTG_INSR_ID=48 PLANKEY_ID=1150061165 field AUTO_SAMPLE_RATE_AMT",Dallas 75216 (Dallas County),STATE FARM COUNTY MUTUAL INSURANCE COMPANY OF TEXAS,tx-speeding,1920
tx-2025,TX,2025,https://www.helpinsure.com/auto.html,"raw/api/autoResults_75216_speeding.json (POST https://www.helpinsure.com/api/autoResults, body in raw/api/manifest.json); record RPTG_INSR_ID=32 PLANKEY_ID=1150466813 field AUTO_SAMPLE_RATE_AMT",Dallas 75216 (Dallas County),MERCURY COUNTY MUTUAL INSURANCE COMPANY,tx-speeding,1948
tx-2025,TX,2025,https://www.helpinsure.com/auto.html,"raw/api/autoResults_75216_speeding.json (POST https://www.helpinsure.com/api/autoResults, body in raw/api/manifest.json); record RPTG_INSR_ID=33 PLANKEY_ID=1158060941 field AUTO_SAMPLE_RATE_AMT",Dallas 75216 (Dallas County),FARMERS LLOYDS INSURANCE COMPANY OF TEXAS,tx-speeding,2002
tx-2025,TX,2025,https://www.helpinsure.com/auto.html,"raw/api/autoResults_75216_speeding.json (POST https://www.helpinsure.com/api/autoResults, body in raw/api/manifest.json); record RPTG_INSR_ID=1 PLANKEY_ID=1148300333 field AUTO_SAMPLE_RATE_AMT",Dallas 75216 (Dallas County),AUTO CLUB COUNTY MUTUAL INSURANCE COMPANY,tx-speeding,2041
tx-2025,TX,2025,https://www.helpinsure.com/auto.html,"raw/api/autoResults_75216_speeding.json (POST https://www.helpinsure.com/api/autoResults, body in raw/api/manifest.json); record RPTG_INSR_ID=215 PLANKEY_ID=1149512921 field AUTO_SAMPLE_RATE_AMT",Dallas 75216 (Dallas County),"MGA INSURANCE COMPANY, INC.",tx-speeding,2203
tx-2025,TX,2025,https://www.helpinsure.com/auto.html,"raw/api/autoResults_75216_speeding.json (POST https://www.helpinsure.com/api/autoResults, body in raw/api/manifest.json); record RPTG_INSR_ID=209 PLANKEY_ID=1158874829 field AUTO_SAMPLE_RATE_AMT",Dallas 75216 (Dallas County),AMERICAN FAMILY CONNECT PROPERTY AND CASUALTY INSURANCE COMPANY,tx-speeding,2236
tx-2025,TX,2025,https://www.helpinsure.com/auto.html,"raw/api/autoResults_75216_speeding.json (POST https://www.helpinsure.com/api/autoResults, body in raw/api/manifest.json); record RPTG_INSR_ID=140 PLANKEY_ID=1152501533 field AUTO_SAMPLE_RATE_AMT",Dallas 75216 (Dallas County),FOREMOST COUNTY MUTUAL INSURANCE COMPANY,tx-speeding,2297
tx-2025,TX,2025,https://www.helpinsure.com/auto.html,"raw/api/autoResults_75216_speeding.json (POST https://www.helpinsure.com/api/autoResults, body in raw/api/manifest.json); record RPTG_INSR_ID=123 PLANKEY_ID=1159281773 field AUTO_SAMPLE_RATE_AMT",Dallas 75216 (Dallas County),AMICA MUTUAL INSURANCE COMPANY,tx-speeding,2955
tx-2025,TX,2025,https://www.helpinsure.com/auto.html,"raw/api/autoResults_75216_speeding.json (POST https://www.helpinsure.com/api/autoResults, body in raw/api/manifest.json); record RPTG_INSR_ID=142 PLANKEY_ID=1150884773 field AUTO_SAMPLE_RATE_AMT",Dallas 75216 (Dallas County),"COLONIAL COUNTY MUTUAL INSURANCE COMPANY / MGA: Titan Insurance Services, Inc.",tx-speeding,3160
tx-2025,TX,2025,https://www.helpinsure.com/auto.html,"raw/api/autoResults_75216_speeding.json (POST https://www.helpinsure.com/api/autoResults, body in raw/api/manifest.json); record RPTG_INSR_ID=161 PLANKEY_ID=1147893389 field AUTO_SAMPLE_RATE_AMT",Dallas 75216 (Dallas County),AMICA PROPERTY AND CASUALTY INSURANCE COMPANY,tx-speeding,3178
tx-2025,TX,2025,https://www.helpinsure.com/auto.html,"raw/api/autoResults_75216_speeding.json (POST https://www.helpinsure.com/api/autoResults, body in raw/api/manifest.json); record RPTG_INSR_ID=155 PLANKEY_ID=1162672757 field AUTO_SAMPLE_RATE_AMT",Dallas 75216 (Dallas County),LIBERTY COUNTY MUTUAL INSURANCE COMPANY / MGA: Safeco General Agency (Safeco),tx-speeding,3866
tx-2025,TX,2025,https://www.helpinsure.com/auto.html,"raw/api/autoResults_75216_speeding.json (POST https://www.helpinsure.com/api/autoResults, body in raw/api/manifest.json); record RPTG_INSR_ID=205 PLANKEY_ID=1148707277 field AUTO_SAMPLE_RATE_AMT",Dallas 75216 (Dallas County),DAIRYLAND COUNTY MUTUAL INSURANCE COMPANY OF TEXAS,tx-speeding,4240
tx-2025,TX,2025,https://www.helpinsure.com/auto.html,"raw/api/autoResults_75216_speeding.json (POST https://www.helpinsure.com/api/autoResults, body in raw/api/manifest.json); record RPTG_INSR_ID=212 PLANKEY_ID=1158467885 field AUTO_SAMPLE_RATE_AMT",Dallas 75216 (Dallas County),ENCOMPASS INDEPENDENT INSURANCE COMPANY,tx-speeding,4255
tx-2025,TX,2025,https://www.helpinsure.com/auto.html,"raw/api/autoResults_75216_speeding.json (POST https://www.helpinsure.com/api/autoResults, body in raw/api/manifest.json); record RPTG_INSR_ID=45 PLANKEY_ID=1159688717 field AUTO_SAMPLE_RATE_AMT",Dallas 75216 (Dallas County),"SENTINEL INSURANCE COMPANY, LTD.",tx-speeding,4940
tx-2025,TX,2025,https://www.helpinsure.com/auto.html,"raw/api/autoResults_75216_truck.json (POST https://www.helpinsure.com/api/autoResults, body in raw/api/manifest.json); record RPTG_INSR_ID=283 PLANKEY_ID=1161519966 field AUTO_SAMPLE_RATE_AMT",Dallas 75216 (Dallas County),GEICO TEXAS COUNTY MUTUAL INSURANCE COMPANY / MGA: Voyager Corporation,tx-truck,475
tx-2025,TX,2025,https://www.helpinsure.com/auto.html,"raw/api/autoResults_75216_truck.json (POST https://www.helpinsure.com/api/autoResults, body in raw/api/manifest.json); record RPTG_INSR_ID=282 PLANKEY_ID=1160299134 field AUTO_SAMPLE_RATE_AMT",Dallas 75216 (Dallas County),GEICO TEXAS COUNTY MUTUAL INSURANCE COMPANY / MGA: Horizon Corporation,tx-truck,483
tx-2025,TX,2025,https://www.helpinsure.com/auto.html,"raw/api/autoResults_75216_truck.json (POST https://www.helpinsure.com/api/autoResults, body in raw/api/manifest.json); record RPTG_INSR_ID=281 PLANKEY_ID=1161113022 field AUTO_SAMPLE_RATE_AMT",Dallas 75216 (Dallas County),GEICO TEXAS COUNTY MUTUAL INSURANCE COMPANY / MGA: Perspective Corporation,tx-truck,504
tx-2025,TX,2025,https://www.helpinsure.com/auto.html,"raw/api/autoResults_75216_truck.json (POST https://www.helpinsure.com/api/autoResults, body in raw/api/manifest.json); record RPTG_INSR_ID=21 PLANKEY_ID=1152298062 field AUTO_SAMPLE_RATE_AMT",Dallas 75216 (Dallas County),FARMERS TEXAS COUNTY MUTUAL INSURANCE COMPANY,tx-truck,536
tx-2025,TX,2025,https://www.helpinsure.com/auto.html,"raw/api/autoResults_75216_truck.json (POST https://www.helpinsure.com/api/autoResults, body in raw/api/manifest.json); record RPTG_INSR_ID=138 PLANKEY_ID=1153518246 field AUTO_SAMPLE_RATE_AMT",Dallas 75216 (Dallas County),INFINITY COUNTY MUTUAL INSURANCE COMPANY,tx-truck,635
tx-2025,TX,2025,https://www.helpinsure.com/auto.html,"raw/api/autoResults_75216_truck.json (POST https://www.helpinsure.com/api/autoResults, body in raw/api/manifest.json); record RPTG_INSR_ID=56 PLANKEY_ID=1157043582 field AUTO_SAMPLE_RATE_AMT",Dallas 75216 (Dallas County),UNITED SERVICES AUTOMOBILE ASSOCIATION,tx-truck,669
tx-2025,TX,2025,https://www.helpinsure.com/auto.html,"raw/api/autoResults_75216_truck.json (POST https://www.helpinsure.com/api/autoResults, body in raw/api/manifest.json); record RPTG_INSR_ID=119 PLANKEY_ID=1157450526 field AUTO_SAMPLE_RATE_AMT",Dallas 75216 (Dallas County),USAA CASUALTY INSURANCE COMPANY,tx-truck,717
tx-2025,TX,2025,https://www.helpinsure.com/auto.html,"raw/api/autoResults_75216_truck.json (POST https://www.helpinsure.com/api/autoResults, body in raw/api/manifest.json); record RPTG_INSR_ID=118 PLANKEY_ID=1157857470 field AUTO_SAMPLE_RATE_AMT",Dallas 75216 (Dallas County),USAA GENERAL INDEMNITY COMPANY,tx-truck,793
tx-2025,TX,2025,https://www.helpinsure.com/auto.html,"raw/api/autoResults_75216_truck.json (POST https://www.helpinsure.com/api/autoResults, body in raw/api/manifest.json); record RPTG_INSR_ID=112 PLANKEY_ID=1156230990 field AUTO_SAMPLE_RATE_AMT",Dallas 75216 (Dallas County),GARRISON PROPERTY AND CASUALTY INSURANCE COMPANY,tx-truck,837
tx-2025,TX,2025,https://www.helpinsure.com/auto.html,"raw/api/autoResults_75216_truck.json (POST https://www.helpinsure.com/api/autoResults, body in raw/api/manifest.json); record RPTG_INSR_ID=246 PLANKEY_ID=1162469286 field AUTO_SAMPLE_RATE_AMT",Dallas 75216 (Dallas County),GEICO TEXAS COUNTY MUTUAL INSURANCE COMPANY / MGA: Endeavor Corporation,tx-truck,902
tx-2025,TX,2025,https://www.helpinsure.com/auto.html,"raw/api/autoResults_75216_truck.json (POST https://www.helpinsure.com/api/autoResults, body in raw/api/manifest.json); record RPTG_INSR_ID=6 PLANKEY_ID=1165044006 field AUTO_SAMPLE_RATE_AMT",Dallas 75216 (Dallas County),ALLSTATE FIRE AND CASUALTY INSURANCE COMPANY,tx-truck,1015
tx-2025,TX,2025,https://www.helpinsure.com/auto.html,"raw/api/autoResults_75216_truck.json (POST https://www.helpinsure.com/api/autoResults, body in raw/api/manifest.json); record RPTG_INSR_ID=102 PLANKEY_ID=1163688174 field AUTO_SAMPLE_RATE_AMT",Dallas 75216 (Dallas County),PROGRESSIVE COUNTY MUTUAL INSURANCE COMPANY / MGA: PROGRESSIVE COUNTY MUTUAL - DIRECT RATES,tx-truck,1087
tx-2025,TX,2025,https://www.helpinsure.com/auto.html,"raw/api/autoResults_75216_truck.json (POST https://www.helpinsure.com/api/autoResults, body in raw/api/manifest.json); record RPTG_INSR_ID=41 PLANKEY_ID=1163282526 field AUTO_SAMPLE_RATE_AMT",Dallas 75216 (Dallas County),PROGRESSIVE COUNTY MUTUAL INSURANCE COMPANY,tx-truck,1163
tx-2025,TX,2025,https://www.helpinsure.com/auto.html,"raw/api/autoResults_75216_truck.json (POST https://www.helpinsure.com/api/autoResults, body in raw/api/manifest.json); record RPTG_INSR_ID=50 PLANKEY_ID=1149858342 field AUTO_SAMPLE_RATE_AMT",Dallas 75216 (Dallas County),STATE FARM MUTUAL AUTOMOBILE INSURANCE COMPANY,tx-truck,1234
tx-2025,TX,2025,https://www.helpinsure.com/auto.html,"raw/api/autoResults_75216_truck.json (POST https://www.helpinsure.com/api/autoResults, body in raw/api/manifest.json); record RPTG_INSR_ID=238 PLANKEY_ID=1164501414 field AUTO_SAMPLE_RATE_AMT",Dallas 75216 (Dallas County),MID-CENTURY INSURANCE COMPANY OF TEXAS,tx-truck,1286
tx-2025,TX,2025,https://www.helpinsure.com/auto.html,"raw/api/autoResults_75216_truck.json (POST https://www.helpinsure.com/api/autoResults, body in raw/api/manifest.json); record RPTG_INSR_ID=32 PLANKEY_ID=1150670286 field AUTO_SAMPLE_RATE_AMT",Dallas 75216 (Dallas County),MERCURY COUNTY MUTUAL INSURANCE COMPANY,tx-truck,1335
tx-2025,TX,2025,https://www.helpinsure.com/auto.html,"raw/api/autoResults_75216_truck.json (POST https://www.helpinsure.com/api/autoResults, body in raw/api/manifest.json); record RPTG_INSR_ID=104 PLANKEY_ID=1164765762 field AUTO_SAMPLE_RATE_AMT",Dallas 75216 (Dallas County),TEXAS AUTOMOBILE INSURANCE PLAN ASSOCIATION,tx-truck,1438
tx-2025,TX,2025,https://www.helpinsure.com/auto.html,"raw/api/autoResults_75216_truck.json (POST https://www.helpinsure.com/api/autoResults, body in raw/api/manifest.json); record RPTG_INSR_ID=173 PLANKEY_ID=1151891118 field AUTO_SAMPLE_RATE_AMT",Dallas 75216 (Dallas County),ECONOMY FIRE & CASUALTY COMPANY,tx-truck,1473
tx-2025,TX,2025,https://www.helpinsure.com/auto.html,"raw/api/autoResults_75216_truck.json (POST https://www.helpinsure.com/api/autoResults, body in raw/api/manifest.json); record RPTG_INSR_ID=124 PLANKEY_ID=1165450950 field AUTO_SAMPLE_RATE_AMT",Dallas 75216 (Dallas County),CONSUMERS COUNTY MUTUAL INSURANCE COMPANY,tx-truck,1504
tx-2025,TX,2025,https://www.helpinsure.com/auto.html,"raw/api/autoResults_75216_truck.json (POST https://www.helpinsure.com/api/autoResults, body in raw/api/manifest.json); record RPTG_INSR_ID=16 PLANKEY_ID=1151484174 field AUTO_SAMPLE_RATE_AMT",Dallas 75216 (Dallas County),CONSUMERS COUNTY MUTUAL INSURANCE COMPANY / MGA: Travelers Quantum Auto 2.0 Program,tx-truck,1504
tx-2025,TX,2025,https://www.helpinsure.com/auto.html,"raw/api/autoResults_75216_truck.json (POST https://www.helpinsure.com/api/autoResults, body in raw/api/manifest.json); record RPTG_INSR_ID=1 PLANKEY_ID=1148503806 field AUTO_SAMPLE_RATE_AMT",Dallas 75216 (Dallas County),AUTO CLUB COUNTY MUTUAL INSURANCE COMPANY,tx-truck,1509
tx-2025,TX,2025,https://www.helpinsure.com/auto.html,"raw/api/autoResults_75216_truck.json (POST https://www.helpinsure.com/api/autoResults, body in raw/api/manifest.json); record RPTG_INSR_ID=48 PLANKEY_ID=1150263990 field AUTO_SAMPLE_RATE_AMT",Dallas 75216 (Dallas County),STATE FARM COUNTY MUTUAL INSURANCE COMPANY OF TEXAS,tx-truck,1547
tx-2025,TX,2025,https://www.helpinsure.com/auto.html,"raw/api/autoResults_75216_truck.json (POST https://www.helpinsure.com/api/autoResults, body in raw/api/manifest.json); record RPTG_INSR_ID=175 PLANKEY_ID=1164094470 field AUTO_SAMPLE_RATE_AMT",Dallas 75216 (Dallas County),FARMERS PROPERTY AND CASUALTY INSURANCE COMPANY,tx-truck,1646
tx-2025,TX,2025,https://www.helpinsure.com/auto.html,"raw/api/autoResults_75216_truck.json (POST https://www.helpinsure.com/api/autoResults, body in raw/api/manifest.json); record RPTG_INSR_ID=215 PLANKEY_ID=1149580746 field AUTO_SAMPLE_RATE_AMT",Dallas 75216 (Dallas County),"MGA INSURANCE COMPANY, INC.",tx-truck,1909
tx-2025,TX,2025,https://www.helpinsure.com/auto.html,"raw/api/autoResults_75216_truck.json (POST https://www.helpinsure.com/api/autoResults, body in raw/api/manifest.json); record RPTG_INSR_ID=33 PLANKEY_ID=1158264414 field AUTO_SAMPLE_RATE_AMT",Dallas 75216 (Dallas County),FARMERS LLOYDS INSURANCE COMPANY OF TEXAS,tx-truck,1978
tx-2025,TX,2025,https://www.helpinsure.com/auto.html,"raw/api/autoResults_75216_truck.json (POST https://www.helpinsure.com/api/autoResults, body in raw/api/manifest.json); record RPTG_INSR_ID=209 PLANKEY_ID=1159078302 field AUTO_SAMPLE_RATE_AMT",Dallas 75216 (Dallas County),AMERICAN FAMILY CONNECT PROPERTY AND CASUALTY INSURANCE COMPANY,tx-truck,1988
tx-2025,TX,2025,https://www.helpinsure.com/auto.html,"raw/api/autoResults_75216_truck.json (POST https://www.helpinsure.com/api/autoResults, body in raw/api/manifest.json); record RPTG_INSR_ID=140 PLANKEY_ID=1152705006 field AUTO_SAMPLE_RATE_AMT",Dallas 75216 (Dallas County),FOREMOST COUNTY MUTUAL INSURANCE COMPANY,tx-truck,2032
tx-2025,TX,2025,https://www.helpinsure.com/auto.html,"raw/api/autoResults_75216_truck.json (POST https://www.helpinsure.com/api/autoResults, body in raw/api/manifest.json); record RPTG_INSR_ID=219 PLANKEY_ID=1153782594 field AUTO_SAMPLE_RATE_AMT",Dallas 75216 (Dallas County),AMERICAN ACCESS CASUALTY COMPANY,tx-truck,2039
tx-2025,TX,2025,https://www.helpinsure.com/auto.html,"raw/api/autoResults_75216_truck.json (POST https://www.helpinsure.com/api/autoResults, body in raw/api/manifest.json); record RPTG_INSR_ID=5 PLANKEY_ID=1153111302 field AUTO_SAMPLE_RATE_AMT",Dallas 75216 (Dallas County),ALLSTATE COUNTY MUTUAL INSURANCE COMPANY,tx-truck,2676
tx-2025,TX,2025,https://www.helpinsure.com/auto.html,"raw/api/autoResults_75216_truck.json (POST https://www.helpinsure.com/api/autoResults, body in raw/api/manifest.json); record RPTG_INSR_ID=155 PLANKEY_ID=1162876230 field AUTO_SAMPLE_RATE_AMT",Dallas 75216 (Dallas County),LIBERTY COUNTY MUTUAL INSURANCE COMPANY / MGA: Safeco General Agency (Safeco),tx-truck,2748
tx-2025,TX,2025,https://www.helpinsure.com/auto.html,"raw/api/autoResults_75216_truck.json (POST https://www.helpinsure.com/api/autoResults, body in raw/api/manifest.json); record RPTG_INSR_ID=205 PLANKEY_ID=1148910102 field AUTO_SAMPLE_RATE_AMT",Dallas 75216 (Dallas County),DAIRYLAND COUNTY MUTUAL INSURANCE COMPANY OF TEXAS,tx-truck,2981
tx-2025,TX,2025,https://www.helpinsure.com/auto.html,"raw/api/autoResults_75216_truck.json (POST https://www.helpinsure.com/api/autoResults, body in raw/api/manifest.json); record RPTG_INSR_ID=123 PLANKEY_ID=1159485246 field AUTO_SAMPLE_RATE_AMT",Dallas 75216 (Dallas County),AMICA MUTUAL INSURANCE COMPANY,tx-truck,2996
tx-2025,TX,2025,https://www.helpinsure.com/auto.html,"raw/api/autoResults_75216_truck.json (POST https://www.helpinsure.com/api/autoResults, body in raw/api/manifest.json); record RPTG_INSR_ID=161 PLANKEY_ID=1148096862 field AUTO_SAMPLE_RATE_AMT",Dallas 75216 (Dallas County),AMICA PROPERTY AND CASUALTY INSURANCE COMPANY,tx-truck,3221
tx-2025,TX,2025,https://www.helpinsure.com/auto.html,"raw/api/autoResults_75216_truck.json (POST https://www.helpinsure.com/api/autoResults, body in raw/api/manifest.json); record RPTG_INSR_ID=212 PLANKEY_ID=1158671358 field AUTO_SAMPLE_RATE_AMT",Dallas 75216 (Dallas County),ENCOMPASS INDEPENDENT INSURANCE COMPANY,tx-truck,4548
tx-2025,TX,2025,https://www.helpinsure.com/auto.html,"raw/api/autoResults_75216_truck.json (POST https://www.helpinsure.com/api/autoResults, body in raw/api/manifest.json); record RPTG_INSR_ID=45 PLANKEY_ID=1159892190 field AUTO_SAMPLE_RATE_AMT",Dallas 75216 (Dallas County),"SENTINEL INSURANCE COMPANY, LTD.",tx-truck,4774
tx-2025,TX,2025,https://www.helpinsure.com/auto.html,"raw/api/autoResults_77036_accident.json (POST https://www.helpinsure.com/api/autoResults, body in raw/api/manifest.json); record RPTG_INSR_ID=21 PLANKEY_ID=1152163276 field AUTO_SAMPLE_RATE_AMT",Houston 77036 (Harris County),FARMERS TEXAS COUNTY MUTUAL INSURANCE COMPANY,tx-accident,932
tx-2025,TX,2025,https://www.helpinsure.com/auto.html,"raw/api/autoResults_77036_accident.json (POST https://www.helpinsure.com/api/autoResults, body in raw/api/manifest.json); record RPTG_INSR_ID=56 PLANKEY_ID=1156908796 field AUTO_SAMPLE_RATE_AMT",Houston 77036 (Harris County),UNITED SERVICES AUTOMOBILE ASSOCIATION,tx-accident,1229
tx-2025,TX,2025,https://www.helpinsure.com/auto.html,"raw/api/autoResults_77036_accident.json (POST https://www.helpinsure.com/api/autoResults, body in raw/api/manifest.json); record RPTG_INSR_ID=119 PLANKEY_ID=1157315740 field AUTO_SAMPLE_RATE_AMT",Houston 77036 (Harris County),USAA CASUALTY INSURANCE COMPANY,tx-accident,1338
tx-2025,TX,2025,https://www.helpinsure.com/auto.html,"raw/api/autoResults_77036_accident.json (POST https://www.helpinsure.com/api/autoResults, body in raw/api/manifest.json); record RPTG_INSR_ID=50 PLANKEY_ID=1149723556 field AUTO_SAMPLE_RATE_AMT",Houston 77036 (Harris County),STATE FARM MUTUAL AUTOMOBILE INSURANCE COMPANY,tx-accident,1400
tx-2025,TX,2025,https://www.helpinsure.com/auto.html,"raw/api/autoResults_77036_accident.json (POST https://www.helpinsure.com/api/autoResults, body in raw/api/manifest.json); record RPTG_INSR_ID=118 PLANKEY_ID=1157722684 field AUTO_SAMPLE_RATE_AMT",Houston 77036 (Harris County),USAA GENERAL INDEMNITY COMPANY,tx-accident,1487
tx-2025,TX,2025,https://www.helpinsure.com/auto.html,"raw/api/autoResults_77036_accident.json (POST https://www.helpinsure.com/api/autoResults, body in raw/api/manifest.json); record RPTG_INSR_ID=283 PLANKEY_ID=1161385180 field AUTO_SAMPLE_RATE_AMT",Houston 77036 (Harris County),GEICO TEXAS COUNTY MUTUAL INSURANCE COMPANY / MGA: Voyager Corporation,tx-accident,1515
tx-2025,TX,2025,https://www.helpinsure.com/auto.html,"raw/api/autoResults_77036_accident.json (POST https://www.helpinsure.com/api/autoResults, body in raw/api/manifest.json); record RPTG_INSR_ID=102 PLANKEY_ID=1163553388 field AUTO_SAMPLE_RATE_AMT",Houston 77036 (Harris County),PROGRESSIVE COUNTY MUTUAL INSURANCE COMPANY / MGA: PROGRESSIVE COUNTY MUTUAL - DIRECT RATES,tx-accident,1530
tx-2025,TX,2025,https://www.helpinsure.com/auto.html,"raw/api/autoResults_77036_accident.json (POST https://www.helpinsure.com/api/autoResults, body in raw/api/manifest.json); record RPTG_INSR_ID=5 PLANKEY_ID=1152976516 field AUTO_SAMPLE_RATE_AMT",Houston 77036 (Harris County),ALLSTATE COUNTY MUTUAL INSURANCE COMPANY,tx-accident,1546
tx-2025,TX,2025,https://www.helpinsure.com/auto.html,"raw/api/autoResults_77036_accident.json (POST https://www.helpinsure.com/api/autoResults, body in raw/api/manifest.json); record RPTG_INSR_ID=282 PLANKEY_ID=1160164348 field AUTO_SAMPLE_RATE_AMT",Houston 77036 (Harris County),GEICO TEXAS COUNTY MUTUAL INSURANCE COMPANY / MGA: Horizon Corporation,tx-accident,1556
tx-2025,TX,2025,https://www.helpinsure.com/auto.html,"raw/api/autoResults_77036_accident.json (POST https://www.helpinsure.com/api/autoResults, body in raw/api/manifest.json); record RPTG_INSR_ID=112 PLANKEY_ID=1156096204 field AUTO_SAMPLE_RATE_AMT",Houston 77036 (Harris County),GARRISON PROPERTY AND CASUALTY INSURANCE COMPANY,tx-accident,1574
tx-2025,TX,2025,https://www.helpinsure.com/auto.html,"raw/api/autoResults_77036_accident.json (POST https://www.helpinsure.com/api/autoResults, body in raw/api/manifest.json); record RPTG_INSR_ID=281 PLANKEY_ID=1160978236 field AUTO_SAMPLE_RATE_AMT",Houston 77036 (Harris County),GEICO TEXAS COUNTY MUTUAL INSURANCE COMPANY / MGA: Perspective Corporation,tx-accident,1633
tx-2025,TX,2025,https://www.helpinsure.com/auto.html,"raw/api/autoResults_77036_accident.json (POST https://www.helpinsure.com/api/autoResults, body in raw/api/manifest.json); record RPTG_INSR_ID=104 PLANKEY_ID=1164720832 field AUTO_SAMPLE_RATE_AMT",Houston 77036 (Harris County),TEXAS AUTOMOBILE INSURANCE PLAN ASSOCIATION,tx-accident,1716
tx-2025,TX,2025,https://www.helpinsure.com/auto.html,"raw/api/autoResults_77036_accident.json (POST https://www.helpinsure.com/api/autoResults, body in raw/api/manifest.json); record RPTG_INSR_ID=6 PLANKEY_ID=1164909220 field AUTO_SAMPLE_RATE_AMT",Houston 77036 (Harris County),ALLSTATE FIRE AND CASUALTY INSURANCE COMPANY,tx-accident,1789
tx-2025,TX,2025,https://www.helpinsure.com/auto.html,"raw/api/autoResults_77036_accident.json (POST https://www.helpinsure.com/api/autoResults, body in raw/api/manifest.json); record RPTG_INSR_ID=41 PLANKEY_ID=1163147740 field AUTO_SAMPLE_RATE_AMT",Houston 77036 (Harris County),PROGRESSIVE COUNTY MUTUAL INSURANCE COMPANY,tx-accident,1886
tx-2025,TX,2025,https://www.helpinsure.com/auto.html,"raw/api/autoResults_77036_accident.json (POST https://www.helpinsure.com/api/autoResults, body in raw/api/manifest.json); record RPTG_INSR_ID=246 PLANKEY_ID=1162334500 field AUTO_SAMPLE_RATE_AMT",Houston 77036 (Harris County),GEICO TEXAS COUNTY MUTUAL INSURANCE COMPANY / MGA: Endeavor Corporation,tx-accident,2071
tx-2025,TX,2025,https://www.helpinsure.com/auto.html,"raw/api/autoResults_77036_accident.json (POST https://www.helpinsure.com/api/autoResults, body in raw/api/manifest.json); record RPTG_INSR_ID=48 PLANKEY_ID=1150129204 field AUTO_SAMPLE_RATE_AMT",Houston 77036 (Harris County),STATE FARM COUNTY MUTUAL INSURANCE COMPANY OF TEXAS,tx-accident,2112
tx-2025,TX,2025,https://www.helpinsure.com/auto.html,"raw/api/autoResults_77036_accident.json (POST https://www.helpinsure.com/api/autoResults, body in raw/api/manifest.json); record RPTG_INSR_ID=16 PLANKEY_ID=1151349388 field AUTO_SAMPLE_RATE_AMT",Houston 77036 (Harris County),CONSUMERS COUNTY MUTUAL INSURANCE COMPANY / MGA: Travelers Quantum Auto 2.0 Program,tx-accident,2146
tx-2025,TX,2025,https://www.helpinsure.com/auto.html,"raw/api/autoResults_77036_accident.json (POST https://www.helpinsure.com/api/autoResults, body in raw/api/manifest.json); record RPTG_INSR_ID=124 PLANKEY_ID=1165316164 field AUTO_SAMPLE_RATE_AMT",Houston 77036 (Harris County),CONSUMERS COUNTY MUTUAL INSURANCE COMPANY,tx-accident,2146
tx-2025,TX,2025,https://www.helpinsure.com/auto.html,"raw/api/autoResults_77036_accident.json (POST https://www.helpinsure.com/api/autoResults, body in raw/api/manifest.json); record RPTG_INSR_ID=238 PLANKEY_ID=1164366628 field AUTO_SAMPLE_RATE_AMT",Houston 77036 (Harris County),MID-CENTURY INSURANCE COMPANY OF TEXAS,tx-accident,2242
tx-2025,TX,2025,https://www.helpinsure.com/auto.html,"raw/api/autoResults_77036_accident.json (POST https://www.helpinsure.com/api/autoResults, body in raw/api/manifest.json); record RPTG_INSR_ID=138 PLANKEY_ID=1153383460 field AUTO_SAMPLE_RATE_AMT",Houston 77036 (Harris County),INFINITY COUNTY MUTUAL INSURANCE COMPANY,tx-accident,2336
tx-2025,TX,2025,https://www.helpinsure.com/auto.html,"raw/api/autoResults_77036_accident.json (POST https://www.helpinsure.com/api/autoResults, body in raw/api/manifest.json); record RPTG_INSR_ID=1 PLANKEY_ID=1148369020 field AUTO_SAMPLE_RATE_AMT",Houston 77036 (Harris County),AUTO CLUB COUNTY MUTUAL INSURANCE COMPANY,tx-accident,2591
tx-2025,TX,2025,https://www.helpinsure.com/auto.html,"raw/api/autoResults_77036_accident.json (POST https://www.helpinsure.com/api/autoResults, body in raw/api/manifest.json); record RPTG_INSR_ID=175 PLANKEY_ID=1163959684 field AUTO_SAMPLE_RATE_AMT",Houston 77036 (Harris County),FARMERS PROPERTY AND CASUALTY INSURANCE COMPANY,tx-accident,2792
tx-2025,TX,2025,https://www.helpinsure.com/auto.html,"raw/api/autoResults_77036_accident.json (POST https://www.helpinsure.com/api/autoResults, body in raw/api/manifest.json); record RPTG_INSR_ID=173 PLANKEY_ID=1151756332 field AUTO_SAMPLE_RATE_AMT",Houston 77036 (Harris County),ECONOMY FIRE & CASUALTY COMPANY,tx-accident,3008
tx-2025,TX,2025,https://www.helpinsure.com/auto.html,"raw/api/autoResults_77036_accident.json (POST https://www.helpinsure.com/api/autoResults, body in raw/api/manifest.json); record RPTG_INSR_ID=32 PLANKEY_ID=1150535500 field AUTO_SAMPLE_RATE_AMT",Houston 77036 (Harris County),MERCURY COUNTY MUTUAL INSURANCE COMPANY,tx-accident,3122
tx-2025,TX,2025,https://www.helpinsure.com/auto.html,"raw/api/autoResults_77036_accident.json (POST https://www.helpinsure.com/api/autoResults, body in raw/api/manifest.json); record RPTG_INSR_ID=219 PLANKEY_ID=1153737664 field AUTO_SAMPLE_RATE_AMT",Houston 77036 (Harris County),AMERICAN ACCESS CASUALTY COMPANY,tx-accident,3361
tx-2025,TX,2025,https://www.helpinsure.com/auto.html,"raw/api/autoResults_77036_accident.json (POST https://www.helpinsure.com/api/autoResults, body in raw/api/manifest.json); record RPTG_INSR_ID=209 PLANKEY_ID=1158943516 field AUTO_SAMPLE_RATE_AMT",Houston 77036 (Harris County),AMERICAN FAMILY CONNECT PROPERTY AND CASUALTY INSURANCE COMPANY,tx-accident,3550
tx-2025,TX,2025,https://www.helpinsure.com/auto.html,"raw/api/autoResults_77036_accident.json (POST https://www.helpinsure.com/api/autoResults, body in raw/api/manifest.json); record RPTG_INSR_ID=215 PLANKEY_ID=1149535816 field AUTO_SAMPLE_RATE_AMT",Houston 77036 (Harris County),"MGA INSURANCE COMPANY, INC.",tx-accident,4112
tx-2025,TX,2025,https://www.helpinsure.com/auto.html,"raw/api/autoResults_77036_accident.json (POST https://www.helpinsure.com/api/autoResults, body in raw/api/manifest.json); record RPTG_INSR_ID=123 PLANKEY_ID=1159350460 field AUTO_SAMPLE_RATE_AMT",Houston 77036 (Harris County),AMICA MUTUAL INSURANCE COMPANY,tx-accident,4124
tx-2025,TX,2025,https://www.helpinsure.com/auto.html,"raw/api/autoResults_77036_accident.json (POST https://www.helpinsure.com/api/autoResults, body in raw/api/manifest.json); record RPTG_INSR_ID=33 PLANKEY_ID=1158129628 field AUTO_SAMPLE_RATE_AMT",Houston 77036 (Harris County),FARMERS LLOYDS INSURANCE COMPANY OF TEXAS,tx-accident,4178
tx-2025,TX,2025,https://www.helpinsure.com/auto.html,"raw/api/autoResults_77036_accident.json (POST https://www.helpinsure.com/api/autoResults, body in raw/api/manifest.json); record RPTG_INSR_ID=161 PLANKEY_ID=1147962076 field AUTO_SAMPLE_RATE_AMT",Houston 77036 (Harris County),AMICA PROPERTY AND CASUALTY INSURANCE COMPANY,tx-accident,4391
tx-2025,TX,2025,https://www.helpinsure.com/auto.html,"raw/api/autoResults_77036_accident.json (POST https://www.helpinsure.com/api/autoResults, body in raw/api/manifest.json); record RPTG_INSR_ID=142 PLANKEY_ID=1151021500 field AUTO_SAMPLE_RATE_AMT",Houston 77036 (Harris County),"COLONIAL COUNTY MUTUAL INSURANCE COMPANY / MGA: Titan Insurance Services, Inc.",tx-accident,4469
tx-2025,TX,2025,https://www.helpinsure.com/auto.html,"raw/api/autoResults_77036_accident.json (POST https://www.helpinsure.com/api/autoResults, body in raw/api/manifest.json); record RPTG_INSR_ID=140 PLANKEY_ID=1152570220 field AUTO_SAMPLE_RATE_AMT",Houston 77036 (Harris County),FOREMOST COUNTY MUTUAL INSURANCE COMPANY,tx-accident,4937
tx-2025,TX,2025,https://www.helpinsure.com/auto.html,"raw/api/autoResults_77036_accident.json (POST https://www.helpinsure.com/api/autoResults, body in raw/api/manifest.json); record RPTG_INSR_ID=155 PLANKEY_ID=1162741444 field AUTO_SAMPLE_RATE_AMT",Houston 77036 (Harris County),LIBERTY COUNTY MUTUAL INSURANCE COMPANY / MGA: Safeco General Agency (Safeco),tx-accident,5023
tx-2025,TX,2025,https://www.helpinsure.com/auto.html,"raw/api/autoResults_77036_accident.json (POST https://www.helpinsure.com/api/autoResults, body in raw/api/manifest.json); record RPTG_INSR_ID=45 PLANKEY_ID=1159757404 field AUTO_SAMPLE_RATE_AMT",Houston 77036 (Harris County),"SENTINEL INSURANCE COMPANY, LTD.",tx-accident,5074
tx-2025,TX,2025,https://www.helpinsure.com/auto.html,"raw/api/autoResults_77036_accident.json (POST https://www.helpinsure.com/api/autoResults, body in raw/api/manifest.json); record RPTG_INSR_ID=205 PLANKEY_ID=1148775964 field AUTO_SAMPLE_RATE_AMT",Houston 77036 (Harris County),DAIRYLAND COUNTY MUTUAL INSURANCE COMPANY OF TEXAS,tx-accident,5343
tx-2025,TX,2025,https://www.helpinsure.com/auto.html,"raw/api/autoResults_77036_accident.json (POST https://www.helpinsure.com/api/autoResults, body in raw/api/manifest.json); record RPTG_INSR_ID=212 PLANKEY_ID=1158536572 field AUTO_SAMPLE_RATE_AMT",Houston 77036 (Harris County),ENCOMPASS INDEPENDENT INSURANCE COMPANY,tx-accident,6411
tx-2025,TX,2025,https://www.helpinsure.com/auto.html,"raw/api/autoResults_77036_age18.json (POST https://www.helpinsure.com/api/autoResults, body in raw/api/manifest.json); record RPTG_INSR_ID=56 PLANKEY_ID=1156908744 field AUTO_SAMPLE_RATE_AMT",Houston 77036 (Harris County),UNITED SERVICES AUTOMOBILE ASSOCIATION,tx-age18,1648
tx-2025,TX,2025,https://www.helpinsure.com/auto.html,"raw/api/autoResults_77036_age18.json (POST https://www.helpinsure.com/api/autoResults, body in raw/api/manifest.json); record RPTG_INSR_ID=21 PLANKEY_ID=1152163224 field AUTO_SAMPLE_RATE_AMT",Houston 77036 (Harris County),FARMERS TEXAS COUNTY MUTUAL INSURANCE COMPANY,tx-age18,1654
tx-2025,TX,2025,https://www.helpinsure.com/auto.html,"raw/api/autoResults_77036_age18.json (POST https://www.helpinsure.com/api/autoResults, body in raw/api/manifest.json); record RPTG_INSR_ID=119 PLANKEY_ID=1157315688 field AUTO_SAMPLE_RATE_AMT",Houston 77036 (Harris County),USAA CASUALTY INSURANCE COMPANY,tx-age18,1856
tx-2025,TX,2025,https://www.helpinsure.com/auto.html,"raw/api/autoResults_77036_age18.json (POST https://www.helpinsure.com/api/autoResults, body in raw/api/manifest.json); record RPTG_INSR_ID=112 PLANKEY_ID=1156096152 field AUTO_SAMPLE_RATE_AMT",Houston 77036 (Harris County),GARRISON PROPERTY AND CASUALTY INSURANCE COMPANY,tx-age18,2204
tx-2025,TX,2025,https://www.helpinsure.com/auto.html,"raw/api/autoResults_77036_age18.json (POST https://www.helpinsure.com/api/autoResults, body in raw/api/manifest.json); record RPTG_INSR_ID=118 PLANKEY_ID=1157722632 field AUTO_SAMPLE_RATE_AMT",Houston 77036 (Harris County),USAA GENERAL INDEMNITY COMPANY,tx-age18,2276
tx-2025,TX,2025,https://www.helpinsure.com/auto.html,"raw/api/autoResults_77036_age18.json (POST https://www.helpinsure.com/api/autoResults, body in raw/api/manifest.json); record RPTG_INSR_ID=6 PLANKEY_ID=1164909168 field AUTO_SAMPLE_RATE_AMT",Houston 77036 (Harris County),ALLSTATE FIRE AND CASUALTY INSURANCE COMPANY,tx-age18,2634
tx-2025,TX,2025,https://www.helpinsure.com/auto.html,"raw/api/autoResults_77036_age18.json (POST https://www.helpinsure.com/api/autoResults, body in raw/api/manifest.json); record RPTG_INSR_ID=238 PLANKEY_ID=1164366576 field AUTO_SAMPLE_RATE_AMT",Houston 77036 (Harris County),MID-CENTURY INSURANCE COMPANY OF TEXAS,tx-age18,2712
tx-2025,TX,2025,https://www.helpinsure.com/auto.html,"raw/api/autoResults_77036_age18.json (POST https://www.helpinsure.com/api/autoResults, body in raw/api/manifest.json); record RPTG_INSR_ID=5 PLANKEY_ID=1152976464 field AUTO_SAMPLE_RATE_AMT",Houston 77036 (Harris County),ALLSTATE COUNTY MUTUAL INSURANCE COMPANY,tx-age18,2768
tx-2025,TX,2025,https://www.helpinsure.com/auto.html,"raw/api/autoResults_77036_age18.json (POST https://www.helpinsure.com/api/autoResults, body in raw/api/manifest.json); record RPTG_INSR_ID=283 PLANKEY_ID=1161385128 field AUTO_SAMPLE_RATE_AMT",Houston 77036 (Harris County),GEICO TEXAS COUNTY MUTUAL INSURANCE COMPANY / MGA: Voyager Corporation,tx-age18,2813
tx-2025,TX,2025,https://www.helpinsure.com/auto.html,"raw/api/autoResults_77036_age18.json (POST https://www.helpinsure.com/api/autoResults, body in raw/api/manifest.json); record RPTG_INSR_ID=282 PLANKEY_ID=1160164296 field AUTO_SAMPLE_RATE_AMT",Houston 77036 (Harris County),GEICO TEXAS COUNTY MUTUAL INSURANCE COMPANY / MGA: Horizon Corporation,tx-age18,2891
tx-2025,TX,2025,https://www.helpinsure.com/auto.html,"raw/api/autoResults_77036_age18.json (POST https://www.helpinsure.com/api/autoResults, body in raw/api/manifest.json); record RPTG_INSR_ID=281 PLANKEY_ID=1160978184 field AUTO_SAMPLE_RATE_AMT",Houston 77036 (Harris County),GEICO TEXAS COUNTY MUTUAL INSURANCE COMPANY / MGA: Perspective Corporation,tx-age18,2899
tx-2025,TX,2025,https://www.helpinsure.com/auto.html,"raw/api/autoResults_77036_age18.json (POST https://www.helpinsure.com/api/autoResults, body in raw/api/manifest.json); record RPTG_INSR_ID=104 PLANKEY_ID=1164720816 field AUTO_SAMPLE_RATE_AMT",Houston 77036 (Harris County),TEXAS AUTOMOBILE INSURANCE PLAN ASSOCIATION,tx-age18,3420
tx-2025,TX,2025,https://www.helpinsure.com/auto.html,"raw/api/autoResults_77036_age18.json (POST https://www.helpinsure.com/api/autoResults, body in raw/api/manifest.json); record RPTG_INSR_ID=32 PLANKEY_ID=1150535448 field AUTO_SAMPLE_RATE_AMT",Houston 77036 (Harris County),MERCURY COUNTY MUTUAL INSURANCE COMPANY,tx-age18,4012
tx-2025,TX,2025,https://www.helpinsure.com/auto.html,"raw/api/autoResults_77036_age18.json (POST https://www.helpinsure.com/api/autoResults, body in raw/api/manifest.json); record RPTG_INSR_ID=50 PLANKEY_ID=1149723504 field AUTO_SAMPLE_RATE_AMT",Houston 77036 (Harris County),STATE FARM MUTUAL AUTOMOBILE INSURANCE COMPANY,tx-age18,4025
tx-2025,TX,2025,https://www.helpinsure.com/auto.html,"raw/api/autoResults_77036_age18.json (POST https://www.helpinsure.com/api/autoResults, body in raw/api/manifest.json); record RPTG_INSR_ID=1 PLANKEY_ID=1148368968 field AUTO_SAMPLE_RATE_AMT",Houston 77036 (Harris County),AUTO CLUB COUNTY MUTUAL INSURANCE COMPANY,tx-age18,4377
tx-2025,TX,2025,https://www.helpinsure.com/auto.html,"raw/api/autoResults_77036_age18.json (POST https://www.helpinsure.com/api/autoResults, body in raw/api/manifest.json); record RPTG_INSR_ID=175 PLANKEY_ID=1163959632 field AUTO_SAMPLE_RATE_AMT",Houston 77036 (Harris County),FARMERS PROPERTY AND CASUALTY INSURANCE COMPANY,tx-age18,4452
tx-2025,TX,2025,https://www.helpinsure.com/auto.html,"raw/api/autoResults_77036_age18.json (POST https://www.helpinsure.com/api/autoResults, body in raw/api/manifest.json); record RPTG_INSR_ID=102 PLANKEY_ID=1163553336 field AUTO_SAMPLE_RATE_AMT",Houston 77036 (Harris County),PROGRESSIVE COUNTY MUTUAL INSURANCE COMPANY / MGA: PROGRESSIVE COUNTY MUTUAL - DIRECT RATES,tx-age18,4712
tx-2025,TX,2025,https://www.helpinsure.com/auto.html,"raw/api/autoResults_77036_age18.json (POST https://www.helpinsure.com/api/autoResults, body in raw/api/manifest.json); record RPTG_INSR_ID=124 PLANKEY_ID=1165316112 field AUTO_SAMPLE_RATE_AMT",Houston 77036 (Harris County),CONSUMERS COUNTY MUTUAL INSURANCE COMPANY,tx-age18,4858
tx-2025,TX,2025,https://www.helpinsure.com/auto.html,"raw/api/autoResults_77036_age18.json (POST https://www.helpinsure.com/api/autoResults, body in raw/api/manifest.json); record RPTG_INSR_ID=16 PLANKEY_ID=1151349336 field AUTO_SAMPLE_RATE_AMT",Houston 77036 (Harris County),CONSUMERS COUNTY MUTUAL INSURANCE COMPANY / MGA: Travelers Quantum Auto 2.0 Program,tx-age18,4858
tx-2025,TX,2025,https://www.helpinsure.com/auto.html,"raw/api/autoResults_77036_age18.json (POST https://www.helpinsure.com/api/autoResults, body in raw/api/manifest.json); record RPTG_INSR_ID=48 PLANKEY_ID=1150129152 field AUTO_SAMPLE_RATE_AMT",Houston 77036 (Harris County),STATE FARM COUNTY MUTUAL INSURANCE COMPANY OF TEXAS,tx-age18,4870
tx-2025,TX,2025,https://www.helpinsure.com/auto.html,"raw/api/autoResults_77036_age18.json (POST https://www.helpinsure.com/api/autoResults, body in raw/api/manifest.json); record RPTG_INSR_ID=246 PLANKEY_ID=1162334448 field AUTO_SAMPLE_RATE_AMT",Houston 77036 (Harris County),GEICO TEXAS COUNTY MUTUAL INSURANCE COMPANY / MGA: Endeavor Corporation,tx-age18,5558
tx-2025,TX,2025,https://www.helpinsure.com/auto.html,"raw/api/autoResults_77036_age18.json (POST https://www.helpinsure.com/api/autoResults, body in raw/api/manifest.json); record RPTG_INSR_ID=140 PLANKEY_ID=1152570168 field AUTO_SAMPLE_RATE_AMT",Houston 77036 (Harris County),FOREMOST COUNTY MUTUAL INSURANCE COMPANY,tx-age18,6092
tx-2025,TX,2025,https://www.helpinsure.com/auto.html,"raw/api/autoResults_77036_age18.json (POST https://www.helpinsure.com/api/autoResults, body in raw/api/manifest.json); record RPTG_INSR_ID=41 PLANKEY_ID=1163147688 field AUTO_SAMPLE_RATE_AMT",Houston 77036 (Harris County),PROGRESSIVE COUNTY MUTUAL INSURANCE COMPANY,tx-age18,6110
tx-2025,TX,2025,https://www.helpinsure.com/auto.html,"raw/api/autoResults_77036_age18.json (POST https://www.helpinsure.com/api/autoResults, body in raw/api/manifest.json); record RPTG_INSR_ID=138 PLANKEY_ID=1153383408 field AUTO_SAMPLE_RATE_AMT",Houston 77036 (Harris County),INFINITY COUNTY MUTUAL INSURANCE COMPANY,tx-age18,6313
tx-2025,TX,2025,https://www.helpinsure.com/auto.html,"raw/api/autoResults_77036_age18.json (POST https://www.helpinsure.com/api/autoResults, body in raw/api/manifest.json); record RPTG_INSR_ID=209 PLANKEY_ID=1158943464 field AUTO_SAMPLE_RATE_AMT",Houston 77036 (Harris County),AMERICAN FAMILY CONNECT PROPERTY AND CASUALTY INSURANCE COMPANY,tx-age18,6726
tx-2025,TX,2025,https://www.helpinsure.com/auto.html,"raw/api/autoResults_77036_age18.json (POST https://www.helpinsure.com/api/autoResults, body in raw/api/manifest.json); record RPTG_INSR_ID=173 PLANKEY_ID=1151756280 field AUTO_SAMPLE_RATE_AMT",Houston 77036 (Harris County),ECONOMY FIRE & CASUALTY COMPANY,tx-age18,6819
tx-2025,TX,2025,https://www.helpinsure.com/auto.html,"raw/api/autoResults_77036_age18.json (POST https://www.helpinsure.com/api/autoResults, body in raw/api/manifest.json); record RPTG_INSR_ID=205 PLANKEY_ID=1148775912 field AUTO_SAMPLE_RATE_AMT",Houston 77036 (Harris County),DAIRYLAND COUNTY MUTUAL INSURANCE COMPANY OF TEXAS,tx-age18,7832
tx-2025,TX,2025,https://www.helpinsure.com/auto.html,"raw/api/autoResults_77036_age18.json (POST https://www.helpinsure.com/api/autoResults, body in raw/api/manifest.json); record RPTG_INSR_ID=142 PLANKEY_ID=1151022096 field AUTO_SAMPLE_RATE_AMT",Houston 77036 (Harris County),"COLONIAL COUNTY MUTUAL INSURANCE COMPANY / MGA: Titan Insurance Services, Inc.",tx-age18,8000
tx-2025,TX,2025,https://www.helpinsure.com/auto.html,"raw/api/autoResults_77036_age18.json (POST https://www.helpinsure.com/api/autoResults, body in raw/api/manifest.json); record RPTG_INSR_ID=212 PLANKEY_ID=1158536520 field AUTO_SAMPLE_RATE_AMT",Houston 77036 (Harris County),ENCOMPASS INDEPENDENT INSURANCE COMPANY,tx-age18,8046
tx-2025,TX,2025,https://www.helpinsure.com/auto.html,"raw/api/autoResults_77036_age18.json (POST https://www.helpinsure.com/api/autoResults, body in raw/api/manifest.json); record RPTG_INSR_ID=45 PLANKEY_ID=1159757352 field AUTO_SAMPLE_RATE_AMT",Houston 77036 (Harris County),"SENTINEL INSURANCE COMPANY, LTD.",tx-age18,9626
tx-2025,TX,2025,https://www.helpinsure.com/auto.html,"raw/api/autoResults_77036_age18.json (POST https://www.helpinsure.com/api/autoResults, body in raw/api/manifest.json); record RPTG_INSR_ID=215 PLANKEY_ID=1149535800 field AUTO_SAMPLE_RATE_AMT",Houston 77036 (Harris County),"MGA INSURANCE COMPANY, INC.",tx-age18,11329
tx-2025,TX,2025,https://www.helpinsure.com/auto.html,"raw/api/autoResults_77036_age18.json (POST https://www.helpinsure.com/api/autoResults, body in raw/api/manifest.json); record RPTG_INSR_ID=33 PLANKEY_ID=1158129576 field AUTO_SAMPLE_RATE_AMT",Houston 77036 (Harris County),FARMERS LLOYDS INSURANCE COMPANY OF TEXAS,tx-age18,11375
tx-2025,TX,2025,https://www.helpinsure.com/auto.html,"raw/api/autoResults_77036_age18.json (POST https://www.helpinsure.com/api/autoResults, body in raw/api/manifest.json); record RPTG_INSR_ID=219 PLANKEY_ID=1153737648 field AUTO_SAMPLE_RATE_AMT",Houston 77036 (Harris County),AMERICAN ACCESS CASUALTY COMPANY,tx-age18,12240
tx-2025,TX,2025,https://www.helpinsure.com/auto.html,"raw/api/autoResults_77036_age18.json (POST https://www.helpinsure.com/api/autoResults, body in raw/api/manifest.json); record RPTG_INSR_ID=123 PLANKEY_ID=1159350408 field AUTO_SAMPLE_RATE_AMT",Houston 77036 (Harris County),AMICA MUTUAL INSURANCE COMPANY,tx-age18,16496
tx-2025,TX,2025,https://www.helpinsure.com/auto.html,"raw/api/autoResults_77036_age18.json (POST https://www.helpinsure.com/api/autoResults, body in raw/api/manifest.json); record RPTG_INSR_ID=161 PLANKEY_ID=1147962024 field AUTO_SAMPLE_RATE_AMT",Houston 77036 (Harris County),AMICA PROPERTY AND CASUALTY INSURANCE COMPANY,tx-age18,16577
tx-2025,TX,2025,https://www.helpinsure.com/auto.html,"raw/api/autoResults_77036_age18.json (POST https://www.helpinsure.com/api/autoResults, body in raw/api/manifest.json); record RPTG_INSR_ID=155 PLANKEY_ID=1162741392 field AUTO_SAMPLE_RATE_AMT",Houston 77036 (Harris County),LIBERTY COUNTY MUTUAL INSURANCE COMPANY / MGA: Safeco General Agency (Safeco),tx-age18,21942
tx-2025,TX,2025,https://www.helpinsure.com/auto.html,"raw/api/autoResults_77036_age18_female.json (POST https://www.helpinsure.com/api/autoResults, body in raw/api/manifest.json); record RPTG_INSR_ID=56 PLANKEY_ID=1156908906 field AUTO_SAMPLE_RATE_AMT",Houston 77036 (Harris County),UNITED SERVICES AUTOMOBILE ASSOCIATION,tx-age18_female,1585
tx-2025,TX,2025,https://www.helpinsure.com/auto.html,"raw/api/autoResults_77036_age18_female.json (POST https://www.helpinsure.com/api/autoResults, body in raw/api/manifest.json); record RPTG_INSR_ID=21 PLANKEY_ID=1152163386 field AUTO_SAMPLE_RATE_AMT",Houston 77036 (Harris County),FARMERS TEXAS COUNTY MUTUAL INSURANCE COMPANY,tx-age18_female,1654
tx-2025,TX,2025,https://www.helpinsure.com/auto.html,"raw/api/autoResults_77036_age18_female.json (POST https://www.helpinsure.com/api/autoResults, body in raw/api/manifest.json); record RPTG_INSR_ID=119 PLANKEY_ID=1157315850 field AUTO_SAMPLE_RATE_AMT",Houston 77036 (Harris County),USAA CASUALTY INSURANCE COMPANY,tx-age18_female,1800
tx-2025,TX,2025,https://www.helpinsure.com/auto.html,"raw/api/autoResults_77036_age18_female.json (POST https://www.helpinsure.com/api/autoResults, body in raw/api/manifest.json); record RPTG_INSR_ID=112 PLANKEY_ID=1156096314 field AUTO_SAMPLE_RATE_AMT",Houston 77036 (Harris County),GARRISON PROPERTY AND CASUALTY INSURANCE COMPANY,tx-age18_female,2141
tx-2025,TX,2025,https://www.helpinsure.com/auto.html,"raw/api/autoResults_77036_age18_female.json (POST https://www.helpinsure.com/api/autoResults, body in raw/api/manifest.json); record RPTG_INSR_ID=118 PLANKEY_ID=1157722794 field AUTO_SAMPLE_RATE_AMT",Houston 77036 (Harris County),USAA GENERAL INDEMNITY COMPANY,tx-age18_female,2216
tx-2025,TX,2025,https://www.helpinsure.com/auto.html,"raw/api/autoResults_77036_age18_female.json (POST https://www.helpinsure.com/api/autoResults, body in raw/api/manifest.json); record RPTG_INSR_ID=5 PLANKEY_ID=1152976626 field AUTO_SAMPLE_RATE_AMT",Houston 77036 (Harris County),ALLSTATE COUNTY MUTUAL INSURANCE COMPANY,tx-age18_female,2432
tx-2025,TX,2025,https://www.helpinsure.com/auto.html,"raw/api/autoResults_77036_age18_female.json (POST https://www.helpinsure.com/api/autoResults, body in raw/api/manifest.json); record RPTG_INSR_ID=283 PLANKEY_ID=1161385290 field AUTO_SAMPLE_RATE_AMT",Houston 77036 (Harris County),GEICO TEXAS COUNTY MUTUAL INSURANCE COMPANY / MGA: Voyager Corporation,tx-age18_female,2461
tx-2025,TX,2025,https://www.helpinsure.com/auto.html,"raw/api/autoResults_77036_age18_female.json (POST https://www.helpinsure.com/api/autoResults, body in raw/api/manifest.json); record RPTG_INSR_ID=282 PLANKEY_ID=1160164458 field AUTO_SAMPLE_RATE_AMT",Houston 77036 (Harris County),GEICO TEXAS COUNTY MUTUAL INSURANCE COMPANY / MGA: Horizon Corporation,tx-age18_female,2529
tx-2025,TX,2025,https://www.helpinsure.com/auto.html,"raw/api/autoResults_77036_age18_female.json (POST https://www.helpinsure.com/api/autoResults, body in raw/api/manifest.json); record RPTG_INSR_ID=281 PLANKEY_ID=1160978346 field AUTO_SAMPLE_RATE_AMT",Houston 77036 (Harris County),GEICO TEXAS COUNTY MUTUAL INSURANCE COMPANY / MGA: Perspective Corporation,tx-age18_female,2537
tx-2025,TX,2025,https://www.helpinsure.com/auto.html,"raw/api/autoResults_77036_age18_female.json (POST https://www.helpinsure.com/api/autoResults, body in raw/api/manifest.json); record RPTG_INSR_ID=104 PLANKEY_ID=1164720870 field AUTO_SAMPLE_RATE_AMT",Houston 77036 (Harris County),TEXAS AUTOMOBILE INSURANCE PLAN ASSOCIATION,tx-age18_female,2612
tx-2025,TX,2025,https://www.helpinsure.com/auto.html,"raw/api/autoResults_77036_age18_female.json (POST https://www.helpinsure.com/api/autoResults, body in raw/api/manifest.json); record RPTG_INSR_ID=6 PLANKEY_ID=1164909330 field AUTO_SAMPLE_RATE_AMT",Houston 77036 (Harris County),ALLSTATE FIRE AND CASUALTY INSURANCE COMPANY,tx-age18_female,2634
tx-2025,TX,2025,https://www.helpinsure.com/auto.html,"raw/api/autoResults_77036_age18_female.json (POST https://www.helpinsure.com/api/autoResults, body in raw/api/manifest.json); record RPTG_INSR_ID=238 PLANKEY_ID=1164366738 field AUTO_SAMPLE_RATE_AMT",Houston 77036 (Harris County),MID-CENTURY INSURANCE COMPANY OF TEXAS,tx-age18_female,2817
tx-2025,TX,2025,https://www.helpinsure.com/auto.html,"raw/api/autoResults_77036_age18_female.json (POST https://www.helpinsure.com/api/autoResults, body in raw/api/manifest.json); record RPTG_INSR_ID=50 PLANKEY_ID=1149723666 field AUTO_SAMPLE_RATE_AMT",Houston 77036 (Harris County),STATE FARM MUTUAL AUTOMOBILE INSURANCE COMPANY,tx-age18_female,3169
tx-2025,TX,2025,https://www.helpinsure.com/auto.html,"raw/api/autoResults_77036_age18_female.json (POST https://www.helpinsure.com/api/autoResults, body in raw/api/manifest.json); record RPTG_INSR_ID=32 PLANKEY_ID=1150535610 field AUTO_SAMPLE_RATE_AMT",Houston 77036 (Harris County),MERCURY COUNTY MUTUAL INSURANCE COMPANY,tx-age18_female,3642
tx-2025,TX,2025,https://www.helpinsure.com/auto.html,"raw/api/autoResults_77036_age18_female.json (POST https://www.helpinsure.com/api/autoResults, body in raw/api/manifest.json); record RPTG_INSR_ID=16 PLANKEY_ID=1151349498 field AUTO_SAMPLE_RATE_AMT",Houston 77036 (Harris County),CONSUMERS COUNTY MUTUAL INSURANCE COMPANY / MGA: Travelers Quantum Auto 2.0 Program,tx-age18_female,3677
tx-2025,TX,2025,https://www.helpinsure.com/auto.html,"raw/api/autoResults_77036_age18_female.json (POST https://www.helpinsure.com/api/autoResults, body in raw/api/manifest.json); record RPTG_INSR_ID=124 PLANKEY_ID=1165316274 field AUTO_SAMPLE_RATE_AMT",Houston 77036 (Harris County),CONSUMERS COUNTY MUTUAL INSURANCE COMPANY,tx-age18_female,3677
tx-2025,TX,2025,https://www.helpinsure.com/auto.html,"raw/api/autoResults_77036_age18_female.json (POST https://www.helpinsure.com/api/autoResults, body in raw/api/manifest.json); record RPTG_INSR_ID=175 PLANKEY_ID=1163959794 field AUTO_SAMPLE_RATE_AMT",Houston 77036 (Harris County),FARMERS PROPERTY AND CASUALTY INSURANCE COMPANY,tx-age18_female,3683
tx-2025,TX,2025,https://www.helpinsure.com/auto.html,"raw/api/autoResults_77036_age18_female.json (POST https://www.helpinsure.com/api/autoResults, body in raw/api/manifest.json); record RPTG_INSR_ID=48 PLANKEY_ID=1150129314 field AUTO_SAMPLE_RATE_AMT",Houston 77036 (Harris County),STATE FARM COUNTY MUTUAL INSURANCE COMPANY OF TEXAS,tx-age18_female,3854
tx-2025,TX,2025,https://www.helpinsure.com/auto.html,"raw/api/autoResults_77036_age18_female.json (POST https://www.helpinsure.com/api/autoResults, body in raw/api/manifest.json); record RPTG_INSR_ID=102 PLANKEY_ID=1163553498 field AUTO_SAMPLE_RATE_AMT",Houston 77036 (Harris County),PROGRESSIVE COUNTY MUTUAL INSURANCE COMPANY / MGA: PROGRESSIVE COUNTY MUTUAL - DIRECT RATES,tx-age18_female,4327
tx-2025,TX,2025,https://www.helpinsure.com/auto.html,"raw/api/autoResults_77036_age18_female.json (POST https://www.helpinsure.com/api/autoResults, body in raw/api/manifest.json); record RPTG_INSR_ID=1 PLANKEY_ID=1148369130 field AUTO_SAMPLE_RATE_AMT",Houston 77036 (Harris County),AUTO CLUB COUNTY MUTUAL INSURANCE COMPANY,tx-age18_female,4377
tx-2025,TX,2025,https://www.helpinsure.com/auto.html,"raw/api/autoResults_77036_age18_female.json (POST https://www.helpinsure.com/api/autoResults, body in raw/api/manifest.json); record RPTG_INSR_ID=246 PLANKEY_ID=1162334610 field AUTO_SAMPLE_RATE_AMT",Houston 77036 (Harris County),GEICO TEXAS COUNTY MUTUAL INSURANCE COMPANY / MGA: Endeavor Corporation,tx-age18_female,4942
tx-2025,TX,2025,https://www.helpinsure.com/auto.html,"raw/api/autoResults_77036_age18_female.json (POST https://www.helpinsure.com/api/autoResults, body in raw/api/manifest.json); record RPTG_INSR_ID=138 PLANKEY_ID=1153383570 field AUTO_SAMPLE_RATE_AMT",Houston 77036 (Harris County),INFINITY COUNTY MUTUAL INSURANCE COMPANY,tx-age18_female,5120
tx-2025,TX,2025,https://www.helpinsure.com/auto.html,"raw/api/autoResults_77036_age18_female.json (POST https://www.helpinsure.com/api/autoResults, body in raw/api/manifest.json); record RPTG_INSR_ID=41 PLANKEY_ID=1163147850 field AUTO_SAMPLE_RATE_AMT",Houston 77036 (Harris County),PROGRESSIVE COUNTY MUTUAL INSURANCE COMPANY,tx-age18_female,5172
tx-2025,TX,2025,https://www.helpinsure.com/auto.html,"raw/api/autoResults_77036_age18_female.json (POST https://www.helpinsure.com/api/autoResults, body in raw/api/manifest.json); record RPTG_INSR_ID=140 PLANKEY_ID=1152570330 field AUTO_SAMPLE_RATE_AMT",Houston 77036 (Harris County),FOREMOST COUNTY MUTUAL INSURANCE COMPANY,tx-age18_female,5493
tx-2025,TX,2025,https://www.helpinsure.com/auto.html,"raw/api/autoResults_77036_age18_female.json (POST https://www.helpinsure.com/api/autoResults, body in raw/api/manifest.json); record RPTG_INSR_ID=209 PLANKEY_ID=1158943626 field AUTO_SAMPLE_RATE_AMT",Houston 77036 (Harris County),AMERICAN FAMILY CONNECT PROPERTY AND CASUALTY INSURANCE COMPANY,tx-age18_female,6182
tx-2025,TX,2025,https://www.helpinsure.com/auto.html,"raw/api/autoResults_77036_age18_female.json (POST https://www.helpinsure.com/api/autoResults, body in raw/api/manifest.json); record RPTG_INSR_ID=173 PLANKEY_ID=1151756442 field AUTO_SAMPLE_RATE_AMT",Houston 77036 (Harris County),ECONOMY FIRE & CASUALTY COMPANY,tx-age18_female,6765
tx-2025,TX,2025,https://www.helpinsure.com/auto.html,"raw/api/autoResults_77036_age18_female.json (POST https://www.helpinsure.com/api/autoResults, body in raw/api/manifest.json); record RPTG_INSR_ID=142 PLANKEY_ID=1151021610 field AUTO_SAMPLE_RATE_AMT",Houston 77036 (Harris County),"COLONIAL COUNTY MUTUAL INSURANCE COMPANY / MGA: Titan Insurance Services, Inc.",tx-age18_female,7126
tx-2025,TX,2025,https://www.helpinsure.com/auto.html,"raw/api/autoResults_77036_age18_female.json (POST https://www.helpinsure.com/api/autoResults, body in raw/api/manifest.json); record RPTG_INSR_ID=205 PLANKEY_ID=1148776074 field AUTO_SAMPLE_RATE_AMT",Houston 77036 (Harris County),DAIRYLAND COUNTY MUTUAL INSURANCE COMPANY OF TEXAS,tx-age18_female,7269
tx-2025,TX,2025,https://www.helpinsure.com/auto.html,"raw/api/autoResults_77036_age18_female.json (POST https://www.helpinsure.com/api/autoResults, body in raw/api/manifest.json); record RPTG_INSR_ID=212 PLANKEY_ID=1158536682 field AUTO_SAMPLE_RATE_AMT",Houston 77036 (Harris County),ENCOMPASS INDEPENDENT INSURANCE COMPANY,tx-age18_female,7707
tx-2025,TX,2025,https://www.helpinsure.com/auto.html,"raw/api/autoResults_77036_age18_female.json (POST https://www.helpinsure.com/api/autoResults, body in raw/api/manifest.json); record RPTG_INSR_ID=215 PLANKEY_ID=1149535854 field AUTO_SAMPLE_RATE_AMT",Houston 77036 (Harris County),"MGA INSURANCE COMPANY, INC.",tx-age18_female,8427
tx-2025,TX,2025,https://www.helpinsure.com/auto.html,"raw/api/autoResults_77036_age18_female.json (POST https://www.helpinsure.com/api/autoResults, body in raw/api/manifest.json); record RPTG_INSR_ID=45 PLANKEY_ID=1159757514 field AUTO_SAMPLE_RATE_AMT",Houston 77036 (Harris County),"SENTINEL INSURANCE COMPANY, LTD.",tx-age18_female,8670
tx-2025,TX,2025,https://www.helpinsure.com/auto.html,"raw/api/autoResults_77036_age18_female.json (POST https://www.helpinsure.com/api/autoResults, body in raw/api/manifest.json); record RPTG_INSR_ID=33 PLANKEY_ID=1158129738 field AUTO_SAMPLE_RATE_AMT",Houston 77036 (Harris County),FARMERS LLOYDS INSURANCE COMPANY OF TEXAS,tx-age18_female,9256
tx-2025,TX,2025,https://www.helpinsure.com/auto.html,"raw/api/autoResults_77036_age18_female.json (POST https://www.helpinsure.com/api/autoResults, body in raw/api/manifest.json); record RPTG_INSR_ID=219 PLANKEY_ID=1153737702 field AUTO_SAMPLE_RATE_AMT",Houston 77036 (Harris County),AMERICAN ACCESS CASUALTY COMPANY,tx-age18_female,9923
tx-2025,TX,2025,https://www.helpinsure.com/auto.html,"raw/api/autoResults_77036_age18_female.json (POST https://www.helpinsure.com/api/autoResults, body in raw/api/manifest.json); record RPTG_INSR_ID=123 PLANKEY_ID=1159350570 field AUTO_SAMPLE_RATE_AMT",Houston 77036 (Harris County),AMICA MUTUAL INSURANCE COMPANY,tx-age18_female,15090
tx-2025,TX,2025,https://www.helpinsure.com/auto.html,"raw/api/autoResults_77036_age18_female.json (POST https://www.helpinsure.com/api/autoResults, body in raw/api/manifest.json); record RPTG_INSR_ID=161 PLANKEY_ID=1147962186 field AUTO_SAMPLE_RATE_AMT",Houston 77036 (Harris County),AMICA PROPERTY AND CASUALTY INSURANCE COMPANY,tx-age18_female,15163
tx-2025,TX,2025,https://www.helpinsure.com/auto.html,"raw/api/autoResults_77036_age18_female.json (POST https://www.helpinsure.com/api/autoResults, body in raw/api/manifest.json); record RPTG_INSR_ID=155 PLANKEY_ID=1162741554 field AUTO_SAMPLE_RATE_AMT",Houston 77036 (Harris County),LIBERTY COUNTY MUTUAL INSURANCE COMPANY / MGA: Safeco General Agency (Safeco),tx-age18_female,20110
tx-2025,TX,2025,https://www.helpinsure.com/auto.html,"raw/api/autoResults_77036_age65.json (POST https://www.helpinsure.com/api/autoResults, body in raw/api/manifest.json); record RPTG_INSR_ID=21 PLANKEY_ID=1152163332 field AUTO_SAMPLE_RATE_AMT",Houston 77036 (Harris County),FARMERS TEXAS COUNTY MUTUAL INSURANCE COMPANY,tx-age65,580
tx-2025,TX,2025,https://www.helpinsure.com/auto.html,"raw/api/autoResults_77036_age65.json (POST https://www.helpinsure.com/api/autoResults, body in raw/api/manifest.json); record RPTG_INSR_ID=56 PLANKEY_ID=1156908852 field AUTO_SAMPLE_RATE_AMT",Houston 77036 (Harris County),UNITED SERVICES AUTOMOBILE ASSOCIATION,tx-age65,715
tx-2025,TX,2025,https://www.helpinsure.com/auto.html,"raw/api/autoResults_77036_age65.json (POST https://www.helpinsure.com/api/autoResults, body in raw/api/manifest.json); record RPTG_INSR_ID=119 PLANKEY_ID=1157315796 field AUTO_SAMPLE_RATE_AMT",Houston 77036 (Harris County),USAA CASUALTY INSURANCE COMPANY,tx-age65,755
tx-2025,TX,2025,https://www.helpinsure.com/auto.html,"raw/api/autoResults_77036_age65.json (POST https://www.helpinsure.com/api/autoResults, body in raw/api/manifest.json); record RPTG_INSR_ID=118 PLANKEY_ID=1157722740 field AUTO_SAMPLE_RATE_AMT",Houston 77036 (Harris County),USAA GENERAL INDEMNITY COMPANY,tx-age65,815
tx-2025,TX,2025,https://www.helpinsure.com/auto.html,"raw/api/autoResults_77036_age65.json (POST https://www.helpinsure.com/api/autoResults, body in raw/api/manifest.json); record RPTG_INSR_ID=283 PLANKEY_ID=1161385236 field AUTO_SAMPLE_RATE_AMT",Houston 77036 (Harris County),GEICO TEXAS COUNTY MUTUAL INSURANCE COMPANY / MGA: Voyager Corporation,tx-age65,817
tx-2025,TX,2025,https://www.helpinsure.com/auto.html,"raw/api/autoResults_77036_age65.json (POST https://www.helpinsure.com/api/autoResults, body in raw/api/manifest.json); record RPTG_INSR_ID=41 PLANKEY_ID=1163147796 field AUTO_SAMPLE_RATE_AMT",Houston 77036 (Harris County),PROGRESSIVE COUNTY MUTUAL INSURANCE COMPANY,tx-age65,830
tx-2025,TX,2025,https://www.helpinsure.com/auto.html,"raw/api/autoResults_77036_age65.json (POST https://www.helpinsure.com/api/autoResults, body in raw/api/manifest.json); record RPTG_INSR_ID=282 PLANKEY_ID=1160164404 field AUTO_SAMPLE_RATE_AMT",Houston 77036 (Harris County),GEICO TEXAS COUNTY MUTUAL INSURANCE COMPANY / MGA: Horizon Corporation,tx-age65,831
tx-2025,TX,2025,https://www.helpinsure.com/auto.html,"raw/api/autoResults_77036_age65.json (POST https://www.helpinsure.com/api/autoResults, body in raw/api/manifest.json); record RPTG_INSR_ID=112 PLANKEY_ID=1156096260 field AUTO_SAMPLE_RATE_AMT",Houston 77036 (Harris County),GARRISON PROPERTY AND CASUALTY INSURANCE COMPANY,tx-age65,896
tx-2025,TX,2025,https://www.helpinsure.com/auto.html,"raw/api/autoResults_77036_age65.json (POST https://www.helpinsure.com/api/autoResults, body in raw/api/manifest.json); record RPTG_INSR_ID=102 PLANKEY_ID=1163553444 field AUTO_SAMPLE_RATE_AMT",Houston 77036 (Harris County),PROGRESSIVE COUNTY MUTUAL INSURANCE COMPANY / MGA: PROGRESSIVE COUNTY MUTUAL - DIRECT RATES,tx-age65,899
tx-2025,TX,2025,https://www.helpinsure.com/auto.html,"raw/api/autoResults_77036_age65.json (POST https://www.helpinsure.com/api/autoResults, body in raw/api/manifest.json); record RPTG_INSR_ID=281 PLANKEY_ID=1160978292 field AUTO_SAMPLE_RATE_AMT",Houston 77036 (Harris County),GEICO TEXAS COUNTY MUTUAL INSURANCE COMPANY / MGA: Perspective Corporation,tx-age65,899
tx-2025,TX,2025,https://www.helpinsure.com/auto.html,"raw/api/autoResults_77036_age65.json (POST https://www.helpinsure.com/api/autoResults, body in raw/api/manifest.json); record RPTG_INSR_ID=6 PLANKEY_ID=1164909276 field AUTO_SAMPLE_RATE_AMT",Houston 77036 (Harris County),ALLSTATE FIRE AND CASUALTY INSURANCE COMPANY,tx-age65,970
tx-2025,TX,2025,https://www.helpinsure.com/auto.html,"raw/api/autoResults_77036_age65.json (POST https://www.helpinsure.com/api/autoResults, body in raw/api/manifest.json); record RPTG_INSR_ID=238 PLANKEY_ID=1164366684 field AUTO_SAMPLE_RATE_AMT",Houston 77036 (Harris County),MID-CENTURY INSURANCE COMPANY OF TEXAS,tx-age65,1110
tx-2025,TX,2025,https://www.helpinsure.com/auto.html,"raw/api/autoResults_77036_age65.json (POST https://www.helpinsure.com/api/autoResults, body in raw/api/manifest.json); record RPTG_INSR_ID=50 PLANKEY_ID=1149723612 field AUTO_SAMPLE_RATE_AMT",Houston 77036 (Harris County),STATE FARM MUTUAL AUTOMOBILE INSURANCE COMPANY,tx-age65,1111
tx-2025,TX,2025,https://www.helpinsure.com/auto.html,"raw/api/autoResults_77036_age65.json (POST https://www.helpinsure.com/api/autoResults, body in raw/api/manifest.json); record RPTG_INSR_ID=246 PLANKEY_ID=1162334556 field AUTO_SAMPLE_RATE_AMT",Houston 77036 (Harris County),GEICO TEXAS COUNTY MUTUAL INSURANCE COMPANY / MGA: Endeavor Corporation,tx-age65,1216
tx-2025,TX,2025,https://www.helpinsure.com/auto.html,"raw/api/autoResults_77036_age65.json (POST https://www.helpinsure.com/api/autoResults, body in raw/api/manifest.json); record RPTG_INSR_ID=1 PLANKEY_ID=1148369076 field AUTO_SAMPLE_RATE_AMT",Houston 77036 (Harris County),AUTO CLUB COUNTY MUTUAL INSURANCE COMPANY,tx-age65,1338
tx-2025,TX,2025,https://www.helpinsure.com/auto.html,"raw/api/autoResults_77036_age65.json (POST https://www.helpinsure.com/api/autoResults, body in raw/api/manifest.json); record RPTG_INSR_ID=5 PLANKEY_ID=1152976572 field AUTO_SAMPLE_RATE_AMT",Houston 77036 (Harris County),ALLSTATE COUNTY MUTUAL INSURANCE COMPANY,tx-age65,1348
tx-2025,TX,2025,https://www.helpinsure.com/auto.html,"raw/api/autoResults_77036_age65.json (POST https://www.helpinsure.com/api/autoResults, body in raw/api/manifest.json); record RPTG_INSR_ID=32 PLANKEY_ID=1150535556 field AUTO_SAMPLE_RATE_AMT",Houston 77036 (Harris County),MERCURY COUNTY MUTUAL INSURANCE COMPANY,tx-age65,1365
tx-2025,TX,2025,https://www.helpinsure.com/auto.html,"raw/api/autoResults_77036_age65.json (POST https://www.helpinsure.com/api/autoResults, body in raw/api/manifest.json); record RPTG_INSR_ID=48 PLANKEY_ID=1150129260 field AUTO_SAMPLE_RATE_AMT",Houston 77036 (Harris County),STATE FARM COUNTY MUTUAL INSURANCE COMPANY OF TEXAS,tx-age65,1372
tx-2025,TX,2025,https://www.helpinsure.com/auto.html,"raw/api/autoResults_77036_age65.json (POST https://www.helpinsure.com/api/autoResults, body in raw/api/manifest.json); record RPTG_INSR_ID=104 PLANKEY_ID=1164720852 field AUTO_SAMPLE_RATE_AMT",Houston 77036 (Harris County),TEXAS AUTOMOBILE INSURANCE PLAN ASSOCIATION,tx-age65,1430
tx-2025,TX,2025,https://www.helpinsure.com/auto.html,"raw/api/autoResults_77036_age65.json (POST https://www.helpinsure.com/api/autoResults, body in raw/api/manifest.json); record RPTG_INSR_ID=175 PLANKEY_ID=1163959740 field AUTO_SAMPLE_RATE_AMT",Houston 77036 (Harris County),FARMERS PROPERTY AND CASUALTY INSURANCE COMPANY,tx-age65,1462
tx-2025,TX,2025,https://www.helpinsure.com/auto.html,"raw/api/autoResults_77036_age65.json (POST https://www.helpinsure.com/api/autoResults, body in raw/api/manifest.json); record RPTG_INSR_ID=16 PLANKEY_ID=1151349444 field AUTO_SAMPLE_RATE_AMT",Houston 77036 (Harris County),CONSUMERS COUNTY MUTUAL INSURANCE COMPANY / MGA: Travelers Quantum Auto 2.0 Program,tx-age65,1536
tx-2025,TX,2025,https://www.helpinsure.com/auto.html,"raw/api/autoResults_77036_age65.json (POST https://www.helpinsure.com/api/autoResults, body in raw/api/manifest.json); record RPTG_INSR_ID=124 PLANKEY_ID=1165316220 field AUTO_SAMPLE_RATE_AMT",Houston 77036 (Harris County),CONSUMERS COUNTY MUTUAL INSURANCE COMPANY,tx-age65,1536
tx-2025,TX,2025,https://www.helpinsure.com/auto.html,"raw/api/autoResults_77036_age65.json (POST https://www.helpinsure.com/api/autoResults, body in raw/api/manifest.json); record RPTG_INSR_ID=173 PLANKEY_ID=1151756388 field AUTO_SAMPLE_RATE_AMT",Houston 77036 (Harris County),ECONOMY FIRE & CASUALTY COMPANY,tx-age65,1554
tx-2025,TX,2025,https://www.helpinsure.com/auto.html,"raw/api/autoResults_77036_age65.json (POST https://www.helpinsure.com/api/autoResults, body in raw/api/manifest.json); record RPTG_INSR_ID=138 PLANKEY_ID=1153383516 field AUTO_SAMPLE_RATE_AMT",Houston 77036 (Harris County),INFINITY COUNTY MUTUAL INSURANCE COMPANY,tx-age65,1683
tx-2025,TX,2025,https://www.helpinsure.com/auto.html,"raw/api/autoResults_77036_age65.json (POST https://www.helpinsure.com/api/autoResults, body in raw/api/manifest.json); record RPTG_INSR_ID=33 PLANKEY_ID=1158129684 field AUTO_SAMPLE_RATE_AMT",Houston 77036 (Harris County),FARMERS LLOYDS INSURANCE COMPANY OF TEXAS,tx-age65,1881
tx-2025,TX,2025,https://www.helpinsure.com/auto.html,"raw/api/autoResults_77036_age65.json (POST https://www.helpinsure.com/api/autoResults, body in raw/api/manifest.json); record RPTG_INSR_ID=209 PLANKEY_ID=1158943572 field AUTO_SAMPLE_RATE_AMT",Houston 77036 (Harris County),AMERICAN FAMILY CONNECT PROPERTY AND CASUALTY INSURANCE COMPANY,tx-age65,2326
tx-2025,TX,2025,https://www.helpinsure.com/auto.html,"raw/api/autoResults_77036_age65.json (POST https://www.helpinsure.com/api/autoResults, body in raw/api/manifest.json); record RPTG_INSR_ID=45 PLANKEY_ID=1159757460 field AUTO_SAMPLE_RATE_AMT",Houston 77036 (Harris County),"SENTINEL INSURANCE COMPANY, LTD.",tx-age65,2610
tx-2025,TX,2025,https://www.helpinsure.com/auto.html,"raw/api/autoResults_77036_age65.json (POST https://www.helpinsure.com/api/autoResults, body in raw/api/manifest.json); record RPTG_INSR_ID=123 PLANKEY_ID=1159350516 field AUTO_SAMPLE_RATE_AMT",Houston 77036 (Harris County),AMICA MUTUAL INSURANCE COMPANY,tx-age65,2611
tx-2025,TX,2025,https://www.helpinsure.com/auto.html,"raw/api/autoResults_77036_age65.json (POST https://www.helpinsure.com/api/autoResults, body in raw/api/manifest.json); record RPTG_INSR_ID=140 PLANKEY_ID=1152570276 field AUTO_SAMPLE_RATE_AMT",Houston 77036 (Harris County),FOREMOST COUNTY MUTUAL INSURANCE COMPANY,tx-age65,2643
tx-2025,TX,2025,https://www.helpinsure.com/auto.html,"raw/api/autoResults_77036_age65.json (POST https://www.helpinsure.com/api/autoResults, body in raw/api/manifest.json); record RPTG_INSR_ID=219 PLANKEY_ID=1153737684 field AUTO_SAMPLE_RATE_AMT",Houston 77036 (Harris County),AMERICAN ACCESS CASUALTY COMPANY,tx-age65,2728
tx-2025,TX,2025,https://www.helpinsure.com/auto.html,"raw/api/autoResults_77036_age65.json (POST https://www.helpinsure.com/api/autoResults, body in raw/api/manifest.json); record RPTG_INSR_ID=142 PLANKEY_ID=1151022204 field AUTO_SAMPLE_RATE_AMT",Houston 77036 (Harris County),"COLONIAL COUNTY MUTUAL INSURANCE COMPANY / MGA: Titan Insurance Services, Inc.",tx-age65,2773
tx-2025,TX,2025,https://www.helpinsure.com/auto.html,"raw/api/autoResults_77036_age65.json (POST https://www.helpinsure.com/api/autoResults, body in raw/api/manifest.json); record RPTG_INSR_ID=205 PLANKEY_ID=1148776020 field AUTO_SAMPLE_RATE_AMT",Houston 77036 (Harris County),DAIRYLAND COUNTY MUTUAL INSURANCE COMPANY OF TEXAS,tx-age65,2775
tx-2025,TX,2025,https://www.helpinsure.com/auto.html,"raw/api/autoResults_77036_age65.json (POST https://www.helpinsure.com/api/autoResults, body in raw/api/manifest.json); record RPTG_INSR_ID=161 PLANKEY_ID=1147962132 field AUTO_SAMPLE_RATE_AMT",Houston 77036 (Harris County),AMICA PROPERTY AND CASUALTY INSURANCE COMPANY,tx-age65,2780
tx-2025,TX,2025,https://www.helpinsure.com/auto.html,"raw/api/autoResults_77036_age65.json (POST https://www.helpinsure.com/api/autoResults, body in raw/api/manifest.json); record RPTG_INSR_ID=155 PLANKEY_ID=1162741500 field AUTO_SAMPLE_RATE_AMT",Houston 77036 (Harris County),LIBERTY COUNTY MUTUAL INSURANCE COMPANY / MGA: Safeco General Agency (Safeco),tx-age65,2959
tx-2025,TX,2025,https://www.helpinsure.com/auto.html,"raw/api/autoResults_77036_age65.json (POST https://www.helpinsure.com/api/autoResults, body in raw/api/manifest.json); record RPTG_INSR_ID=215 PLANKEY_ID=1149535836 field AUTO_SAMPLE_RATE_AMT",Houston 77036 (Harris County),"MGA INSURANCE COMPANY, INC.",tx-age65,3205
tx-2025,TX,2025,https://www.helpinsure.com/auto.html,"raw/api/autoResults_77036_age65.json (POST https://www.helpinsure.com/api/autoResults, body in raw/api/manifest.json); record RPTG_INSR_ID=212 PLANKEY_ID=1158536628 field AUTO_SAMPLE_RATE_AMT",Houston 77036 (Harris County),ENCOMPASS INDEPENDENT INSURANCE COMPANY,tx-age65,5974
tx-2025,TX,2025,https://www.helpinsure.com/auto.html,"raw/api/autoResults_77036_age65_married.json (POST https://www.helpinsure.com/api/autoResults, body in raw/api/manifest.json); record RPTG_INSR_ID=21 PLANKEY_ID=1152163656 field AUTO_SAMPLE_RATE_AMT",Houston 77036 (Harris County),FARMERS TEXAS COUNTY MUTUAL INSURANCE COMPANY,tx-age65_married,596
tx-2025,TX,2025,https://www.helpinsure.com/auto.html,"raw/api/autoResults_77036_age65_married.json (POST https://www.helpinsure.com/api/autoResults, body in raw/api/manifest.json); record RPTG_INSR_ID=56 PLANKEY_ID=1156909176 field AUTO_SAMPLE_RATE_AMT",Houston 77036 (Harris County),UNITED SERVICES AUTOMOBILE ASSOCIATION,tx-age65_married,651
tx-2025,TX,2025,https://www.helpinsure.com/auto.html,"raw/api/autoResults_77036_age65_married.json (POST https://www.helpinsure.com/api/autoResults, body in raw/api/manifest.json); record RPTG_INSR_ID=119 PLANKEY_ID=1157316120 field AUTO_SAMPLE_RATE_AMT",Houston 77036 (Harris County),USAA CASUALTY INSURANCE COMPANY,tx-age65_married,677
tx-2025,TX,2025,https://www.helpinsure.com/auto.html,"raw/api/autoResults_77036_age65_married.json (POST https://www.helpinsure.com/api/autoResults, body in raw/api/manifest.json); record RPTG_INSR_ID=41 PLANKEY_ID=1163148120 field AUTO_SAMPLE_RATE_AMT",Houston 77036 (Harris County),PROGRESSIVE COUNTY MUTUAL INSURANCE COMPANY,tx-age65_married,698
tx-2025,TX,2025,https://www.helpinsure.com/auto.html,"raw/api/autoResults_77036_age65_married.json (POST https://www.helpinsure.com/api/autoResults, body in raw/api/manifest.json); record RPTG_INSR_ID=118 PLANKEY_ID=1157723064 field AUTO_SAMPLE_RATE_AMT",Houston 77036 (Harris County),USAA GENERAL INDEMNITY COMPANY,tx-age65_married,721
tx-2025,TX,2025,https://www.helpinsure.com/auto.html,"raw/api/autoResults_77036_age65_married.json (POST https://www.helpinsure.com/api/autoResults, body in raw/api/manifest.json); record RPTG_INSR_ID=283 PLANKEY_ID=1161385560 field AUTO_SAMPLE_RATE_AMT",Houston 77036 (Harris County),GEICO TEXAS COUNTY MUTUAL INSURANCE COMPANY / MGA: Voyager Corporation,tx-age65_married,741
tx-2025,TX,2025,https://www.helpinsure.com/auto.html,"raw/api/autoResults_77036_age65_married.json (POST https://www.helpinsure.com/api/autoResults, body in raw/api/manifest.json); record RPTG_INSR_ID=282 PLANKEY_ID=1160164728 field AUTO_SAMPLE_RATE_AMT",Houston 77036 (Harris County),GEICO TEXAS COUNTY MUTUAL INSURANCE COMPANY / MGA: Horizon Corporation,tx-age65_married,754
tx-2025,TX,2025,https://www.helpinsure.com/auto.html,"raw/api/autoResults_77036_age65_married.json (POST https://www.helpinsure.com/api/autoResults, body in raw/api/manifest.json); record RPTG_INSR_ID=102 PLANKEY_ID=1163553768 field AUTO_SAMPLE_RATE_AMT",Houston 77036 (Harris County),PROGRESSIVE COUNTY MUTUAL INSURANCE COMPANY / MGA: PROGRESSIVE COUNTY MUTUAL - DIRECT RATES,tx-age65_married,792
tx-2025,TX,2025,https://www.helpinsure.com/auto.html,"raw/api/autoResults_77036_age65_married.json (POST https://www.helpinsure.com/api/autoResults, body in raw/api/manifest.json); record RPTG_INSR_ID=281 PLANKEY_ID=1160978616 field AUTO_SAMPLE_RATE_AMT",Houston 77036 (Harris County),GEICO TEXAS COUNTY MUTUAL INSURANCE COMPANY / MGA: Perspective Corporation,tx-age65_married,809
tx-2025,TX,2025,https://www.helpinsure.com/auto.html,"raw/api/autoResults_77036_age65_married.json (POST https://www.helpinsure.com/api/autoResults, body in raw/api/manifest.json); record RPTG_INSR_ID=112 PLANKEY_ID=1156096584 field AUTO_SAMPLE_RATE_AMT",Houston 77036 (Harris County),GARRISON PROPERTY AND CASUALTY INSURANCE COMPANY,tx-age65_married,813
tx-2025,TX,2025,https://www.helpinsure.com/auto.html,"raw/api/autoResults_77036_age65_married.json (POST https://www.helpinsure.com/api/autoResults, body in raw/api/manifest.json); record RPTG_INSR_ID=6 PLANKEY_ID=1164909600 field AUTO_SAMPLE_RATE_AMT",Houston 77036 (Harris County),ALLSTATE FIRE AND CASUALTY INSURANCE COMPANY,tx-age65_married,970
tx-2025,TX,2025,https://www.helpinsure.com/auto.html,"raw/api/autoResults_77036_age65_married.json (POST https://www.helpinsure.com/api/autoResults, body in raw/api/manifest.json); record RPTG_INSR_ID=238 PLANKEY_ID=1164367008 field AUTO_SAMPLE_RATE_AMT",Houston 77036 (Harris County),MID-CENTURY INSURANCE COMPANY OF TEXAS,tx-age65_married,1027
tx-2025,TX,2025,https://www.helpinsure.com/auto.html,"raw/api/autoResults_77036_age65_married.json (POST https://www.helpinsure.com/api/autoResults, body in raw/api/manifest.json); record RPTG_INSR_ID=50 PLANKEY_ID=1149723936 field AUTO_SAMPLE_RATE_AMT",Houston 77036 (Harris County),STATE FARM MUTUAL AUTOMOBILE INSURANCE COMPANY,tx-age65_married,1111
tx-2025,TX,2025,https://www.helpinsure.com/auto.html,"raw/api/autoResults_77036_age65_married.json (POST https://www.helpinsure.com/api/autoResults, body in raw/api/manifest.json); record RPTG_INSR_ID=32 PLANKEY_ID=1150535880 field AUTO_SAMPLE_RATE_AMT",Houston 77036 (Harris County),MERCURY COUNTY MUTUAL INSURANCE COMPANY,tx-age65_married,1125
tx-2025,TX,2025,https://www.helpinsure.com/auto.html,"raw/api/autoResults_77036_age65_married.json (POST https://www.helpinsure.com/api/autoResults, body in raw/api/manifest.json); record RPTG_INSR_ID=246 PLANKEY_ID=1162334880 field AUTO_SAMPLE_RATE_AMT",Houston 77036 (Harris County),GEICO TEXAS COUNTY MUTUAL INSURANCE COMPANY / MGA: Endeavor Corporation,tx-age65_married,1216
tx-2025,TX,2025,https://www.helpinsure.com/auto.html,"raw/api/autoResults_77036_age65_married.json (POST https://www.helpinsure.com/api/autoResults, body in raw/api/manifest.json); record RPTG_INSR_ID=173 PLANKEY_ID=1151756712 field AUTO_SAMPLE_RATE_AMT",Houston 77036 (Harris County),ECONOMY FIRE & CASUALTY COMPANY,tx-age65_married,1255
tx-2025,TX,2025,https://www.helpinsure.com/auto.html,"raw/api/autoResults_77036_age65_married.json (POST https://www.helpinsure.com/api/autoResults, body in raw/api/manifest.json); record RPTG_INSR_ID=1 PLANKEY_ID=1148369400 field AUTO_SAMPLE_RATE_AMT",Houston 77036 (Harris County),AUTO CLUB COUNTY MUTUAL INSURANCE COMPANY,tx-age65_married,1338
tx-2025,TX,2025,https://www.helpinsure.com/auto.html,"raw/api/autoResults_77036_age65_married.json (POST https://www.helpinsure.com/api/autoResults, body in raw/api/manifest.json); record RPTG_INSR_ID=5 PLANKEY_ID=1152976896 field AUTO_SAMPLE_RATE_AMT",Houston 77036 (Harris County),ALLSTATE COUNTY MUTUAL INSURANCE COMPANY,tx-age65_married,1348
tx-2025,TX,2025,https://www.helpinsure.com/auto.html,"raw/api/autoResults_77036_age65_married.json (POST https://www.helpinsure.com/api/autoResults, body in raw/api/manifest.json); record RPTG_INSR_ID=48 PLANKEY_ID=1150129584 field AUTO_SAMPLE_RATE_AMT",Houston 77036 (Harris County),STATE FARM COUNTY MUTUAL INSURANCE COMPANY OF TEXAS,tx-age65_married,1372
tx-2025,TX,2025,https://www.helpinsure.com/auto.html,"raw/api/autoResults_77036_age65_married.json (POST https://www.helpinsure.com/api/autoResults, body in raw/api/manifest.json); record RPTG_INSR_ID=175 PLANKEY_ID=1163960064 field AUTO_SAMPLE_RATE_AMT",Houston 77036 (Harris County),FARMERS PROPERTY AND CASUALTY INSURANCE COMPANY,tx-age65_married,1403
tx-2025,TX,2025,https://www.helpinsure.com/auto.html,"raw/api/autoResults_77036_age65_married.json (POST https://www.helpinsure.com/api/autoResults, body in raw/api/manifest.json); record RPTG_INSR_ID=104 PLANKEY_ID=1164720960 field AUTO_SAMPLE_RATE_AMT",Houston 77036 (Harris County),TEXAS AUTOMOBILE INSURANCE PLAN ASSOCIATION,tx-age65_married,1430
tx-2025,TX,2025,https://www.helpinsure.com/auto.html,"raw/api/autoResults_77036_age65_married.json (POST https://www.helpinsure.com/api/autoResults, body in raw/api/manifest.json); record RPTG_INSR_ID=138 PLANKEY_ID=1153383840 field AUTO_SAMPLE_RATE_AMT",Houston 77036 (Harris County),INFINITY COUNTY MUTUAL INSURANCE COMPANY,tx-age65_married,1486
tx-2025,TX,2025,https://www.helpinsure.com/auto.html,"raw/api/autoResults_77036_age65_married.json (POST https://www.helpinsure.com/api/autoResults, body in raw/api/manifest.json); record RPTG_INSR_ID=16 PLANKEY_ID=1151349768 field AUTO_SAMPLE_RATE_AMT",Houston 77036 (Harris County),CONSUMERS COUNTY MUTUAL INSURANCE COMPANY / MGA: Travelers Quantum Auto 2.0 Program,tx-age65_married,1536
tx-2025,TX,2025,https://www.helpinsure.com/auto.html,"raw/api/autoResults_77036_age65_married.json (POST https://www.helpinsure.com/api/autoResults, body in raw/api/manifest.json); record RPTG_INSR_ID=124 PLANKEY_ID=1165316544 field AUTO_SAMPLE_RATE_AMT",Houston 77036 (Harris County),CONSUMERS COUNTY MUTUAL INSURANCE COMPANY,tx-age65_married,1536
tx-2025,TX,2025,https://www.helpinsure.com/auto.html,"raw/api/autoResults_77036_age65_married.json (POST https://www.helpinsure.com/api/autoResults, body in raw/api/manifest.json); record RPTG_INSR_ID=33 PLANKEY_ID=1158130008 field AUTO_SAMPLE_RATE_AMT",Houston 77036 (Harris County),FARMERS LLOYDS INSURANCE COMPANY OF TEXAS,tx-age65_married,2055
tx-2025,TX,2025,https://www.helpinsure.com/auto.html,"raw/api/autoResults_77036_age65_married.json (POST https://www.helpinsure.com/api/autoResults, body in raw/api/manifest.json); record RPTG_INSR_ID=209 PLANKEY_ID=1158943896 field AUTO_SAMPLE_RATE_AMT",Houston 77036 (Harris County),AMERICAN FAMILY CONNECT PROPERTY AND CASUALTY INSURANCE COMPANY,tx-age65_married,2170
tx-2025,TX,2025,https://www.helpinsure.com/auto.html,"raw/api/autoResults_77036_age65_married.json (POST https://www.helpinsure.com/api/autoResults, body in raw/api/manifest.json); record RPTG_INSR_ID=140 PLANKEY_ID=1152570600 field AUTO_SAMPLE_RATE_AMT",Houston 77036 (Harris County),FOREMOST COUNTY MUTUAL INSURANCE COMPANY,tx-age65_married,2257
tx-2025,TX,2025,https://www.helpinsure.com/auto.html,"raw/api/autoResults_77036_age65_married.json (POST https://www.helpinsure.com/api/autoResults, body in raw/api/manifest.json); record RPTG_INSR_ID=219 PLANKEY_ID=1153737792 field AUTO_SAMPLE_RATE_AMT",Houston 77036 (Harris County),AMERICAN ACCESS CASUALTY COMPANY,tx-age65_married,2509
tx-2025,TX,2025,https://www.helpinsure.com/auto.html,"raw/api/autoResults_77036_age65_married.json (POST https://www.helpinsure.com/api/autoResults, body in raw/api/manifest.json); record RPTG_INSR_ID=45 PLANKEY_ID=1159757784 field AUTO_SAMPLE_RATE_AMT",Houston 77036 (Harris County),"SENTINEL INSURANCE COMPANY, LTD.",tx-age65_married,2570
tx-2025,TX,2025,https://www.helpinsure.com/auto.html,"raw/api/autoResults_77036_age65_married.json (POST https://www.helpinsure.com/api/autoResults, body in raw/api/manifest.json); record RPTG_INSR_ID=123 PLANKEY_ID=1159350840 field AUTO_SAMPLE_RATE_AMT",Houston 77036 (Harris County),AMICA MUTUAL INSURANCE COMPANY,tx-age65_married,2611
tx-2025,TX,2025,https://www.helpinsure.com/auto.html,"raw/api/autoResults_77036_age65_married.json (POST https://www.helpinsure.com/api/autoResults, body in raw/api/manifest.json); record RPTG_INSR_ID=142 PLANKEY_ID=1151022528 field AUTO_SAMPLE_RATE_AMT",Houston 77036 (Harris County),"COLONIAL COUNTY MUTUAL INSURANCE COMPANY / MGA: Titan Insurance Services, Inc.",tx-age65_married,2625
tx-2025,TX,2025,https://www.helpinsure.com/auto.html,"raw/api/autoResults_77036_age65_married.json (POST https://www.helpinsure.com/api/autoResults, body in raw/api/manifest.json); record RPTG_INSR_ID=205 PLANKEY_ID=1148776344 field AUTO_SAMPLE_RATE_AMT",Houston 77036 (Harris County),DAIRYLAND COUNTY MUTUAL INSURANCE COMPANY OF TEXAS,tx-age65_married,2681
tx-2025,TX,2025,https://www.helpinsure.com/auto.html,"raw/api/autoResults_77036_age65_married.json (POST https://www.helpinsure.com/api/autoResults, body in raw/api/manifest.json); record RPTG_INSR_ID=161 PLANKEY_ID=1147962456 field AUTO_SAMPLE_RATE_AMT",Houston 77036 (Harris County),AMICA PROPERTY AND CASUALTY INSURANCE COMPANY,tx-age65_married,2780
tx-2025,TX,2025,https://www.helpinsure.com/auto.html,"raw/api/autoResults_77036_age65_married.json (POST https://www.helpinsure.com/api/autoResults, body in raw/api/manifest.json); record RPTG_INSR_ID=215 PLANKEY_ID=1149535944 field AUTO_SAMPLE_RATE_AMT",Houston 77036 (Harris County),"MGA INSURANCE COMPANY, INC.",tx-age65_married,2885
tx-2025,TX,2025,https://www.helpinsure.com/auto.html,"raw/api/autoResults_77036_age65_married.json (POST https://www.helpinsure.com/api/autoResults, body in raw/api/manifest.json); record RPTG_INSR_ID=155 PLANKEY_ID=1162741824 field AUTO_SAMPLE_RATE_AMT",Houston 77036 (Harris County),LIBERTY COUNTY MUTUAL INSURANCE COMPANY / MGA: Safeco General Agency (Safeco),tx-age65_married,2966
tx-2025,TX,2025,https://www.helpinsure.com/auto.html,"raw/api/autoResults_77036_age65_married.json (POST https://www.helpinsure.com/api/autoResults, body in raw/api/manifest.json); record RPTG_INSR_ID=212 PLANKEY_ID=1158536952 field AUTO_SAMPLE_RATE_AMT",Houston 77036 (Harris County),ENCOMPASS INDEPENDENT INSURANCE COMPANY,tx-age65_married,5179
tx-2025,TX,2025,https://www.helpinsure.com/auto.html,"raw/api/autoResults_77036_base.json (POST https://www.helpinsure.com/api/autoResults, body in raw/api/manifest.json); record RPTG_INSR_ID=21 PLANKEY_ID=1152163278 field AUTO_SAMPLE_RATE_AMT",Houston 77036 (Harris County),FARMERS TEXAS COUNTY MUTUAL INSURANCE COMPANY,tx-base,676
tx-2025,TX,2025,https://www.helpinsure.com/auto.html,"raw/api/autoResults_77036_base.json (POST https://www.helpinsure.com/api/autoResults, body in raw/api/manifest.json); record RPTG_INSR_ID=56 PLANKEY_ID=1156908798 field AUTO_SAMPLE_RATE_AMT",Houston 77036 (Harris County),UNITED SERVICES AUTOMOBILE ASSOCIATION,tx-base,737
tx-2025,TX,2025,https://www.helpinsure.com/auto.html,"raw/api/autoResults_77036_base.json (POST https://www.helpinsure.com/api/autoResults, body in raw/api/manifest.json); record RPTG_INSR_ID=119 PLANKEY_ID=1157315742 field AUTO_SAMPLE_RATE_AMT",Houston 77036 (Harris County),USAA CASUALTY INSURANCE COMPANY,tx-base,800
tx-2025,TX,2025,https://www.helpinsure.com/auto.html,"raw/api/autoResults_77036_base.json (POST https://www.helpinsure.com/api/autoResults, body in raw/api/manifest.json); record RPTG_INSR_ID=118 PLANKEY_ID=1157722686 field AUTO_SAMPLE_RATE_AMT",Houston 77036 (Harris County),USAA GENERAL INDEMNITY COMPANY,tx-base,887
tx-2025,TX,2025,https://www.helpinsure.com/auto.html,"raw/api/autoResults_77036_base.json (POST https://www.helpinsure.com/api/autoResults, body in raw/api/manifest.json); record RPTG_INSR_ID=283 PLANKEY_ID=1161385182 field AUTO_SAMPLE_RATE_AMT",Houston 77036 (Harris County),GEICO TEXAS COUNTY MUTUAL INSURANCE COMPANY / MGA: Voyager Corporation,tx-base,922
tx-2025,TX,2025,https://www.helpinsure.com/auto.html,"raw/api/autoResults_77036_base.json (POST https://www.helpinsure.com/api/autoResults, body in raw/api/manifest.json); record RPTG_INSR_ID=282 PLANKEY_ID=1160164350 field AUTO_SAMPLE_RATE_AMT",Houston 77036 (Harris County),GEICO TEXAS COUNTY MUTUAL INSURANCE COMPANY / MGA: Horizon Corporation,tx-base,938
tx-2025,TX,2025,https://www.helpinsure.com/auto.html,"raw/api/autoResults_77036_base.json (POST https://www.helpinsure.com/api/autoResults, body in raw/api/manifest.json); record RPTG_INSR_ID=112 PLANKEY_ID=1156096206 field AUTO_SAMPLE_RATE_AMT",Houston 77036 (Harris County),GARRISON PROPERTY AND CASUALTY INSURANCE COMPANY,tx-base,939
tx-2025,TX,2025,https://www.helpinsure.com/auto.html,"raw/api/autoResults_77036_base.json (POST https://www.helpinsure.com/api/autoResults, body in raw/api/manifest.json); record RPTG_INSR_ID=281 PLANKEY_ID=1160978238 field AUTO_SAMPLE_RATE_AMT",Houston 77036 (Harris County),GEICO TEXAS COUNTY MUTUAL INSURANCE COMPANY / MGA: Perspective Corporation,tx-base,979
tx-2025,TX,2025,https://www.helpinsure.com/auto.html,"raw/api/autoResults_77036_base.json (POST https://www.helpinsure.com/api/autoResults, body in raw/api/manifest.json); record RPTG_INSR_ID=102 PLANKEY_ID=1163553390 field AUTO_SAMPLE_RATE_AMT",Houston 77036 (Harris County),PROGRESSIVE COUNTY MUTUAL INSURANCE COMPANY / MGA: PROGRESSIVE COUNTY MUTUAL - DIRECT RATES,tx-base,1035
tx-2025,TX,2025,https://www.helpinsure.com/auto.html,"raw/api/autoResults_77036_base.json (POST https://www.helpinsure.com/api/autoResults, body in raw/api/manifest.json); record RPTG_INSR_ID=6 PLANKEY_ID=1164909222 field AUTO_SAMPLE_RATE_AMT",Houston 77036 (Harris County),ALLSTATE FIRE AND CASUALTY INSURANCE COMPANY,tx-base,1079
tx-2025,TX,2025,https://www.helpinsure.com/auto.html,"raw/api/autoResults_77036_base.json (POST https://www.helpinsure.com/api/autoResults, body in raw/api/manifest.json); record RPTG_INSR_ID=41 PLANKEY_ID=1163147742 field AUTO_SAMPLE_RATE_AMT",Houston 77036 (Harris County),PROGRESSIVE COUNTY MUTUAL INSURANCE COMPANY,tx-base,1107
tx-2025,TX,2025,https://www.helpinsure.com/auto.html,"raw/api/autoResults_77036_base.json (POST https://www.helpinsure.com/api/autoResults, body in raw/api/manifest.json); record RPTG_INSR_ID=238 PLANKEY_ID=1164366630 field AUTO_SAMPLE_RATE_AMT",Houston 77036 (Harris County),MID-CENTURY INSURANCE COMPANY OF TEXAS,tx-base,1157
tx-2025,TX,2025,https://www.helpinsure.com/auto.html,"raw/api/autoResults_77036_base.json (POST https://www.helpinsure.com/api/autoResults, body in raw/api/manifest.json); record RPTG_INSR_ID=50 PLANKEY_ID=1149723558 field AUTO_SAMPLE_RATE_AMT",Houston 77036 (Harris County),STATE FARM MUTUAL AUTOMOBILE INSURANCE COMPANY,tx-base,1182
tx-2025,TX,2025,https://www.helpinsure.com/auto.html,"raw/api/autoResults_77036_base.json (POST https://www.helpinsure.com/api/autoResults, body in raw/api/manifest.json); record RPTG_INSR_ID=5 PLANKEY_ID=1152976518 field AUTO_SAMPLE_RATE_AMT",Houston 77036 (Harris County),ALLSTATE COUNTY MUTUAL INSURANCE COMPANY,tx-base,1322
tx-2025,TX,2025,https://www.helpinsure.com/auto.html,"raw/api/autoResults_77036_base.json (POST https://www.helpinsure.com/api/autoResults, body in raw/api/manifest.json); record RPTG_INSR_ID=246 PLANKEY_ID=1162334502 field AUTO_SAMPLE_RATE_AMT",Houston 77036 (Harris County),GEICO TEXAS COUNTY MUTUAL INSURANCE COMPANY / MGA: Endeavor Corporation,tx-base,1367
tx-2025,TX,2025,https://www.helpinsure.com/auto.html,"raw/api/autoResults_77036_base.json (POST https://www.helpinsure.com/api/autoResults, body in raw/api/manifest.json); record RPTG_INSR_ID=104 PLANKEY_ID=1164720834 field AUTO_SAMPLE_RATE_AMT",Houston 77036 (Harris County),TEXAS AUTOMOBILE INSURANCE PLAN ASSOCIATION,tx-base,1430
tx-2025,TX,2025,https://www.helpinsure.com/auto.html,"raw/api/autoResults_77036_base.json (POST https://www.helpinsure.com/api/autoResults, body in raw/api/manifest.json); record RPTG_INSR_ID=48 PLANKEY_ID=1150129206 field AUTO_SAMPLE_RATE_AMT",Houston 77036 (Harris County),STATE FARM COUNTY MUTUAL INSURANCE COMPANY OF TEXAS,tx-base,1491
tx-2025,TX,2025,https://www.helpinsure.com/auto.html,"raw/api/autoResults_77036_base.json (POST https://www.helpinsure.com/api/autoResults, body in raw/api/manifest.json); record RPTG_INSR_ID=1 PLANKEY_ID=1148369022 field AUTO_SAMPLE_RATE_AMT",Houston 77036 (Harris County),AUTO CLUB COUNTY MUTUAL INSURANCE COMPANY,tx-base,1524
tx-2025,TX,2025,https://www.helpinsure.com/auto.html,"raw/api/autoResults_77036_base.json (POST https://www.helpinsure.com/api/autoResults, body in raw/api/manifest.json); record RPTG_INSR_ID=32 PLANKEY_ID=1150535502 field AUTO_SAMPLE_RATE_AMT",Houston 77036 (Harris County),MERCURY COUNTY MUTUAL INSURANCE COMPANY,tx-base,1605
tx-2025,TX,2025,https://www.helpinsure.com/auto.html,"raw/api/autoResults_77036_base.json (POST https://www.helpinsure.com/api/autoResults, body in raw/api/manifest.json); record RPTG_INSR_ID=16 PLANKEY_ID=1151349390 field AUTO_SAMPLE_RATE_AMT",Houston 77036 (Harris County),CONSUMERS COUNTY MUTUAL INSURANCE COMPANY / MGA: Travelers Quantum Auto 2.0 Program,tx-base,1614
tx-2025,TX,2025,https://www.helpinsure.com/auto.html,"raw/api/autoResults_77036_base.json (POST https://www.helpinsure.com/api/autoResults, body in raw/api/manifest.json); record RPTG_INSR_ID=124 PLANKEY_ID=1165316166 field AUTO_SAMPLE_RATE_AMT",Houston 77036 (Harris County),CONSUMERS COUNTY MUTUAL INSURANCE COMPANY,tx-base,1614
tx-2025,TX,2025,https://www.helpinsure.com/auto.html,"raw/api/autoResults_77036_base.json (POST https://www.helpinsure.com/api/autoResults, body in raw/api/manifest.json); record RPTG_INSR_ID=138 PLANKEY_ID=1153383462 field AUTO_SAMPLE_RATE_AMT",Houston 77036 (Harris County),INFINITY COUNTY MUTUAL INSURANCE COMPANY,tx-base,1663
tx-2025,TX,2025,https://www.helpinsure.com/auto.html,"raw/api/autoResults_77036_base.json (POST https://www.helpinsure.com/api/autoResults, body in raw/api/manifest.json); record RPTG_INSR_ID=173 PLANKEY_ID=1151756334 field AUTO_SAMPLE_RATE_AMT",Houston 77036 (Harris County),ECONOMY FIRE & CASUALTY COMPANY,tx-base,1778
tx-2025,TX,2025,https://www.helpinsure.com/auto.html,"raw/api/autoResults_77036_base.json (POST https://www.helpinsure.com/api/autoResults, body in raw/api/manifest.json); record RPTG_INSR_ID=175 PLANKEY_ID=1163959686 field AUTO_SAMPLE_RATE_AMT",Houston 77036 (Harris County),FARMERS PROPERTY AND CASUALTY INSURANCE COMPANY,tx-base,1791
tx-2025,TX,2025,https://www.helpinsure.com/auto.html,"raw/api/autoResults_77036_base.json (POST https://www.helpinsure.com/api/autoResults, body in raw/api/manifest.json); record RPTG_INSR_ID=140 PLANKEY_ID=1152570222 field AUTO_SAMPLE_RATE_AMT",Houston 77036 (Harris County),FOREMOST COUNTY MUTUAL INSURANCE COMPANY,tx-base,2390
tx-2025,TX,2025,https://www.helpinsure.com/auto.html,"raw/api/autoResults_77036_base.json (POST https://www.helpinsure.com/api/autoResults, body in raw/api/manifest.json); record RPTG_INSR_ID=209 PLANKEY_ID=1158943518 field AUTO_SAMPLE_RATE_AMT",Houston 77036 (Harris County),AMERICAN FAMILY CONNECT PROPERTY AND CASUALTY INSURANCE COMPANY,tx-base,2492
tx-2025,TX,2025,https://www.helpinsure.com/auto.html,"raw/api/autoResults_77036_base.json (POST https://www.helpinsure.com/api/autoResults, body in raw/api/manifest.json); record RPTG_INSR_ID=33 PLANKEY_ID=1158129630 field AUTO_SAMPLE_RATE_AMT",Houston 77036 (Harris County),FARMERS LLOYDS INSURANCE COMPANY OF TEXAS,tx-base,2560
tx-2025,TX,2025,https://www.helpinsure.com/auto.html,"raw/api/autoResults_77036_base.json (POST https://www.helpinsure.com/api/autoResults, body in raw/api/manifest.json); record RPTG_INSR_ID=123 PLANKEY_ID=1159350462 field AUTO_SAMPLE_RATE_AMT",Houston 77036 (Harris County),AMICA MUTUAL INSURANCE COMPANY,tx-base,2749
tx-2025,TX,2025,https://www.helpinsure.com/auto.html,"raw/api/autoResults_77036_base.json (POST https://www.helpinsure.com/api/autoResults, body in raw/api/manifest.json); record RPTG_INSR_ID=142 PLANKEY_ID=1151021502 field AUTO_SAMPLE_RATE_AMT",Houston 77036 (Harris County),"COLONIAL COUNTY MUTUAL INSURANCE COMPANY / MGA: Titan Insurance Services, Inc.",tx-base,2760
tx-2025,TX,2025,https://www.helpinsure.com/auto.html,"raw/api/autoResults_77036_base.json (POST https://www.helpinsure.com/api/autoResults, body in raw/api/manifest.json); record RPTG_INSR_ID=219 PLANKEY_ID=1153737666 field AUTO_SAMPLE_RATE_AMT",Houston 77036 (Harris County),AMERICAN ACCESS CASUALTY COMPANY,tx-base,2923
tx-2025,TX,2025,https://www.helpinsure.com/auto.html,"raw/api/autoResults_77036_base.json (POST https://www.helpinsure.com/api/autoResults, body in raw/api/manifest.json); record RPTG_INSR_ID=161 PLANKEY_ID=1147962078 field AUTO_SAMPLE_RATE_AMT",Houston 77036 (Harris County),AMICA PROPERTY AND CASUALTY INSURANCE COMPANY,tx-base,2927
tx-2025,TX,2025,https://www.helpinsure.com/auto.html,"raw/api/autoResults_77036_base.json (POST https://www.helpinsure.com/api/autoResults, body in raw/api/manifest.json); record RPTG_INSR_ID=45 PLANKEY_ID=1159757406 field AUTO_SAMPLE_RATE_AMT",Houston 77036 (Harris County),"SENTINEL INSURANCE COMPANY, LTD.",tx-base,3088
tx-2025,TX,2025,https://www.helpinsure.com/auto.html,"raw/api/autoResults_77036_base.json (POST https://www.helpinsure.com/api/autoResults, body in raw/api/manifest.json); record RPTG_INSR_ID=215 PLANKEY_ID=1149535818 field AUTO_SAMPLE_RATE_AMT",Houston 77036 (Harris County),"MGA INSURANCE COMPANY, INC.",tx-base,3117
tx-2025,TX,2025,https://www.helpinsure.com/auto.html,"raw/api/autoResults_77036_base.json (POST https://www.helpinsure.com/api/autoResults, body in raw/api/manifest.json); record RPTG_INSR_ID=155 PLANKEY_ID=1162741446 field AUTO_SAMPLE_RATE_AMT",Houston 77036 (Harris County),LIBERTY COUNTY MUTUAL INSURANCE COMPANY / MGA: Safeco General Agency (Safeco),tx-base,3256
tx-2025,TX,2025,https://www.helpinsure.com/auto.html,"raw/api/autoResults_77036_base.json (POST https://www.helpinsure.com/api/autoResults, body in raw/api/manifest.json); record RPTG_INSR_ID=205 PLANKEY_ID=1148775966 field AUTO_SAMPLE_RATE_AMT",Houston 77036 (Harris County),DAIRYLAND COUNTY MUTUAL INSURANCE COMPANY OF TEXAS,tx-base,3662
tx-2025,TX,2025,https://www.helpinsure.com/auto.html,"raw/api/autoResults_77036_base.json (POST https://www.helpinsure.com/api/autoResults, body in raw/api/manifest.json); record RPTG_INSR_ID=212 PLANKEY_ID=1158536574 field AUTO_SAMPLE_RATE_AMT",Houston 77036 (Harris County),ENCOMPASS INDEPENDENT INSURANCE COMPANY,tx-base,5416
tx-2025,TX,2025,https://www.helpinsure.com/auto.html,"raw/api/autoResults_77036_creditGood.json (POST https://www.helpinsure.com/api/autoResults, body in raw/api/manifest.json); record RPTG_INSR_ID=56 PLANKEY_ID=1156908801 field AUTO_SAMPLE_RATE_AMT",Houston 77036 (Harris County),UNITED SERVICES AUTOMOBILE ASSOCIATION,tx-creditGood,644
tx-2025,TX,2025,https://www.helpinsure.com/auto.html,"raw/api/autoResults_77036_creditGood.json (POST https://www.helpinsure.com/api/autoResults, body in raw/api/manifest.json); record RPTG_INSR_ID=119 PLANKEY_ID=1157315745 field AUTO_SAMPLE_RATE_AMT",Houston 77036 (Harris County),USAA CASUALTY INSURANCE COMPANY,tx-creditGood,681
tx-2025,TX,2025,https://www.helpinsure.com/auto.html,"raw/api/autoResults_77036_creditGood.json (POST https://www.helpinsure.com/api/autoResults, body in raw/api/manifest.json); record RPTG_INSR_ID=118 PLANKEY_ID=1157722689 field AUTO_SAMPLE_RATE_AMT",Houston 77036 (Harris County),USAA GENERAL INDEMNITY COMPANY,tx-creditGood,691
tx-2025,TX,2025,https://www.helpinsure.com/auto.html,"raw/api/autoResults_77036_creditGood.json (POST https://www.helpinsure.com/api/autoResults, body in raw/api/manifest.json); record RPTG_INSR_ID=283 PLANKEY_ID=1161385185 field AUTO_SAMPLE_RATE_AMT",Houston 77036 (Harris County),GEICO TEXAS COUNTY MUTUAL INSURANCE COMPANY / MGA: Voyager Corporation,tx-creditGood,756
tx-2025,TX,2025,https://www.helpinsure.com/auto.html,"raw/api/autoResults_77036_creditGood.json (POST https://www.helpinsure.com/api/autoResults, body in raw/api/manifest.json); record RPTG_INSR_ID=282 PLANKEY_ID=1160164353 field AUTO_SAMPLE_RATE_AMT",Houston 77036 (Harris County),GEICO TEXAS COUNTY MUTUAL INSURANCE COMPANY / MGA: Horizon Corporation,tx-creditGood,769
tx-2025,TX,2025,https://www.helpinsure.com/auto.html,"raw/api/autoResults_77036_creditGood.json (POST https://www.helpinsure.com/api/autoResults, body in raw/api/manifest.json); record RPTG_INSR_ID=112 PLANKEY_ID=1156096209 field AUTO_SAMPLE_RATE_AMT",Houston 77036 (Harris County),GARRISON PROPERTY AND CASUALTY INSURANCE COMPANY,tx-creditGood,776
tx-2025,TX,2025,https://www.helpinsure.com/auto.html,"raw/api/autoResults_77036_creditGood.json (POST https://www.helpinsure.com/api/autoResults, body in raw/api/manifest.json); record RPTG_INSR_ID=21 PLANKEY_ID=1152163281 field AUTO_SAMPLE_RATE_AMT",Houston 77036 (Harris County),FARMERS TEXAS COUNTY MUTUAL INSURANCE COMPANY,tx-creditGood,802
tx-2025,TX,2025,https://www.helpinsure.com/auto.html,"raw/api/autoResults_77036_creditGood.json (POST https://www.helpinsure.com/api/autoResults, body in raw/api/manifest.json); record RPTG_INSR_ID=281 PLANKEY_ID=1160978241 field AUTO_SAMPLE_RATE_AMT",Houston 77036 (Harris County),GEICO TEXAS COUNTY MUTUAL INSURANCE COMPANY / MGA: Perspective Corporation,tx-creditGood,829
tx-2025,TX,2025,https://www.helpinsure.com/auto.html,"raw/api/autoResults_77036_creditGood.json (POST https://www.helpinsure.com/api/autoResults, body in raw/api/manifest.json); record RPTG_INSR_ID=6 PLANKEY_ID=1164909225 field AUTO_SAMPLE_RATE_AMT",Houston 77036 (Harris County),ALLSTATE FIRE AND CASUALTY INSURANCE COMPANY,tx-creditGood,849
tx-2025,TX,2025,https://www.helpinsure.com/auto.html,"raw/api/autoResults_77036_creditGood.json (POST https://www.helpinsure.com/api/autoResults, body in raw/api/manifest.json); record RPTG_INSR_ID=102 PLANKEY_ID=1163553393 field AUTO_SAMPLE_RATE_AMT",Houston 77036 (Harris County),PROGRESSIVE COUNTY MUTUAL INSURANCE COMPANY / MGA: PROGRESSIVE COUNTY MUTUAL - DIRECT RATES,tx-creditGood,942
tx-2025,TX,2025,https://www.helpinsure.com/auto.html,"raw/api/autoResults_77036_creditGood.json (POST https://www.helpinsure.com/api/autoResults, body in raw/api/manifest.json); record RPTG_INSR_ID=238 PLANKEY_ID=1164366633 field AUTO_SAMPLE_RATE_AMT",Houston 77036 (Harris County),MID-CENTURY INSURANCE COMPANY OF TEXAS,tx-creditGood,942
tx-2025,TX,2025,https://www.helpinsure.com/auto.html,"raw/api/autoResults_77036_creditGood.json (POST https://www.helpinsure.com/api/autoResults, body in raw/api/manifest.json); record RPTG_INSR_ID=50 PLANKEY_ID=1149723561 field AUTO_SAMPLE_RATE_AMT",Houston 77036 (Harris County),STATE FARM MUTUAL AUTOMOBILE INSURANCE COMPANY,tx-creditGood,973
tx-2025,TX,2025,https://www.helpinsure.com/auto.html,"raw/api/autoResults_77036_creditGood.json (POST https://www.helpinsure.com/api/autoResults, body in raw/api/manifest.json); record RPTG_INSR_ID=41 PLANKEY_ID=1163147745 field AUTO_SAMPLE_RATE_AMT",Houston 77036 (Harris County),PROGRESSIVE COUNTY MUTUAL INSURANCE COMPANY,tx-creditGood,997
tx-2025,TX,2025,https://www.helpinsure.com/auto.html,"raw/api/autoResults_77036_creditGood.json (POST https://www.helpinsure.com/api/autoResults, body in raw/api/manifest.json); record RPTG_INSR_ID=246 PLANKEY_ID=1162334505 field AUTO_SAMPLE_RATE_AMT",Houston 77036 (Harris County),GEICO TEXAS COUNTY MUTUAL INSURANCE COMPANY / MGA: Endeavor Corporation,tx-creditGood,1058
tx-2025,TX,2025,https://www.helpinsure.com/auto.html,"raw/api/autoResults_77036_creditGood.json (POST https://www.helpinsure.com/api/autoResults, body in raw/api/manifest.json); record RPTG_INSR_ID=124 PLANKEY_ID=1165316169 field AUTO_SAMPLE_RATE_AMT",Houston 77036 (Harris County),CONSUMERS COUNTY MUTUAL INSURANCE COMPANY,tx-creditGood,1071
tx-2025,TX,2025,https://www.helpinsure.com/auto.html,"raw/api/autoResults_77036_creditGood.json (POST https://www.helpinsure.com/api/autoResults, body in raw/api/manifest.json); record RPTG_INSR_ID=16 PLANKEY_ID=1151349393 field AUTO_SAMPLE_RATE_AMT",Houston 77036 (Harris County),CONSUMERS COUNTY MUTUAL INSURANCE COMPANY / MGA: Travelers Quantum Auto 2.0 Program,tx-creditGood,1071
tx-2025,TX,2025,https://www.helpinsure.com/auto.html,"raw/api/autoResults_77036_creditGood.json (POST https://www.helpinsure.com/api/autoResults, body in raw/api/manifest.json); record RPTG_INSR_ID=48 PLANKEY_ID=1150129209 field AUTO_SAMPLE_RATE_AMT",Houston 77036 (Harris County),STATE FARM COUNTY MUTUAL INSURANCE COMPANY OF TEXAS,tx-creditGood,1222
tx-2025,TX,2025,https://www.helpinsure.com/auto.html,"raw/api/autoResults_77036_creditGood.json (POST https://www.helpinsure.com/api/autoResults, body in raw/api/manifest.json); record RPTG_INSR_ID=5 PLANKEY_ID=1152976521 field AUTO_SAMPLE_RATE_AMT",Houston 77036 (Harris County),ALLSTATE COUNTY MUTUAL INSURANCE COMPANY,tx-creditGood,1243
tx-2025,TX,2025,https://www.helpinsure.com/auto.html,"raw/api/autoResults_77036_creditGood.json (POST https://www.helpinsure.com/api/autoResults, body in raw/api/manifest.json); record RPTG_INSR_ID=32 PLANKEY_ID=1150535505 field AUTO_SAMPLE_RATE_AMT",Houston 77036 (Harris County),MERCURY COUNTY MUTUAL INSURANCE COMPANY,tx-creditGood,1291
tx-2025,TX,2025,https://www.helpinsure.com/auto.html,"raw/api/autoResults_77036_creditGood.json (POST https://www.helpinsure.com/api/autoResults, body in raw/api/manifest.json); record RPTG_INSR_ID=1 PLANKEY_ID=1148369025 field AUTO_SAMPLE_RATE_AMT",Houston 77036 (Harris County),AUTO CLUB COUNTY MUTUAL INSURANCE COMPANY,tx-creditGood,1340
tx-2025,TX,2025,https://www.helpinsure.com/auto.html,"raw/api/autoResults_77036_creditGood.json (POST https://www.helpinsure.com/api/autoResults, body in raw/api/manifest.json); record RPTG_INSR_ID=173 PLANKEY_ID=1151756337 field AUTO_SAMPLE_RATE_AMT",Houston 77036 (Harris County),ECONOMY FIRE & CASUALTY COMPANY,tx-creditGood,1352
tx-2025,TX,2025,https://www.helpinsure.com/auto.html,"raw/api/autoResults_77036_creditGood.json (POST https://www.helpinsure.com/api/autoResults, body in raw/api/manifest.json); record RPTG_INSR_ID=104 PLANKEY_ID=1164720837 field AUTO_SAMPLE_RATE_AMT",Houston 77036 (Harris County),TEXAS AUTOMOBILE INSURANCE PLAN ASSOCIATION,tx-creditGood,1430
tx-2025,TX,2025,https://www.helpinsure.com/auto.html,"raw/api/autoResults_77036_creditGood.json (POST https://www.helpinsure.com/api/autoResults, body in raw/api/manifest.json); record RPTG_INSR_ID=175 PLANKEY_ID=1163959689 field AUTO_SAMPLE_RATE_AMT",Houston 77036 (Harris County),FARMERS PROPERTY AND CASUALTY INSURANCE COMPANY,tx-creditGood,1501
tx-2025,TX,2025,https://www.helpinsure.com/auto.html,"raw/api/autoResults_77036_creditGood.json (POST https://www.helpinsure.com/api/autoResults, body in raw/api/manifest.json); record RPTG_INSR_ID=138 PLANKEY_ID=1153383465 field AUTO_SAMPLE_RATE_AMT",Houston 77036 (Harris County),INFINITY COUNTY MUTUAL INSURANCE COMPANY,tx-creditGood,1522
tx-2025,TX,2025,https://www.helpinsure.com/auto.html,"raw/api/autoResults_77036_creditGood.json (POST https://www.helpinsure.com/api/autoResults, body in raw/api/manifest.json); record RPTG_INSR_ID=33 PLANKEY_ID=1158129633 field AUTO_SAMPLE_RATE_AMT",Houston 77036 (Harris County),FARMERS LLOYDS INSURANCE COMPANY OF TEXAS,tx-creditGood,1803
tx-2025,TX,2025,https://www.helpinsure.com/auto.html,"raw/api/autoResults_77036_creditGood.json (POST https://www.helpinsure.com/api/autoResults, body in raw/api/manifest.json); record RPTG_INSR_ID=140 PLANKEY_ID=1152570225 field AUTO_SAMPLE_RATE_AMT",Houston 77036 (Harris County),FOREMOST COUNTY MUTUAL INSURANCE COMPANY,tx-creditGood,1946
tx-2025,TX,2025,https://www.helpinsure.com/auto.html,"raw/api/autoResults_77036_creditGood.json (POST https://www.helpinsure.com/api/autoResults, body in raw/api/manifest.json); record RPTG_INSR_ID=123 PLANKEY_ID=1159350465 field AUTO_SAMPLE_RATE_AMT",Houston 77036 (Harris County),AMICA MUTUAL INSURANCE COMPANY,tx-creditGood,1952
tx-2025,TX,2025,https://www.helpinsure.com/auto.html,"raw/api/autoResults_77036_creditGood.json (POST https://www.helpinsure.com/api/autoResults, body in raw/api/manifest.json); record RPTG_INSR_ID=161 PLANKEY_ID=1147962081 field AUTO_SAMPLE_RATE_AMT",Houston 77036 (Harris County),AMICA PROPERTY AND CASUALTY INSURANCE COMPANY,tx-creditGood,1958
tx-2025,TX,2025,https://www.helpinsure.com/auto.html,"raw/api/autoResults_77036_creditGood.json (POST https://www.helpinsure.com/api/autoResults, body in raw/api/manifest.json); record RPTG_INSR_ID=209 PLANKEY_ID=1158943521 field AUTO_SAMPLE_RATE_AMT",Houston 77036 (Harris County),AMERICAN FAMILY CONNECT PROPERTY AND CASUALTY INSURANCE COMPANY,tx-creditGood,2222
tx-2025,TX,2025,https://www.helpinsure.com/auto.html,"raw/api/autoResults_77036_creditGood.json (POST https://www.helpinsure.com/api/autoResults, body in raw/api/manifest.json); record RPTG_INSR_ID=142 PLANKEY_ID=1151021505 field AUTO_SAMPLE_RATE_AMT",Houston 77036 (Harris County),"COLONIAL COUNTY MUTUAL INSURANCE COMPANY / MGA: Titan Insurance Services, Inc.",tx-creditGood,2251
tx-2025,TX,2025,https://www.helpinsure.com/auto.html,"raw/api/autoResults_77036_creditGood.json (POST https://www.helpinsure.com/api/autoResults, body in raw/api/manifest.json); record RPTG_INSR_ID=45 PLANKEY_ID=1159757409 field AUTO_SAMPLE_RATE_AMT",Houston 77036 (Harris County),"SENTINEL INSURANCE COMPANY, LTD.",tx-creditGood,2284
tx-2025,TX,2025,https://www.helpinsure.com/auto.html,"raw/api/autoResults_77036_creditGood.json (POST https://www.helpinsure.com/api/autoResults, body in raw/api/manifest.json); record RPTG_INSR_ID=155 PLANKEY_ID=1162741449 field AUTO_SAMPLE_RATE_AMT",Houston 77036 (Harris County),LIBERTY COUNTY MUTUAL INSURANCE COMPANY / MGA: Safeco General Agency (Safeco),tx-creditGood,2376
tx-2025,TX,2025,https://www.helpinsure.com/auto.html,"raw/api/autoResults_77036_creditGood.json (POST https://www.helpinsure.com/api/autoResults, body in raw/api/manifest.json); record RPTG_INSR_ID=215 PLANKEY_ID=1149535821 field AUTO_SAMPLE_RATE_AMT",Houston 77036 (Harris County),"MGA INSURANCE COMPANY, INC.",tx-creditGood,2765
tx-2025,TX,2025,https://www.helpinsure.com/auto.html,"raw/api/autoResults_77036_creditGood.json (POST https://www.helpinsure.com/api/autoResults, body in raw/api/manifest.json); record RPTG_INSR_ID=219 PLANKEY_ID=1153737669 field AUTO_SAMPLE_RATE_AMT",Houston 77036 (Harris County),AMERICAN ACCESS CASUALTY COMPANY,tx-creditGood,2923
tx-2025,TX,2025,https://www.helpinsure.com/auto.html,"raw/api/autoResults_77036_creditGood.json (POST https://www.helpinsure.com/api/autoResults, body in raw/api/manifest.json); record RPTG_INSR_ID=205 PLANKEY_ID=1148775969 field AUTO_SAMPLE_RATE_AMT",Houston 77036 (Harris County),DAIRYLAND COUNTY MUTUAL INSURANCE COMPANY OF TEXAS,tx-creditGood,3232
tx-2025,TX,2025,https://www.helpinsure.com/auto.html,"raw/api/autoResults_77036_creditGood.json (POST https://www.helpinsure.com/api/autoResults, body in raw/api/manifest.json); record RPTG_INSR_ID=212 PLANKEY_ID=1158536577 field AUTO_SAMPLE_RATE_AMT",Houston 77036 (Harris County),ENCOMPASS INDEPENDENT INSURANCE COMPANY,tx-creditGood,5416
tx-2025,TX,2025,https://www.helpinsure.com/auto.html,"raw/api/autoResults_77036_creditPoor.json (POST https://www.helpinsure.com/api/autoResults, body in raw/api/manifest.json); record RPTG_INSR_ID=21 PLANKEY_ID=1152163275 field AUTO_SAMPLE_RATE_AMT",Houston 77036 (Harris County),FARMERS TEXAS COUNTY MUTUAL INSURANCE COMPANY,tx-creditPoor,538
tx-2025,TX,2025,https://www.helpinsure.com/auto.html,"raw/api/autoResults_77036_creditPoor.json (POST https://www.helpinsure.com/api/autoResults, body in raw/api/manifest.json); record RPTG_INSR_ID=118 PLANKEY_ID=1157722683 field AUTO_SAMPLE_RATE_AMT",Houston 77036 (Harris County),USAA GENERAL INDEMNITY COMPANY,tx-creditPoor,920
tx-2025,TX,2025,https://www.helpinsure.com/auto.html,"raw/api/autoResults_77036_creditPoor.json (POST https://www.helpinsure.com/api/autoResults, body in raw/api/manifest.json); record RPTG_INSR_ID=56 PLANKEY_ID=1156908795 field AUTO_SAMPLE_RATE_AMT",Houston 77036 (Harris County),UNITED SERVICES AUTOMOBILE ASSOCIATION,tx-creditPoor,969
tx-2025,TX,2025,https://www.helpinsure.com/auto.html,"raw/api/autoResults_77036_creditPoor.json (POST https://www.helpinsure.com/api/autoResults, body in raw/api/manifest.json); record RPTG_INSR_ID=119 PLANKEY_ID=1157315739 field AUTO_SAMPLE_RATE_AMT",Houston 77036 (Harris County),USAA CASUALTY INSURANCE COMPANY,tx-creditPoor,1071
tx-2025,TX,2025,https://www.helpinsure.com/auto.html,"raw/api/autoResults_77036_creditPoor.json (POST https://www.helpinsure.com/api/autoResults, body in raw/api/manifest.json); record RPTG_INSR_ID=283 PLANKEY_ID=1161385179 field AUTO_SAMPLE_RATE_AMT",Houston 77036 (Harris County),GEICO TEXAS COUNTY MUTUAL INSURANCE COMPANY / MGA: Voyager Corporation,tx-creditPoor,1139
tx-2025,TX,2025,https://www.helpinsure.com/auto.html,"raw/api/autoResults_77036_creditPoor.json (POST https://www.helpinsure.com/api/autoResults, body in raw/api/manifest.json); record RPTG_INSR_ID=282 PLANKEY_ID=1160164347 field AUTO_SAMPLE_RATE_AMT",Houston 77036 (Harris County),GEICO TEXAS COUNTY MUTUAL INSURANCE COMPANY / MGA: Horizon Corporation,tx-creditPoor,1159
tx-2025,TX,2025,https://www.helpinsure.com/auto.html,"raw/api/autoResults_77036_creditPoor.json (POST https://www.helpinsure.com/api/autoResults, body in raw/api/manifest.json); record RPTG_INSR_ID=281 PLANKEY_ID=1160978235 field AUTO_SAMPLE_RATE_AMT",Houston 77036 (Harris County),GEICO TEXAS COUNTY MUTUAL INSURANCE COMPANY / MGA: Perspective Corporation,tx-creditPoor,1187
tx-2025,TX,2025,https://www.helpinsure.com/auto.html,"raw/api/autoResults_77036_creditPoor.json (POST https://www.helpinsure.com/api/autoResults, body in raw/api/manifest.json); record RPTG_INSR_ID=112 PLANKEY_ID=1156096203 field AUTO_SAMPLE_RATE_AMT",Houston 77036 (Harris County),GARRISON PROPERTY AND CASUALTY INSURANCE COMPANY,tx-creditPoor,1201
tx-2025,TX,2025,https://www.helpinsure.com/auto.html,"raw/api/autoResults_77036_creditPoor.json (POST https://www.helpinsure.com/api/autoResults, body in raw/api/manifest.json); record RPTG_INSR_ID=102 PLANKEY_ID=1163553387 field AUTO_SAMPLE_RATE_AMT",Houston 77036 (Harris County),PROGRESSIVE COUNTY MUTUAL INSURANCE COMPANY / MGA: PROGRESSIVE COUNTY MUTUAL - DIRECT RATES,tx-creditPoor,1235
tx-2025,TX,2025,https://www.helpinsure.com/auto.html,"raw/api/autoResults_77036_creditPoor.json (POST https://www.helpinsure.com/api/autoResults, body in raw/api/manifest.json); record RPTG_INSR_ID=6 PLANKEY_ID=1164909219 field AUTO_SAMPLE_RATE_AMT",Houston 77036 (Harris County),ALLSTATE FIRE AND CASUALTY INSURANCE COMPANY,tx-creditPoor,1285
tx-2025,TX,2025,https://www.helpinsure.com/auto.html,"raw/api/autoResults_77036_creditPoor.json (POST https://www.helpinsure.com/api/autoResults, body in raw/api/manifest.json); record RPTG_INSR_ID=238 PLANKEY_ID=1164366627 field AUTO_SAMPLE_RATE_AMT",Houston 77036 (Harris County),MID-CENTURY INSURANCE COMPANY OF TEXAS,tx-creditPoor,1354
tx-2025,TX,2025,https://www.helpinsure.com/auto.html,"raw/api/autoResults_77036_creditPoor.json (POST https://www.helpinsure.com/api/autoResults, body in raw/api/manifest.json); record RPTG_INSR_ID=5 PLANKEY_ID=1152976515 field AUTO_SAMPLE_RATE_AMT",Houston 77036 (Harris County),ALLSTATE COUNTY MUTUAL INSURANCE COMPANY,tx-creditPoor,1362
tx-2025,TX,2025,https://www.helpinsure.com/auto.html,"raw/api/autoResults_77036_creditPoor.json (POST https://www.helpinsure.com/api/autoResults, body in raw/api/manifest.json); record RPTG_INSR_ID=41 PLANKEY_ID=1163147739 field AUTO_SAMPLE_RATE_AMT",Houston 77036 (Harris County),PROGRESSIVE COUNTY MUTUAL INSURANCE COMPANY,tx-creditPoor,1364
tx-2025,TX,2025,https://www.helpinsure.com/auto.html,"raw/api/autoResults_77036_creditPoor.json (POST https://www.helpinsure.com/api/autoResults, body in raw/api/manifest.json); record RPTG_INSR_ID=104 PLANKEY_ID=1164720831 field AUTO_SAMPLE_RATE_AMT",Houston 77036 (Harris County),TEXAS AUTOMOBILE INSURANCE PLAN ASSOCIATION,tx-creditPoor,1430
tx-2025,TX,2025,https://www.helpinsure.com/auto.html,"raw/api/autoResults_77036_creditPoor.json (POST https://www.helpinsure.com/api/autoResults, body in raw/api/manifest.json); record RPTG_INSR_ID=50 PLANKEY_ID=1149723555 field AUTO_SAMPLE_RATE_AMT",Houston 77036 (Harris County),STATE FARM MUTUAL AUTOMOBILE INSURANCE COMPANY,tx-creditPoor,1488
tx-2025,TX,2025,https://www.helpinsure.com/auto.html,"raw/api/autoResults_77036_creditPoor.json (POST https://www.helpinsure.com/api/autoResults, body in raw/api/manifest.json); record RPTG_INSR_ID=246 PLANKEY_ID=1162334499 field AUTO_SAMPLE_RATE_AMT",Houston 77036 (Harris County),GEICO TEXAS COUNTY MUTUAL INSURANCE COMPANY / MGA: Endeavor Corporation,tx-creditPoor,1668
tx-2025,TX,2025,https://www.helpinsure.com/auto.html,"raw/api/autoResults_77036_creditPoor.json (POST https://www.helpinsure.com/api/autoResults, body in raw/api/manifest.json); record RPTG_INSR_ID=1 PLANKEY_ID=1148369019 field AUTO_SAMPLE_RATE_AMT",Houston 77036 (Harris County),AUTO CLUB COUNTY MUTUAL INSURANCE COMPANY,tx-creditPoor,1800
tx-2025,TX,2025,https://www.helpinsure.com/auto.html,"raw/api/autoResults_77036_creditPoor.json (POST https://www.helpinsure.com/api/autoResults, body in raw/api/manifest.json); record RPTG_INSR_ID=32 PLANKEY_ID=1150535499 field AUTO_SAMPLE_RATE_AMT",Houston 77036 (Harris County),MERCURY COUNTY MUTUAL INSURANCE COMPANY,tx-creditPoor,1823
tx-2025,TX,2025,https://www.helpinsure.com/auto.html,"raw/api/autoResults_77036_creditPoor.json (POST https://www.helpinsure.com/api/autoResults, body in raw/api/manifest.json); record RPTG_INSR_ID=48 PLANKEY_ID=1150129203 field AUTO_SAMPLE_RATE_AMT",Houston 77036 (Harris County),STATE FARM COUNTY MUTUAL INSURANCE COMPANY OF TEXAS,tx-creditPoor,1858
tx-2025,TX,2025,https://www.helpinsure.com/auto.html,"raw/api/autoResults_77036_creditPoor.json (POST https://www.helpinsure.com/api/autoResults, body in raw/api/manifest.json); record RPTG_INSR_ID=16 PLANKEY_ID=1151349387 field AUTO_SAMPLE_RATE_AMT",Houston 77036 (Harris County),CONSUMERS COUNTY MUTUAL INSURANCE COMPANY / MGA: Travelers Quantum Auto 2.0 Program,tx-creditPoor,1958
tx-2025,TX,2025,https://www.helpinsure.com/auto.html,"raw/api/autoResults_77036_creditPoor.json (POST https://www.helpinsure.com/api/autoResults, body in raw/api/manifest.json); record RPTG_INSR_ID=124 PLANKEY_ID=1165316163 field AUTO_SAMPLE_RATE_AMT",Houston 77036 (Harris County),CONSUMERS COUNTY MUTUAL INSURANCE COMPANY,tx-creditPoor,1958
tx-2025,TX,2025,https://www.helpinsure.com/auto.html,"raw/api/autoResults_77036_creditPoor.json (POST https://www.helpinsure.com/api/autoResults, body in raw/api/manifest.json); record RPTG_INSR_ID=138 PLANKEY_ID=1153383459 field AUTO_SAMPLE_RATE_AMT",Houston 77036 (Harris County),INFINITY COUNTY MUTUAL INSURANCE COMPANY,tx-creditPoor,1970
tx-2025,TX,2025,https://www.helpinsure.com/auto.html,"raw/api/autoResults_77036_creditPoor.json (POST https://www.helpinsure.com/api/autoResults, body in raw/api/manifest.json); record RPTG_INSR_ID=140 PLANKEY_ID=1152570219 field AUTO_SAMPLE_RATE_AMT",Houston 77036 (Harris County),FOREMOST COUNTY MUTUAL INSURANCE COMPANY,tx-creditPoor,2440
tx-2025,TX,2025,https://www.helpinsure.com/auto.html,"raw/api/autoResults_77036_creditPoor.json (POST https://www.helpinsure.com/api/autoResults, body in raw/api/manifest.json); record RPTG_INSR_ID=173 PLANKEY_ID=1151756331 field AUTO_SAMPLE_RATE_AMT",Houston 77036 (Harris County),ECONOMY FIRE & CASUALTY COMPANY,tx-creditPoor,2637
tx-2025,TX,2025,https://www.helpinsure.com/auto.html,"raw/api/autoResults_77036_creditPoor.json (POST https://www.helpinsure.com/api/autoResults, body in raw/api/manifest.json); record RPTG_INSR_ID=209 PLANKEY_ID=1158943515 field AUTO_SAMPLE_RATE_AMT",Houston 77036 (Harris County),AMERICAN FAMILY CONNECT PROPERTY AND CASUALTY INSURANCE COMPANY,tx-creditPoor,2882
tx-2025,TX,2025,https://www.helpinsure.com/auto.html,"raw/api/autoResults_77036_creditPoor.json (POST https://www.helpinsure.com/api/autoResults, body in raw/api/manifest.json); record RPTG_INSR_ID=219 PLANKEY_ID=1153737663 field AUTO_SAMPLE_RATE_AMT",Houston 77036 (Harris County),AMERICAN ACCESS CASUALTY COMPANY,tx-creditPoor,2923
tx-2025,TX,2025,https://www.helpinsure.com/auto.html,"raw/api/autoResults_77036_creditPoor.json (POST https://www.helpinsure.com/api/autoResults, body in raw/api/manifest.json); record RPTG_INSR_ID=175 PLANKEY_ID=1163959683 field AUTO_SAMPLE_RATE_AMT",Houston 77036 (Harris County),FARMERS PROPERTY AND CASUALTY INSURANCE COMPANY,tx-creditPoor,3065
tx-2025,TX,2025,https://www.helpinsure.com/auto.html,"raw/api/autoResults_77036_creditPoor.json (POST https://www.helpinsure.com/api/autoResults, body in raw/api/manifest.json); record RPTG_INSR_ID=142 PLANKEY_ID=1151021499 field AUTO_SAMPLE_RATE_AMT",Houston 77036 (Harris County),"COLONIAL COUNTY MUTUAL INSURANCE COMPANY / MGA: Titan Insurance Services, Inc.",tx-creditPoor,3274
tx-2025,TX,2025,https://www.helpinsure.com/auto.html,"raw/api/autoResults_77036_creditPoor.json (POST https://www.helpinsure.com/api/autoResults, body in raw/api/manifest.json); record RPTG_INSR_ID=215 PLANKEY_ID=1149535815 field AUTO_SAMPLE_RATE_AMT",Houston 77036 (Harris County),"MGA INSURANCE COMPANY, INC.",tx-creditPoor,3459
tx-2025,TX,2025,https://www.helpinsure.com/auto.html,"raw/api/autoResults_77036_creditPoor.json (POST https://www.helpinsure.com/api/autoResults, body in raw/api/manifest.json); record RPTG_INSR_ID=205 PLANKEY_ID=1148775963 field AUTO_SAMPLE_RATE_AMT",Houston 77036 (Harris County),DAIRYLAND COUNTY MUTUAL INSURANCE COMPANY OF TEXAS,tx-creditPoor,3975
tx-2025,TX,2025,https://www.helpinsure.com/auto.html,"raw/api/autoResults_77036_creditPoor.json (POST https://www.helpinsure.com/api/autoResults, body in raw/api/manifest.json); record RPTG_INSR_ID=33 PLANKEY_ID=1158129627 field AUTO_SAMPLE_RATE_AMT",Houston 77036 (Harris County),FARMERS LLOYDS INSURANCE COMPANY OF TEXAS,tx-creditPoor,4047
tx-2025,TX,2025,https://www.helpinsure.com/auto.html,"raw/api/autoResults_77036_creditPoor.json (POST https://www.helpinsure.com/api/autoResults, body in raw/api/manifest.json); record RPTG_INSR_ID=155 PLANKEY_ID=1162741443 field AUTO_SAMPLE_RATE_AMT",Houston 77036 (Harris County),LIBERTY COUNTY MUTUAL INSURANCE COMPANY / MGA: Safeco General Agency (Safeco),tx-creditPoor,4197
tx-2025,TX,2025,https://www.helpinsure.com/auto.html,"raw/api/autoResults_77036_creditPoor.json (POST https://www.helpinsure.com/api/autoResults, body in raw/api/manifest.json); record RPTG_INSR_ID=123 PLANKEY_ID=1159350459 field AUTO_SAMPLE_RATE_AMT",Houston 77036 (Harris County),AMICA MUTUAL INSURANCE COMPANY,tx-creditPoor,5045
tx-2025,TX,2025,https://www.helpinsure.com/auto.html,"raw/api/autoResults_77036_creditPoor.json (POST https://www.helpinsure.com/api/autoResults, body in raw/api/manifest.json); record RPTG_INSR_ID=161 PLANKEY_ID=1147962075 field AUTO_SAMPLE_RATE_AMT",Houston 77036 (Harris County),AMICA PROPERTY AND CASUALTY INSURANCE COMPANY,tx-creditPoor,5068
tx-2025,TX,2025,https://www.helpinsure.com/auto.html,"raw/api/autoResults_77036_creditPoor.json (POST https://www.helpinsure.com/api/autoResults, body in raw/api/manifest.json); record RPTG_INSR_ID=212 PLANKEY_ID=1158536571 field AUTO_SAMPLE_RATE_AMT",Houston 77036 (Harris County),ENCOMPASS INDEPENDENT INSURANCE COMPANY,tx-creditPoor,5416
tx-2025,TX,2025,https://www.helpinsure.com/auto.html,"raw/api/autoResults_77036_creditPoor.json (POST https://www.helpinsure.com/api/autoResults, body in raw/api/manifest.json); record RPTG_INSR_ID=45 PLANKEY_ID=1159757403 field AUTO_SAMPLE_RATE_AMT",Houston 77036 (Harris County),"SENTINEL INSURANCE COMPANY, LTD.",tx-creditPoor,6154
tx-2025,TX,2025,https://www.helpinsure.com/auto.html,"raw/api/autoResults_77036_female.json (POST https://www.helpinsure.com/api/autoResults, body in raw/api/manifest.json); record RPTG_INSR_ID=21 PLANKEY_ID=1152163440 field AUTO_SAMPLE_RATE_AMT",Houston 77036 (Harris County),FARMERS TEXAS COUNTY MUTUAL INSURANCE COMPANY,tx-female,676
tx-2025,TX,2025,https://www.helpinsure.com/auto.html,"raw/api/autoResults_77036_female.json (POST https://www.helpinsure.com/api/autoResults, body in raw/api/manifest.json); record RPTG_INSR_ID=56 PLANKEY_ID=1156908960 field AUTO_SAMPLE_RATE_AMT",Houston 77036 (Harris County),UNITED SERVICES AUTOMOBILE ASSOCIATION,tx-female,753
tx-2025,TX,2025,https://www.helpinsure.com/auto.html,"raw/api/autoResults_77036_female.json (POST https://www.helpinsure.com/api/autoResults, body in raw/api/manifest.json); record RPTG_INSR_ID=119 PLANKEY_ID=1157315904 field AUTO_SAMPLE_RATE_AMT",Houston 77036 (Harris County),USAA CASUALTY INSURANCE COMPANY,tx-female,811
tx-2025,TX,2025,https://www.helpinsure.com/auto.html,"raw/api/autoResults_77036_female.json (POST https://www.helpinsure.com/api/autoResults, body in raw/api/manifest.json); record RPTG_INSR_ID=283 PLANKEY_ID=1161385344 field AUTO_SAMPLE_RATE_AMT",Houston 77036 (Harris County),GEICO TEXAS COUNTY MUTUAL INSURANCE COMPANY / MGA: Voyager Corporation,tx-female,882
tx-2025,TX,2025,https://www.helpinsure.com/auto.html,"raw/api/autoResults_77036_female.json (POST https://www.helpinsure.com/api/autoResults, body in raw/api/manifest.json); record RPTG_INSR_ID=118 PLANKEY_ID=1157722848 field AUTO_SAMPLE_RATE_AMT",Houston 77036 (Harris County),USAA GENERAL INDEMNITY COMPANY,tx-female,897
tx-2025,TX,2025,https://www.helpinsure.com/auto.html,"raw/api/autoResults_77036_female.json (POST https://www.helpinsure.com/api/autoResults, body in raw/api/manifest.json); record RPTG_INSR_ID=282 PLANKEY_ID=1160164512 field AUTO_SAMPLE_RATE_AMT",Houston 77036 (Harris County),GEICO TEXAS COUNTY MUTUAL INSURANCE COMPANY / MGA: Horizon Corporation,tx-female,898
tx-2025,TX,2025,https://www.helpinsure.com/auto.html,"raw/api/autoResults_77036_female.json (POST https://www.helpinsure.com/api/autoResults, body in raw/api/manifest.json); record RPTG_INSR_ID=281 PLANKEY_ID=1160978400 field AUTO_SAMPLE_RATE_AMT",Houston 77036 (Harris County),GEICO TEXAS COUNTY MUTUAL INSURANCE COMPANY / MGA: Perspective Corporation,tx-female,927
tx-2025,TX,2025,https://www.helpinsure.com/auto.html,"raw/api/autoResults_77036_female.json (POST https://www.helpinsure.com/api/autoResults, body in raw/api/manifest.json); record RPTG_INSR_ID=112 PLANKEY_ID=1156096368 field AUTO_SAMPLE_RATE_AMT",Houston 77036 (Harris County),GARRISON PROPERTY AND CASUALTY INSURANCE COMPANY,tx-female,946
tx-2025,TX,2025,https://www.helpinsure.com/auto.html,"raw/api/autoResults_77036_female.json (POST https://www.helpinsure.com/api/autoResults, body in raw/api/manifest.json); record RPTG_INSR_ID=102 PLANKEY_ID=1163553552 field AUTO_SAMPLE_RATE_AMT",Houston 77036 (Harris County),PROGRESSIVE COUNTY MUTUAL INSURANCE COMPANY / MGA: PROGRESSIVE COUNTY MUTUAL - DIRECT RATES,tx-female,1046
tx-2025,TX,2025,https://www.helpinsure.com/auto.html,"raw/api/autoResults_77036_female.json (POST https://www.helpinsure.com/api/autoResults, body in raw/api/manifest.json); record RPTG_INSR_ID=6 PLANKEY_ID=1164909384 field AUTO_SAMPLE_RATE_AMT",Houston 77036 (Harris County),ALLSTATE FIRE AND CASUALTY INSURANCE COMPANY,tx-female,1079
tx-2025,TX,2025,https://www.helpinsure.com/auto.html,"raw/api/autoResults_77036_female.json (POST https://www.helpinsure.com/api/autoResults, body in raw/api/manifest.json); record RPTG_INSR_ID=41 PLANKEY_ID=1163147904 field AUTO_SAMPLE_RATE_AMT",Houston 77036 (Harris County),PROGRESSIVE COUNTY MUTUAL INSURANCE COMPANY,tx-female,1115
tx-2025,TX,2025,https://www.helpinsure.com/auto.html,"raw/api/autoResults_77036_female.json (POST https://www.helpinsure.com/api/autoResults, body in raw/api/manifest.json); record RPTG_INSR_ID=50 PLANKEY_ID=1149723720 field AUTO_SAMPLE_RATE_AMT",Houston 77036 (Harris County),STATE FARM MUTUAL AUTOMOBILE INSURANCE COMPANY,tx-female,1182
tx-2025,TX,2025,https://www.helpinsure.com/auto.html,"raw/api/autoResults_77036_female.json (POST https://www.helpinsure.com/api/autoResults, body in raw/api/manifest.json); record RPTG_INSR_ID=238 PLANKEY_ID=1164366792 field AUTO_SAMPLE_RATE_AMT",Houston 77036 (Harris County),MID-CENTURY INSURANCE COMPANY OF TEXAS,tx-female,1205
tx-2025,TX,2025,https://www.helpinsure.com/auto.html,"raw/api/autoResults_77036_female.json (POST https://www.helpinsure.com/api/autoResults, body in raw/api/manifest.json); record RPTG_INSR_ID=246 PLANKEY_ID=1162334664 field AUTO_SAMPLE_RATE_AMT",Houston 77036 (Harris County),GEICO TEXAS COUNTY MUTUAL INSURANCE COMPANY / MGA: Endeavor Corporation,tx-female,1227
tx-2025,TX,2025,https://www.helpinsure.com/auto.html,"raw/api/autoResults_77036_female.json (POST https://www.helpinsure.com/api/autoResults, body in raw/api/manifest.json); record RPTG_INSR_ID=5 PLANKEY_ID=1152976680 field AUTO_SAMPLE_RATE_AMT",Houston 77036 (Harris County),ALLSTATE COUNTY MUTUAL INSURANCE COMPANY,tx-female,1255
tx-2025,TX,2025,https://www.helpinsure.com/auto.html,"raw/api/autoResults_77036_female.json (POST https://www.helpinsure.com/api/autoResults, body in raw/api/manifest.json); record RPTG_INSR_ID=104 PLANKEY_ID=1164720888 field AUTO_SAMPLE_RATE_AMT",Houston 77036 (Harris County),TEXAS AUTOMOBILE INSURANCE PLAN ASSOCIATION,tx-female,1430
tx-2025,TX,2025,https://www.helpinsure.com/auto.html,"raw/api/autoResults_77036_female.json (POST https://www.helpinsure.com/api/autoResults, body in raw/api/manifest.json); record RPTG_INSR_ID=48 PLANKEY_ID=1150129368 field AUTO_SAMPLE_RATE_AMT",Houston 77036 (Harris County),STATE FARM COUNTY MUTUAL INSURANCE COMPANY OF TEXAS,tx-female,1491
tx-2025,TX,2025,https://www.helpinsure.com/auto.html,"raw/api/autoResults_77036_female.json (POST https://www.helpinsure.com/api/autoResults, body in raw/api/manifest.json); record RPTG_INSR_ID=1 PLANKEY_ID=1148369184 field AUTO_SAMPLE_RATE_AMT",Houston 77036 (Harris County),AUTO CLUB COUNTY MUTUAL INSURANCE COMPANY,tx-female,1524
tx-2025,TX,2025,https://www.helpinsure.com/auto.html,"raw/api/autoResults_77036_female.json (POST https://www.helpinsure.com/api/autoResults, body in raw/api/manifest.json); record RPTG_INSR_ID=124 PLANKEY_ID=1165316328 field AUTO_SAMPLE_RATE_AMT",Houston 77036 (Harris County),CONSUMERS COUNTY MUTUAL INSURANCE COMPANY,tx-female,1532
tx-2025,TX,2025,https://www.helpinsure.com/auto.html,"raw/api/autoResults_77036_female.json (POST https://www.helpinsure.com/api/autoResults, body in raw/api/manifest.json); record RPTG_INSR_ID=16 PLANKEY_ID=1151349552 field AUTO_SAMPLE_RATE_AMT",Houston 77036 (Harris County),CONSUMERS COUNTY MUTUAL INSURANCE COMPANY / MGA: Travelers Quantum Auto 2.0 Program,tx-female,1532
tx-2025,TX,2025,https://www.helpinsure.com/auto.html,"raw/api/autoResults_77036_female.json (POST https://www.helpinsure.com/api/autoResults, body in raw/api/manifest.json); record RPTG_INSR_ID=138 PLANKEY_ID=1153383624 field AUTO_SAMPLE_RATE_AMT",Houston 77036 (Harris County),INFINITY COUNTY MUTUAL INSURANCE COMPANY,tx-female,1641
tx-2025,TX,2025,https://www.helpinsure.com/auto.html,"raw/api/autoResults_77036_female.json (POST https://www.helpinsure.com/api/autoResults, body in raw/api/manifest.json); record RPTG_INSR_ID=175 PLANKEY_ID=1163959848 field AUTO_SAMPLE_RATE_AMT",Houston 77036 (Harris County),FARMERS PROPERTY AND CASUALTY INSURANCE COMPANY,tx-female,1654
tx-2025,TX,2025,https://www.helpinsure.com/auto.html,"raw/api/autoResults_77036_female.json (POST https://www.helpinsure.com/api/autoResults, body in raw/api/manifest.json); record RPTG_INSR_ID=32 PLANKEY_ID=1150535664 field AUTO_SAMPLE_RATE_AMT",Houston 77036 (Harris County),MERCURY COUNTY MUTUAL INSURANCE COMPANY,tx-female,1667
tx-2025,TX,2025,https://www.helpinsure.com/auto.html,"raw/api/autoResults_77036_female.json (POST https://www.helpinsure.com/api/autoResults, body in raw/api/manifest.json); record RPTG_INSR_ID=173 PLANKEY_ID=1151756496 field AUTO_SAMPLE_RATE_AMT",Houston 77036 (Harris County),ECONOMY FIRE & CASUALTY COMPANY,tx-female,1681
tx-2025,TX,2025,https://www.helpinsure.com/auto.html,"raw/api/autoResults_77036_female.json (POST https://www.helpinsure.com/api/autoResults, body in raw/api/manifest.json); record RPTG_INSR_ID=33 PLANKEY_ID=1158129792 field AUTO_SAMPLE_RATE_AMT",Houston 77036 (Harris County),FARMERS LLOYDS INSURANCE COMPANY OF TEXAS,tx-female,1950
tx-2025,TX,2025,https://www.helpinsure.com/auto.html,"raw/api/autoResults_77036_female.json (POST https://www.helpinsure.com/api/autoResults, body in raw/api/manifest.json); record RPTG_INSR_ID=209 PLANKEY_ID=1158943680 field AUTO_SAMPLE_RATE_AMT",Houston 77036 (Harris County),AMERICAN FAMILY CONNECT PROPERTY AND CASUALTY INSURANCE COMPANY,tx-female,2538
tx-2025,TX,2025,https://www.helpinsure.com/auto.html,"raw/api/autoResults_77036_female.json (POST https://www.helpinsure.com/api/autoResults, body in raw/api/manifest.json); record RPTG_INSR_ID=140 PLANKEY_ID=1152570384 field AUTO_SAMPLE_RATE_AMT",Houston 77036 (Harris County),FOREMOST COUNTY MUTUAL INSURANCE COMPANY,tx-female,2630
tx-2025,TX,2025,https://www.helpinsure.com/auto.html,"raw/api/autoResults_77036_female.json (POST https://www.helpinsure.com/api/autoResults, body in raw/api/manifest.json); record RPTG_INSR_ID=142 PLANKEY_ID=1151021664 field AUTO_SAMPLE_RATE_AMT",Houston 77036 (Harris County),"COLONIAL COUNTY MUTUAL INSURANCE COMPANY / MGA: Titan Insurance Services, Inc.",tx-female,2693
tx-2025,TX,2025,https://www.helpinsure.com/auto.html,"raw/api/autoResults_77036_female.json (POST https://www.helpinsure.com/api/autoResults, body in raw/api/manifest.json); record RPTG_INSR_ID=123 PLANKEY_ID=1159350624 field AUTO_SAMPLE_RATE_AMT",Houston 77036 (Harris County),AMICA MUTUAL INSURANCE COMPANY,tx-female,2749
tx-2025,TX,2025,https://www.helpinsure.com/auto.html,"raw/api/autoResults_77036_female.json (POST https://www.helpinsure.com/api/autoResults, body in raw/api/manifest.json); record RPTG_INSR_ID=161 PLANKEY_ID=1147962240 field AUTO_SAMPLE_RATE_AMT",Houston 77036 (Harris County),AMICA PROPERTY AND CASUALTY INSURANCE COMPANY,tx-female,2927
tx-2025,TX,2025,https://www.helpinsure.com/auto.html,"raw/api/autoResults_77036_female.json (POST https://www.helpinsure.com/api/autoResults, body in raw/api/manifest.json); record RPTG_INSR_ID=219 PLANKEY_ID=1153737720 field AUTO_SAMPLE_RATE_AMT",Houston 77036 (Harris County),AMERICAN ACCESS CASUALTY COMPANY,tx-female,2981
tx-2025,TX,2025,https://www.helpinsure.com/auto.html,"raw/api/autoResults_77036_female.json (POST https://www.helpinsure.com/api/autoResults, body in raw/api/manifest.json); record RPTG_INSR_ID=45 PLANKEY_ID=1159757568 field AUTO_SAMPLE_RATE_AMT",Houston 77036 (Harris County),"SENTINEL INSURANCE COMPANY, LTD.",tx-female,3094
tx-2025,TX,2025,https://www.helpinsure.com/auto.html,"raw/api/autoResults_77036_female.json (POST https://www.helpinsure.com/api/autoResults, body in raw/api/manifest.json); record RPTG_INSR_ID=155 PLANKEY_ID=1162741608 field AUTO_SAMPLE_RATE_AMT",Houston 77036 (Harris County),LIBERTY COUNTY MUTUAL INSURANCE COMPANY / MGA: Safeco General Agency (Safeco),tx-female,3217
tx-2025,TX,2025,https://www.helpinsure.com/auto.html,"raw/api/autoResults_77036_female.json (POST https://www.helpinsure.com/api/autoResults, body in raw/api/manifest.json); record RPTG_INSR_ID=215 PLANKEY_ID=1149535872 field AUTO_SAMPLE_RATE_AMT",Houston 77036 (Harris County),"MGA INSURANCE COMPANY, INC.",tx-female,3285
tx-2025,TX,2025,https://www.helpinsure.com/auto.html,"raw/api/autoResults_77036_female.json (POST https://www.helpinsure.com/api/autoResults, body in raw/api/manifest.json); record RPTG_INSR_ID=205 PLANKEY_ID=1148776128 field AUTO_SAMPLE_RATE_AMT",Houston 77036 (Harris County),DAIRYLAND COUNTY MUTUAL INSURANCE COMPANY OF TEXAS,tx-female,3489
tx-2025,TX,2025,https://www.helpinsure.com/auto.html,"raw/api/autoResults_77036_female.json (POST https://www.helpinsure.com/api/autoResults, body in raw/api/manifest.json); record RPTG_INSR_ID=212 PLANKEY_ID=1158536736 field AUTO_SAMPLE_RATE_AMT",Houston 77036 (Harris County),ENCOMPASS INDEPENDENT INSURANCE COMPANY,tx-female,5167
tx-2025,TX,2025,https://www.helpinsure.com/auto.html,"raw/api/autoResults_77036_limits100.json (POST https://www.helpinsure.com/api/autoResults, body in raw/api/manifest.json); record RPTG_INSR_ID=56 PLANKEY_ID=1156908834 field AUTO_SAMPLE_RATE_AMT",Houston 77036 (Harris County),UNITED SERVICES AUTOMOBILE ASSOCIATION,tx-limits100,835
tx-2025,TX,2025,https://www.helpinsure.com/auto.html,"raw/api/autoResults_77036_limits100.json (POST https://www.helpinsure.com/api/autoResults, body in raw/api/manifest.json); record RPTG_INSR_ID=21 PLANKEY_ID=1152163314 field AUTO_SAMPLE_RATE_AMT",Houston 77036 (Harris County),FARMERS TEXAS COUNTY MUTUAL INSURANCE COMPANY,tx-limits100,854
tx-2025,TX,2025,https://www.helpinsure.com/auto.html,"raw/api/autoResults_77036_limits100.json (POST https://www.helpinsure.com/api/autoResults, body in raw/api/manifest.json); record RPTG_INSR_ID=119 PLANKEY_ID=1157315778 field AUTO_SAMPLE_RATE_AMT",Houston 77036 (Harris County),USAA CASUALTY INSURANCE COMPANY,tx-limits100,900
tx-2025,TX,2025,https://www.helpinsure.com/auto.html,"raw/api/autoResults_77036_limits100.json (POST https://www.helpinsure.com/api/autoResults, body in raw/api/manifest.json); record RPTG_INSR_ID=118 PLANKEY_ID=1157722722 field AUTO_SAMPLE_RATE_AMT",Houston 77036 (Harris County),USAA GENERAL INDEMNITY COMPANY,tx-limits100,990
tx-2025,TX,2025,https://www.helpinsure.com/auto.html,"raw/api/autoResults_77036_limits100.json (POST https://www.helpinsure.com/api/autoResults, body in raw/api/manifest.json); record RPTG_INSR_ID=112 PLANKEY_ID=1156096242 field AUTO_SAMPLE_RATE_AMT",Houston 77036 (Harris County),GARRISON PROPERTY AND CASUALTY INSURANCE COMPANY,tx-limits100,1065
tx-2025,TX,2025,https://www.helpinsure.com/auto.html,"raw/api/autoResults_77036_limits100.json (POST https://www.helpinsure.com/api/autoResults, body in raw/api/manifest.json); record RPTG_INSR_ID=6 PLANKEY_ID=1164909258 field AUTO_SAMPLE_RATE_AMT",Houston 77036 (Harris County),ALLSTATE FIRE AND CASUALTY INSURANCE COMPANY,tx-limits100,1236
tx-2025,TX,2025,https://www.helpinsure.com/auto.html,"raw/api/autoResults_77036_limits100.json (POST https://www.helpinsure.com/api/autoResults, body in raw/api/manifest.json); record RPTG_INSR_ID=102 PLANKEY_ID=1163553426 field AUTO_SAMPLE_RATE_AMT",Houston 77036 (Harris County),PROGRESSIVE COUNTY MUTUAL INSURANCE COMPANY / MGA: PROGRESSIVE COUNTY MUTUAL - DIRECT RATES,tx-limits100,1246
tx-2025,TX,2025,https://www.helpinsure.com/auto.html,"raw/api/autoResults_77036_limits100.json (POST https://www.helpinsure.com/api/autoResults, body in raw/api/manifest.json); record RPTG_INSR_ID=41 PLANKEY_ID=1163147778 field AUTO_SAMPLE_RATE_AMT",Houston 77036 (Harris County),PROGRESSIVE COUNTY MUTUAL INSURANCE COMPANY,tx-limits100,1376
tx-2025,TX,2025,https://www.helpinsure.com/auto.html,"raw/api/autoResults_77036_limits100.json (POST https://www.helpinsure.com/api/autoResults, body in raw/api/manifest.json); record RPTG_INSR_ID=50 PLANKEY_ID=1149723594 field AUTO_SAMPLE_RATE_AMT",Houston 77036 (Harris County),STATE FARM MUTUAL AUTOMOBILE INSURANCE COMPANY,tx-limits100,1475
tx-2025,TX,2025,https://www.helpinsure.com/auto.html,"raw/api/autoResults_77036_limits100.json (POST https://www.helpinsure.com/api/autoResults, body in raw/api/manifest.json); record RPTG_INSR_ID=238 PLANKEY_ID=1164366666 field AUTO_SAMPLE_RATE_AMT",Houston 77036 (Harris County),MID-CENTURY INSURANCE COMPANY OF TEXAS,tx-limits100,1485
tx-2025,TX,2025,https://www.helpinsure.com/auto.html,"raw/api/autoResults_77036_limits100.json (POST https://www.helpinsure.com/api/autoResults, body in raw/api/manifest.json); record RPTG_INSR_ID=32 PLANKEY_ID=1150535538 field AUTO_SAMPLE_RATE_AMT",Houston 77036 (Harris County),MERCURY COUNTY MUTUAL INSURANCE COMPANY,tx-limits100,1501
tx-2025,TX,2025,https://www.helpinsure.com/auto.html,"raw/api/autoResults_77036_limits100.json (POST https://www.helpinsure.com/api/autoResults, body in raw/api/manifest.json); record RPTG_INSR_ID=5 PLANKEY_ID=1152976554 field AUTO_SAMPLE_RATE_AMT",Houston 77036 (Harris County),ALLSTATE COUNTY MUTUAL INSURANCE COMPANY,tx-limits100,1548
tx-2025,TX,2025,https://www.helpinsure.com/auto.html,"raw/api/autoResults_77036_limits100.json (POST https://www.helpinsure.com/api/autoResults, body in raw/api/manifest.json); record RPTG_INSR_ID=283 PLANKEY_ID=1161385218 field AUTO_SAMPLE_RATE_AMT",Houston 77036 (Harris County),GEICO TEXAS COUNTY MUTUAL INSURANCE COMPANY / MGA: Voyager Corporation,tx-limits100,1551
tx-2025,TX,2025,https://www.helpinsure.com/auto.html,"raw/api/autoResults_77036_limits100.json (POST https://www.helpinsure.com/api/autoResults, body in raw/api/manifest.json); record RPTG_INSR_ID=282 PLANKEY_ID=1160164386 field AUTO_SAMPLE_RATE_AMT",Houston 77036 (Harris County),GEICO TEXAS COUNTY MUTUAL INSURANCE COMPANY / MGA: Horizon Corporation,tx-limits100,1594
tx-2025,TX,2025,https://www.helpinsure.com/auto.html,"raw/api/autoResults_77036_limits100.json (POST https://www.helpinsure.com/api/autoResults, body in raw/api/manifest.json); record RPTG_INSR_ID=246 PLANKEY_ID=1162334538 field AUTO_SAMPLE_RATE_AMT",Houston 77036 (Harris County),GEICO TEXAS COUNTY MUTUAL INSURANCE COMPANY / MGA: Endeavor Corporation,tx-limits100,1662
tx-2025,TX,2025,https://www.helpinsure.com/auto.html,"raw/api/autoResults_77036_limits100.json (POST https://www.helpinsure.com/api/autoResults, body in raw/api/manifest.json); record RPTG_INSR_ID=281 PLANKEY_ID=1160978274 field AUTO_SAMPLE_RATE_AMT",Houston 77036 (Harris County),GEICO TEXAS COUNTY MUTUAL INSURANCE COMPANY / MGA: Perspective Corporation,tx-limits100,1723
tx-2025,TX,2025,https://www.helpinsure.com/auto.html,"raw/api/autoResults_77036_limits100.json (POST https://www.helpinsure.com/api/autoResults, body in raw/api/manifest.json); record RPTG_INSR_ID=16 PLANKEY_ID=1151349426 field AUTO_SAMPLE_RATE_AMT",Houston 77036 (Harris County),CONSUMERS COUNTY MUTUAL INSURANCE COMPANY / MGA: Travelers Quantum Auto 2.0 Program,tx-limits100,1787
tx-2025,TX,2025,https://www.helpinsure.com/auto.html,"raw/api/autoResults_77036_limits100.json (POST https://www.helpinsure.com/api/autoResults, body in raw/api/manifest.json); record RPTG_INSR_ID=124 PLANKEY_ID=1165316202 field AUTO_SAMPLE_RATE_AMT",Houston 77036 (Harris County),CONSUMERS COUNTY MUTUAL INSURANCE COMPANY,tx-limits100,1787
tx-2025,TX,2025,https://www.helpinsure.com/auto.html,"raw/api/autoResults_77036_limits100.json (POST https://www.helpinsure.com/api/autoResults, body in raw/api/manifest.json); record RPTG_INSR_ID=48 PLANKEY_ID=1150129242 field AUTO_SAMPLE_RATE_AMT",Houston 77036 (Harris County),STATE FARM COUNTY MUTUAL INSURANCE COMPANY OF TEXAS,tx-limits100,1836
tx-2025,TX,2025,https://www.helpinsure.com/auto.html,"raw/api/autoResults_77036_limits100.json (POST https://www.helpinsure.com/api/autoResults, body in raw/api/manifest.json); record RPTG_INSR_ID=1 PLANKEY_ID=1148369058 field AUTO_SAMPLE_RATE_AMT",Houston 77036 (Harris County),AUTO CLUB COUNTY MUTUAL INSURANCE COMPANY,tx-limits100,1863
tx-2025,TX,2025,https://www.helpinsure.com/auto.html,"raw/api/autoResults_77036_limits100.json (POST https://www.helpinsure.com/api/autoResults, body in raw/api/manifest.json); record RPTG_INSR_ID=175 PLANKEY_ID=1163959722 field AUTO_SAMPLE_RATE_AMT",Houston 77036 (Harris County),FARMERS PROPERTY AND CASUALTY INSURANCE COMPANY,tx-limits100,1926
tx-2025,TX,2025,https://www.helpinsure.com/auto.html,"raw/api/autoResults_77036_limits100.json (POST https://www.helpinsure.com/api/autoResults, body in raw/api/manifest.json); record RPTG_INSR_ID=173 PLANKEY_ID=1151756370 field AUTO_SAMPLE_RATE_AMT",Houston 77036 (Harris County),ECONOMY FIRE & CASUALTY COMPANY,tx-limits100,1960
tx-2025,TX,2025,https://www.helpinsure.com/auto.html,"raw/api/autoResults_77036_limits100.json (POST https://www.helpinsure.com/api/autoResults, body in raw/api/manifest.json); record RPTG_INSR_ID=123 PLANKEY_ID=1159350498 field AUTO_SAMPLE_RATE_AMT",Houston 77036 (Harris County),AMICA MUTUAL INSURANCE COMPANY,tx-limits100,2011
tx-2025,TX,2025,https://www.helpinsure.com/auto.html,"raw/api/autoResults_77036_limits100.json (POST https://www.helpinsure.com/api/autoResults, body in raw/api/manifest.json); record RPTG_INSR_ID=161 PLANKEY_ID=1147962114 field AUTO_SAMPLE_RATE_AMT",Houston 77036 (Harris County),AMICA PROPERTY AND CASUALTY INSURANCE COMPANY,tx-limits100,2129
tx-2025,TX,2025,https://www.helpinsure.com/auto.html,"raw/api/autoResults_77036_limits100.json (POST https://www.helpinsure.com/api/autoResults, body in raw/api/manifest.json); record RPTG_INSR_ID=140 PLANKEY_ID=1152570258 field AUTO_SAMPLE_RATE_AMT",Houston 77036 (Harris County),FOREMOST COUNTY MUTUAL INSURANCE COMPANY,tx-limits100,2759
tx-2025,TX,2025,https://www.helpinsure.com/auto.html,"raw/api/autoResults_77036_limits100.json (POST https://www.helpinsure.com/api/autoResults, body in raw/api/manifest.json); record RPTG_INSR_ID=33 PLANKEY_ID=1158129666 field AUTO_SAMPLE_RATE_AMT",Houston 77036 (Harris County),FARMERS LLOYDS INSURANCE COMPANY OF TEXAS,tx-limits100,2962
tx-2025,TX,2025,https://www.helpinsure.com/auto.html,"raw/api/autoResults_77036_limits100.json (POST https://www.helpinsure.com/api/autoResults, body in raw/api/manifest.json); record RPTG_INSR_ID=209 PLANKEY_ID=1158943554 field AUTO_SAMPLE_RATE_AMT",Houston 77036 (Harris County),AMERICAN FAMILY CONNECT PROPERTY AND CASUALTY INSURANCE COMPANY,tx-limits100,3052
tx-2025,TX,2025,https://www.helpinsure.com/auto.html,"raw/api/autoResults_77036_limits100.json (POST https://www.helpinsure.com/api/autoResults, body in raw/api/manifest.json); record RPTG_INSR_ID=142 PLANKEY_ID=1151022186 field AUTO_SAMPLE_RATE_AMT",Houston 77036 (Harris County),"COLONIAL COUNTY MUTUAL INSURANCE COMPANY / MGA: Titan Insurance Services, Inc.",tx-limits100,3293
tx-2025,TX,2025,https://www.helpinsure.com/auto.html,"raw/api/autoResults_77036_limits100.json (POST https://www.helpinsure.com/api/autoResults, body in raw/api/manifest.json); record RPTG_INSR_ID=138 PLANKEY_ID=1153383498 field AUTO_SAMPLE_RATE_AMT",Houston 77036 (Harris County),INFINITY COUNTY MUTUAL INSURANCE COMPANY,tx-limits100,3564
tx-2025,TX,2025,https://www.helpinsure.com/auto.html,"raw/api/autoResults_77036_limits100.json (POST https://www.helpinsure.com/api/autoResults, body in raw/api/manifest.json); record RPTG_INSR_ID=155 PLANKEY_ID=1162741482 field AUTO_SAMPLE_RATE_AMT",Houston 77036 (Harris County),LIBERTY COUNTY MUTUAL INSURANCE COMPANY / MGA: Safeco General Agency (Safeco),tx-limits100,3743
tx-2025,TX,2025,https://www.helpinsure.com/auto.html,"raw/api/autoResults_77036_limits100.json (POST https://www.helpinsure.com/api/autoResults, body in raw/api/manifest.json); record RPTG_INSR_ID=45 PLANKEY_ID=1159757442 field AUTO_SAMPLE_RATE_AMT",Houston 77036 (Harris County),"SENTINEL INSURANCE COMPANY, LTD.",tx-limits100,3984
tx-2025,TX,2025,https://www.helpinsure.com/auto.html,"raw/api/autoResults_77036_limits100.json (POST https://www.helpinsure.com/api/autoResults, body in raw/api/manifest.json); record RPTG_INSR_ID=205 PLANKEY_ID=1148776002 field AUTO_SAMPLE_RATE_AMT",Houston 77036 (Harris County),DAIRYLAND COUNTY MUTUAL INSURANCE COMPANY OF TEXAS,tx-limits100,5559
tx-2025,TX,2025,https://www.helpinsure.com/auto.html,"raw/api/autoResults_77036_limits100.json (POST https://www.helpinsure.com/api/autoResults, body in raw/api/manifest.json); record RPTG_INSR_ID=212 PLANKEY_ID=1158536610 field AUTO_SAMPLE_RATE_AMT",Houston 77036 (Harris County),ENCOMPASS INDEPENDENT INSURANCE COMPANY,tx-limits100,7107
tx-2025,TX,2025,https://www.helpinsure.com/auto.html,"raw/api/autoResults_77036_limits50.json (POST https://www.helpinsure.com/api/autoResults, body in raw/api/manifest.json); record RPTG_INSR_ID=56 PLANKEY_ID=1156908816 field AUTO_SAMPLE_RATE_AMT",Houston 77036 (Harris County),UNITED SERVICES AUTOMOBILE ASSOCIATION,tx-limits50,770
tx-2025,TX,2025,https://www.helpinsure.com/auto.html,"raw/api/autoResults_77036_limits50.json (POST https://www.helpinsure.com/api/autoResults, body in raw/api/manifest.json); record RPTG_INSR_ID=119 PLANKEY_ID=1157315760 field AUTO_SAMPLE_RATE_AMT",Houston 77036 (Harris County),USAA CASUALTY INSURANCE COMPANY,tx-limits50,832
tx-2025,TX,2025,https://www.helpinsure.com/auto.html,"raw/api/autoResults_77036_limits50.json (POST https://www.helpinsure.com/api/autoResults, body in raw/api/manifest.json); record RPTG_INSR_ID=21 PLANKEY_ID=1152163296 field AUTO_SAMPLE_RATE_AMT",Houston 77036 (Harris County),FARMERS TEXAS COUNTY MUTUAL INSURANCE COMPANY,tx-limits50,842
tx-2025,TX,2025,https://www.helpinsure.com/auto.html,"raw/api/autoResults_77036_limits50.json (POST https://www.helpinsure.com/api/autoResults, body in raw/api/manifest.json); record RPTG_INSR_ID=118 PLANKEY_ID=1157722704 field AUTO_SAMPLE_RATE_AMT",Houston 77036 (Harris County),USAA GENERAL INDEMNITY COMPANY,tx-limits50,919
tx-2025,TX,2025,https://www.helpinsure.com/auto.html,"raw/api/autoResults_77036_limits50.json (POST https://www.helpinsure.com/api/autoResults, body in raw/api/manifest.json); record RPTG_INSR_ID=112 PLANKEY_ID=1156096224 field AUTO_SAMPLE_RATE_AMT",Houston 77036 (Harris County),GARRISON PROPERTY AND CASUALTY INSURANCE COMPANY,tx-limits50,981
tx-2025,TX,2025,https://www.helpinsure.com/auto.html,"raw/api/autoResults_77036_limits50.json (POST https://www.helpinsure.com/api/autoResults, body in raw/api/manifest.json); record RPTG_INSR_ID=6 PLANKEY_ID=1164909240 field AUTO_SAMPLE_RATE_AMT",Houston 77036 (Harris County),ALLSTATE FIRE AND CASUALTY INSURANCE COMPANY,tx-limits50,1079
tx-2025,TX,2025,https://www.helpinsure.com/auto.html,"raw/api/autoResults_77036_limits50.json (POST https://www.helpinsure.com/api/autoResults, body in raw/api/manifest.json); record RPTG_INSR_ID=102 PLANKEY_ID=1163553408 field AUTO_SAMPLE_RATE_AMT",Houston 77036 (Harris County),PROGRESSIVE COUNTY MUTUAL INSURANCE COMPANY / MGA: PROGRESSIVE COUNTY MUTUAL - DIRECT RATES,tx-limits50,1170
tx-2025,TX,2025,https://www.helpinsure.com/auto.html,"raw/api/autoResults_77036_limits50.json (POST https://www.helpinsure.com/api/autoResults, body in raw/api/manifest.json); record RPTG_INSR_ID=283 PLANKEY_ID=1161385200 field AUTO_SAMPLE_RATE_AMT",Houston 77036 (Harris County),GEICO TEXAS COUNTY MUTUAL INSURANCE COMPANY / MGA: Voyager Corporation,tx-limits50,1203
tx-2025,TX,2025,https://www.helpinsure.com/auto.html,"raw/api/autoResults_77036_limits50.json (POST https://www.helpinsure.com/api/autoResults, body in raw/api/manifest.json); record RPTG_INSR_ID=41 PLANKEY_ID=1163147760 field AUTO_SAMPLE_RATE_AMT",Houston 77036 (Harris County),PROGRESSIVE COUNTY MUTUAL INSURANCE COMPANY,tx-limits50,1208
tx-2025,TX,2025,https://www.helpinsure.com/auto.html,"raw/api/autoResults_77036_limits50.json (POST https://www.helpinsure.com/api/autoResults, body in raw/api/manifest.json); record RPTG_INSR_ID=282 PLANKEY_ID=1160164368 field AUTO_SAMPLE_RATE_AMT",Houston 77036 (Harris County),GEICO TEXAS COUNTY MUTUAL INSURANCE COMPANY / MGA: Horizon Corporation,tx-limits50,1235
tx-2025,TX,2025,https://www.helpinsure.com/auto.html,"raw/api/autoResults_77036_limits50.json (POST https://www.helpinsure.com/api/autoResults, body in raw/api/manifest.json); record RPTG_INSR_ID=50 PLANKEY_ID=1149723576 field AUTO_SAMPLE_RATE_AMT",Houston 77036 (Harris County),STATE FARM MUTUAL AUTOMOBILE INSURANCE COMPANY,tx-limits50,1277
tx-2025,TX,2025,https://www.helpinsure.com/auto.html,"raw/api/autoResults_77036_limits50.json (POST https://www.helpinsure.com/api/autoResults, body in raw/api/manifest.json); record RPTG_INSR_ID=238 PLANKEY_ID=1164366648 field AUTO_SAMPLE_RATE_AMT",Houston 77036 (Harris County),MID-CENTURY INSURANCE COMPANY OF TEXAS,tx-limits50,1289
tx-2025,TX,2025,https://www.helpinsure.com/auto.html,"raw/api/autoResults_77036_limits50.json (POST https://www.helpinsure.com/api/autoResults, body in raw/api/manifest.json); record RPTG_INSR_ID=281 PLANKEY_ID=1160978256 field AUTO_SAMPLE_RATE_AMT",Houston 77036 (Harris County),GEICO TEXAS COUNTY MUTUAL INSURANCE COMPANY / MGA: Perspective Corporation,tx-limits50,1341
tx-2025,TX,2025,https://www.helpinsure.com/auto.html,"raw/api/autoResults_77036_limits50.json (POST https://www.helpinsure.com/api/autoResults, body in raw/api/manifest.json); record RPTG_INSR_ID=5 PLANKEY_ID=1152976536 field AUTO_SAMPLE_RATE_AMT",Houston 77036 (Harris County),ALLSTATE COUNTY MUTUAL INSURANCE COMPANY,tx-limits50,1362
tx-2025,TX,2025,https://www.helpinsure.com/auto.html,"raw/api/autoResults_77036_limits50.json (POST https://www.helpinsure.com/api/autoResults, body in raw/api/manifest.json); record RPTG_INSR_ID=246 PLANKEY_ID=1162334520 field AUTO_SAMPLE_RATE_AMT",Houston 77036 (Harris County),GEICO TEXAS COUNTY MUTUAL INSURANCE COMPANY / MGA: Endeavor Corporation,tx-limits50,1442
tx-2025,TX,2025,https://www.helpinsure.com/auto.html,"raw/api/autoResults_77036_limits50.json (POST https://www.helpinsure.com/api/autoResults, body in raw/api/manifest.json); record RPTG_INSR_ID=32 PLANKEY_ID=1150535520 field AUTO_SAMPLE_RATE_AMT",Houston 77036 (Harris County),MERCURY COUNTY MUTUAL INSURANCE COMPANY,tx-limits50,1570
tx-2025,TX,2025,https://www.helpinsure.com/auto.html,"raw/api/autoResults_77036_limits50.json (POST https://www.helpinsure.com/api/autoResults, body in raw/api/manifest.json); record RPTG_INSR_ID=48 PLANKEY_ID=1150129224 field AUTO_SAMPLE_RATE_AMT",Houston 77036 (Harris County),STATE FARM COUNTY MUTUAL INSURANCE COMPANY OF TEXAS,tx-limits50,1604
tx-2025,TX,2025,https://www.helpinsure.com/auto.html,"raw/api/autoResults_77036_limits50.json (POST https://www.helpinsure.com/api/autoResults, body in raw/api/manifest.json); record RPTG_INSR_ID=1 PLANKEY_ID=1148369040 field AUTO_SAMPLE_RATE_AMT",Houston 77036 (Harris County),AUTO CLUB COUNTY MUTUAL INSURANCE COMPANY,tx-limits50,1651
tx-2025,TX,2025,https://www.helpinsure.com/auto.html,"raw/api/autoResults_77036_limits50.json (POST https://www.helpinsure.com/api/autoResults, body in raw/api/manifest.json); record RPTG_INSR_ID=16 PLANKEY_ID=1151349408 field AUTO_SAMPLE_RATE_AMT",Houston 77036 (Harris County),CONSUMERS COUNTY MUTUAL INSURANCE COMPANY / MGA: Travelers Quantum Auto 2.0 Program,tx-limits50,1691
tx-2025,TX,2025,https://www.helpinsure.com/auto.html,"raw/api/autoResults_77036_limits50.json (POST https://www.helpinsure.com/api/autoResults, body in raw/api/manifest.json); record RPTG_INSR_ID=124 PLANKEY_ID=1165316184 field AUTO_SAMPLE_RATE_AMT",Houston 77036 (Harris County),CONSUMERS COUNTY MUTUAL INSURANCE COMPANY,tx-limits50,1691
tx-2025,TX,2025,https://www.helpinsure.com/auto.html,"raw/api/autoResults_77036_limits50.json (POST https://www.helpinsure.com/api/autoResults, body in raw/api/manifest.json); record RPTG_INSR_ID=173 PLANKEY_ID=1151756352 field AUTO_SAMPLE_RATE_AMT",Houston 77036 (Harris County),ECONOMY FIRE & CASUALTY COMPANY,tx-limits50,1891
tx-2025,TX,2025,https://www.helpinsure.com/auto.html,"raw/api/autoResults_77036_limits50.json (POST https://www.helpinsure.com/api/autoResults, body in raw/api/manifest.json); record RPTG_INSR_ID=175 PLANKEY_ID=1163959704 field AUTO_SAMPLE_RATE_AMT",Houston 77036 (Harris County),FARMERS PROPERTY AND CASUALTY INSURANCE COMPANY,tx-limits50,1906
tx-2025,TX,2025,https://www.helpinsure.com/auto.html,"raw/api/autoResults_77036_limits50.json (POST https://www.helpinsure.com/api/autoResults, body in raw/api/manifest.json); record RPTG_INSR_ID=138 PLANKEY_ID=1153383480 field AUTO_SAMPLE_RATE_AMT",Houston 77036 (Harris County),INFINITY COUNTY MUTUAL INSURANCE COMPANY,tx-limits50,2230
tx-2025,TX,2025,https://www.helpinsure.com/auto.html,"raw/api/autoResults_77036_limits50.json (POST https://www.helpinsure.com/api/autoResults, body in raw/api/manifest.json); record RPTG_INSR_ID=140 PLANKEY_ID=1152570240 field AUTO_SAMPLE_RATE_AMT",Houston 77036 (Harris County),FOREMOST COUNTY MUTUAL INSURANCE COMPANY,tx-limits50,2475
tx-2025,TX,2025,https://www.helpinsure.com/auto.html,"raw/api/autoResults_77036_limits50.json (POST https://www.helpinsure.com/api/autoResults, body in raw/api/manifest.json); record RPTG_INSR_ID=209 PLANKEY_ID=1158943536 field AUTO_SAMPLE_RATE_AMT",Houston 77036 (Harris County),AMERICAN FAMILY CONNECT PROPERTY AND CASUALTY INSURANCE COMPANY,tx-limits50,2702
tx-2025,TX,2025,https://www.helpinsure.com/auto.html,"raw/api/autoResults_77036_limits50.json (POST https://www.helpinsure.com/api/autoResults, body in raw/api/manifest.json); record RPTG_INSR_ID=33 PLANKEY_ID=1158129648 field AUTO_SAMPLE_RATE_AMT",Houston 77036 (Harris County),FARMERS LLOYDS INSURANCE COMPANY OF TEXAS,tx-limits50,2826
tx-2025,TX,2025,https://www.helpinsure.com/auto.html,"raw/api/autoResults_77036_limits50.json (POST https://www.helpinsure.com/api/autoResults, body in raw/api/manifest.json); record RPTG_INSR_ID=142 PLANKEY_ID=1151022168 field AUTO_SAMPLE_RATE_AMT",Houston 77036 (Harris County),"COLONIAL COUNTY MUTUAL INSURANCE COMPANY / MGA: Titan Insurance Services, Inc.",tx-limits50,2997
tx-2025,TX,2025,https://www.helpinsure.com/auto.html,"raw/api/autoResults_77036_limits50.json (POST https://www.helpinsure.com/api/autoResults, body in raw/api/manifest.json); record RPTG_INSR_ID=123 PLANKEY_ID=1159350480 field AUTO_SAMPLE_RATE_AMT",Houston 77036 (Harris County),AMICA MUTUAL INSURANCE COMPANY,tx-limits50,3075
tx-2025,TX,2025,https://www.helpinsure.com/auto.html,"raw/api/autoResults_77036_limits50.json (POST https://www.helpinsure.com/api/autoResults, body in raw/api/manifest.json); record RPTG_INSR_ID=161 PLANKEY_ID=1147962096 field AUTO_SAMPLE_RATE_AMT",Houston 77036 (Harris County),AMICA PROPERTY AND CASUALTY INSURANCE COMPANY,tx-limits50,3278
tx-2025,TX,2025,https://www.helpinsure.com/auto.html,"raw/api/autoResults_77036_limits50.json (POST https://www.helpinsure.com/api/autoResults, body in raw/api/manifest.json); record RPTG_INSR_ID=45 PLANKEY_ID=1159757424 field AUTO_SAMPLE_RATE_AMT",Houston 77036 (Harris County),"SENTINEL INSURANCE COMPANY, LTD.",tx-limits50,3496
tx-2025,TX,2025,https://www.helpinsure.com/auto.html,"raw/api/autoResults_77036_limits50.json (POST https://www.helpinsure.com/api/autoResults, body in raw/api/manifest.json); record RPTG_INSR_ID=155 PLANKEY_ID=1162741464 field AUTO_SAMPLE_RATE_AMT",Houston 77036 (Harris County),LIBERTY COUNTY MUTUAL INSURANCE COMPANY / MGA: Safeco General Agency (Safeco),tx-limits50,3536
tx-2025,TX,2025,https://www.helpinsure.com/auto.html,"raw/api/autoResults_77036_limits50.json (POST https://www.helpinsure.com/api/autoResults, body in raw/api/manifest.json); record RPTG_INSR_ID=205 PLANKEY_ID=1148775984 field AUTO_SAMPLE_RATE_AMT",Houston 77036 (Harris County),DAIRYLAND COUNTY MUTUAL INSURANCE COMPANY OF TEXAS,tx-limits50,4241
tx-2025,TX,2025,https://www.helpinsure.com/auto.html,"raw/api/autoResults_77036_limits50.json (POST https://www.helpinsure.com/api/autoResults, body in raw/api/manifest.json); record RPTG_INSR_ID=212 PLANKEY_ID=1158536592 field AUTO_SAMPLE_RATE_AMT",Houston 77036 (Harris County),ENCOMPASS INDEPENDENT INSURANCE COMPANY,tx-limits50,6113
tx-2025,TX,2025,https://www.helpinsure.com/auto.html,"raw/api/autoResults_77036_married.json (POST https://www.helpinsure.com/api/autoResults, body in raw/api/manifest.json); record RPTG_INSR_ID=21 PLANKEY_ID=1152163602 field AUTO_SAMPLE_RATE_AMT",Houston 77036 (Harris County),FARMERS TEXAS COUNTY MUTUAL INSURANCE COMPANY,tx-married,602
tx-2025,TX,2025,https://www.helpinsure.com/auto.html,"raw/api/autoResults_77036_married.json (POST https://www.helpinsure.com/api/autoResults, body in raw/api/manifest.json); record RPTG_INSR_ID=56 PLANKEY_ID=1156909122 field AUTO_SAMPLE_RATE_AMT",Houston 77036 (Harris County),UNITED SERVICES AUTOMOBILE ASSOCIATION,tx-married,645
tx-2025,TX,2025,https://www.helpinsure.com/auto.html,"raw/api/autoResults_77036_married.json (POST https://www.helpinsure.com/api/autoResults, body in raw/api/manifest.json); record RPTG_INSR_ID=119 PLANKEY_ID=1157316066 field AUTO_SAMPLE_RATE_AMT",Houston 77036 (Harris County),USAA CASUALTY INSURANCE COMPANY,tx-married,696
tx-2025,TX,2025,https://www.helpinsure.com/auto.html,"raw/api/autoResults_77036_married.json (POST https://www.helpinsure.com/api/autoResults, body in raw/api/manifest.json); record RPTG_INSR_ID=118 PLANKEY_ID=1157723010 field AUTO_SAMPLE_RATE_AMT",Houston 77036 (Harris County),USAA GENERAL INDEMNITY COMPANY,tx-married,770
tx-2025,TX,2025,https://www.helpinsure.com/auto.html,"raw/api/autoResults_77036_married.json (POST https://www.helpinsure.com/api/autoResults, body in raw/api/manifest.json); record RPTG_INSR_ID=283 PLANKEY_ID=1161385506 field AUTO_SAMPLE_RATE_AMT",Houston 77036 (Harris County),GEICO TEXAS COUNTY MUTUAL INSURANCE COMPANY / MGA: Voyager Corporation,tx-married,773
tx-2025,TX,2025,https://www.helpinsure.com/auto.html,"raw/api/autoResults_77036_married.json (POST https://www.helpinsure.com/api/autoResults, body in raw/api/manifest.json); record RPTG_INSR_ID=282 PLANKEY_ID=1160164674 field AUTO_SAMPLE_RATE_AMT",Houston 77036 (Harris County),GEICO TEXAS COUNTY MUTUAL INSURANCE COMPANY / MGA: Horizon Corporation,tx-married,786
tx-2025,TX,2025,https://www.helpinsure.com/auto.html,"raw/api/autoResults_77036_married.json (POST https://www.helpinsure.com/api/autoResults, body in raw/api/manifest.json); record RPTG_INSR_ID=112 PLANKEY_ID=1156096530 field AUTO_SAMPLE_RATE_AMT",Houston 77036 (Harris County),GARRISON PROPERTY AND CASUALTY INSURANCE COMPANY,tx-married,811
tx-2025,TX,2025,https://www.helpinsure.com/auto.html,"raw/api/autoResults_77036_married.json (POST https://www.helpinsure.com/api/autoResults, body in raw/api/manifest.json); record RPTG_INSR_ID=281 PLANKEY_ID=1160978562 field AUTO_SAMPLE_RATE_AMT",Houston 77036 (Harris County),GEICO TEXAS COUNTY MUTUAL INSURANCE COMPANY / MGA: Perspective Corporation,tx-married,814
tx-2025,TX,2025,https://www.helpinsure.com/auto.html,"raw/api/autoResults_77036_married.json (POST https://www.helpinsure.com/api/autoResults, body in raw/api/manifest.json); record RPTG_INSR_ID=41 PLANKEY_ID=1163148066 field AUTO_SAMPLE_RATE_AMT",Houston 77036 (Harris County),PROGRESSIVE COUNTY MUTUAL INSURANCE COMPANY,tx-married,857
tx-2025,TX,2025,https://www.helpinsure.com/auto.html,"raw/api/autoResults_77036_married.json (POST https://www.helpinsure.com/api/autoResults, body in raw/api/manifest.json); record RPTG_INSR_ID=102 PLANKEY_ID=1163553714 field AUTO_SAMPLE_RATE_AMT",Houston 77036 (Harris County),PROGRESSIVE COUNTY MUTUAL INSURANCE COMPANY / MGA: PROGRESSIVE COUNTY MUTUAL - DIRECT RATES,tx-married,863
tx-2025,TX,2025,https://www.helpinsure.com/auto.html,"raw/api/autoResults_77036_married.json (POST https://www.helpinsure.com/api/autoResults, body in raw/api/manifest.json); record RPTG_INSR_ID=6 PLANKEY_ID=1164909546 field AUTO_SAMPLE_RATE_AMT",Houston 77036 (Harris County),ALLSTATE FIRE AND CASUALTY INSURANCE COMPANY,tx-married,1079
tx-2025,TX,2025,https://www.helpinsure.com/auto.html,"raw/api/autoResults_77036_married.json (POST https://www.helpinsure.com/api/autoResults, body in raw/api/manifest.json); record RPTG_INSR_ID=32 PLANKEY_ID=1150535826 field AUTO_SAMPLE_RATE_AMT",Houston 77036 (Harris County),MERCURY COUNTY MUTUAL INSURANCE COMPANY,tx-married,1157
tx-2025,TX,2025,https://www.helpinsure.com/auto.html,"raw/api/autoResults_77036_married.json (POST https://www.helpinsure.com/api/autoResults, body in raw/api/manifest.json); record RPTG_INSR_ID=50 PLANKEY_ID=1149723882 field AUTO_SAMPLE_RATE_AMT",Houston 77036 (Harris County),STATE FARM MUTUAL AUTOMOBILE INSURANCE COMPANY,tx-married,1182
tx-2025,TX,2025,https://www.helpinsure.com/auto.html,"raw/api/autoResults_77036_married.json (POST https://www.helpinsure.com/api/autoResults, body in raw/api/manifest.json); record RPTG_INSR_ID=238 PLANKEY_ID=1164366954 field AUTO_SAMPLE_RATE_AMT",Houston 77036 (Harris County),MID-CENTURY INSURANCE COMPANY OF TEXAS,tx-married,1243
tx-2025,TX,2025,https://www.helpinsure.com/auto.html,"raw/api/autoResults_77036_married.json (POST https://www.helpinsure.com/api/autoResults, body in raw/api/manifest.json); record RPTG_INSR_ID=173 PLANKEY_ID=1151756658 field AUTO_SAMPLE_RATE_AMT",Houston 77036 (Harris County),ECONOMY FIRE & CASUALTY COMPANY,tx-married,1245
tx-2025,TX,2025,https://www.helpinsure.com/auto.html,"raw/api/autoResults_77036_married.json (POST https://www.helpinsure.com/api/autoResults, body in raw/api/manifest.json); record RPTG_INSR_ID=5 PLANKEY_ID=1152976842 field AUTO_SAMPLE_RATE_AMT",Houston 77036 (Harris County),ALLSTATE COUNTY MUTUAL INSURANCE COMPANY,tx-married,1292
tx-2025,TX,2025,https://www.helpinsure.com/auto.html,"raw/api/autoResults_77036_married.json (POST https://www.helpinsure.com/api/autoResults, body in raw/api/manifest.json); record RPTG_INSR_ID=246 PLANKEY_ID=1162334826 field AUTO_SAMPLE_RATE_AMT",Houston 77036 (Harris County),GEICO TEXAS COUNTY MUTUAL INSURANCE COMPANY / MGA: Endeavor Corporation,tx-married,1367
tx-2025,TX,2025,https://www.helpinsure.com/auto.html,"raw/api/autoResults_77036_married.json (POST https://www.helpinsure.com/api/autoResults, body in raw/api/manifest.json); record RPTG_INSR_ID=138 PLANKEY_ID=1153383786 field AUTO_SAMPLE_RATE_AMT",Houston 77036 (Harris County),INFINITY COUNTY MUTUAL INSURANCE COMPANY,tx-married,1371
tx-2025,TX,2025,https://www.helpinsure.com/auto.html,"raw/api/autoResults_77036_married.json (POST https://www.helpinsure.com/api/autoResults, body in raw/api/manifest.json); record RPTG_INSR_ID=1 PLANKEY_ID=1148369346 field AUTO_SAMPLE_RATE_AMT",Houston 77036 (Harris County),AUTO CLUB COUNTY MUTUAL INSURANCE COMPANY,tx-married,1373
tx-2025,TX,2025,https://www.helpinsure.com/auto.html,"raw/api/autoResults_77036_married.json (POST https://www.helpinsure.com/api/autoResults, body in raw/api/manifest.json); record RPTG_INSR_ID=104 PLANKEY_ID=1164720942 field AUTO_SAMPLE_RATE_AMT",Houston 77036 (Harris County),TEXAS AUTOMOBILE INSURANCE PLAN ASSOCIATION,tx-married,1430
tx-2025,TX,2025,https://www.helpinsure.com/auto.html,"raw/api/autoResults_77036_married.json (POST https://www.helpinsure.com/api/autoResults, body in raw/api/manifest.json); record RPTG_INSR_ID=175 PLANKEY_ID=1163960010 field AUTO_SAMPLE_RATE_AMT",Houston 77036 (Harris County),FARMERS PROPERTY AND CASUALTY INSURANCE COMPANY,tx-married,1478
tx-2025,TX,2025,https://www.helpinsure.com/auto.html,"raw/api/autoResults_77036_married.json (POST https://www.helpinsure.com/api/autoResults, body in raw/api/manifest.json); record RPTG_INSR_ID=48 PLANKEY_ID=1150129530 field AUTO_SAMPLE_RATE_AMT",Houston 77036 (Harris County),STATE FARM COUNTY MUTUAL INSURANCE COMPANY OF TEXAS,tx-married,1491
tx-2025,TX,2025,https://www.helpinsure.com/auto.html,"raw/api/autoResults_77036_married.json (POST https://www.helpinsure.com/api/autoResults, body in raw/api/manifest.json); record RPTG_INSR_ID=16 PLANKEY_ID=1151349714 field AUTO_SAMPLE_RATE_AMT",Houston 77036 (Harris County),CONSUMERS COUNTY MUTUAL INSURANCE COMPANY / MGA: Travelers Quantum Auto 2.0 Program,tx-married,1614
tx-2025,TX,2025,https://www.helpinsure.com/auto.html,"raw/api/autoResults_77036_married.json (POST https://www.helpinsure.com/api/autoResults, body in raw/api/manifest.json); record RPTG_INSR_ID=124 PLANKEY_ID=1165316490 field AUTO_SAMPLE_RATE_AMT",Houston 77036 (Harris County),CONSUMERS COUNTY MUTUAL INSURANCE COMPANY,tx-married,1614
tx-2025,TX,2025,https://www.helpinsure.com/auto.html,"raw/api/autoResults_77036_married.json (POST https://www.helpinsure.com/api/autoResults, body in raw/api/manifest.json); record RPTG_INSR_ID=33 PLANKEY_ID=1158129954 field AUTO_SAMPLE_RATE_AMT",Houston 77036 (Harris County),FARMERS LLOYDS INSURANCE COMPANY OF TEXAS,tx-married,1950
tx-2025,TX,2025,https://www.helpinsure.com/auto.html,"raw/api/autoResults_77036_married.json (POST https://www.helpinsure.com/api/autoResults, body in raw/api/manifest.json); record RPTG_INSR_ID=209 PLANKEY_ID=1158943842 field AUTO_SAMPLE_RATE_AMT",Houston 77036 (Harris County),AMERICAN FAMILY CONNECT PROPERTY AND CASUALTY INSURANCE COMPANY,tx-married,2030
tx-2025,TX,2025,https://www.helpinsure.com/auto.html,"raw/api/autoResults_77036_married.json (POST https://www.helpinsure.com/api/autoResults, body in raw/api/manifest.json); record RPTG_INSR_ID=140 PLANKEY_ID=1152570546 field AUTO_SAMPLE_RATE_AMT",Houston 77036 (Harris County),FOREMOST COUNTY MUTUAL INSURANCE COMPANY,tx-married,2107
tx-2025,TX,2025,https://www.helpinsure.com/auto.html,"raw/api/autoResults_77036_married.json (POST https://www.helpinsure.com/api/autoResults, body in raw/api/manifest.json); record RPTG_INSR_ID=142 PLANKEY_ID=1151021826 field AUTO_SAMPLE_RATE_AMT",Houston 77036 (Harris County),"COLONIAL COUNTY MUTUAL INSURANCE COMPANY / MGA: Titan Insurance Services, Inc.",tx-married,2312
tx-2025,TX,2025,https://www.helpinsure.com/auto.html,"raw/api/autoResults_77036_married.json (POST https://www.helpinsure.com/api/autoResults, body in raw/api/manifest.json); record RPTG_INSR_ID=219 PLANKEY_ID=1153737774 field AUTO_SAMPLE_RATE_AMT",Houston 77036 (Harris County),AMERICAN ACCESS CASUALTY COMPANY,tx-married,2531
tx-2025,TX,2025,https://www.helpinsure.com/auto.html,"raw/api/autoResults_77036_married.json (POST https://www.helpinsure.com/api/autoResults, body in raw/api/manifest.json); record RPTG_INSR_ID=123 PLANKEY_ID=1159350786 field AUTO_SAMPLE_RATE_AMT",Houston 77036 (Harris County),AMICA MUTUAL INSURANCE COMPANY,tx-married,2749
tx-2025,TX,2025,https://www.helpinsure.com/auto.html,"raw/api/autoResults_77036_married.json (POST https://www.helpinsure.com/api/autoResults, body in raw/api/manifest.json); record RPTG_INSR_ID=215 PLANKEY_ID=1149535926 field AUTO_SAMPLE_RATE_AMT",Houston 77036 (Harris County),"MGA INSURANCE COMPANY, INC.",tx-married,2899
tx-2025,TX,2025,https://www.helpinsure.com/auto.html,"raw/api/autoResults_77036_married.json (POST https://www.helpinsure.com/api/autoResults, body in raw/api/manifest.json); record RPTG_INSR_ID=45 PLANKEY_ID=1159757730 field AUTO_SAMPLE_RATE_AMT",Houston 77036 (Harris County),"SENTINEL INSURANCE COMPANY, LTD.",tx-married,2918
tx-2025,TX,2025,https://www.helpinsure.com/auto.html,"raw/api/autoResults_77036_married.json (POST https://www.helpinsure.com/api/autoResults, body in raw/api/manifest.json); record RPTG_INSR_ID=161 PLANKEY_ID=1147962402 field AUTO_SAMPLE_RATE_AMT",Houston 77036 (Harris County),AMICA PROPERTY AND CASUALTY INSURANCE COMPANY,tx-married,2927
tx-2025,TX,2025,https://www.helpinsure.com/auto.html,"raw/api/autoResults_77036_married.json (POST https://www.helpinsure.com/api/autoResults, body in raw/api/manifest.json); record RPTG_INSR_ID=205 PLANKEY_ID=1148776290 field AUTO_SAMPLE_RATE_AMT",Houston 77036 (Harris County),DAIRYLAND COUNTY MUTUAL INSURANCE COMPANY OF TEXAS,tx-married,3043
tx-2025,TX,2025,https://www.helpinsure.com/auto.html,"raw/api/autoResults_77036_married.json (POST https://www.helpinsure.com/api/autoResults, body in raw/api/manifest.json); record RPTG_INSR_ID=155 PLANKEY_ID=1162741770 field AUTO_SAMPLE_RATE_AMT",Houston 77036 (Harris County),LIBERTY COUNTY MUTUAL INSURANCE COMPANY / MGA: Safeco General Agency (Safeco),tx-married,3176
tx-2025,TX,2025,https://www.helpinsure.com/auto.html,"raw/api/autoResults_77036_married.json (POST https://www.helpinsure.com/api/autoResults, body in raw/api/manifest.json); record RPTG_INSR_ID=212 PLANKEY_ID=1158536898 field AUTO_SAMPLE_RATE_AMT",Houston 77036 (Harris County),ENCOMPASS INDEPENDENT INSURANCE COMPANY,tx-married,4424
tx-2025,TX,2025,https://www.helpinsure.com/auto.html,"raw/api/autoResults_77036_pleasure.json (POST https://www.helpinsure.com/api/autoResults, body in raw/api/manifest.json); record RPTG_INSR_ID=21 PLANKEY_ID=1152163269 field AUTO_SAMPLE_RATE_AMT",Houston 77036 (Harris County),FARMERS TEXAS COUNTY MUTUAL INSURANCE COMPANY,tx-pleasure,676
tx-2025,TX,2025,https://www.helpinsure.com/auto.html,"raw/api/autoResults_77036_pleasure.json (POST https://www.helpinsure.com/api/autoResults, body in raw/api/manifest.json); record RPTG_INSR_ID=56 PLANKEY_ID=1156908789 field AUTO_SAMPLE_RATE_AMT",Houston 77036 (Harris County),UNITED SERVICES AUTOMOBILE ASSOCIATION,tx-pleasure,717
tx-2025,TX,2025,https://www.helpinsure.com/auto.html,"raw/api/autoResults_77036_pleasure.json (POST https://www.helpinsure.com/api/autoResults, body in raw/api/manifest.json); record RPTG_INSR_ID=119 PLANKEY_ID=1157315733 field AUTO_SAMPLE_RATE_AMT",Houston 77036 (Harris County),USAA CASUALTY INSURANCE COMPANY,tx-pleasure,778
tx-2025,TX,2025,https://www.helpinsure.com/auto.html,"raw/api/autoResults_77036_pleasure.json (POST https://www.helpinsure.com/api/autoResults, body in raw/api/manifest.json); record RPTG_INSR_ID=283 PLANKEY_ID=1161385173 field AUTO_SAMPLE_RATE_AMT",Houston 77036 (Harris County),GEICO TEXAS COUNTY MUTUAL INSURANCE COMPANY / MGA: Voyager Corporation,tx-pleasure,825
tx-2025,TX,2025,https://www.helpinsure.com/auto.html,"raw/api/autoResults_77036_pleasure.json (POST https://www.helpinsure.com/api/autoResults, body in raw/api/manifest.json); record RPTG_INSR_ID=282 PLANKEY_ID=1160164341 field AUTO_SAMPLE_RATE_AMT",Houston 77036 (Harris County),GEICO TEXAS COUNTY MUTUAL INSURANCE COMPANY / MGA: Horizon Corporation,tx-pleasure,839
tx-2025,TX,2025,https://www.helpinsure.com/auto.html,"raw/api/autoResults_77036_pleasure.json (POST https://www.helpinsure.com/api/autoResults, body in raw/api/manifest.json); record RPTG_INSR_ID=118 PLANKEY_ID=1157722677 field AUTO_SAMPLE_RATE_AMT",Houston 77036 (Harris County),USAA GENERAL INDEMNITY COMPANY,tx-pleasure,855
tx-2025,TX,2025,https://www.helpinsure.com/auto.html,"raw/api/autoResults_77036_pleasure.json (POST https://www.helpinsure.com/api/autoResults, body in raw/api/manifest.json); record RPTG_INSR_ID=281 PLANKEY_ID=1160978229 field AUTO_SAMPLE_RATE_AMT",Houston 77036 (Harris County),GEICO TEXAS COUNTY MUTUAL INSURANCE COMPANY / MGA: Perspective Corporation,tx-pleasure,875
tx-2025,TX,2025,https://www.helpinsure.com/auto.html,"raw/api/autoResults_77036_pleasure.json (POST https://www.helpinsure.com/api/autoResults, body in raw/api/manifest.json); record RPTG_INSR_ID=112 PLANKEY_ID=1156096197 field AUTO_SAMPLE_RATE_AMT",Houston 77036 (Harris County),GARRISON PROPERTY AND CASUALTY INSURANCE COMPANY,tx-pleasure,888
tx-2025,TX,2025,https://www.helpinsure.com/auto.html,"raw/api/autoResults_77036_pleasure.json (POST https://www.helpinsure.com/api/autoResults, body in raw/api/manifest.json); record RPTG_INSR_ID=102 PLANKEY_ID=1163553381 field AUTO_SAMPLE_RATE_AMT",Houston 77036 (Harris County),PROGRESSIVE COUNTY MUTUAL INSURANCE COMPANY / MGA: PROGRESSIVE COUNTY MUTUAL - DIRECT RATES,tx-pleasure,970
tx-2025,TX,2025,https://www.helpinsure.com/auto.html,"raw/api/autoResults_77036_pleasure.json (POST https://www.helpinsure.com/api/autoResults, body in raw/api/manifest.json); record RPTG_INSR_ID=41 PLANKEY_ID=1163147733 field AUTO_SAMPLE_RATE_AMT",Houston 77036 (Harris County),PROGRESSIVE COUNTY MUTUAL INSURANCE COMPANY,tx-pleasure,1006
tx-2025,TX,2025,https://www.helpinsure.com/auto.html,"raw/api/autoResults_77036_pleasure.json (POST https://www.helpinsure.com/api/autoResults, body in raw/api/manifest.json); record RPTG_INSR_ID=238 PLANKEY_ID=1164366621 field AUTO_SAMPLE_RATE_AMT",Houston 77036 (Harris County),MID-CENTURY INSURANCE COMPANY OF TEXAS,tx-pleasure,1052
tx-2025,TX,2025,https://www.helpinsure.com/auto.html,"raw/api/autoResults_77036_pleasure.json (POST https://www.helpinsure.com/api/autoResults, body in raw/api/manifest.json); record RPTG_INSR_ID=6 PLANKEY_ID=1164909213 field AUTO_SAMPLE_RATE_AMT",Houston 77036 (Harris County),ALLSTATE FIRE AND CASUALTY INSURANCE COMPANY,tx-pleasure,1079
tx-2025,TX,2025,https://www.helpinsure.com/auto.html,"raw/api/autoResults_77036_pleasure.json (POST https://www.helpinsure.com/api/autoResults, body in raw/api/manifest.json); record RPTG_INSR_ID=50 PLANKEY_ID=1149723549 field AUTO_SAMPLE_RATE_AMT",Houston 77036 (Harris County),STATE FARM MUTUAL AUTOMOBILE INSURANCE COMPANY,tx-pleasure,1182
tx-2025,TX,2025,https://www.helpinsure.com/auto.html,"raw/api/autoResults_77036_pleasure.json (POST https://www.helpinsure.com/api/autoResults, body in raw/api/manifest.json); record RPTG_INSR_ID=104 PLANKEY_ID=1164720825 field AUTO_SAMPLE_RATE_AMT",Houston 77036 (Harris County),TEXAS AUTOMOBILE INSURANCE PLAN ASSOCIATION,tx-pleasure,1244
tx-2025,TX,2025,https://www.helpinsure.com/auto.html,"raw/api/autoResults_77036_pleasure.json (POST https://www.helpinsure.com/api/autoResults, body in raw/api/manifest.json); record RPTG_INSR_ID=1 PLANKEY_ID=1148369013 field AUTO_SAMPLE_RATE_AMT",Houston 77036 (Harris County),AUTO CLUB COUNTY MUTUAL INSURANCE COMPANY,tx-pleasure,1319
tx-2025,TX,2025,https://www.helpinsure.com/auto.html,"raw/api/autoResults_77036_pleasure.json (POST https://www.helpinsure.com/api/autoResults, body in raw/api/manifest.json); record RPTG_INSR_ID=5 PLANKEY_ID=1152976509 field AUTO_SAMPLE_RATE_AMT",Houston 77036 (Harris County),ALLSTATE COUNTY MUTUAL INSURANCE COMPANY,tx-pleasure,1343
tx-2025,TX,2025,https://www.helpinsure.com/auto.html,"raw/api/autoResults_77036_pleasure.json (POST https://www.helpinsure.com/api/autoResults, body in raw/api/manifest.json); record RPTG_INSR_ID=246 PLANKEY_ID=1162334493 field AUTO_SAMPLE_RATE_AMT",Houston 77036 (Harris County),GEICO TEXAS COUNTY MUTUAL INSURANCE COMPANY / MGA: Endeavor Corporation,tx-pleasure,1367
tx-2025,TX,2025,https://www.helpinsure.com/auto.html,"raw/api/autoResults_77036_pleasure.json (POST https://www.helpinsure.com/api/autoResults, body in raw/api/manifest.json); record RPTG_INSR_ID=16 PLANKEY_ID=1151349381 field AUTO_SAMPLE_RATE_AMT",Houston 77036 (Harris County),CONSUMERS COUNTY MUTUAL INSURANCE COMPANY / MGA: Travelers Quantum Auto 2.0 Program,tx-pleasure,1412
tx-2025,TX,2025,https://www.helpinsure.com/auto.html,"raw/api/autoResults_77036_pleasure.json (POST https://www.helpinsure.com/api/autoResults, body in raw/api/manifest.json); record RPTG_INSR_ID=124 PLANKEY_ID=1165316157 field AUTO_SAMPLE_RATE_AMT",Houston 77036 (Harris County),CONSUMERS COUNTY MUTUAL INSURANCE COMPANY,tx-pleasure,1412
tx-2025,TX,2025,https://www.helpinsure.com/auto.html,"raw/api/autoResults_77036_pleasure.json (POST https://www.helpinsure.com/api/autoResults, body in raw/api/manifest.json); record RPTG_INSR_ID=48 PLANKEY_ID=1150129197 field AUTO_SAMPLE_RATE_AMT",Houston 77036 (Harris County),STATE FARM COUNTY MUTUAL INSURANCE COMPANY OF TEXAS,tx-pleasure,1491
tx-2025,TX,2025,https://www.helpinsure.com/auto.html,"raw/api/autoResults_77036_pleasure.json (POST https://www.helpinsure.com/api/autoResults, body in raw/api/manifest.json); record RPTG_INSR_ID=32 PLANKEY_ID=1150535493 field AUTO_SAMPLE_RATE_AMT",Houston 77036 (Harris County),MERCURY COUNTY MUTUAL INSURANCE COMPANY,tx-pleasure,1605
tx-2025,TX,2025,https://www.helpinsure.com/auto.html,"raw/api/autoResults_77036_pleasure.json (POST https://www.helpinsure.com/api/autoResults, body in raw/api/manifest.json); record RPTG_INSR_ID=138 PLANKEY_ID=1153383453 field AUTO_SAMPLE_RATE_AMT",Houston 77036 (Harris County),INFINITY COUNTY MUTUAL INSURANCE COMPANY,tx-pleasure,1663
tx-2025,TX,2025,https://www.helpinsure.com/auto.html,"raw/api/autoResults_77036_pleasure.json (POST https://www.helpinsure.com/api/autoResults, body in raw/api/manifest.json); record RPTG_INSR_ID=173 PLANKEY_ID=1151756325 field AUTO_SAMPLE_RATE_AMT",Houston 77036 (Harris County),ECONOMY FIRE & CASUALTY COMPANY,tx-pleasure,1778
tx-2025,TX,2025,https://www.helpinsure.com/auto.html,"raw/api/autoResults_77036_pleasure.json (POST https://www.helpinsure.com/api/autoResults, body in raw/api/manifest.json); record RPTG_INSR_ID=175 PLANKEY_ID=1163959677 field AUTO_SAMPLE_RATE_AMT",Houston 77036 (Harris County),FARMERS PROPERTY AND CASUALTY INSURANCE COMPANY,tx-pleasure,1791
tx-2025,TX,2025,https://www.helpinsure.com/auto.html,"raw/api/autoResults_77036_pleasure.json (POST https://www.helpinsure.com/api/autoResults, body in raw/api/manifest.json); record RPTG_INSR_ID=209 PLANKEY_ID=1158943509 field AUTO_SAMPLE_RATE_AMT",Houston 77036 (Harris County),AMERICAN FAMILY CONNECT PROPERTY AND CASUALTY INSURANCE COMPANY,tx-pleasure,2306
tx-2025,TX,2025,https://www.helpinsure.com/auto.html,"raw/api/autoResults_77036_pleasure.json (POST https://www.helpinsure.com/api/autoResults, body in raw/api/manifest.json); record RPTG_INSR_ID=140 PLANKEY_ID=1152570213 field AUTO_SAMPLE_RATE_AMT",Houston 77036 (Harris County),FOREMOST COUNTY MUTUAL INSURANCE COMPANY,tx-pleasure,2390
tx-2025,TX,2025,https://www.helpinsure.com/auto.html,"raw/api/autoResults_77036_pleasure.json (POST https://www.helpinsure.com/api/autoResults, body in raw/api/manifest.json); record RPTG_INSR_ID=33 PLANKEY_ID=1158129621 field AUTO_SAMPLE_RATE_AMT",Houston 77036 (Harris County),FARMERS LLOYDS INSURANCE COMPANY OF TEXAS,tx-pleasure,2616
tx-2025,TX,2025,https://www.helpinsure.com/auto.html,"raw/api/autoResults_77036_pleasure.json (POST https://www.helpinsure.com/api/autoResults, body in raw/api/manifest.json); record RPTG_INSR_ID=123 PLANKEY_ID=1159350453 field AUTO_SAMPLE_RATE_AMT",Houston 77036 (Harris County),AMICA MUTUAL INSURANCE COMPANY,tx-pleasure,2633
tx-2025,TX,2025,https://www.helpinsure.com/auto.html,"raw/api/autoResults_77036_pleasure.json (POST https://www.helpinsure.com/api/autoResults, body in raw/api/manifest.json); record RPTG_INSR_ID=142 PLANKEY_ID=1151022141 field AUTO_SAMPLE_RATE_AMT",Houston 77036 (Harris County),"COLONIAL COUNTY MUTUAL INSURANCE COMPANY / MGA: Titan Insurance Services, Inc.",tx-pleasure,2760
tx-2025,TX,2025,https://www.helpinsure.com/auto.html,"raw/api/autoResults_77036_pleasure.json (POST https://www.helpinsure.com/api/autoResults, body in raw/api/manifest.json); record RPTG_INSR_ID=161 PLANKEY_ID=1147962069 field AUTO_SAMPLE_RATE_AMT",Houston 77036 (Harris County),AMICA PROPERTY AND CASUALTY INSURANCE COMPANY,tx-pleasure,2871
tx-2025,TX,2025,https://www.helpinsure.com/auto.html,"raw/api/autoResults_77036_pleasure.json (POST https://www.helpinsure.com/api/autoResults, body in raw/api/manifest.json); record RPTG_INSR_ID=219 PLANKEY_ID=1153737657 field AUTO_SAMPLE_RATE_AMT",Houston 77036 (Harris County),AMERICAN ACCESS CASUALTY COMPANY,tx-pleasure,2923
tx-2025,TX,2025,https://www.helpinsure.com/auto.html,"raw/api/autoResults_77036_pleasure.json (POST https://www.helpinsure.com/api/autoResults, body in raw/api/manifest.json); record RPTG_INSR_ID=45 PLANKEY_ID=1159757397 field AUTO_SAMPLE_RATE_AMT",Houston 77036 (Harris County),"SENTINEL INSURANCE COMPANY, LTD.",tx-pleasure,3088
tx-2025,TX,2025,https://www.helpinsure.com/auto.html,"raw/api/autoResults_77036_pleasure.json (POST https://www.helpinsure.com/api/autoResults, body in raw/api/manifest.json); record RPTG_INSR_ID=215 PLANKEY_ID=1149535809 field AUTO_SAMPLE_RATE_AMT",Houston 77036 (Harris County),"MGA INSURANCE COMPANY, INC.",tx-pleasure,3117
tx-2025,TX,2025,https://www.helpinsure.com/auto.html,"raw/api/autoResults_77036_pleasure.json (POST https://www.helpinsure.com/api/autoResults, body in raw/api/manifest.json); record RPTG_INSR_ID=155 PLANKEY_ID=1162741437 field AUTO_SAMPLE_RATE_AMT",Houston 77036 (Harris County),LIBERTY COUNTY MUTUAL INSURANCE COMPANY / MGA: Safeco General Agency (Safeco),tx-pleasure,3256
tx-2025,TX,2025,https://www.helpinsure.com/auto.html,"raw/api/autoResults_77036_pleasure.json (POST https://www.helpinsure.com/api/autoResults, body in raw/api/manifest.json); record RPTG_INSR_ID=205 PLANKEY_ID=1148775957 field AUTO_SAMPLE_RATE_AMT",Houston 77036 (Harris County),DAIRYLAND COUNTY MUTUAL INSURANCE COMPANY OF TEXAS,tx-pleasure,3662
tx-2025,TX,2025,https://www.helpinsure.com/auto.html,"raw/api/autoResults_77036_pleasure.json (POST https://www.helpinsure.com/api/autoResults, body in raw/api/manifest.json); record RPTG_INSR_ID=212 PLANKEY_ID=1158536565 field AUTO_SAMPLE_RATE_AMT",Houston 77036 (Harris County),ENCOMPASS INDEPENDENT INSURANCE COMPANY,tx-pleasure,5416
tx-2025,TX,2025,https://www.helpinsure.com/auto.html,"raw/api/autoResults_77036_speeding.json (POST https://www.helpinsure.com/api/autoResults, body in raw/api/manifest.json); record RPTG_INSR_ID=56 PLANKEY_ID=1156908797 field AUTO_SAMPLE_RATE_AMT",Houston 77036 (Harris County),UNITED SERVICES AUTOMOBILE ASSOCIATION,tx-speeding,737
tx-2025,TX,2025,https://www.helpinsure.com/auto.html,"raw/api/autoResults_77036_speeding.json (POST https://www.helpinsure.com/api/autoResults, body in raw/api/manifest.json); record RPTG_INSR_ID=21 PLANKEY_ID=1152163277 field AUTO_SAMPLE_RATE_AMT",Houston 77036 (Harris County),FARMERS TEXAS COUNTY MUTUAL INSURANCE COMPANY,tx-speeding,768
tx-2025,TX,2025,https://www.helpinsure.com/auto.html,"raw/api/autoResults_77036_speeding.json (POST https://www.helpinsure.com/api/autoResults, body in raw/api/manifest.json); record RPTG_INSR_ID=119 PLANKEY_ID=1157315741 field AUTO_SAMPLE_RATE_AMT",Houston 77036 (Harris County),USAA CASUALTY INSURANCE COMPANY,tx-speeding,800
tx-2025,TX,2025,https://www.helpinsure.com/auto.html,"raw/api/autoResults_77036_speeding.json (POST https://www.helpinsure.com/api/autoResults, body in raw/api/manifest.json); record RPTG_INSR_ID=118 PLANKEY_ID=1157722685 field AUTO_SAMPLE_RATE_AMT",Houston 77036 (Harris County),USAA GENERAL INDEMNITY COMPANY,tx-speeding,887
tx-2025,TX,2025,https://www.helpinsure.com/auto.html,"raw/api/autoResults_77036_speeding.json (POST https://www.helpinsure.com/api/autoResults, body in raw/api/manifest.json); record RPTG_INSR_ID=112 PLANKEY_ID=1156096205 field AUTO_SAMPLE_RATE_AMT",Houston 77036 (Harris County),GARRISON PROPERTY AND CASUALTY INSURANCE COMPANY,tx-speeding,939
tx-2025,TX,2025,https://www.helpinsure.com/auto.html,"raw/api/autoResults_77036_speeding.json (POST https://www.helpinsure.com/api/autoResults, body in raw/api/manifest.json); record RPTG_INSR_ID=6 PLANKEY_ID=1164909221 field AUTO_SAMPLE_RATE_AMT",Houston 77036 (Harris County),ALLSTATE FIRE AND CASUALTY INSURANCE COMPANY,tx-speeding,1079
tx-2025,TX,2025,https://www.helpinsure.com/auto.html,"raw/api/autoResults_77036_speeding.json (POST https://www.helpinsure.com/api/autoResults, body in raw/api/manifest.json); record RPTG_INSR_ID=50 PLANKEY_ID=1149723557 field AUTO_SAMPLE_RATE_AMT",Houston 77036 (Harris County),STATE FARM MUTUAL AUTOMOBILE INSURANCE COMPANY,tx-speeding,1155
tx-2025,TX,2025,https://www.helpinsure.com/auto.html,"raw/api/autoResults_77036_speeding.json (POST https://www.helpinsure.com/api/autoResults, body in raw/api/manifest.json); record RPTG_INSR_ID=238 PLANKEY_ID=1164366629 field AUTO_SAMPLE_RATE_AMT",Houston 77036 (Harris County),MID-CENTURY INSURANCE COMPANY OF TEXAS,tx-speeding,1246
tx-2025,TX,2025,https://www.helpinsure.com/auto.html,"raw/api/autoResults_77036_speeding.json (POST https://www.helpinsure.com/api/autoResults, body in raw/api/manifest.json); record RPTG_INSR_ID=102 PLANKEY_ID=1163553389 field AUTO_SAMPLE_RATE_AMT",Houston 77036 (Harris County),PROGRESSIVE COUNTY MUTUAL INSURANCE COMPANY / MGA: PROGRESSIVE COUNTY MUTUAL - DIRECT RATES,tx-speeding,1291
tx-2025,TX,2025,https://www.helpinsure.com/auto.html,"raw/api/autoResults_77036_speeding.json (POST https://www.helpinsure.com/api/autoResults, body in raw/api/manifest.json); record RPTG_INSR_ID=5 PLANKEY_ID=1152976517 field AUTO_SAMPLE_RATE_AMT",Houston 77036 (Harris County),ALLSTATE COUNTY MUTUAL INSURANCE COMPANY,tx-speeding,1441
tx-2025,TX,2025,https://www.helpinsure.com/auto.html,"raw/api/autoResults_77036_speeding.json (POST https://www.helpinsure.com/api/autoResults, body in raw/api/manifest.json); record RPTG_INSR_ID=41 PLANKEY_ID=1163147741 field AUTO_SAMPLE_RATE_AMT",Houston 77036 (Harris County),PROGRESSIVE COUNTY MUTUAL INSURANCE COMPANY,tx-speeding,1497
tx-2025,TX,2025,https://www.helpinsure.com/auto.html,"raw/api/autoResults_77036_speeding.json (POST https://www.helpinsure.com/api/autoResults, body in raw/api/manifest.json); record RPTG_INSR_ID=283 PLANKEY_ID=1161385181 field AUTO_SAMPLE_RATE_AMT",Houston 77036 (Harris County),GEICO TEXAS COUNTY MUTUAL INSURANCE COMPANY / MGA: Voyager Corporation,tx-speeding,1510
tx-2025,TX,2025,https://www.helpinsure.com/auto.html,"raw/api/autoResults_77036_speeding.json (POST https://www.helpinsure.com/api/autoResults, body in raw/api/manifest.json); record RPTG_INSR_ID=282 PLANKEY_ID=1160164349 field AUTO_SAMPLE_RATE_AMT",Houston 77036 (Harris County),GEICO TEXAS COUNTY MUTUAL INSURANCE COMPANY / MGA: Horizon Corporation,tx-speeding,1552
tx-2025,TX,2025,https://www.helpinsure.com/auto.html,"raw/api/autoResults_77036_speeding.json (POST https://www.helpinsure.com/api/autoResults, body in raw/api/manifest.json); record RPTG_INSR_ID=281 PLANKEY_ID=1160978237 field AUTO_SAMPLE_RATE_AMT",Houston 77036 (Harris County),GEICO TEXAS COUNTY MUTUAL INSURANCE COMPANY / MGA: Perspective Corporation,tx-speeding,1629
tx-2025,TX,2025,https://www.helpinsure.com/auto.html,"raw/api/autoResults_77036_speeding.json (POST https://www.helpinsure.com/api/autoResults, body in raw/api/manifest.json); record RPTG_INSR_ID=104 PLANKEY_ID=1164720833 field AUTO_SAMPLE_RATE_AMT",Houston 77036 (Harris County),TEXAS AUTOMOBILE INSURANCE PLAN ASSOCIATION,tx-speeding,1645
tx-2025,TX,2025,https://www.helpinsure.com/auto.html,"raw/api/autoResults_77036_speeding.json (POST https://www.helpinsure.com/api/autoResults, body in raw/api/manifest.json); record RPTG_INSR_ID=173 PLANKEY_ID=1151756333 field AUTO_SAMPLE_RATE_AMT",Houston 77036 (Harris County),ECONOMY FIRE & CASUALTY COMPANY,tx-speeding,1778
tx-2025,TX,2025,https://www.helpinsure.com/auto.html,"raw/api/autoResults_77036_speeding.json (POST https://www.helpinsure.com/api/autoResults, body in raw/api/manifest.json); record RPTG_INSR_ID=175 PLANKEY_ID=1163959685 field AUTO_SAMPLE_RATE_AMT",Houston 77036 (Harris County),FARMERS PROPERTY AND CASUALTY INSURANCE COMPANY,tx-speeding,1791
tx-2025,TX,2025,https://www.helpinsure.com/auto.html,"raw/api/autoResults_77036_speeding.json (POST https://www.helpinsure.com/api/autoResults, body in raw/api/manifest.json); record RPTG_INSR_ID=48 PLANKEY_ID=1150129205 field AUTO_SAMPLE_RATE_AMT",Houston 77036 (Harris County),STATE FARM COUNTY MUTUAL INSURANCE COMPANY OF TEXAS,tx-speeding,1850
tx-2025,TX,2025,https://www.helpinsure.com/auto.html,"raw/api/autoResults_77036_speeding.json (POST https://www.helpinsure.com/api/autoResults, body in raw/api/manifest.json); record RPTG_INSR_ID=246 PLANKEY_ID=1162334501 field AUTO_SAMPLE_RATE_AMT",Houston 77036 (Harris County),GEICO TEXAS COUNTY MUTUAL INSURANCE COMPANY / MGA: Endeavor Corporation,tx-speeding,1886
tx-2025,TX,2025,https://www.helpinsure.com/auto.html,"raw/api/autoResults_77036_speeding.json (POST https://www.helpinsure.com/api/autoResults, body in raw/api/manifest.json); record RPTG_INSR_ID=124 PLANKEY_ID=1165316165 field AUTO_SAMPLE_RATE_AMT",Houston 77036 (Harris County),CONSUMERS COUNTY MUTUAL INSURANCE COMPANY,tx-speeding,1931
tx-2025,TX,2025,https://www.helpinsure.com/auto.html,"raw/api/autoResults_77036_speeding.json (POST https://www.helpinsure.com/api/autoResults, body in raw/api/manifest.json); record RPTG_INSR_ID=16 PLANKEY_ID=1151349389 field AUTO_SAMPLE_RATE_AMT",Houston 77036 (Harris County),CONSUMERS COUNTY MUTUAL INSURANCE COMPANY / MGA: Travelers Quantum Auto 2.0 Program,tx-speeding,1931
tx-2025,TX,2025,https://www.helpinsure.com/auto.html,"raw/api/autoResults_77036_speeding.json (POST https://www.helpinsure.com/api/autoResults, body in raw/api/manifest.json); record RPTG_INSR_ID=138 PLANKEY_ID=1153383461 field AUTO_SAMPLE_RATE_AMT",Houston 77036 (Harris County),INFINITY COUNTY MUTUAL INSURANCE COMPANY,tx-speeding,2174
tx-2025,TX,2025,https://www.helpinsure.com/auto.html,"raw/api/autoResults_77036_speeding.json (POST https://www.helpinsure.com/api/autoResults, body in raw/api/manifest.json); record RPTG_INSR_ID=1 PLANKEY_ID=1148369021 field AUTO_SAMPLE_RATE_AMT",Houston 77036 (Harris County),AUTO CLUB COUNTY MUTUAL INSURANCE COMPANY,tx-speeding,2209
tx-2025,TX,2025,https://www.helpinsure.com/auto.html,"raw/api/autoResults_77036_speeding.json (POST https://www.helpinsure.com/api/autoResults, body in raw/api/manifest.json); record RPTG_INSR_ID=32 PLANKEY_ID=1150535501 field AUTO_SAMPLE_RATE_AMT",Houston 77036 (Harris County),MERCURY COUNTY MUTUAL INSURANCE COMPANY,tx-speeding,2338
tx-2025,TX,2025,https://www.helpinsure.com/auto.html,"raw/api/autoResults_77036_speeding.json (POST https://www.helpinsure.com/api/autoResults, body in raw/api/manifest.json); record RPTG_INSR_ID=209 PLANKEY_ID=1158943517 field AUTO_SAMPLE_RATE_AMT",Houston 77036 (Harris County),AMERICAN FAMILY CONNECT PROPERTY AND CASUALTY INSURANCE COMPANY,tx-speeding,2492
tx-2025,TX,2025,https://www.helpinsure.com/auto.html,"raw/api/autoResults_77036_speeding.json (POST https://www.helpinsure.com/api/autoResults, body in raw/api/manifest.json); record RPTG_INSR_ID=33 PLANKEY_ID=1158129629 field AUTO_SAMPLE_RATE_AMT",Houston 77036 (Harris County),FARMERS LLOYDS INSURANCE COMPANY OF TEXAS,tx-speeding,2560
tx-2025,TX,2025,https://www.helpinsure.com/auto.html,"raw/api/autoResults_77036_speeding.json (POST https://www.helpinsure.com/api/autoResults, body in raw/api/manifest.json); record RPTG_INSR_ID=123 PLANKEY_ID=1159350461 field AUTO_SAMPLE_RATE_AMT",Houston 77036 (Harris County),AMICA MUTUAL INSURANCE COMPANY,tx-speeding,2749
tx-2025,TX,2025,https://www.helpinsure.com/auto.html,"raw/api/autoResults_77036_speeding.json (POST https://www.helpinsure.com/api/autoResults, body in raw/api/manifest.json); record RPTG_INSR_ID=219 PLANKEY_ID=1153737665 field AUTO_SAMPLE_RATE_AMT",Houston 77036 (Harris County),AMERICAN ACCESS CASUALTY COMPANY,tx-speeding,2923
tx-2025,TX,2025,https://www.helpinsure.com/auto.html,"raw/api/autoResults_77036_speeding.json (POST https://www.helpinsure.com/api/autoResults, body in raw/api/manifest.json); record RPTG_INSR_ID=161 PLANKEY_ID=1147962077 field AUTO_SAMPLE_RATE_AMT",Houston 77036 (Harris County),AMICA PROPERTY AND CASUALTY INSURANCE COMPANY,tx-speeding,2927
tx-2025,TX,2025,https://www.helpinsure.com/auto.html,"raw/api/autoResults_77036_speeding.json (POST https://www.helpinsure.com/api/autoResults, body in raw/api/manifest.json); record RPTG_INSR_ID=215 PLANKEY_ID=1149535817 field AUTO_SAMPLE_RATE_AMT",Houston 77036 (Harris County),"MGA INSURANCE COMPANY, INC.",tx-speeding,3117
tx-2025,TX,2025,https://www.helpinsure.com/auto.html,"raw/api/autoResults_77036_speeding.json (POST https://www.helpinsure.com/api/autoResults, body in raw/api/manifest.json); record RPTG_INSR_ID=140 PLANKEY_ID=1152570221 field AUTO_SAMPLE_RATE_AMT",Houston 77036 (Harris County),FOREMOST COUNTY MUTUAL INSURANCE COMPANY,tx-speeding,3197
tx-2025,TX,2025,https://www.helpinsure.com/auto.html,"raw/api/autoResults_77036_speeding.json (POST https://www.helpinsure.com/api/autoResults, body in raw/api/manifest.json); record RPTG_INSR_ID=142 PLANKEY_ID=1151021501 field AUTO_SAMPLE_RATE_AMT",Houston 77036 (Harris County),"COLONIAL COUNTY MUTUAL INSURANCE COMPANY / MGA: Titan Insurance Services, Inc.",tx-speeding,3775
tx-2025,TX,2025,https://www.helpinsure.com/auto.html,"raw/api/autoResults_77036_speeding.json (POST https://www.helpinsure.com/api/autoResults, body in raw/api/manifest.json); record RPTG_INSR_ID=45 PLANKEY_ID=1159757405 field AUTO_SAMPLE_RATE_AMT",Houston 77036 (Harris County),"SENTINEL INSURANCE COMPANY, LTD.",tx-speeding,3840
tx-2025,TX,2025,https://www.helpinsure.com/auto.html,"raw/api/autoResults_77036_speeding.json (POST https://www.helpinsure.com/api/autoResults, body in raw/api/manifest.json); record RPTG_INSR_ID=155 PLANKEY_ID=1162741445 field AUTO_SAMPLE_RATE_AMT",Houston 77036 (Harris County),LIBERTY COUNTY MUTUAL INSURANCE COMPANY / MGA: Safeco General Agency (Safeco),tx-speeding,4614
tx-2025,TX,2025,https://www.helpinsure.com/auto.html,"raw/api/autoResults_77036_speeding.json (POST https://www.helpinsure.com/api/autoResults, body in raw/api/manifest.json); record RPTG_INSR_ID=205 PLANKEY_ID=1148775965 field AUTO_SAMPLE_RATE_AMT",Houston 77036 (Harris County),DAIRYLAND COUNTY MUTUAL INSURANCE COMPANY OF TEXAS,tx-speeding,4944
tx-2025,TX,2025,https://www.helpinsure.com/auto.html,"raw/api/autoResults_77036_speeding.json (POST https://www.helpinsure.com/api/autoResults, body in raw/api/manifest.json); record RPTG_INSR_ID=212 PLANKEY_ID=1158536573 field AUTO_SAMPLE_RATE_AMT",Houston 77036 (Harris County),ENCOMPASS INDEPENDENT INSURANCE COMPANY,tx-speeding,5416
tx-2025,TX,2025,https://www.helpinsure.com/auto.html,"raw/api/autoResults_77036_truck.json (POST https://www.helpinsure.com/api/autoResults, body in raw/api/manifest.json); record RPTG_INSR_ID=56 PLANKEY_ID=1157112270 field AUTO_SAMPLE_RATE_AMT",Houston 77036 (Harris County),UNITED SERVICES AUTOMOBILE ASSOCIATION,tx-truck,659
tx-2025,TX,2025,https://www.helpinsure.com/auto.html,"raw/api/autoResults_77036_truck.json (POST https://www.helpinsure.com/api/autoResults, body in raw/api/manifest.json); record RPTG_INSR_ID=21 PLANKEY_ID=1152366750 field AUTO_SAMPLE_RATE_AMT",Houston 77036 (Harris County),FARMERS TEXAS COUNTY MUTUAL INSURANCE COMPANY,tx-truck,698
tx-2025,TX,2025,https://www.helpinsure.com/auto.html,"raw/api/autoResults_77036_truck.json (POST https://www.helpinsure.com/api/autoResults, body in raw/api/manifest.json); record RPTG_INSR_ID=119 PLANKEY_ID=1157519214 field AUTO_SAMPLE_RATE_AMT",Houston 77036 (Harris County),USAA CASUALTY INSURANCE COMPANY,tx-truck,715
tx-2025,TX,2025,https://www.helpinsure.com/auto.html,"raw/api/autoResults_77036_truck.json (POST https://www.helpinsure.com/api/autoResults, body in raw/api/manifest.json); record RPTG_INSR_ID=118 PLANKEY_ID=1157926158 field AUTO_SAMPLE_RATE_AMT",Houston 77036 (Harris County),USAA GENERAL INDEMNITY COMPANY,tx-truck,792
tx-2025,TX,2025,https://www.helpinsure.com/auto.html,"raw/api/autoResults_77036_truck.json (POST https://www.helpinsure.com/api/autoResults, body in raw/api/manifest.json); record RPTG_INSR_ID=112 PLANKEY_ID=1156299678 field AUTO_SAMPLE_RATE_AMT",Houston 77036 (Harris County),GARRISON PROPERTY AND CASUALTY INSURANCE COMPANY,tx-truck,838
tx-2025,TX,2025,https://www.helpinsure.com/auto.html,"raw/api/autoResults_77036_truck.json (POST https://www.helpinsure.com/api/autoResults, body in raw/api/manifest.json); record RPTG_INSR_ID=283 PLANKEY_ID=1161588654 field AUTO_SAMPLE_RATE_AMT",Houston 77036 (Harris County),GEICO TEXAS COUNTY MUTUAL INSURANCE COMPANY / MGA: Voyager Corporation,tx-truck,842
tx-2025,TX,2025,https://www.helpinsure.com/auto.html,"raw/api/autoResults_77036_truck.json (POST https://www.helpinsure.com/api/autoResults, body in raw/api/manifest.json); record RPTG_INSR_ID=282 PLANKEY_ID=1160367822 field AUTO_SAMPLE_RATE_AMT",Houston 77036 (Harris County),GEICO TEXAS COUNTY MUTUAL INSURANCE COMPANY / MGA: Horizon Corporation,tx-truck,857
tx-2025,TX,2025,https://www.helpinsure.com/auto.html,"raw/api/autoResults_77036_truck.json (POST https://www.helpinsure.com/api/autoResults, body in raw/api/manifest.json); record RPTG_INSR_ID=281 PLANKEY_ID=1161181710 field AUTO_SAMPLE_RATE_AMT",Houston 77036 (Harris County),GEICO TEXAS COUNTY MUTUAL INSURANCE COMPANY / MGA: Perspective Corporation,tx-truck,898
tx-2025,TX,2025,https://www.helpinsure.com/auto.html,"raw/api/autoResults_77036_truck.json (POST https://www.helpinsure.com/api/autoResults, body in raw/api/manifest.json); record RPTG_INSR_ID=6 PLANKEY_ID=1165112694 field AUTO_SAMPLE_RATE_AMT",Houston 77036 (Harris County),ALLSTATE FIRE AND CASUALTY INSURANCE COMPANY,tx-truck,921
tx-2025,TX,2025,https://www.helpinsure.com/auto.html,"raw/api/autoResults_77036_truck.json (POST https://www.helpinsure.com/api/autoResults, body in raw/api/manifest.json); record RPTG_INSR_ID=138 PLANKEY_ID=1153586934 field AUTO_SAMPLE_RATE_AMT",Houston 77036 (Harris County),INFINITY COUNTY MUTUAL INSURANCE COMPANY,tx-truck,1121
tx-2025,TX,2025,https://www.helpinsure.com/auto.html,"raw/api/autoResults_77036_truck.json (POST https://www.helpinsure.com/api/autoResults, body in raw/api/manifest.json); record RPTG_INSR_ID=50 PLANKEY_ID=1149926382 field AUTO_SAMPLE_RATE_AMT",Houston 77036 (Harris County),STATE FARM MUTUAL AUTOMOBILE INSURANCE COMPANY,tx-truck,1182
tx-2025,TX,2025,https://www.helpinsure.com/auto.html,"raw/api/autoResults_77036_truck.json (POST https://www.helpinsure.com/api/autoResults, body in raw/api/manifest.json); record RPTG_INSR_ID=238 PLANKEY_ID=1164570102 field AUTO_SAMPLE_RATE_AMT",Houston 77036 (Harris County),MID-CENTURY INSURANCE COMPANY OF TEXAS,tx-truck,1281
tx-2025,TX,2025,https://www.helpinsure.com/auto.html,"raw/api/autoResults_77036_truck.json (POST https://www.helpinsure.com/api/autoResults, body in raw/api/manifest.json); record RPTG_INSR_ID=246 PLANKEY_ID=1162537974 field AUTO_SAMPLE_RATE_AMT",Houston 77036 (Harris County),GEICO TEXAS COUNTY MUTUAL INSURANCE COMPANY / MGA: Endeavor Corporation,tx-truck,1313
tx-2025,TX,2025,https://www.helpinsure.com/auto.html,"raw/api/autoResults_77036_truck.json (POST https://www.helpinsure.com/api/autoResults, body in raw/api/manifest.json); record RPTG_INSR_ID=102 PLANKEY_ID=1163756214 field AUTO_SAMPLE_RATE_AMT",Houston 77036 (Harris County),PROGRESSIVE COUNTY MUTUAL INSURANCE COMPANY / MGA: PROGRESSIVE COUNTY MUTUAL - DIRECT RATES,tx-truck,1329
tx-2025,TX,2025,https://www.helpinsure.com/auto.html,"raw/api/autoResults_77036_truck.json (POST https://www.helpinsure.com/api/autoResults, body in raw/api/manifest.json); record RPTG_INSR_ID=104 PLANKEY_ID=1164788658 field AUTO_SAMPLE_RATE_AMT",Houston 77036 (Harris County),TEXAS AUTOMOBILE INSURANCE PLAN ASSOCIATION,tx-truck,1430
tx-2025,TX,2025,https://www.helpinsure.com/auto.html,"raw/api/autoResults_77036_truck.json (POST https://www.helpinsure.com/api/autoResults, body in raw/api/manifest.json); record RPTG_INSR_ID=41 PLANKEY_ID=1163350566 field AUTO_SAMPLE_RATE_AMT",Houston 77036 (Harris County),PROGRESSIVE COUNTY MUTUAL INSURANCE COMPANY,tx-truck,1478
tx-2025,TX,2025,https://www.helpinsure.com/auto.html,"raw/api/autoResults_77036_truck.json (POST https://www.helpinsure.com/api/autoResults, body in raw/api/manifest.json); record RPTG_INSR_ID=48 PLANKEY_ID=1150332030 field AUTO_SAMPLE_RATE_AMT",Houston 77036 (Harris County),STATE FARM COUNTY MUTUAL INSURANCE COMPANY OF TEXAS,tx-truck,1491
tx-2025,TX,2025,https://www.helpinsure.com/auto.html,"raw/api/autoResults_77036_truck.json (POST https://www.helpinsure.com/api/autoResults, body in raw/api/manifest.json); record RPTG_INSR_ID=32 PLANKEY_ID=1150738974 field AUTO_SAMPLE_RATE_AMT",Houston 77036 (Harris County),MERCURY COUNTY MUTUAL INSURANCE COMPANY,tx-truck,1592
tx-2025,TX,2025,https://www.helpinsure.com/auto.html,"raw/api/autoResults_77036_truck.json (POST https://www.helpinsure.com/api/autoResults, body in raw/api/manifest.json); record RPTG_INSR_ID=1 PLANKEY_ID=1148572494 field AUTO_SAMPLE_RATE_AMT",Houston 77036 (Harris County),AUTO CLUB COUNTY MUTUAL INSURANCE COMPANY,tx-truck,1633
tx-2025,TX,2025,https://www.helpinsure.com/auto.html,"raw/api/autoResults_77036_truck.json (POST https://www.helpinsure.com/api/autoResults, body in raw/api/manifest.json); record RPTG_INSR_ID=173 PLANKEY_ID=1151959806 field AUTO_SAMPLE_RATE_AMT",Houston 77036 (Harris County),ECONOMY FIRE & CASUALTY COMPANY,tx-truck,1756
tx-2025,TX,2025,https://www.helpinsure.com/auto.html,"raw/api/autoResults_77036_truck.json (POST https://www.helpinsure.com/api/autoResults, body in raw/api/manifest.json); record RPTG_INSR_ID=175 PLANKEY_ID=1164163158 field AUTO_SAMPLE_RATE_AMT",Houston 77036 (Harris County),FARMERS PROPERTY AND CASUALTY INSURANCE COMPANY,tx-truck,1795
tx-2025,TX,2025,https://www.helpinsure.com/auto.html,"raw/api/autoResults_77036_truck.json (POST https://www.helpinsure.com/api/autoResults, body in raw/api/manifest.json); record RPTG_INSR_ID=16 PLANKEY_ID=1151552862 field AUTO_SAMPLE_RATE_AMT",Houston 77036 (Harris County),CONSUMERS COUNTY MUTUAL INSURANCE COMPANY / MGA: Travelers Quantum Auto 2.0 Program,tx-truck,1869
tx-2025,TX,2025,https://www.helpinsure.com/auto.html,"raw/api/autoResults_77036_truck.json (POST https://www.helpinsure.com/api/autoResults, body in raw/api/manifest.json); record RPTG_INSR_ID=124 PLANKEY_ID=1165519638 field AUTO_SAMPLE_RATE_AMT",Houston 77036 (Harris County),CONSUMERS COUNTY MUTUAL INSURANCE COMPANY,tx-truck,1869
tx-2025,TX,2025,https://www.helpinsure.com/auto.html,"raw/api/autoResults_77036_truck.json (POST https://www.helpinsure.com/api/autoResults, body in raw/api/manifest.json); record RPTG_INSR_ID=209 PLANKEY_ID=1159146990 field AUTO_SAMPLE_RATE_AMT",Houston 77036 (Harris County),AMERICAN FAMILY CONNECT PROPERTY AND CASUALTY INSURANCE COMPANY,tx-truck,2264
tx-2025,TX,2025,https://www.helpinsure.com/auto.html,"raw/api/autoResults_77036_truck.json (POST https://www.helpinsure.com/api/autoResults, body in raw/api/manifest.json); record RPTG_INSR_ID=33 PLANKEY_ID=1158333102 field AUTO_SAMPLE_RATE_AMT",Houston 77036 (Harris County),FARMERS LLOYDS INSURANCE COMPANY OF TEXAS,tx-truck,2529
tx-2025,TX,2025,https://www.helpinsure.com/auto.html,"raw/api/autoResults_77036_truck.json (POST https://www.helpinsure.com/api/autoResults, body in raw/api/manifest.json); record RPTG_INSR_ID=215 PLANKEY_ID=1149603642 field AUTO_SAMPLE_RATE_AMT",Houston 77036 (Harris County),"MGA INSURANCE COMPANY, INC.",tx-truck,2654
tx-2025,TX,2025,https://www.helpinsure.com/auto.html,"raw/api/autoResults_77036_truck.json (POST https://www.helpinsure.com/api/autoResults, body in raw/api/manifest.json); record RPTG_INSR_ID=123 PLANKEY_ID=1159553934 field AUTO_SAMPLE_RATE_AMT",Houston 77036 (Harris County),AMICA MUTUAL INSURANCE COMPANY,tx-truck,2788
tx-2025,TX,2025,https://www.helpinsure.com/auto.html,"raw/api/autoResults_77036_truck.json (POST https://www.helpinsure.com/api/autoResults, body in raw/api/manifest.json); record RPTG_INSR_ID=140 PLANKEY_ID=1152773046 field AUTO_SAMPLE_RATE_AMT",Houston 77036 (Harris County),FOREMOST COUNTY MUTUAL INSURANCE COMPANY,tx-truck,2816
tx-2025,TX,2025,https://www.helpinsure.com/auto.html,"raw/api/autoResults_77036_truck.json (POST https://www.helpinsure.com/api/autoResults, body in raw/api/manifest.json); record RPTG_INSR_ID=5 PLANKEY_ID=1153179990 field AUTO_SAMPLE_RATE_AMT",Houston 77036 (Harris County),ALLSTATE COUNTY MUTUAL INSURANCE COMPANY,tx-truck,2822
tx-2025,TX,2025,https://www.helpinsure.com/auto.html,"raw/api/autoResults_77036_truck.json (POST https://www.helpinsure.com/api/autoResults, body in raw/api/manifest.json); record RPTG_INSR_ID=161 PLANKEY_ID=1148165550 field AUTO_SAMPLE_RATE_AMT",Houston 77036 (Harris County),AMICA PROPERTY AND CASUALTY INSURANCE COMPANY,tx-truck,2968
tx-2025,TX,2025,https://www.helpinsure.com/auto.html,"raw/api/autoResults_77036_truck.json (POST https://www.helpinsure.com/api/autoResults, body in raw/api/manifest.json); record RPTG_INSR_ID=155 PLANKEY_ID=1162944918 field AUTO_SAMPLE_RATE_AMT",Houston 77036 (Harris County),LIBERTY COUNTY MUTUAL INSURANCE COMPANY / MGA: Safeco General Agency (Safeco),tx-truck,3256
tx-2025,TX,2025,https://www.helpinsure.com/auto.html,"raw/api/autoResults_77036_truck.json (POST https://www.helpinsure.com/api/autoResults, body in raw/api/manifest.json); record RPTG_INSR_ID=219 PLANKEY_ID=1153805490 field AUTO_SAMPLE_RATE_AMT",Houston 77036 (Harris County),AMERICAN ACCESS CASUALTY COMPANY,tx-truck,3337
tx-2025,TX,2025,https://www.helpinsure.com/auto.html,"raw/api/autoResults_77036_truck.json (POST https://www.helpinsure.com/api/autoResults, body in raw/api/manifest.json); record RPTG_INSR_ID=205 PLANKEY_ID=1148978790 field AUTO_SAMPLE_RATE_AMT",Houston 77036 (Harris County),DAIRYLAND COUNTY MUTUAL INSURANCE COMPANY OF TEXAS,tx-truck,3499
tx-2025,TX,2025,https://www.helpinsure.com/auto.html,"raw/api/autoResults_77036_truck.json (POST https://www.helpinsure.com/api/autoResults, body in raw/api/manifest.json); record RPTG_INSR_ID=45 PLANKEY_ID=1159960878 field AUTO_SAMPLE_RATE_AMT",Houston 77036 (Harris County),"SENTINEL INSURANCE COMPANY, LTD.",tx-truck,3742
tx-2025,TX,2025,https://www.helpinsure.com/auto.html,"raw/api/autoResults_77036_truck.json (POST https://www.helpinsure.com/api/autoResults, body in raw/api/manifest.json); record RPTG_INSR_ID=212 PLANKEY_ID=1158740046 field AUTO_SAMPLE_RATE_AMT",Houston 77036 (Harris County),ENCOMPASS INDEPENDENT INSURANCE COMPANY,tx-truck,5803
tx-2025,TX,2025,https://www.helpinsure.com/auto.html,"raw/api/autoResults_79072_accident.json (POST https://www.helpinsure.com/api/autoResults, body in raw/api/manifest.json); record RPTG_INSR_ID=21 PLANKEY_ID=1152245572 field AUTO_SAMPLE_RATE_AMT",Plainview 79072 (Hale County),FARMERS TEXAS COUNTY MUTUAL INSURANCE COMPANY,tx-accident,342
tx-2025,TX,2025,https://www.helpinsure.com/auto.html,"raw/api/autoResults_79072_accident.json (POST https://www.helpinsure.com/api/autoResults, body in raw/api/manifest.json); record RPTG_INSR_ID=283 PLANKEY_ID=1161467476 field AUTO_SAMPLE_RATE_AMT",Plainview 79072 (Hale County),GEICO TEXAS COUNTY MUTUAL INSURANCE COMPANY / MGA: Voyager Corporation,tx-accident,386
tx-2025,TX,2025,https://www.helpinsure.com/auto.html,"raw/api/autoResults_79072_accident.json (POST https://www.helpinsure.com/api/autoResults, body in raw/api/manifest.json); record RPTG_INSR_ID=282 PLANKEY_ID=1160246644 field AUTO_SAMPLE_RATE_AMT",Plainview 79072 (Hale County),GEICO TEXAS COUNTY MUTUAL INSURANCE COMPANY / MGA: Horizon Corporation,tx-accident,395
tx-2025,TX,2025,https://www.helpinsure.com/auto.html,"raw/api/autoResults_79072_accident.json (POST https://www.helpinsure.com/api/autoResults, body in raw/api/manifest.json); record RPTG_INSR_ID=281 PLANKEY_ID=1161060532 field AUTO_SAMPLE_RATE_AMT",Plainview 79072 (Hale County),GEICO TEXAS COUNTY MUTUAL INSURANCE COMPANY / MGA: Perspective Corporation,tx-accident,419
tx-2025,TX,2025,https://www.helpinsure.com/auto.html,"raw/api/autoResults_79072_accident.json (POST https://www.helpinsure.com/api/autoResults, body in raw/api/manifest.json); record RPTG_INSR_ID=41 PLANKEY_ID=1163230036 field AUTO_SAMPLE_RATE_AMT",Plainview 79072 (Hale County),PROGRESSIVE COUNTY MUTUAL INSURANCE COMPANY,tx-accident,599
tx-2025,TX,2025,https://www.helpinsure.com/auto.html,"raw/api/autoResults_79072_accident.json (POST https://www.helpinsure.com/api/autoResults, body in raw/api/manifest.json); record RPTG_INSR_ID=56 PLANKEY_ID=1156991092 field AUTO_SAMPLE_RATE_AMT",Plainview 79072 (Hale County),UNITED SERVICES AUTOMOBILE ASSOCIATION,tx-accident,616
tx-2025,TX,2025,https://www.helpinsure.com/auto.html,"raw/api/autoResults_79072_accident.json (POST https://www.helpinsure.com/api/autoResults, body in raw/api/manifest.json); record RPTG_INSR_ID=119 PLANKEY_ID=1157398036 field AUTO_SAMPLE_RATE_AMT",Plainview 79072 (Hale County),USAA CASUALTY INSURANCE COMPANY,tx-accident,649
tx-2025,TX,2025,https://www.helpinsure.com/auto.html,"raw/api/autoResults_79072_accident.json (POST https://www.helpinsure.com/api/autoResults, body in raw/api/manifest.json); record RPTG_INSR_ID=50 PLANKEY_ID=1149805852 field AUTO_SAMPLE_RATE_AMT",Plainview 79072 (Hale County),STATE FARM MUTUAL AUTOMOBILE INSURANCE COMPANY,tx-accident,651
tx-2025,TX,2025,https://www.helpinsure.com/auto.html,"raw/api/autoResults_79072_accident.json (POST https://www.helpinsure.com/api/autoResults, body in raw/api/manifest.json); record RPTG_INSR_ID=102 PLANKEY_ID=1163635684 field AUTO_SAMPLE_RATE_AMT",Plainview 79072 (Hale County),PROGRESSIVE COUNTY MUTUAL INSURANCE COMPANY / MGA: PROGRESSIVE COUNTY MUTUAL - DIRECT RATES,tx-accident,673
tx-2025,TX,2025,https://www.helpinsure.com/auto.html,"raw/api/autoResults_79072_accident.json (POST https://www.helpinsure.com/api/autoResults, body in raw/api/manifest.json); record RPTG_INSR_ID=246 PLANKEY_ID=1162416796 field AUTO_SAMPLE_RATE_AMT",Plainview 79072 (Hale County),GEICO TEXAS COUNTY MUTUAL INSURANCE COMPANY / MGA: Endeavor Corporation,tx-accident,694
tx-2025,TX,2025,https://www.helpinsure.com/auto.html,"raw/api/autoResults_79072_accident.json (POST https://www.helpinsure.com/api/autoResults, body in raw/api/manifest.json); record RPTG_INSR_ID=104 PLANKEY_ID=1164748264 field AUTO_SAMPLE_RATE_AMT",Plainview 79072 (Hale County),TEXAS AUTOMOBILE INSURANCE PLAN ASSOCIATION,tx-accident,758
tx-2025,TX,2025,https://www.helpinsure.com/auto.html,"raw/api/autoResults_79072_accident.json (POST https://www.helpinsure.com/api/autoResults, body in raw/api/manifest.json); record RPTG_INSR_ID=112 PLANKEY_ID=1156178500 field AUTO_SAMPLE_RATE_AMT",Plainview 79072 (Hale County),GARRISON PROPERTY AND CASUALTY INSURANCE COMPANY,tx-accident,759
tx-2025,TX,2025,https://www.helpinsure.com/auto.html,"raw/api/autoResults_79072_accident.json (POST https://www.helpinsure.com/api/autoResults, body in raw/api/manifest.json); record RPTG_INSR_ID=118 PLANKEY_ID=1157804980 field AUTO_SAMPLE_RATE_AMT",Plainview 79072 (Hale County),USAA GENERAL INDEMNITY COMPANY,tx-accident,787
tx-2025,TX,2025,https://www.helpinsure.com/auto.html,"raw/api/autoResults_79072_accident.json (POST https://www.helpinsure.com/api/autoResults, body in raw/api/manifest.json); record RPTG_INSR_ID=5 PLANKEY_ID=1153058812 field AUTO_SAMPLE_RATE_AMT",Plainview 79072 (Hale County),ALLSTATE COUNTY MUTUAL INSURANCE COMPANY,tx-accident,841
tx-2025,TX,2025,https://www.helpinsure.com/auto.html,"raw/api/autoResults_79072_accident.json (POST https://www.helpinsure.com/api/autoResults, body in raw/api/manifest.json); record RPTG_INSR_ID=6 PLANKEY_ID=1164991516 field AUTO_SAMPLE_RATE_AMT",Plainview 79072 (Hale County),ALLSTATE FIRE AND CASUALTY INSURANCE COMPANY,tx-accident,1002
tx-2025,TX,2025,https://www.helpinsure.com/auto.html,"raw/api/autoResults_79072_accident.json (POST https://www.helpinsure.com/api/autoResults, body in raw/api/manifest.json); record RPTG_INSR_ID=48 PLANKEY_ID=1150211500 field AUTO_SAMPLE_RATE_AMT",Plainview 79072 (Hale County),STATE FARM COUNTY MUTUAL INSURANCE COMPANY OF TEXAS,tx-accident,1039
tx-2025,TX,2025,https://www.helpinsure.com/auto.html,"raw/api/autoResults_79072_accident.json (POST https://www.helpinsure.com/api/autoResults, body in raw/api/manifest.json); record RPTG_INSR_ID=138 PLANKEY_ID=1153465756 field AUTO_SAMPLE_RATE_AMT",Plainview 79072 (Hale County),INFINITY COUNTY MUTUAL INSURANCE COMPANY,tx-accident,1099
tx-2025,TX,2025,https://www.helpinsure.com/auto.html,"raw/api/autoResults_79072_accident.json (POST https://www.helpinsure.com/api/autoResults, body in raw/api/manifest.json); record RPTG_INSR_ID=16 PLANKEY_ID=1151431684 field AUTO_SAMPLE_RATE_AMT",Plainview 79072 (Hale County),CONSUMERS COUNTY MUTUAL INSURANCE COMPANY / MGA: Travelers Quantum Auto 2.0 Program,tx-accident,1229
tx-2025,TX,2025,https://www.helpinsure.com/auto.html,"raw/api/autoResults_79072_accident.json (POST https://www.helpinsure.com/api/autoResults, body in raw/api/manifest.json); record RPTG_INSR_ID=124 PLANKEY_ID=1165398460 field AUTO_SAMPLE_RATE_AMT",Plainview 79072 (Hale County),CONSUMERS COUNTY MUTUAL INSURANCE COMPANY,tx-accident,1229
tx-2025,TX,2025,https://www.helpinsure.com/auto.html,"raw/api/autoResults_79072_accident.json (POST https://www.helpinsure.com/api/autoResults, body in raw/api/manifest.json); record RPTG_INSR_ID=32 PLANKEY_ID=1150617796 field AUTO_SAMPLE_RATE_AMT",Plainview 79072 (Hale County),MERCURY COUNTY MUTUAL INSURANCE COMPANY,tx-accident,1250
tx-2025,TX,2025,https://www.helpinsure.com/auto.html,"raw/api/autoResults_79072_accident.json (POST https://www.helpinsure.com/api/autoResults, body in raw/api/manifest.json); record RPTG_INSR_ID=175 PLANKEY_ID=1164041980 field AUTO_SAMPLE_RATE_AMT",Plainview 79072 (Hale County),FARMERS PROPERTY AND CASUALTY INSURANCE COMPANY,tx-accident,1282
tx-2025,TX,2025,https://www.helpinsure.com/auto.html,"raw/api/autoResults_79072_accident.json (POST https://www.helpinsure.com/api/autoResults, body in raw/api/manifest.json); record RPTG_INSR_ID=1 PLANKEY_ID=1148451316 field AUTO_SAMPLE_RATE_AMT",Plainview 79072 (Hale County),AUTO CLUB COUNTY MUTUAL INSURANCE COMPANY,tx-accident,1291
tx-2025,TX,2025,https://www.helpinsure.com/auto.html,"raw/api/autoResults_79072_accident.json (POST https://www.helpinsure.com/api/autoResults, body in raw/api/manifest.json); record RPTG_INSR_ID=238 PLANKEY_ID=1164448924 field AUTO_SAMPLE_RATE_AMT",Plainview 79072 (Hale County),MID-CENTURY INSURANCE COMPANY OF TEXAS,tx-accident,1305
tx-2025,TX,2025,https://www.helpinsure.com/auto.html,"raw/api/autoResults_79072_accident.json (POST https://www.helpinsure.com/api/autoResults, body in raw/api/manifest.json); record RPTG_INSR_ID=215 PLANKEY_ID=1149563248 field AUTO_SAMPLE_RATE_AMT",Plainview 79072 (Hale County),"MGA INSURANCE COMPANY, INC.",tx-accident,1359
tx-2025,TX,2025,https://www.helpinsure.com/auto.html,"raw/api/autoResults_79072_accident.json (POST https://www.helpinsure.com/api/autoResults, body in raw/api/manifest.json); record RPTG_INSR_ID=140 PLANKEY_ID=1152652516 field AUTO_SAMPLE_RATE_AMT",Plainview 79072 (Hale County),FOREMOST COUNTY MUTUAL INSURANCE COMPANY,tx-accident,1425
tx-2025,TX,2025,https://www.helpinsure.com/auto.html,"raw/api/autoResults_79072_accident.json (POST https://www.helpinsure.com/api/autoResults, body in raw/api/manifest.json); record RPTG_INSR_ID=123 PLANKEY_ID=1159432756 field AUTO_SAMPLE_RATE_AMT",Plainview 79072 (Hale County),AMICA MUTUAL INSURANCE COMPANY,tx-accident,1709
tx-2025,TX,2025,https://www.helpinsure.com/auto.html,"raw/api/autoResults_79072_accident.json (POST https://www.helpinsure.com/api/autoResults, body in raw/api/manifest.json); record RPTG_INSR_ID=173 PLANKEY_ID=1151838628 field AUTO_SAMPLE_RATE_AMT",Plainview 79072 (Hale County),ECONOMY FIRE & CASUALTY COMPANY,tx-accident,1721
tx-2025,TX,2025,https://www.helpinsure.com/auto.html,"raw/api/autoResults_79072_accident.json (POST https://www.helpinsure.com/api/autoResults, body in raw/api/manifest.json); record RPTG_INSR_ID=209 PLANKEY_ID=1159025812 field AUTO_SAMPLE_RATE_AMT",Plainview 79072 (Hale County),AMERICAN FAMILY CONNECT PROPERTY AND CASUALTY INSURANCE COMPANY,tx-accident,1776
tx-2025,TX,2025,https://www.helpinsure.com/auto.html,"raw/api/autoResults_79072_accident.json (POST https://www.helpinsure.com/api/autoResults, body in raw/api/manifest.json); record RPTG_INSR_ID=161 PLANKEY_ID=1148044372 field AUTO_SAMPLE_RATE_AMT",Plainview 79072 (Hale County),AMICA PROPERTY AND CASUALTY INSURANCE COMPANY,tx-accident,1875
tx-2025,TX,2025,https://www.helpinsure.com/auto.html,"raw/api/autoResults_79072_accident.json (POST https://www.helpinsure.com/api/autoResults, body in raw/api/manifest.json); record RPTG_INSR_ID=142 PLANKEY_ID=1151186092 field AUTO_SAMPLE_RATE_AMT",Plainview 79072 (Hale County),"COLONIAL COUNTY MUTUAL INSURANCE COMPANY / MGA: Titan Insurance Services, Inc.",tx-accident,2122
tx-2025,TX,2025,https://www.helpinsure.com/auto.html,"raw/api/autoResults_79072_accident.json (POST https://www.helpinsure.com/api/autoResults, body in raw/api/manifest.json); record RPTG_INSR_ID=205 PLANKEY_ID=1148857612 field AUTO_SAMPLE_RATE_AMT",Plainview 79072 (Hale County),DAIRYLAND COUNTY MUTUAL INSURANCE COMPANY OF TEXAS,tx-accident,2241
tx-2025,TX,2025,https://www.helpinsure.com/auto.html,"raw/api/autoResults_79072_accident.json (POST https://www.helpinsure.com/api/autoResults, body in raw/api/manifest.json); record RPTG_INSR_ID=33 PLANKEY_ID=1158211924 field AUTO_SAMPLE_RATE_AMT",Plainview 79072 (Hale County),FARMERS LLOYDS INSURANCE COMPANY OF TEXAS,tx-accident,2249
tx-2025,TX,2025,https://www.helpinsure.com/auto.html,"raw/api/autoResults_79072_accident.json (POST https://www.helpinsure.com/api/autoResults, body in raw/api/manifest.json); record RPTG_INSR_ID=219 PLANKEY_ID=1153765096 field AUTO_SAMPLE_RATE_AMT",Plainview 79072 (Hale County),AMERICAN ACCESS CASUALTY COMPANY,tx-accident,2544
tx-2025,TX,2025,https://www.helpinsure.com/auto.html,"raw/api/autoResults_79072_accident.json (POST https://www.helpinsure.com/api/autoResults, body in raw/api/manifest.json); record RPTG_INSR_ID=155 PLANKEY_ID=1162823740 field AUTO_SAMPLE_RATE_AMT",Plainview 79072 (Hale County),LIBERTY COUNTY MUTUAL INSURANCE COMPANY / MGA: Safeco General Agency (Safeco),tx-accident,2596
tx-2025,TX,2025,https://www.helpinsure.com/auto.html,"raw/api/autoResults_79072_accident.json (POST https://www.helpinsure.com/api/autoResults, body in raw/api/manifest.json); record RPTG_INSR_ID=45 PLANKEY_ID=1159839700 field AUTO_SAMPLE_RATE_AMT",Plainview 79072 (Hale County),"SENTINEL INSURANCE COMPANY, LTD.",tx-accident,3034
tx-2025,TX,2025,https://www.helpinsure.com/auto.html,"raw/api/autoResults_79072_accident.json (POST https://www.helpinsure.com/api/autoResults, body in raw/api/manifest.json); record RPTG_INSR_ID=212 PLANKEY_ID=1158618868 field AUTO_SAMPLE_RATE_AMT",Plainview 79072 (Hale County),ENCOMPASS INDEPENDENT INSURANCE COMPANY,tx-accident,3527
tx-2025,TX,2025,https://www.helpinsure.com/auto.html,"raw/api/autoResults_79072_age18.json (POST https://www.helpinsure.com/api/autoResults, body in raw/api/manifest.json); record RPTG_INSR_ID=21 PLANKEY_ID=1152245520 field AUTO_SAMPLE_RATE_AMT",Plainview 79072 (Hale County),FARMERS TEXAS COUNTY MUTUAL INSURANCE COMPANY,tx-age18,618
tx-2025,TX,2025,https://www.helpinsure.com/auto.html,"raw/api/autoResults_79072_age18.json (POST https://www.helpinsure.com/api/autoResults, body in raw/api/manifest.json); record RPTG_INSR_ID=283 PLANKEY_ID=1161467424 field AUTO_SAMPLE_RATE_AMT",Plainview 79072 (Hale County),GEICO TEXAS COUNTY MUTUAL INSURANCE COMPANY / MGA: Voyager Corporation,tx-age18,673
tx-2025,TX,2025,https://www.helpinsure.com/auto.html,"raw/api/autoResults_79072_age18.json (POST https://www.helpinsure.com/api/autoResults, body in raw/api/manifest.json); record RPTG_INSR_ID=282 PLANKEY_ID=1160246592 field AUTO_SAMPLE_RATE_AMT",Plainview 79072 (Hale County),GEICO TEXAS COUNTY MUTUAL INSURANCE COMPANY / MGA: Horizon Corporation,tx-age18,690
tx-2025,TX,2025,https://www.helpinsure.com/auto.html,"raw/api/autoResults_79072_age18.json (POST https://www.helpinsure.com/api/autoResults, body in raw/api/manifest.json); record RPTG_INSR_ID=281 PLANKEY_ID=1161060480 field AUTO_SAMPLE_RATE_AMT",Plainview 79072 (Hale County),GEICO TEXAS COUNTY MUTUAL INSURANCE COMPANY / MGA: Perspective Corporation,tx-age18,710
tx-2025,TX,2025,https://www.helpinsure.com/auto.html,"raw/api/autoResults_79072_age18.json (POST https://www.helpinsure.com/api/autoResults, body in raw/api/manifest.json); record RPTG_INSR_ID=56 PLANKEY_ID=1156991040 field AUTO_SAMPLE_RATE_AMT",Plainview 79072 (Hale County),UNITED SERVICES AUTOMOBILE ASSOCIATION,tx-age18,817
tx-2025,TX,2025,https://www.helpinsure.com/auto.html,"raw/api/autoResults_79072_age18.json (POST https://www.helpinsure.com/api/autoResults, body in raw/api/manifest.json); record RPTG_INSR_ID=119 PLANKEY_ID=1157397984 field AUTO_SAMPLE_RATE_AMT",Plainview 79072 (Hale County),USAA CASUALTY INSURANCE COMPANY,tx-age18,888
tx-2025,TX,2025,https://www.helpinsure.com/auto.html,"raw/api/autoResults_79072_age18.json (POST https://www.helpinsure.com/api/autoResults, body in raw/api/manifest.json); record RPTG_INSR_ID=112 PLANKEY_ID=1156178448 field AUTO_SAMPLE_RATE_AMT",Plainview 79072 (Hale County),GARRISON PROPERTY AND CASUALTY INSURANCE COMPANY,tx-age18,1052
tx-2025,TX,2025,https://www.helpinsure.com/auto.html,"raw/api/autoResults_79072_age18.json (POST https://www.helpinsure.com/api/autoResults, body in raw/api/manifest.json); record RPTG_INSR_ID=118 PLANKEY_ID=1157804928 field AUTO_SAMPLE_RATE_AMT",Plainview 79072 (Hale County),USAA GENERAL INDEMNITY COMPANY,tx-age18,1190
tx-2025,TX,2025,https://www.helpinsure.com/auto.html,"raw/api/autoResults_79072_age18.json (POST https://www.helpinsure.com/api/autoResults, body in raw/api/manifest.json); record RPTG_INSR_ID=102 PLANKEY_ID=1163635632 field AUTO_SAMPLE_RATE_AMT",Plainview 79072 (Hale County),PROGRESSIVE COUNTY MUTUAL INSURANCE COMPANY / MGA: PROGRESSIVE COUNTY MUTUAL - DIRECT RATES,tx-age18,1419
tx-2025,TX,2025,https://www.helpinsure.com/auto.html,"raw/api/autoResults_79072_age18.json (POST https://www.helpinsure.com/api/autoResults, body in raw/api/manifest.json); record RPTG_INSR_ID=104 PLANKEY_ID=1164748248 field AUTO_SAMPLE_RATE_AMT",Plainview 79072 (Hale County),TEXAS AUTOMOBILE INSURANCE PLAN ASSOCIATION,tx-age18,1512
tx-2025,TX,2025,https://www.helpinsure.com/auto.html,"raw/api/autoResults_79072_age18.json (POST https://www.helpinsure.com/api/autoResults, body in raw/api/manifest.json); record RPTG_INSR_ID=5 PLANKEY_ID=1153058760 field AUTO_SAMPLE_RATE_AMT",Plainview 79072 (Hale County),ALLSTATE COUNTY MUTUAL INSURANCE COMPANY,tx-age18,1515
tx-2025,TX,2025,https://www.helpinsure.com/auto.html,"raw/api/autoResults_79072_age18.json (POST https://www.helpinsure.com/api/autoResults, body in raw/api/manifest.json); record RPTG_INSR_ID=6 PLANKEY_ID=1164991464 field AUTO_SAMPLE_RATE_AMT",Plainview 79072 (Hale County),ALLSTATE FIRE AND CASUALTY INSURANCE COMPANY,tx-age18,1525
tx-2025,TX,2025,https://www.helpinsure.com/auto.html,"raw/api/autoResults_79072_age18.json (POST https://www.helpinsure.com/api/autoResults, body in raw/api/manifest.json); record RPTG_INSR_ID=32 PLANKEY_ID=1150617744 field AUTO_SAMPLE_RATE_AMT",Plainview 79072 (Hale County),MERCURY COUNTY MUTUAL INSURANCE COMPANY,tx-age18,1602
tx-2025,TX,2025,https://www.helpinsure.com/auto.html,"raw/api/autoResults_79072_age18.json (POST https://www.helpinsure.com/api/autoResults, body in raw/api/manifest.json); record RPTG_INSR_ID=238 PLANKEY_ID=1164448872 field AUTO_SAMPLE_RATE_AMT",Plainview 79072 (Hale County),MID-CENTURY INSURANCE COMPANY OF TEXAS,tx-age18,1608
tx-2025,TX,2025,https://www.helpinsure.com/auto.html,"raw/api/autoResults_79072_age18.json (POST https://www.helpinsure.com/api/autoResults, body in raw/api/manifest.json); record RPTG_INSR_ID=246 PLANKEY_ID=1162416744 field AUTO_SAMPLE_RATE_AMT",Plainview 79072 (Hale County),GEICO TEXAS COUNTY MUTUAL INSURANCE COMPANY / MGA: Endeavor Corporation,tx-age18,1610
tx-2025,TX,2025,https://www.helpinsure.com/auto.html,"raw/api/autoResults_79072_age18.json (POST https://www.helpinsure.com/api/autoResults, body in raw/api/manifest.json); record RPTG_INSR_ID=41 PLANKEY_ID=1163229984 field AUTO_SAMPLE_RATE_AMT",Plainview 79072 (Hale County),PROGRESSIVE COUNTY MUTUAL INSURANCE COMPANY,tx-age18,1653
tx-2025,TX,2025,https://www.helpinsure.com/auto.html,"raw/api/autoResults_79072_age18.json (POST https://www.helpinsure.com/api/autoResults, body in raw/api/manifest.json); record RPTG_INSR_ID=140 PLANKEY_ID=1152652464 field AUTO_SAMPLE_RATE_AMT",Plainview 79072 (Hale County),FOREMOST COUNTY MUTUAL INSURANCE COMPANY,tx-age18,1781
tx-2025,TX,2025,https://www.helpinsure.com/auto.html,"raw/api/autoResults_79072_age18.json (POST https://www.helpinsure.com/api/autoResults, body in raw/api/manifest.json); record RPTG_INSR_ID=50 PLANKEY_ID=1149805800 field AUTO_SAMPLE_RATE_AMT",Plainview 79072 (Hale County),STATE FARM MUTUAL AUTOMOBILE INSURANCE COMPANY,tx-age18,1870
tx-2025,TX,2025,https://www.helpinsure.com/auto.html,"raw/api/autoResults_79072_age18.json (POST https://www.helpinsure.com/api/autoResults, body in raw/api/manifest.json); record RPTG_INSR_ID=175 PLANKEY_ID=1164041928 field AUTO_SAMPLE_RATE_AMT",Plainview 79072 (Hale County),FARMERS PROPERTY AND CASUALTY INSURANCE COMPANY,tx-age18,2077
tx-2025,TX,2025,https://www.helpinsure.com/auto.html,"raw/api/autoResults_79072_age18.json (POST https://www.helpinsure.com/api/autoResults, body in raw/api/manifest.json); record RPTG_INSR_ID=1 PLANKEY_ID=1148451264 field AUTO_SAMPLE_RATE_AMT",Plainview 79072 (Hale County),AUTO CLUB COUNTY MUTUAL INSURANCE COMPANY,tx-age18,2207
tx-2025,TX,2025,https://www.helpinsure.com/auto.html,"raw/api/autoResults_79072_age18.json (POST https://www.helpinsure.com/api/autoResults, body in raw/api/manifest.json); record RPTG_INSR_ID=48 PLANKEY_ID=1150211448 field AUTO_SAMPLE_RATE_AMT",Plainview 79072 (Hale County),STATE FARM COUNTY MUTUAL INSURANCE COMPANY OF TEXAS,tx-age18,2315
tx-2025,TX,2025,https://www.helpinsure.com/auto.html,"raw/api/autoResults_79072_age18.json (POST https://www.helpinsure.com/api/autoResults, body in raw/api/manifest.json); record RPTG_INSR_ID=124 PLANKEY_ID=1165398408 field AUTO_SAMPLE_RATE_AMT",Plainview 79072 (Hale County),CONSUMERS COUNTY MUTUAL INSURANCE COMPANY,tx-age18,2652
tx-2025,TX,2025,https://www.helpinsure.com/auto.html,"raw/api/autoResults_79072_age18.json (POST https://www.helpinsure.com/api/autoResults, body in raw/api/manifest.json); record RPTG_INSR_ID=16 PLANKEY_ID=1151431632 field AUTO_SAMPLE_RATE_AMT",Plainview 79072 (Hale County),CONSUMERS COUNTY MUTUAL INSURANCE COMPANY / MGA: Travelers Quantum Auto 2.0 Program,tx-age18,2652
tx-2025,TX,2025,https://www.helpinsure.com/auto.html,"raw/api/autoResults_79072_age18.json (POST https://www.helpinsure.com/api/autoResults, body in raw/api/manifest.json); record RPTG_INSR_ID=138 PLANKEY_ID=1153465704 field AUTO_SAMPLE_RATE_AMT",Plainview 79072 (Hale County),INFINITY COUNTY MUTUAL INSURANCE COMPANY,tx-age18,2950
tx-2025,TX,2025,https://www.helpinsure.com/auto.html,"raw/api/autoResults_79072_age18.json (POST https://www.helpinsure.com/api/autoResults, body in raw/api/manifest.json); record RPTG_INSR_ID=209 PLANKEY_ID=1159025760 field AUTO_SAMPLE_RATE_AMT",Plainview 79072 (Hale County),AMERICAN FAMILY CONNECT PROPERTY AND CASUALTY INSURANCE COMPANY,tx-age18,3362
tx-2025,TX,2025,https://www.helpinsure.com/auto.html,"raw/api/autoResults_79072_age18.json (POST https://www.helpinsure.com/api/autoResults, body in raw/api/manifest.json); record RPTG_INSR_ID=205 PLANKEY_ID=1148857560 field AUTO_SAMPLE_RATE_AMT",Plainview 79072 (Hale County),DAIRYLAND COUNTY MUTUAL INSURANCE COMPANY OF TEXAS,tx-age18,3384
tx-2025,TX,2025,https://www.helpinsure.com/auto.html,"raw/api/autoResults_79072_age18.json (POST https://www.helpinsure.com/api/autoResults, body in raw/api/manifest.json); record RPTG_INSR_ID=215 PLANKEY_ID=1149563232 field AUTO_SAMPLE_RATE_AMT",Plainview 79072 (Hale County),"MGA INSURANCE COMPANY, INC.",tx-age18,3587
tx-2025,TX,2025,https://www.helpinsure.com/auto.html,"raw/api/autoResults_79072_age18.json (POST https://www.helpinsure.com/api/autoResults, body in raw/api/manifest.json); record RPTG_INSR_ID=142 PLANKEY_ID=1151186040 field AUTO_SAMPLE_RATE_AMT",Plainview 79072 (Hale County),"COLONIAL COUNTY MUTUAL INSURANCE COMPANY / MGA: Titan Insurance Services, Inc.",tx-age18,3594
tx-2025,TX,2025,https://www.helpinsure.com/auto.html,"raw/api/autoResults_79072_age18.json (POST https://www.helpinsure.com/api/autoResults, body in raw/api/manifest.json); record RPTG_INSR_ID=173 PLANKEY_ID=1151838576 field AUTO_SAMPLE_RATE_AMT",Plainview 79072 (Hale County),ECONOMY FIRE & CASUALTY COMPANY,tx-age18,3823
tx-2025,TX,2025,https://www.helpinsure.com/auto.html,"raw/api/autoResults_79072_age18.json (POST https://www.helpinsure.com/api/autoResults, body in raw/api/manifest.json); record RPTG_INSR_ID=212 PLANKEY_ID=1158618816 field AUTO_SAMPLE_RATE_AMT",Plainview 79072 (Hale County),ENCOMPASS INDEPENDENT INSURANCE COMPANY,tx-age18,4439
tx-2025,TX,2025,https://www.helpinsure.com/auto.html,"raw/api/autoResults_79072_age18.json (POST https://www.helpinsure.com/api/autoResults, body in raw/api/manifest.json); record RPTG_INSR_ID=45 PLANKEY_ID=1159839648 field AUTO_SAMPLE_RATE_AMT",Plainview 79072 (Hale County),"SENTINEL INSURANCE COMPANY, LTD.",tx-age18,5624
tx-2025,TX,2025,https://www.helpinsure.com/auto.html,"raw/api/autoResults_79072_age18.json (POST https://www.helpinsure.com/api/autoResults, body in raw/api/manifest.json); record RPTG_INSR_ID=33 PLANKEY_ID=1158211872 field AUTO_SAMPLE_RATE_AMT",Plainview 79072 (Hale County),FARMERS LLOYDS INSURANCE COMPANY OF TEXAS,tx-age18,5994
tx-2025,TX,2025,https://www.helpinsure.com/auto.html,"raw/api/autoResults_79072_age18.json (POST https://www.helpinsure.com/api/autoResults, body in raw/api/manifest.json); record RPTG_INSR_ID=123 PLANKEY_ID=1159432704 field AUTO_SAMPLE_RATE_AMT",Plainview 79072 (Hale County),AMICA MUTUAL INSURANCE COMPANY,tx-age18,6752
tx-2025,TX,2025,https://www.helpinsure.com/auto.html,"raw/api/autoResults_79072_age18.json (POST https://www.helpinsure.com/api/autoResults, body in raw/api/manifest.json); record RPTG_INSR_ID=161 PLANKEY_ID=1148044320 field AUTO_SAMPLE_RATE_AMT",Plainview 79072 (Hale County),AMICA PROPERTY AND CASUALTY INSURANCE COMPANY,tx-age18,7005
tx-2025,TX,2025,https://www.helpinsure.com/auto.html,"raw/api/autoResults_79072_age18.json (POST https://www.helpinsure.com/api/autoResults, body in raw/api/manifest.json); record RPTG_INSR_ID=155 PLANKEY_ID=1162823688 field AUTO_SAMPLE_RATE_AMT",Plainview 79072 (Hale County),LIBERTY COUNTY MUTUAL INSURANCE COMPANY / MGA: Safeco General Agency (Safeco),tx-age18,11240
tx-2025,TX,2025,https://www.helpinsure.com/auto.html,"raw/api/autoResults_79072_age18.json (POST https://www.helpinsure.com/api/autoResults, body in raw/api/manifest.json); record RPTG_INSR_ID=219 PLANKEY_ID=1153765080 field AUTO_SAMPLE_RATE_AMT",Plainview 79072 (Hale County),AMERICAN ACCESS CASUALTY COMPANY,tx-age18,11905
tx-2025,TX,2025,https://www.helpinsure.com/auto.html,"raw/api/autoResults_79072_age18_female.json (POST https://www.helpinsure.com/api/autoResults, body in raw/api/manifest.json); record RPTG_INSR_ID=283 PLANKEY_ID=1161467586 field AUTO_SAMPLE_RATE_AMT",Plainview 79072 (Hale County),GEICO TEXAS COUNTY MUTUAL INSURANCE COMPANY / MGA: Voyager Corporation,tx-age18_female,598
tx-2025,TX,2025,https://www.helpinsure.com/auto.html,"raw/api/autoResults_79072_age18_female.json (POST https://www.helpinsure.com/api/autoResults, body in raw/api/manifest.json); record RPTG_INSR_ID=282 PLANKEY_ID=1160246754 field AUTO_SAMPLE_RATE_AMT",Plainview 79072 (Hale County),GEICO TEXAS COUNTY MUTUAL INSURANCE COMPANY / MGA: Horizon Corporation,tx-age18_female,613
tx-2025,TX,2025,https://www.helpinsure.com/auto.html,"raw/api/autoResults_79072_age18_female.json (POST https://www.helpinsure.com/api/autoResults, body in raw/api/manifest.json); record RPTG_INSR_ID=21 PLANKEY_ID=1152245682 field AUTO_SAMPLE_RATE_AMT",Plainview 79072 (Hale County),FARMERS TEXAS COUNTY MUTUAL INSURANCE COMPANY,tx-age18_female,618
tx-2025,TX,2025,https://www.helpinsure.com/auto.html,"raw/api/autoResults_79072_age18_female.json (POST https://www.helpinsure.com/api/autoResults, body in raw/api/manifest.json); record RPTG_INSR_ID=281 PLANKEY_ID=1161060642 field AUTO_SAMPLE_RATE_AMT",Plainview 79072 (Hale County),GEICO TEXAS COUNTY MUTUAL INSURANCE COMPANY / MGA: Perspective Corporation,tx-age18_female,630
tx-2025,TX,2025,https://www.helpinsure.com/auto.html,"raw/api/autoResults_79072_age18_female.json (POST https://www.helpinsure.com/api/autoResults, body in raw/api/manifest.json); record RPTG_INSR_ID=56 PLANKEY_ID=1156991202 field AUTO_SAMPLE_RATE_AMT",Plainview 79072 (Hale County),UNITED SERVICES AUTOMOBILE ASSOCIATION,tx-age18_female,787
tx-2025,TX,2025,https://www.helpinsure.com/auto.html,"raw/api/autoResults_79072_age18_female.json (POST https://www.helpinsure.com/api/autoResults, body in raw/api/manifest.json); record RPTG_INSR_ID=119 PLANKEY_ID=1157398146 field AUTO_SAMPLE_RATE_AMT",Plainview 79072 (Hale County),USAA CASUALTY INSURANCE COMPANY,tx-age18_female,862
tx-2025,TX,2025,https://www.helpinsure.com/auto.html,"raw/api/autoResults_79072_age18_female.json (POST https://www.helpinsure.com/api/autoResults, body in raw/api/manifest.json); record RPTG_INSR_ID=112 PLANKEY_ID=1156178610 field AUTO_SAMPLE_RATE_AMT",Plainview 79072 (Hale County),GARRISON PROPERTY AND CASUALTY INSURANCE COMPANY,tx-age18_female,1022
tx-2025,TX,2025,https://www.helpinsure.com/auto.html,"raw/api/autoResults_79072_age18_female.json (POST https://www.helpinsure.com/api/autoResults, body in raw/api/manifest.json); record RPTG_INSR_ID=104 PLANKEY_ID=1164748302 field AUTO_SAMPLE_RATE_AMT",Plainview 79072 (Hale County),TEXAS AUTOMOBILE INSURANCE PLAN ASSOCIATION,tx-age18_female,1156
tx-2025,TX,2025,https://www.helpinsure.com/auto.html,"raw/api/autoResults_79072_age18_female.json (POST https://www.helpinsure.com/api/autoResults, body in raw/api/manifest.json); record RPTG_INSR_ID=118 PLANKEY_ID=1157805090 field AUTO_SAMPLE_RATE_AMT",Plainview 79072 (Hale County),USAA GENERAL INDEMNITY COMPANY,tx-age18_female,1159
tx-2025,TX,2025,https://www.helpinsure.com/auto.html,"raw/api/autoResults_79072_age18_female.json (POST https://www.helpinsure.com/api/autoResults, body in raw/api/manifest.json); record RPTG_INSR_ID=5 PLANKEY_ID=1153058922 field AUTO_SAMPLE_RATE_AMT",Plainview 79072 (Hale County),ALLSTATE COUNTY MUTUAL INSURANCE COMPANY,tx-age18_female,1328
tx-2025,TX,2025,https://www.helpinsure.com/auto.html,"raw/api/autoResults_79072_age18_female.json (POST https://www.helpinsure.com/api/autoResults, body in raw/api/manifest.json); record RPTG_INSR_ID=102 PLANKEY_ID=1163635794 field AUTO_SAMPLE_RATE_AMT",Plainview 79072 (Hale County),PROGRESSIVE COUNTY MUTUAL INSURANCE COMPANY / MGA: PROGRESSIVE COUNTY MUTUAL - DIRECT RATES,tx-age18_female,1332
tx-2025,TX,2025,https://www.helpinsure.com/auto.html,"raw/api/autoResults_79072_age18_female.json (POST https://www.helpinsure.com/api/autoResults, body in raw/api/manifest.json); record RPTG_INSR_ID=41 PLANKEY_ID=1163230146 field AUTO_SAMPLE_RATE_AMT",Plainview 79072 (Hale County),PROGRESSIVE COUNTY MUTUAL INSURANCE COMPANY,tx-age18_female,1436
tx-2025,TX,2025,https://www.helpinsure.com/auto.html,"raw/api/autoResults_79072_age18_female.json (POST https://www.helpinsure.com/api/autoResults, body in raw/api/manifest.json); record RPTG_INSR_ID=246 PLANKEY_ID=1162416906 field AUTO_SAMPLE_RATE_AMT",Plainview 79072 (Hale County),GEICO TEXAS COUNTY MUTUAL INSURANCE COMPANY / MGA: Endeavor Corporation,tx-age18_female,1454
tx-2025,TX,2025,https://www.helpinsure.com/auto.html,"raw/api/autoResults_79072_age18_female.json (POST https://www.helpinsure.com/api/autoResults, body in raw/api/manifest.json); record RPTG_INSR_ID=32 PLANKEY_ID=1150617906 field AUTO_SAMPLE_RATE_AMT",Plainview 79072 (Hale County),MERCURY COUNTY MUTUAL INSURANCE COMPANY,tx-age18_female,1464
tx-2025,TX,2025,https://www.helpinsure.com/auto.html,"raw/api/autoResults_79072_age18_female.json (POST https://www.helpinsure.com/api/autoResults, body in raw/api/manifest.json); record RPTG_INSR_ID=50 PLANKEY_ID=1149805962 field AUTO_SAMPLE_RATE_AMT",Plainview 79072 (Hale County),STATE FARM MUTUAL AUTOMOBILE INSURANCE COMPANY,tx-age18_female,1473
tx-2025,TX,2025,https://www.helpinsure.com/auto.html,"raw/api/autoResults_79072_age18_female.json (POST https://www.helpinsure.com/api/autoResults, body in raw/api/manifest.json); record RPTG_INSR_ID=6 PLANKEY_ID=1164991626 field AUTO_SAMPLE_RATE_AMT",Plainview 79072 (Hale County),ALLSTATE FIRE AND CASUALTY INSURANCE COMPANY,tx-age18_female,1525
tx-2025,TX,2025,https://www.helpinsure.com/auto.html,"raw/api/autoResults_79072_age18_female.json (POST https://www.helpinsure.com/api/autoResults, body in raw/api/manifest.json); record RPTG_INSR_ID=140 PLANKEY_ID=1152652626 field AUTO_SAMPLE_RATE_AMT",Plainview 79072 (Hale County),FOREMOST COUNTY MUTUAL INSURANCE COMPANY,tx-age18_female,1595
tx-2025,TX,2025,https://www.helpinsure.com/auto.html,"raw/api/autoResults_79072_age18_female.json (POST https://www.helpinsure.com/api/autoResults, body in raw/api/manifest.json); record RPTG_INSR_ID=238 PLANKEY_ID=1164449034 field AUTO_SAMPLE_RATE_AMT",Plainview 79072 (Hale County),MID-CENTURY INSURANCE COMPANY OF TEXAS,tx-age18_female,1692
tx-2025,TX,2025,https://www.helpinsure.com/auto.html,"raw/api/autoResults_79072_age18_female.json (POST https://www.helpinsure.com/api/autoResults, body in raw/api/manifest.json); record RPTG_INSR_ID=175 PLANKEY_ID=1164042090 field AUTO_SAMPLE_RATE_AMT",Plainview 79072 (Hale County),FARMERS PROPERTY AND CASUALTY INSURANCE COMPANY,tx-age18_female,1747
tx-2025,TX,2025,https://www.helpinsure.com/auto.html,"raw/api/autoResults_79072_age18_female.json (POST https://www.helpinsure.com/api/autoResults, body in raw/api/manifest.json); record RPTG_INSR_ID=48 PLANKEY_ID=1150211610 field AUTO_SAMPLE_RATE_AMT",Plainview 79072 (Hale County),STATE FARM COUNTY MUTUAL INSURANCE COMPANY OF TEXAS,tx-age18_female,1842
tx-2025,TX,2025,https://www.helpinsure.com/auto.html,"raw/api/autoResults_79072_age18_female.json (POST https://www.helpinsure.com/api/autoResults, body in raw/api/manifest.json); record RPTG_INSR_ID=16 PLANKEY_ID=1151431794 field AUTO_SAMPLE_RATE_AMT",Plainview 79072 (Hale County),CONSUMERS COUNTY MUTUAL INSURANCE COMPANY / MGA: Travelers Quantum Auto 2.0 Program,tx-age18_female,2058
tx-2025,TX,2025,https://www.helpinsure.com/auto.html,"raw/api/autoResults_79072_age18_female.json (POST https://www.helpinsure.com/api/autoResults, body in raw/api/manifest.json); record RPTG_INSR_ID=124 PLANKEY_ID=1165398570 field AUTO_SAMPLE_RATE_AMT",Plainview 79072 (Hale County),CONSUMERS COUNTY MUTUAL INSURANCE COMPANY,tx-age18_female,2058
tx-2025,TX,2025,https://www.helpinsure.com/auto.html,"raw/api/autoResults_79072_age18_female.json (POST https://www.helpinsure.com/api/autoResults, body in raw/api/manifest.json); record RPTG_INSR_ID=1 PLANKEY_ID=1148451426 field AUTO_SAMPLE_RATE_AMT",Plainview 79072 (Hale County),AUTO CLUB COUNTY MUTUAL INSURANCE COMPANY,tx-age18_female,2207
tx-2025,TX,2025,https://www.helpinsure.com/auto.html,"raw/api/autoResults_79072_age18_female.json (POST https://www.helpinsure.com/api/autoResults, body in raw/api/manifest.json); record RPTG_INSR_ID=138 PLANKEY_ID=1153465866 field AUTO_SAMPLE_RATE_AMT",Plainview 79072 (Hale County),INFINITY COUNTY MUTUAL INSURANCE COMPANY,tx-age18_female,2376
tx-2025,TX,2025,https://www.helpinsure.com/auto.html,"raw/api/autoResults_79072_age18_female.json (POST https://www.helpinsure.com/api/autoResults, body in raw/api/manifest.json); record RPTG_INSR_ID=215 PLANKEY_ID=1149563286 field AUTO_SAMPLE_RATE_AMT",Plainview 79072 (Hale County),"MGA INSURANCE COMPANY, INC.",tx-age18_female,2789
tx-2025,TX,2025,https://www.helpinsure.com/auto.html,"raw/api/autoResults_79072_age18_female.json (POST https://www.helpinsure.com/api/autoResults, body in raw/api/manifest.json); record RPTG_INSR_ID=209 PLANKEY_ID=1159025922 field AUTO_SAMPLE_RATE_AMT",Plainview 79072 (Hale County),AMERICAN FAMILY CONNECT PROPERTY AND CASUALTY INSURANCE COMPANY,tx-age18_female,3118
tx-2025,TX,2025,https://www.helpinsure.com/auto.html,"raw/api/autoResults_79072_age18_female.json (POST https://www.helpinsure.com/api/autoResults, body in raw/api/manifest.json); record RPTG_INSR_ID=205 PLANKEY_ID=1148857722 field AUTO_SAMPLE_RATE_AMT",Plainview 79072 (Hale County),DAIRYLAND COUNTY MUTUAL INSURANCE COMPANY OF TEXAS,tx-age18_female,3135
tx-2025,TX,2025,https://www.helpinsure.com/auto.html,"raw/api/autoResults_79072_age18_female.json (POST https://www.helpinsure.com/api/autoResults, body in raw/api/manifest.json); record RPTG_INSR_ID=142 PLANKEY_ID=1151186850 field AUTO_SAMPLE_RATE_AMT",Plainview 79072 (Hale County),"COLONIAL COUNTY MUTUAL INSURANCE COMPANY / MGA: Titan Insurance Services, Inc.",tx-age18_female,3226
tx-2025,TX,2025,https://www.helpinsure.com/auto.html,"raw/api/autoResults_79072_age18_female.json (POST https://www.helpinsure.com/api/autoResults, body in raw/api/manifest.json); record RPTG_INSR_ID=173 PLANKEY_ID=1151838738 field AUTO_SAMPLE_RATE_AMT",Plainview 79072 (Hale County),ECONOMY FIRE & CASUALTY COMPANY,tx-age18_female,3798
tx-2025,TX,2025,https://www.helpinsure.com/auto.html,"raw/api/autoResults_79072_age18_female.json (POST https://www.helpinsure.com/api/autoResults, body in raw/api/manifest.json); record RPTG_INSR_ID=212 PLANKEY_ID=1158618978 field AUTO_SAMPLE_RATE_AMT",Plainview 79072 (Hale County),ENCOMPASS INDEPENDENT INSURANCE COMPANY,tx-age18_female,4265
tx-2025,TX,2025,https://www.helpinsure.com/auto.html,"raw/api/autoResults_79072_age18_female.json (POST https://www.helpinsure.com/api/autoResults, body in raw/api/manifest.json); record RPTG_INSR_ID=33 PLANKEY_ID=1158212034 field AUTO_SAMPLE_RATE_AMT",Plainview 79072 (Hale County),FARMERS LLOYDS INSURANCE COMPANY OF TEXAS,tx-age18_female,4880
tx-2025,TX,2025,https://www.helpinsure.com/auto.html,"raw/api/autoResults_79072_age18_female.json (POST https://www.helpinsure.com/api/autoResults, body in raw/api/manifest.json); record RPTG_INSR_ID=45 PLANKEY_ID=1159839810 field AUTO_SAMPLE_RATE_AMT",Plainview 79072 (Hale County),"SENTINEL INSURANCE COMPANY, LTD.",tx-age18_female,5076
tx-2025,TX,2025,https://www.helpinsure.com/auto.html,"raw/api/autoResults_79072_age18_female.json (POST https://www.helpinsure.com/api/autoResults, body in raw/api/manifest.json); record RPTG_INSR_ID=123 PLANKEY_ID=1159432866 field AUTO_SAMPLE_RATE_AMT",Plainview 79072 (Hale County),AMICA MUTUAL INSURANCE COMPANY,tx-age18_female,6176
tx-2025,TX,2025,https://www.helpinsure.com/auto.html,"raw/api/autoResults_79072_age18_female.json (POST https://www.helpinsure.com/api/autoResults, body in raw/api/manifest.json); record RPTG_INSR_ID=161 PLANKEY_ID=1148044482 field AUTO_SAMPLE_RATE_AMT",Plainview 79072 (Hale County),AMICA PROPERTY AND CASUALTY INSURANCE COMPANY,tx-age18_female,6407
tx-2025,TX,2025,https://www.helpinsure.com/auto.html,"raw/api/autoResults_79072_age18_female.json (POST https://www.helpinsure.com/api/autoResults, body in raw/api/manifest.json); record RPTG_INSR_ID=219 PLANKEY_ID=1153765134 field AUTO_SAMPLE_RATE_AMT",Plainview 79072 (Hale County),AMERICAN ACCESS CASUALTY COMPANY,tx-age18_female,10209
tx-2025,TX,2025,https://www.helpinsure.com/auto.html,"raw/api/autoResults_79072_age18_female.json (POST https://www.helpinsure.com/api/autoResults, body in raw/api/manifest.json); record RPTG_INSR_ID=155 PLANKEY_ID=1162823850 field AUTO_SAMPLE_RATE_AMT",Plainview 79072 (Hale County),LIBERTY COUNTY MUTUAL INSURANCE COMPANY / MGA: Safeco General Agency (Safeco),tx-age18_female,10315
tx-2025,TX,2025,https://www.helpinsure.com/auto.html,"raw/api/autoResults_79072_age65.json (POST https://www.helpinsure.com/api/autoResults, body in raw/api/manifest.json); record RPTG_INSR_ID=21 PLANKEY_ID=1152245628 field AUTO_SAMPLE_RATE_AMT",Plainview 79072 (Hale County),FARMERS TEXAS COUNTY MUTUAL INSURANCE COMPANY,tx-age65,214
tx-2025,TX,2025,https://www.helpinsure.com/auto.html,"raw/api/autoResults_79072_age65.json (POST https://www.helpinsure.com/api/autoResults, body in raw/api/manifest.json); record RPTG_INSR_ID=283 PLANKEY_ID=1161467532 field AUTO_SAMPLE_RATE_AMT",Plainview 79072 (Hale County),GEICO TEXAS COUNTY MUTUAL INSURANCE COMPANY / MGA: Voyager Corporation,tx-age65,231
tx-2025,TX,2025,https://www.helpinsure.com/auto.html,"raw/api/autoResults_79072_age65.json (POST https://www.helpinsure.com/api/autoResults, body in raw/api/manifest.json); record RPTG_INSR_ID=282 PLANKEY_ID=1160246700 field AUTO_SAMPLE_RATE_AMT",Plainview 79072 (Hale County),GEICO TEXAS COUNTY MUTUAL INSURANCE COMPANY / MGA: Horizon Corporation,tx-age65,234
tx-2025,TX,2025,https://www.helpinsure.com/auto.html,"raw/api/autoResults_79072_age65.json (POST https://www.helpinsure.com/api/autoResults, body in raw/api/manifest.json); record RPTG_INSR_ID=281 PLANKEY_ID=1161060588 field AUTO_SAMPLE_RATE_AMT",Plainview 79072 (Hale County),GEICO TEXAS COUNTY MUTUAL INSURANCE COMPANY / MGA: Perspective Corporation,tx-age65,247
tx-2025,TX,2025,https://www.helpinsure.com/auto.html,"raw/api/autoResults_79072_age65.json (POST https://www.helpinsure.com/api/autoResults, body in raw/api/manifest.json); record RPTG_INSR_ID=41 PLANKEY_ID=1163230092 field AUTO_SAMPLE_RATE_AMT",Plainview 79072 (Hale County),PROGRESSIVE COUNTY MUTUAL INSURANCE COMPANY,tx-age65,287
tx-2025,TX,2025,https://www.helpinsure.com/auto.html,"raw/api/autoResults_79072_age65.json (POST https://www.helpinsure.com/api/autoResults, body in raw/api/manifest.json); record RPTG_INSR_ID=56 PLANKEY_ID=1156991148 field AUTO_SAMPLE_RATE_AMT",Plainview 79072 (Hale County),UNITED SERVICES AUTOMOBILE ASSOCIATION,tx-age65,368
tx-2025,TX,2025,https://www.helpinsure.com/auto.html,"raw/api/autoResults_79072_age65.json (POST https://www.helpinsure.com/api/autoResults, body in raw/api/manifest.json); record RPTG_INSR_ID=119 PLANKEY_ID=1157398092 field AUTO_SAMPLE_RATE_AMT",Plainview 79072 (Hale County),USAA CASUALTY INSURANCE COMPANY,tx-age65,376
tx-2025,TX,2025,https://www.helpinsure.com/auto.html,"raw/api/autoResults_79072_age65.json (POST https://www.helpinsure.com/api/autoResults, body in raw/api/manifest.json); record RPTG_INSR_ID=118 PLANKEY_ID=1157805036 field AUTO_SAMPLE_RATE_AMT",Plainview 79072 (Hale County),USAA GENERAL INDEMNITY COMPANY,tx-age65,441
tx-2025,TX,2025,https://www.helpinsure.com/auto.html,"raw/api/autoResults_79072_age65.json (POST https://www.helpinsure.com/api/autoResults, body in raw/api/manifest.json); record RPTG_INSR_ID=112 PLANKEY_ID=1156178556 field AUTO_SAMPLE_RATE_AMT",Plainview 79072 (Hale County),GARRISON PROPERTY AND CASUALTY INSURANCE COMPANY,tx-age65,442
tx-2025,TX,2025,https://www.helpinsure.com/auto.html,"raw/api/autoResults_79072_age65.json (POST https://www.helpinsure.com/api/autoResults, body in raw/api/manifest.json); record RPTG_INSR_ID=246 PLANKEY_ID=1162416852 field AUTO_SAMPLE_RATE_AMT",Plainview 79072 (Hale County),GEICO TEXAS COUNTY MUTUAL INSURANCE COMPANY / MGA: Endeavor Corporation,tx-age65,461
tx-2025,TX,2025,https://www.helpinsure.com/auto.html,"raw/api/autoResults_79072_age65.json (POST https://www.helpinsure.com/api/autoResults, body in raw/api/manifest.json); record RPTG_INSR_ID=102 PLANKEY_ID=1163635740 field AUTO_SAMPLE_RATE_AMT",Plainview 79072 (Hale County),PROGRESSIVE COUNTY MUTUAL INSURANCE COMPANY / MGA: PROGRESSIVE COUNTY MUTUAL - DIRECT RATES,tx-age65,492
tx-2025,TX,2025,https://www.helpinsure.com/auto.html,"raw/api/autoResults_79072_age65.json (POST https://www.helpinsure.com/api/autoResults, body in raw/api/manifest.json); record RPTG_INSR_ID=50 PLANKEY_ID=1149805908 field AUTO_SAMPLE_RATE_AMT",Plainview 79072 (Hale County),STATE FARM MUTUAL AUTOMOBILE INSURANCE COMPANY,tx-age65,516
tx-2025,TX,2025,https://www.helpinsure.com/auto.html,"raw/api/autoResults_79072_age65.json (POST https://www.helpinsure.com/api/autoResults, body in raw/api/manifest.json); record RPTG_INSR_ID=6 PLANKEY_ID=1164991572 field AUTO_SAMPLE_RATE_AMT",Plainview 79072 (Hale County),ALLSTATE FIRE AND CASUALTY INSURANCE COMPANY,tx-age65,547
tx-2025,TX,2025,https://www.helpinsure.com/auto.html,"raw/api/autoResults_79072_age65.json (POST https://www.helpinsure.com/api/autoResults, body in raw/api/manifest.json); record RPTG_INSR_ID=32 PLANKEY_ID=1150617852 field AUTO_SAMPLE_RATE_AMT",Plainview 79072 (Hale County),MERCURY COUNTY MUTUAL INSURANCE COMPANY,tx-age65,577
tx-2025,TX,2025,https://www.helpinsure.com/auto.html,"raw/api/autoResults_79072_age65.json (POST https://www.helpinsure.com/api/autoResults, body in raw/api/manifest.json); record RPTG_INSR_ID=238 PLANKEY_ID=1164448980 field AUTO_SAMPLE_RATE_AMT",Plainview 79072 (Hale County),MID-CENTURY INSURANCE COMPANY OF TEXAS,tx-age65,620
tx-2025,TX,2025,https://www.helpinsure.com/auto.html,"raw/api/autoResults_79072_age65.json (POST https://www.helpinsure.com/api/autoResults, body in raw/api/manifest.json); record RPTG_INSR_ID=104 PLANKEY_ID=1164748284 field AUTO_SAMPLE_RATE_AMT",Plainview 79072 (Hale County),TEXAS AUTOMOBILE INSURANCE PLAN ASSOCIATION,tx-age65,632
tx-2025,TX,2025,https://www.helpinsure.com/auto.html,"raw/api/autoResults_79072_age65.json (POST https://www.helpinsure.com/api/autoResults, body in raw/api/manifest.json); record RPTG_INSR_ID=48 PLANKEY_ID=1150211556 field AUTO_SAMPLE_RATE_AMT",Plainview 79072 (Hale County),STATE FARM COUNTY MUTUAL INSURANCE COMPANY OF TEXAS,tx-age65,667
tx-2025,TX,2025,https://www.helpinsure.com/auto.html,"raw/api/autoResults_79072_age65.json (POST https://www.helpinsure.com/api/autoResults, body in raw/api/manifest.json); record RPTG_INSR_ID=1 PLANKEY_ID=1148451372 field AUTO_SAMPLE_RATE_AMT",Plainview 79072 (Hale County),AUTO CLUB COUNTY MUTUAL INSURANCE COMPANY,tx-age65,681
tx-2025,TX,2025,https://www.helpinsure.com/auto.html,"raw/api/autoResults_79072_age65.json (POST https://www.helpinsure.com/api/autoResults, body in raw/api/manifest.json); record RPTG_INSR_ID=175 PLANKEY_ID=1164042036 field AUTO_SAMPLE_RATE_AMT",Plainview 79072 (Hale County),FARMERS PROPERTY AND CASUALTY INSURANCE COMPANY,tx-age65,722
tx-2025,TX,2025,https://www.helpinsure.com/auto.html,"raw/api/autoResults_79072_age65.json (POST https://www.helpinsure.com/api/autoResults, body in raw/api/manifest.json); record RPTG_INSR_ID=5 PLANKEY_ID=1153058868 field AUTO_SAMPLE_RATE_AMT",Plainview 79072 (Hale County),ALLSTATE COUNTY MUTUAL INSURANCE COMPANY,tx-age65,735
tx-2025,TX,2025,https://www.helpinsure.com/auto.html,"raw/api/autoResults_79072_age65.json (POST https://www.helpinsure.com/api/autoResults, body in raw/api/manifest.json); record RPTG_INSR_ID=140 PLANKEY_ID=1152652572 field AUTO_SAMPLE_RATE_AMT",Plainview 79072 (Hale County),FOREMOST COUNTY MUTUAL INSURANCE COMPANY,tx-age65,769
tx-2025,TX,2025,https://www.helpinsure.com/auto.html,"raw/api/autoResults_79072_age65.json (POST https://www.helpinsure.com/api/autoResults, body in raw/api/manifest.json); record RPTG_INSR_ID=138 PLANKEY_ID=1153465812 field AUTO_SAMPLE_RATE_AMT",Plainview 79072 (Hale County),INFINITY COUNTY MUTUAL INSURANCE COMPANY,tx-age65,796
tx-2025,TX,2025,https://www.helpinsure.com/auto.html,"raw/api/autoResults_79072_age65.json (POST https://www.helpinsure.com/api/autoResults, body in raw/api/manifest.json); record RPTG_INSR_ID=173 PLANKEY_ID=1151838684 field AUTO_SAMPLE_RATE_AMT",Plainview 79072 (Hale County),ECONOMY FIRE & CASUALTY COMPANY,tx-age65,890
tx-2025,TX,2025,https://www.helpinsure.com/auto.html,"raw/api/autoResults_79072_age65.json (POST https://www.helpinsure.com/api/autoResults, body in raw/api/manifest.json); record RPTG_INSR_ID=124 PLANKEY_ID=1165398516 field AUTO_SAMPLE_RATE_AMT",Plainview 79072 (Hale County),CONSUMERS COUNTY MUTUAL INSURANCE COMPANY,tx-age65,911
tx-2025,TX,2025,https://www.helpinsure.com/auto.html,"raw/api/autoResults_79072_age65.json (POST https://www.helpinsure.com/api/autoResults, body in raw/api/manifest.json); record RPTG_INSR_ID=16 PLANKEY_ID=1151431740 field AUTO_SAMPLE_RATE_AMT",Plainview 79072 (Hale County),CONSUMERS COUNTY MUTUAL INSURANCE COMPANY / MGA: Travelers Quantum Auto 2.0 Program,tx-age65,911
tx-2025,TX,2025,https://www.helpinsure.com/auto.html,"raw/api/autoResults_79072_age65.json (POST https://www.helpinsure.com/api/autoResults, body in raw/api/manifest.json); record RPTG_INSR_ID=33 PLANKEY_ID=1158211980 field AUTO_SAMPLE_RATE_AMT",Plainview 79072 (Hale County),FARMERS LLOYDS INSURANCE COMPANY OF TEXAS,tx-age65,998
tx-2025,TX,2025,https://www.helpinsure.com/auto.html,"raw/api/autoResults_79072_age65.json (POST https://www.helpinsure.com/api/autoResults, body in raw/api/manifest.json); record RPTG_INSR_ID=215 PLANKEY_ID=1149563268 field AUTO_SAMPLE_RATE_AMT",Plainview 79072 (Hale County),"MGA INSURANCE COMPANY, INC.",tx-age65,1063
tx-2025,TX,2025,https://www.helpinsure.com/auto.html,"raw/api/autoResults_79072_age65.json (POST https://www.helpinsure.com/api/autoResults, body in raw/api/manifest.json); record RPTG_INSR_ID=123 PLANKEY_ID=1159432812 field AUTO_SAMPLE_RATE_AMT",Plainview 79072 (Hale County),AMICA MUTUAL INSURANCE COMPANY,tx-age65,1082
tx-2025,TX,2025,https://www.helpinsure.com/auto.html,"raw/api/autoResults_79072_age65.json (POST https://www.helpinsure.com/api/autoResults, body in raw/api/manifest.json); record RPTG_INSR_ID=209 PLANKEY_ID=1159025868 field AUTO_SAMPLE_RATE_AMT",Plainview 79072 (Hale County),AMERICAN FAMILY CONNECT PROPERTY AND CASUALTY INSURANCE COMPANY,tx-age65,1168
tx-2025,TX,2025,https://www.helpinsure.com/auto.html,"raw/api/autoResults_79072_age65.json (POST https://www.helpinsure.com/api/autoResults, body in raw/api/manifest.json); record RPTG_INSR_ID=205 PLANKEY_ID=1148857668 field AUTO_SAMPLE_RATE_AMT",Plainview 79072 (Hale County),DAIRYLAND COUNTY MUTUAL INSURANCE COMPANY OF TEXAS,tx-age65,1172
tx-2025,TX,2025,https://www.helpinsure.com/auto.html,"raw/api/autoResults_79072_age65.json (POST https://www.helpinsure.com/api/autoResults, body in raw/api/manifest.json); record RPTG_INSR_ID=161 PLANKEY_ID=1148044428 field AUTO_SAMPLE_RATE_AMT",Plainview 79072 (Hale County),AMICA PROPERTY AND CASUALTY INSURANCE COMPANY,tx-age65,1188
tx-2025,TX,2025,https://www.helpinsure.com/auto.html,"raw/api/autoResults_79072_age65.json (POST https://www.helpinsure.com/api/autoResults, body in raw/api/manifest.json); record RPTG_INSR_ID=142 PLANKEY_ID=1151186796 field AUTO_SAMPLE_RATE_AMT",Plainview 79072 (Hale County),"COLONIAL COUNTY MUTUAL INSURANCE COMPANY / MGA: Titan Insurance Services, Inc.",tx-age65,1384
tx-2025,TX,2025,https://www.helpinsure.com/auto.html,"raw/api/autoResults_79072_age65.json (POST https://www.helpinsure.com/api/autoResults, body in raw/api/manifest.json); record RPTG_INSR_ID=155 PLANKEY_ID=1162823796 field AUTO_SAMPLE_RATE_AMT",Plainview 79072 (Hale County),LIBERTY COUNTY MUTUAL INSURANCE COMPANY / MGA: Safeco General Agency (Safeco),tx-age65,1535
tx-2025,TX,2025,https://www.helpinsure.com/auto.html,"raw/api/autoResults_79072_age65.json (POST https://www.helpinsure.com/api/autoResults, body in raw/api/manifest.json); record RPTG_INSR_ID=45 PLANKEY_ID=1159839756 field AUTO_SAMPLE_RATE_AMT",Plainview 79072 (Hale County),"SENTINEL INSURANCE COMPANY, LTD.",tx-age65,1594
tx-2025,TX,2025,https://www.helpinsure.com/auto.html,"raw/api/autoResults_79072_age65.json (POST https://www.helpinsure.com/api/autoResults, body in raw/api/manifest.json); record RPTG_INSR_ID=219 PLANKEY_ID=1153765116 field AUTO_SAMPLE_RATE_AMT",Plainview 79072 (Hale County),AMERICAN ACCESS CASUALTY COMPANY,tx-age65,2797
tx-2025,TX,2025,https://www.helpinsure.com/auto.html,"raw/api/autoResults_79072_age65.json (POST https://www.helpinsure.com/api/autoResults, body in raw/api/manifest.json); record RPTG_INSR_ID=212 PLANKEY_ID=1158618924 field AUTO_SAMPLE_RATE_AMT",Plainview 79072 (Hale County),ENCOMPASS INDEPENDENT INSURANCE COMPANY,tx-age65,3232
tx-2025,TX,2025,https://www.helpinsure.com/auto.html,"raw/api/autoResults_79072_age65_married.json (POST https://www.helpinsure.com/api/autoResults, body in raw/api/manifest.json); record RPTG_INSR_ID=21 PLANKEY_ID=1152245952 field AUTO_SAMPLE_RATE_AMT",Plainview 79072 (Hale County),FARMERS TEXAS COUNTY MUTUAL INSURANCE COMPANY,tx-age65_married,216
tx-2025,TX,2025,https://www.helpinsure.com/auto.html,"raw/api/autoResults_79072_age65_married.json (POST https://www.helpinsure.com/api/autoResults, body in raw/api/manifest.json); record RPTG_INSR_ID=283 PLANKEY_ID=1161467856 field AUTO_SAMPLE_RATE_AMT",Plainview 79072 (Hale County),GEICO TEXAS COUNTY MUTUAL INSURANCE COMPANY / MGA: Voyager Corporation,tx-age65_married,218
tx-2025,TX,2025,https://www.helpinsure.com/auto.html,"raw/api/autoResults_79072_age65_married.json (POST https://www.helpinsure.com/api/autoResults, body in raw/api/manifest.json); record RPTG_INSR_ID=282 PLANKEY_ID=1160247024 field AUTO_SAMPLE_RATE_AMT",Plainview 79072 (Hale County),GEICO TEXAS COUNTY MUTUAL INSURANCE COMPANY / MGA: Horizon Corporation,tx-age65_married,221
tx-2025,TX,2025,https://www.helpinsure.com/auto.html,"raw/api/autoResults_79072_age65_married.json (POST https://www.helpinsure.com/api/autoResults, body in raw/api/manifest.json); record RPTG_INSR_ID=281 PLANKEY_ID=1161060912 field AUTO_SAMPLE_RATE_AMT",Plainview 79072 (Hale County),GEICO TEXAS COUNTY MUTUAL INSURANCE COMPANY / MGA: Perspective Corporation,tx-age65_married,231
tx-2025,TX,2025,https://www.helpinsure.com/auto.html,"raw/api/autoResults_79072_age65_married.json (POST https://www.helpinsure.com/api/autoResults, body in raw/api/manifest.json); record RPTG_INSR_ID=41 PLANKEY_ID=1163230416 field AUTO_SAMPLE_RATE_AMT",Plainview 79072 (Hale County),PROGRESSIVE COUNTY MUTUAL INSURANCE COMPANY,tx-age65_married,257
tx-2025,TX,2025,https://www.helpinsure.com/auto.html,"raw/api/autoResults_79072_age65_married.json (POST https://www.helpinsure.com/api/autoResults, body in raw/api/manifest.json); record RPTG_INSR_ID=56 PLANKEY_ID=1156991472 field AUTO_SAMPLE_RATE_AMT",Plainview 79072 (Hale County),UNITED SERVICES AUTOMOBILE ASSOCIATION,tx-age65_married,338
tx-2025,TX,2025,https://www.helpinsure.com/auto.html,"raw/api/autoResults_79072_age65_married.json (POST https://www.helpinsure.com/api/autoResults, body in raw/api/manifest.json); record RPTG_INSR_ID=119 PLANKEY_ID=1157398416 field AUTO_SAMPLE_RATE_AMT",Plainview 79072 (Hale County),USAA CASUALTY INSURANCE COMPANY,tx-age65_married,341
tx-2025,TX,2025,https://www.helpinsure.com/auto.html,"raw/api/autoResults_79072_age65_married.json (POST https://www.helpinsure.com/api/autoResults, body in raw/api/manifest.json); record RPTG_INSR_ID=118 PLANKEY_ID=1157805360 field AUTO_SAMPLE_RATE_AMT",Plainview 79072 (Hale County),USAA GENERAL INDEMNITY COMPANY,tx-age65_married,393
tx-2025,TX,2025,https://www.helpinsure.com/auto.html,"raw/api/autoResults_79072_age65_married.json (POST https://www.helpinsure.com/api/autoResults, body in raw/api/manifest.json); record RPTG_INSR_ID=112 PLANKEY_ID=1156178880 field AUTO_SAMPLE_RATE_AMT",Plainview 79072 (Hale County),GARRISON PROPERTY AND CASUALTY INSURANCE COMPANY,tx-age65_married,403
tx-2025,TX,2025,https://www.helpinsure.com/auto.html,"raw/api/autoResults_79072_age65_married.json (POST https://www.helpinsure.com/api/autoResults, body in raw/api/manifest.json); record RPTG_INSR_ID=246 PLANKEY_ID=1162417176 field AUTO_SAMPLE_RATE_AMT",Plainview 79072 (Hale County),GEICO TEXAS COUNTY MUTUAL INSURANCE COMPANY / MGA: Endeavor Corporation,tx-age65_married,461
tx-2025,TX,2025,https://www.helpinsure.com/auto.html,"raw/api/autoResults_79072_age65_married.json (POST https://www.helpinsure.com/api/autoResults, body in raw/api/manifest.json); record RPTG_INSR_ID=102 PLANKEY_ID=1163636064 field AUTO_SAMPLE_RATE_AMT",Plainview 79072 (Hale County),PROGRESSIVE COUNTY MUTUAL INSURANCE COMPANY / MGA: PROGRESSIVE COUNTY MUTUAL - DIRECT RATES,tx-age65_married,465
tx-2025,TX,2025,https://www.helpinsure.com/auto.html,"raw/api/autoResults_79072_age65_married.json (POST https://www.helpinsure.com/api/autoResults, body in raw/api/manifest.json); record RPTG_INSR_ID=32 PLANKEY_ID=1150618176 field AUTO_SAMPLE_RATE_AMT",Plainview 79072 (Hale County),MERCURY COUNTY MUTUAL INSURANCE COMPANY,tx-age65_married,495
tx-2025,TX,2025,https://www.helpinsure.com/auto.html,"raw/api/autoResults_79072_age65_married.json (POST https://www.helpinsure.com/api/autoResults, body in raw/api/manifest.json); record RPTG_INSR_ID=50 PLANKEY_ID=1149806232 field AUTO_SAMPLE_RATE_AMT",Plainview 79072 (Hale County),STATE FARM MUTUAL AUTOMOBILE INSURANCE COMPANY,tx-age65_married,516
tx-2025,TX,2025,https://www.helpinsure.com/auto.html,"raw/api/autoResults_79072_age65_married.json (POST https://www.helpinsure.com/api/autoResults, body in raw/api/manifest.json); record RPTG_INSR_ID=6 PLANKEY_ID=1164991896 field AUTO_SAMPLE_RATE_AMT",Plainview 79072 (Hale County),ALLSTATE FIRE AND CASUALTY INSURANCE COMPANY,tx-age65_married,547
tx-2025,TX,2025,https://www.helpinsure.com/auto.html,"raw/api/autoResults_79072_age65_married.json (POST https://www.helpinsure.com/api/autoResults, body in raw/api/manifest.json); record RPTG_INSR_ID=238 PLANKEY_ID=1164449304 field AUTO_SAMPLE_RATE_AMT",Plainview 79072 (Hale County),MID-CENTURY INSURANCE COMPANY OF TEXAS,tx-age65_married,579
tx-2025,TX,2025,https://www.helpinsure.com/auto.html,"raw/api/autoResults_79072_age65_married.json (POST https://www.helpinsure.com/api/autoResults, body in raw/api/manifest.json); record RPTG_INSR_ID=104 PLANKEY_ID=1164748392 field AUTO_SAMPLE_RATE_AMT",Plainview 79072 (Hale County),TEXAS AUTOMOBILE INSURANCE PLAN ASSOCIATION,tx-age65_married,632
tx-2025,TX,2025,https://www.helpinsure.com/auto.html,"raw/api/autoResults_79072_age65_married.json (POST https://www.helpinsure.com/api/autoResults, body in raw/api/manifest.json); record RPTG_INSR_ID=140 PLANKEY_ID=1152652896 field AUTO_SAMPLE_RATE_AMT",Plainview 79072 (Hale County),FOREMOST COUNTY MUTUAL INSURANCE COMPANY,tx-age65_married,658
tx-2025,TX,2025,https://www.helpinsure.com/auto.html,"raw/api/autoResults_79072_age65_married.json (POST https://www.helpinsure.com/api/autoResults, body in raw/api/manifest.json); record RPTG_INSR_ID=48 PLANKEY_ID=1150211880 field AUTO_SAMPLE_RATE_AMT",Plainview 79072 (Hale County),STATE FARM COUNTY MUTUAL INSURANCE COMPANY OF TEXAS,tx-age65_married,667
tx-2025,TX,2025,https://www.helpinsure.com/auto.html,"raw/api/autoResults_79072_age65_married.json (POST https://www.helpinsure.com/api/autoResults, body in raw/api/manifest.json); record RPTG_INSR_ID=1 PLANKEY_ID=1148451696 field AUTO_SAMPLE_RATE_AMT",Plainview 79072 (Hale County),AUTO CLUB COUNTY MUTUAL INSURANCE COMPANY,tx-age65_married,681
tx-2025,TX,2025,https://www.helpinsure.com/auto.html,"raw/api/autoResults_79072_age65_married.json (POST https://www.helpinsure.com/api/autoResults, body in raw/api/manifest.json); record RPTG_INSR_ID=138 PLANKEY_ID=1153466136 field AUTO_SAMPLE_RATE_AMT",Plainview 79072 (Hale County),INFINITY COUNTY MUTUAL INSURANCE COMPANY,tx-age65_married,698
tx-2025,TX,2025,https://www.helpinsure.com/auto.html,"raw/api/autoResults_79072_age65_married.json (POST https://www.helpinsure.com/api/autoResults, body in raw/api/manifest.json); record RPTG_INSR_ID=175 PLANKEY_ID=1164042360 field AUTO_SAMPLE_RATE_AMT",Plainview 79072 (Hale County),FARMERS PROPERTY AND CASUALTY INSURANCE COMPANY,tx-age65_married,706
tx-2025,TX,2025,https://www.helpinsure.com/auto.html,"raw/api/autoResults_79072_age65_married.json (POST https://www.helpinsure.com/api/autoResults, body in raw/api/manifest.json); record RPTG_INSR_ID=173 PLANKEY_ID=1151839008 field AUTO_SAMPLE_RATE_AMT",Plainview 79072 (Hale County),ECONOMY FIRE & CASUALTY COMPANY,tx-age65_married,714
tx-2025,TX,2025,https://www.helpinsure.com/auto.html,"raw/api/autoResults_79072_age65_married.json (POST https://www.helpinsure.com/api/autoResults, body in raw/api/manifest.json); record RPTG_INSR_ID=5 PLANKEY_ID=1153059192 field AUTO_SAMPLE_RATE_AMT",Plainview 79072 (Hale County),ALLSTATE COUNTY MUTUAL INSURANCE COMPANY,tx-age65_married,735
tx-2025,TX,2025,https://www.helpinsure.com/auto.html,"raw/api/autoResults_79072_age65_married.json (POST https://www.helpinsure.com/api/autoResults, body in raw/api/manifest.json); record RPTG_INSR_ID=16 PLANKEY_ID=1151432064 field AUTO_SAMPLE_RATE_AMT",Plainview 79072 (Hale County),CONSUMERS COUNTY MUTUAL INSURANCE COMPANY / MGA: Travelers Quantum Auto 2.0 Program,tx-age65_married,911
tx-2025,TX,2025,https://www.helpinsure.com/auto.html,"raw/api/autoResults_79072_age65_married.json (POST https://www.helpinsure.com/api/autoResults, body in raw/api/manifest.json); record RPTG_INSR_ID=124 PLANKEY_ID=1165398840 field AUTO_SAMPLE_RATE_AMT",Plainview 79072 (Hale County),CONSUMERS COUNTY MUTUAL INSURANCE COMPANY,tx-age65_married,911
tx-2025,TX,2025,https://www.helpinsure.com/auto.html,"raw/api/autoResults_79072_age65_married.json (POST https://www.helpinsure.com/api/autoResults, body in raw/api/manifest.json); record RPTG_INSR_ID=215 PLANKEY_ID=1149563376 field AUTO_SAMPLE_RATE_AMT",Plainview 79072 (Hale County),"MGA INSURANCE COMPANY, INC.",tx-age65_married,962
tx-2025,TX,2025,https://www.helpinsure.com/auto.html,"raw/api/autoResults_79072_age65_married.json (POST https://www.helpinsure.com/api/autoResults, body in raw/api/manifest.json); record RPTG_INSR_ID=123 PLANKEY_ID=1159433136 field AUTO_SAMPLE_RATE_AMT",Plainview 79072 (Hale County),AMICA MUTUAL INSURANCE COMPANY,tx-age65_married,1082
tx-2025,TX,2025,https://www.helpinsure.com/auto.html,"raw/api/autoResults_79072_age65_married.json (POST https://www.helpinsure.com/api/autoResults, body in raw/api/manifest.json); record RPTG_INSR_ID=33 PLANKEY_ID=1158212304 field AUTO_SAMPLE_RATE_AMT",Plainview 79072 (Hale County),FARMERS LLOYDS INSURANCE COMPANY OF TEXAS,tx-age65_married,1089
tx-2025,TX,2025,https://www.helpinsure.com/auto.html,"raw/api/autoResults_79072_age65_married.json (POST https://www.helpinsure.com/api/autoResults, body in raw/api/manifest.json); record RPTG_INSR_ID=209 PLANKEY_ID=1159026192 field AUTO_SAMPLE_RATE_AMT",Plainview 79072 (Hale County),AMERICAN FAMILY CONNECT PROPERTY AND CASUALTY INSURANCE COMPANY,tx-age65_married,1090
tx-2025,TX,2025,https://www.helpinsure.com/auto.html,"raw/api/autoResults_79072_age65_married.json (POST https://www.helpinsure.com/api/autoResults, body in raw/api/manifest.json); record RPTG_INSR_ID=205 PLANKEY_ID=1148857992 field AUTO_SAMPLE_RATE_AMT",Plainview 79072 (Hale County),DAIRYLAND COUNTY MUTUAL INSURANCE COMPANY OF TEXAS,tx-age65_married,1127
tx-2025,TX,2025,https://www.helpinsure.com/auto.html,"raw/api/autoResults_79072_age65_married.json (POST https://www.helpinsure.com/api/autoResults, body in raw/api/manifest.json); record RPTG_INSR_ID=161 PLANKEY_ID=1148044752 field AUTO_SAMPLE_RATE_AMT",Plainview 79072 (Hale County),AMICA PROPERTY AND CASUALTY INSURANCE COMPANY,tx-age65_married,1188
tx-2025,TX,2025,https://www.helpinsure.com/auto.html,"raw/api/autoResults_79072_age65_married.json (POST https://www.helpinsure.com/api/autoResults, body in raw/api/manifest.json); record RPTG_INSR_ID=142 PLANKEY_ID=1151186472 field AUTO_SAMPLE_RATE_AMT",Plainview 79072 (Hale County),"COLONIAL COUNTY MUTUAL INSURANCE COMPANY / MGA: Titan Insurance Services, Inc.",tx-age65_married,1323
tx-2025,TX,2025,https://www.helpinsure.com/auto.html,"raw/api/autoResults_79072_age65_married.json (POST https://www.helpinsure.com/api/autoResults, body in raw/api/manifest.json); record RPTG_INSR_ID=155 PLANKEY_ID=1162824120 field AUTO_SAMPLE_RATE_AMT",Plainview 79072 (Hale County),LIBERTY COUNTY MUTUAL INSURANCE COMPANY / MGA: Safeco General Agency (Safeco),tx-age65_married,1540
tx-2025,TX,2025,https://www.helpinsure.com/auto.html,"raw/api/autoResults_79072_age65_married.json (POST https://www.helpinsure.com/api/autoResults, body in raw/api/manifest.json); record RPTG_INSR_ID=45 PLANKEY_ID=1159840080 field AUTO_SAMPLE_RATE_AMT",Plainview 79072 (Hale County),"SENTINEL INSURANCE COMPANY, LTD.",tx-age65_married,1564
tx-2025,TX,2025,https://www.helpinsure.com/auto.html,"raw/api/autoResults_79072_age65_married.json (POST https://www.helpinsure.com/api/autoResults, body in raw/api/manifest.json); record RPTG_INSR_ID=219 PLANKEY_ID=1153765224 field AUTO_SAMPLE_RATE_AMT",Plainview 79072 (Hale County),AMERICAN ACCESS CASUALTY COMPANY,tx-age65_married,2379
tx-2025,TX,2025,https://www.helpinsure.com/auto.html,"raw/api/autoResults_79072_age65_married.json (POST https://www.helpinsure.com/api/autoResults, body in raw/api/manifest.json); record RPTG_INSR_ID=212 PLANKEY_ID=1158619248 field AUTO_SAMPLE_RATE_AMT",Plainview 79072 (Hale County),ENCOMPASS INDEPENDENT INSURANCE COMPANY,tx-age65_married,2822
tx-2025,TX,2025,https://www.helpinsure.com/auto.html,"raw/api/autoResults_79072_base.json (POST https://www.helpinsure.com/api/autoResults, body in raw/api/manifest.json); record RPTG_INSR_ID=21 PLANKEY_ID=1152245574 field AUTO_SAMPLE_RATE_AMT",Plainview 79072 (Hale County),FARMERS TEXAS COUNTY MUTUAL INSURANCE COMPANY,tx-base,248
tx-2025,TX,2025,https://www.helpinsure.com/auto.html,"raw/api/autoResults_79072_base.json (POST https://www.helpinsure.com/api/autoResults, body in raw/api/manifest.json); record RPTG_INSR_ID=283 PLANKEY_ID=1161467478 field AUTO_SAMPLE_RATE_AMT",Plainview 79072 (Hale County),GEICO TEXAS COUNTY MUTUAL INSURANCE COMPANY / MGA: Voyager Corporation,tx-base,257
tx-2025,TX,2025,https://www.helpinsure.com/auto.html,"raw/api/autoResults_79072_base.json (POST https://www.helpinsure.com/api/autoResults, body in raw/api/manifest.json); record RPTG_INSR_ID=282 PLANKEY_ID=1160246646 field AUTO_SAMPLE_RATE_AMT",Plainview 79072 (Hale County),GEICO TEXAS COUNTY MUTUAL INSURANCE COMPANY / MGA: Horizon Corporation,tx-base,260
tx-2025,TX,2025,https://www.helpinsure.com/auto.html,"raw/api/autoResults_79072_base.json (POST https://www.helpinsure.com/api/autoResults, body in raw/api/manifest.json); record RPTG_INSR_ID=281 PLANKEY_ID=1161060534 field AUTO_SAMPLE_RATE_AMT",Plainview 79072 (Hale County),GEICO TEXAS COUNTY MUTUAL INSURANCE COMPANY / MGA: Perspective Corporation,tx-base,269
tx-2025,TX,2025,https://www.helpinsure.com/auto.html,"raw/api/autoResults_79072_base.json (POST https://www.helpinsure.com/api/autoResults, body in raw/api/manifest.json); record RPTG_INSR_ID=41 PLANKEY_ID=1163230038 field AUTO_SAMPLE_RATE_AMT",Plainview 79072 (Hale County),PROGRESSIVE COUNTY MUTUAL INSURANCE COMPANY,tx-base,364
tx-2025,TX,2025,https://www.helpinsure.com/auto.html,"raw/api/autoResults_79072_base.json (POST https://www.helpinsure.com/api/autoResults, body in raw/api/manifest.json); record RPTG_INSR_ID=56 PLANKEY_ID=1156991094 field AUTO_SAMPLE_RATE_AMT",Plainview 79072 (Hale County),UNITED SERVICES AUTOMOBILE ASSOCIATION,tx-base,379
tx-2025,TX,2025,https://www.helpinsure.com/auto.html,"raw/api/autoResults_79072_base.json (POST https://www.helpinsure.com/api/autoResults, body in raw/api/manifest.json); record RPTG_INSR_ID=119 PLANKEY_ID=1157398038 field AUTO_SAMPLE_RATE_AMT",Plainview 79072 (Hale County),USAA CASUALTY INSURANCE COMPANY,tx-base,398
tx-2025,TX,2025,https://www.helpinsure.com/auto.html,"raw/api/autoResults_79072_base.json (POST https://www.helpinsure.com/api/autoResults, body in raw/api/manifest.json); record RPTG_INSR_ID=112 PLANKEY_ID=1156178502 field AUTO_SAMPLE_RATE_AMT",Plainview 79072 (Hale County),GARRISON PROPERTY AND CASUALTY INSURANCE COMPANY,tx-base,463
tx-2025,TX,2025,https://www.helpinsure.com/auto.html,"raw/api/autoResults_79072_base.json (POST https://www.helpinsure.com/api/autoResults, body in raw/api/manifest.json); record RPTG_INSR_ID=118 PLANKEY_ID=1157804982 field AUTO_SAMPLE_RATE_AMT",Plainview 79072 (Hale County),USAA GENERAL INDEMNITY COMPANY,tx-base,479
tx-2025,TX,2025,https://www.helpinsure.com/auto.html,"raw/api/autoResults_79072_base.json (POST https://www.helpinsure.com/api/autoResults, body in raw/api/manifest.json); record RPTG_INSR_ID=246 PLANKEY_ID=1162416798 field AUTO_SAMPLE_RATE_AMT",Plainview 79072 (Hale County),GEICO TEXAS COUNTY MUTUAL INSURANCE COMPANY / MGA: Endeavor Corporation,tx-base,503
tx-2025,TX,2025,https://www.helpinsure.com/auto.html,"raw/api/autoResults_79072_base.json (POST https://www.helpinsure.com/api/autoResults, body in raw/api/manifest.json); record RPTG_INSR_ID=102 PLANKEY_ID=1163635686 field AUTO_SAMPLE_RATE_AMT",Plainview 79072 (Hale County),PROGRESSIVE COUNTY MUTUAL INSURANCE COMPANY / MGA: PROGRESSIVE COUNTY MUTUAL - DIRECT RATES,tx-base,526
tx-2025,TX,2025,https://www.helpinsure.com/auto.html,"raw/api/autoResults_79072_base.json (POST https://www.helpinsure.com/api/autoResults, body in raw/api/manifest.json); record RPTG_INSR_ID=50 PLANKEY_ID=1149805854 field AUTO_SAMPLE_RATE_AMT",Plainview 79072 (Hale County),STATE FARM MUTUAL AUTOMOBILE INSURANCE COMPANY,tx-base,549
tx-2025,TX,2025,https://www.helpinsure.com/auto.html,"raw/api/autoResults_79072_base.json (POST https://www.helpinsure.com/api/autoResults, body in raw/api/manifest.json); record RPTG_INSR_ID=6 PLANKEY_ID=1164991518 field AUTO_SAMPLE_RATE_AMT",Plainview 79072 (Hale County),ALLSTATE FIRE AND CASUALTY INSURANCE COMPANY,tx-base,606
tx-2025,TX,2025,https://www.helpinsure.com/auto.html,"raw/api/autoResults_79072_base.json (POST https://www.helpinsure.com/api/autoResults, body in raw/api/manifest.json); record RPTG_INSR_ID=104 PLANKEY_ID=1164748266 field AUTO_SAMPLE_RATE_AMT",Plainview 79072 (Hale County),TEXAS AUTOMOBILE INSURANCE PLAN ASSOCIATION,tx-base,632
tx-2025,TX,2025,https://www.helpinsure.com/auto.html,"raw/api/autoResults_79072_base.json (POST https://www.helpinsure.com/api/autoResults, body in raw/api/manifest.json); record RPTG_INSR_ID=238 PLANKEY_ID=1164448926 field AUTO_SAMPLE_RATE_AMT",Plainview 79072 (Hale County),MID-CENTURY INSURANCE COMPANY OF TEXAS,tx-base,664
tx-2025,TX,2025,https://www.helpinsure.com/auto.html,"raw/api/autoResults_79072_base.json (POST https://www.helpinsure.com/api/autoResults, body in raw/api/manifest.json); record RPTG_INSR_ID=32 PLANKEY_ID=1150617798 field AUTO_SAMPLE_RATE_AMT",Plainview 79072 (Hale County),MERCURY COUNTY MUTUAL INSURANCE COMPANY,tx-base,679
tx-2025,TX,2025,https://www.helpinsure.com/auto.html,"raw/api/autoResults_79072_base.json (POST https://www.helpinsure.com/api/autoResults, body in raw/api/manifest.json); record RPTG_INSR_ID=140 PLANKEY_ID=1152652518 field AUTO_SAMPLE_RATE_AMT",Plainview 79072 (Hale County),FOREMOST COUNTY MUTUAL INSURANCE COMPANY,tx-base,705
tx-2025,TX,2025,https://www.helpinsure.com/auto.html,"raw/api/autoResults_79072_base.json (POST https://www.helpinsure.com/api/autoResults, body in raw/api/manifest.json); record RPTG_INSR_ID=5 PLANKEY_ID=1153058814 field AUTO_SAMPLE_RATE_AMT",Plainview 79072 (Hale County),ALLSTATE COUNTY MUTUAL INSURANCE COMPANY,tx-base,720
tx-2025,TX,2025,https://www.helpinsure.com/auto.html,"raw/api/autoResults_79072_base.json (POST https://www.helpinsure.com/api/autoResults, body in raw/api/manifest.json); record RPTG_INSR_ID=48 PLANKEY_ID=1150211502 field AUTO_SAMPLE_RATE_AMT",Plainview 79072 (Hale County),STATE FARM COUNTY MUTUAL INSURANCE COMPANY OF TEXAS,tx-base,741
tx-2025,TX,2025,https://www.helpinsure.com/auto.html,"raw/api/autoResults_79072_base.json (POST https://www.helpinsure.com/api/autoResults, body in raw/api/manifest.json); record RPTG_INSR_ID=1 PLANKEY_ID=1148451318 field AUTO_SAMPLE_RATE_AMT",Plainview 79072 (Hale County),AUTO CLUB COUNTY MUTUAL INSURANCE COMPANY,tx-base,759
tx-2025,TX,2025,https://www.helpinsure.com/auto.html,"raw/api/autoResults_79072_base.json (POST https://www.helpinsure.com/api/autoResults, body in raw/api/manifest.json); record RPTG_INSR_ID=138 PLANKEY_ID=1153465758 field AUTO_SAMPLE_RATE_AMT",Plainview 79072 (Hale County),INFINITY COUNTY MUTUAL INSURANCE COMPANY,tx-base,789
tx-2025,TX,2025,https://www.helpinsure.com/auto.html,"raw/api/autoResults_79072_base.json (POST https://www.helpinsure.com/api/autoResults, body in raw/api/manifest.json); record RPTG_INSR_ID=175 PLANKEY_ID=1164041982 field AUTO_SAMPLE_RATE_AMT",Plainview 79072 (Hale County),FARMERS PROPERTY AND CASUALTY INSURANCE COMPANY,tx-base,853
tx-2025,TX,2025,https://www.helpinsure.com/auto.html,"raw/api/autoResults_79072_base.json (POST https://www.helpinsure.com/api/autoResults, body in raw/api/manifest.json); record RPTG_INSR_ID=16 PLANKEY_ID=1151431686 field AUTO_SAMPLE_RATE_AMT",Plainview 79072 (Hale County),CONSUMERS COUNTY MUTUAL INSURANCE COMPANY / MGA: Travelers Quantum Auto 2.0 Program,tx-base,951
tx-2025,TX,2025,https://www.helpinsure.com/auto.html,"raw/api/autoResults_79072_base.json (POST https://www.helpinsure.com/api/autoResults, body in raw/api/manifest.json); record RPTG_INSR_ID=124 PLANKEY_ID=1165398462 field AUTO_SAMPLE_RATE_AMT",Plainview 79072 (Hale County),CONSUMERS COUNTY MUTUAL INSURANCE COMPANY,tx-base,951
tx-2025,TX,2025,https://www.helpinsure.com/auto.html,"raw/api/autoResults_79072_base.json (POST https://www.helpinsure.com/api/autoResults, body in raw/api/manifest.json); record RPTG_INSR_ID=173 PLANKEY_ID=1151838630 field AUTO_SAMPLE_RATE_AMT",Plainview 79072 (Hale County),ECONOMY FIRE & CASUALTY COMPANY,tx-base,998
tx-2025,TX,2025,https://www.helpinsure.com/auto.html,"raw/api/autoResults_79072_base.json (POST https://www.helpinsure.com/api/autoResults, body in raw/api/manifest.json); record RPTG_INSR_ID=215 PLANKEY_ID=1149563250 field AUTO_SAMPLE_RATE_AMT",Plainview 79072 (Hale County),"MGA INSURANCE COMPANY, INC.",tx-base,1042
tx-2025,TX,2025,https://www.helpinsure.com/auto.html,"raw/api/autoResults_79072_base.json (POST https://www.helpinsure.com/api/autoResults, body in raw/api/manifest.json); record RPTG_INSR_ID=123 PLANKEY_ID=1159432758 field AUTO_SAMPLE_RATE_AMT",Plainview 79072 (Hale County),AMICA MUTUAL INSURANCE COMPANY,tx-base,1139
tx-2025,TX,2025,https://www.helpinsure.com/auto.html,"raw/api/autoResults_79072_base.json (POST https://www.helpinsure.com/api/autoResults, body in raw/api/manifest.json); record RPTG_INSR_ID=209 PLANKEY_ID=1159025814 field AUTO_SAMPLE_RATE_AMT",Plainview 79072 (Hale County),AMERICAN FAMILY CONNECT PROPERTY AND CASUALTY INSURANCE COMPANY,tx-base,1246
tx-2025,TX,2025,https://www.helpinsure.com/auto.html,"raw/api/autoResults_79072_base.json (POST https://www.helpinsure.com/api/autoResults, body in raw/api/manifest.json); record RPTG_INSR_ID=161 PLANKEY_ID=1148044374 field AUTO_SAMPLE_RATE_AMT",Plainview 79072 (Hale County),AMICA PROPERTY AND CASUALTY INSURANCE COMPANY,tx-base,1250
tx-2025,TX,2025,https://www.helpinsure.com/auto.html,"raw/api/autoResults_79072_base.json (POST https://www.helpinsure.com/api/autoResults, body in raw/api/manifest.json); record RPTG_INSR_ID=33 PLANKEY_ID=1158211926 field AUTO_SAMPLE_RATE_AMT",Plainview 79072 (Hale County),FARMERS LLOYDS INSURANCE COMPANY OF TEXAS,tx-base,1354
tx-2025,TX,2025,https://www.helpinsure.com/auto.html,"raw/api/autoResults_79072_base.json (POST https://www.helpinsure.com/api/autoResults, body in raw/api/manifest.json); record RPTG_INSR_ID=142 PLANKEY_ID=1151186094 field AUTO_SAMPLE_RATE_AMT",Plainview 79072 (Hale County),"COLONIAL COUNTY MUTUAL INSURANCE COMPANY / MGA: Titan Insurance Services, Inc.",tx-base,1394
tx-2025,TX,2025,https://www.helpinsure.com/auto.html,"raw/api/autoResults_79072_base.json (POST https://www.helpinsure.com/api/autoResults, body in raw/api/manifest.json); record RPTG_INSR_ID=205 PLANKEY_ID=1148857614 field AUTO_SAMPLE_RATE_AMT",Plainview 79072 (Hale County),DAIRYLAND COUNTY MUTUAL INSURANCE COMPANY OF TEXAS,tx-base,1535
tx-2025,TX,2025,https://www.helpinsure.com/auto.html,"raw/api/autoResults_79072_base.json (POST https://www.helpinsure.com/api/autoResults, body in raw/api/manifest.json); record RPTG_INSR_ID=155 PLANKEY_ID=1162823742 field AUTO_SAMPLE_RATE_AMT",Plainview 79072 (Hale County),LIBERTY COUNTY MUTUAL INSURANCE COMPANY / MGA: Safeco General Agency (Safeco),tx-base,1691
tx-2025,TX,2025,https://www.helpinsure.com/auto.html,"raw/api/autoResults_79072_base.json (POST https://www.helpinsure.com/api/autoResults, body in raw/api/manifest.json); record RPTG_INSR_ID=45 PLANKEY_ID=1159839702 field AUTO_SAMPLE_RATE_AMT",Plainview 79072 (Hale County),"SENTINEL INSURANCE COMPANY, LTD.",tx-base,1868
tx-2025,TX,2025,https://www.helpinsure.com/auto.html,"raw/api/autoResults_79072_base.json (POST https://www.helpinsure.com/api/autoResults, body in raw/api/manifest.json); record RPTG_INSR_ID=219 PLANKEY_ID=1153765098 field AUTO_SAMPLE_RATE_AMT",Plainview 79072 (Hale County),AMERICAN ACCESS CASUALTY COMPANY,tx-base,2212
tx-2025,TX,2025,https://www.helpinsure.com/auto.html,"raw/api/autoResults_79072_base.json (POST https://www.helpinsure.com/api/autoResults, body in raw/api/manifest.json); record RPTG_INSR_ID=212 PLANKEY_ID=1158618870 field AUTO_SAMPLE_RATE_AMT",Plainview 79072 (Hale County),ENCOMPASS INDEPENDENT INSURANCE COMPANY,tx-base,2980
tx-2025,TX,2025,https://www.helpinsure.com/auto.html,"raw/api/autoResults_79072_creditGood.json (POST https://www.helpinsure.com/api/autoResults, body in raw/api/manifest.json); record RPTG_INSR_ID=283 PLANKEY_ID=1161467481 field AUTO_SAMPLE_RATE_AMT",Plainview 79072 (Hale County),GEICO TEXAS COUNTY MUTUAL INSURANCE COMPANY / MGA: Voyager Corporation,tx-creditGood,209
tx-2025,TX,2025,https://www.helpinsure.com/auto.html,"raw/api/autoResults_79072_creditGood.json (POST https://www.helpinsure.com/api/autoResults, body in raw/api/manifest.json); record RPTG_INSR_ID=282 PLANKEY_ID=1160246649 field AUTO_SAMPLE_RATE_AMT",Plainview 79072 (Hale County),GEICO TEXAS COUNTY MUTUAL INSURANCE COMPANY / MGA: Horizon Corporation,tx-creditGood,211
tx-2025,TX,2025,https://www.helpinsure.com/auto.html,"raw/api/autoResults_79072_creditGood.json (POST https://www.helpinsure.com/api/autoResults, body in raw/api/manifest.json); record RPTG_INSR_ID=281 PLANKEY_ID=1161060537 field AUTO_SAMPLE_RATE_AMT",Plainview 79072 (Hale County),GEICO TEXAS COUNTY MUTUAL INSURANCE COMPANY / MGA: Perspective Corporation,tx-creditGood,225
tx-2025,TX,2025,https://www.helpinsure.com/auto.html,"raw/api/autoResults_79072_creditGood.json (POST https://www.helpinsure.com/api/autoResults, body in raw/api/manifest.json); record RPTG_INSR_ID=21 PLANKEY_ID=1152245577 field AUTO_SAMPLE_RATE_AMT",Plainview 79072 (Hale County),FARMERS TEXAS COUNTY MUTUAL INSURANCE COMPANY,tx-creditGood,292
tx-2025,TX,2025,https://www.helpinsure.com/auto.html,"raw/api/autoResults_79072_creditGood.json (POST https://www.helpinsure.com/api/autoResults, body in raw/api/manifest.json); record RPTG_INSR_ID=41 PLANKEY_ID=1163230041 field AUTO_SAMPLE_RATE_AMT",Plainview 79072 (Hale County),PROGRESSIVE COUNTY MUTUAL INSURANCE COMPANY,tx-creditGood,334
tx-2025,TX,2025,https://www.helpinsure.com/auto.html,"raw/api/autoResults_79072_creditGood.json (POST https://www.helpinsure.com/api/autoResults, body in raw/api/manifest.json); record RPTG_INSR_ID=56 PLANKEY_ID=1156991097 field AUTO_SAMPLE_RATE_AMT",Plainview 79072 (Hale County),UNITED SERVICES AUTOMOBILE ASSOCIATION,tx-creditGood,334
tx-2025,TX,2025,https://www.helpinsure.com/auto.html,"raw/api/autoResults_79072_creditGood.json (POST https://www.helpinsure.com/api/autoResults, body in raw/api/manifest.json); record RPTG_INSR_ID=119 PLANKEY_ID=1157398041 field AUTO_SAMPLE_RATE_AMT",Plainview 79072 (Hale County),USAA CASUALTY INSURANCE COMPANY,tx-creditGood,343
tx-2025,TX,2025,https://www.helpinsure.com/auto.html,"raw/api/autoResults_79072_creditGood.json (POST https://www.helpinsure.com/api/autoResults, body in raw/api/manifest.json); record RPTG_INSR_ID=118 PLANKEY_ID=1157804985 field AUTO_SAMPLE_RATE_AMT",Plainview 79072 (Hale County),USAA GENERAL INDEMNITY COMPANY,tx-creditGood,378
tx-2025,TX,2025,https://www.helpinsure.com/auto.html,"raw/api/autoResults_79072_creditGood.json (POST https://www.helpinsure.com/api/autoResults, body in raw/api/manifest.json); record RPTG_INSR_ID=112 PLANKEY_ID=1156178505 field AUTO_SAMPLE_RATE_AMT",Plainview 79072 (Hale County),GARRISON PROPERTY AND CASUALTY INSURANCE COMPANY,tx-creditGood,388
tx-2025,TX,2025,https://www.helpinsure.com/auto.html,"raw/api/autoResults_79072_creditGood.json (POST https://www.helpinsure.com/api/autoResults, body in raw/api/manifest.json); record RPTG_INSR_ID=246 PLANKEY_ID=1162416801 field AUTO_SAMPLE_RATE_AMT",Plainview 79072 (Hale County),GEICO TEXAS COUNTY MUTUAL INSURANCE COMPANY / MGA: Endeavor Corporation,tx-creditGood,428
tx-2025,TX,2025,https://www.helpinsure.com/auto.html,"raw/api/autoResults_79072_creditGood.json (POST https://www.helpinsure.com/api/autoResults, body in raw/api/manifest.json); record RPTG_INSR_ID=50 PLANKEY_ID=1149805857 field AUTO_SAMPLE_RATE_AMT",Plainview 79072 (Hale County),STATE FARM MUTUAL AUTOMOBILE INSURANCE COMPANY,tx-creditGood,452
tx-2025,TX,2025,https://www.helpinsure.com/auto.html,"raw/api/autoResults_79072_creditGood.json (POST https://www.helpinsure.com/api/autoResults, body in raw/api/manifest.json); record RPTG_INSR_ID=6 PLANKEY_ID=1164991521 field AUTO_SAMPLE_RATE_AMT",Plainview 79072 (Hale County),ALLSTATE FIRE AND CASUALTY INSURANCE COMPANY,tx-creditGood,477
tx-2025,TX,2025,https://www.helpinsure.com/auto.html,"raw/api/autoResults_79072_creditGood.json (POST https://www.helpinsure.com/api/autoResults, body in raw/api/manifest.json); record RPTG_INSR_ID=102 PLANKEY_ID=1163635689 field AUTO_SAMPLE_RATE_AMT",Plainview 79072 (Hale County),PROGRESSIVE COUNTY MUTUAL INSURANCE COMPANY / MGA: PROGRESSIVE COUNTY MUTUAL - DIRECT RATES,tx-creditGood,502
tx-2025,TX,2025,https://www.helpinsure.com/auto.html,"raw/api/autoResults_79072_creditGood.json (POST https://www.helpinsure.com/api/autoResults, body in raw/api/manifest.json); record RPTG_INSR_ID=238 PLANKEY_ID=1164448929 field AUTO_SAMPLE_RATE_AMT",Plainview 79072 (Hale County),MID-CENTURY INSURANCE COMPANY OF TEXAS,tx-creditGood,550
tx-2025,TX,2025,https://www.helpinsure.com/auto.html,"raw/api/autoResults_79072_creditGood.json (POST https://www.helpinsure.com/api/autoResults, body in raw/api/manifest.json); record RPTG_INSR_ID=32 PLANKEY_ID=1150617801 field AUTO_SAMPLE_RATE_AMT",Plainview 79072 (Hale County),MERCURY COUNTY MUTUAL INSURANCE COMPANY,tx-creditGood,555
tx-2025,TX,2025,https://www.helpinsure.com/auto.html,"raw/api/autoResults_79072_creditGood.json (POST https://www.helpinsure.com/api/autoResults, body in raw/api/manifest.json); record RPTG_INSR_ID=140 PLANKEY_ID=1152652521 field AUTO_SAMPLE_RATE_AMT",Plainview 79072 (Hale County),FOREMOST COUNTY MUTUAL INSURANCE COMPANY,tx-creditGood,580
tx-2025,TX,2025,https://www.helpinsure.com/auto.html,"raw/api/autoResults_79072_creditGood.json (POST https://www.helpinsure.com/api/autoResults, body in raw/api/manifest.json); record RPTG_INSR_ID=48 PLANKEY_ID=1150211505 field AUTO_SAMPLE_RATE_AMT",Plainview 79072 (Hale County),STATE FARM COUNTY MUTUAL INSURANCE COMPANY OF TEXAS,tx-creditGood,605
tx-2025,TX,2025,https://www.helpinsure.com/auto.html,"raw/api/autoResults_79072_creditGood.json (POST https://www.helpinsure.com/api/autoResults, body in raw/api/manifest.json); record RPTG_INSR_ID=104 PLANKEY_ID=1164748269 field AUTO_SAMPLE_RATE_AMT",Plainview 79072 (Hale County),TEXAS AUTOMOBILE INSURANCE PLAN ASSOCIATION,tx-creditGood,632
tx-2025,TX,2025,https://www.helpinsure.com/auto.html,"raw/api/autoResults_79072_creditGood.json (POST https://www.helpinsure.com/api/autoResults, body in raw/api/manifest.json); record RPTG_INSR_ID=16 PLANKEY_ID=1151431689 field AUTO_SAMPLE_RATE_AMT",Plainview 79072 (Hale County),CONSUMERS COUNTY MUTUAL INSURANCE COMPANY / MGA: Travelers Quantum Auto 2.0 Program,tx-creditGood,659
tx-2025,TX,2025,https://www.helpinsure.com/auto.html,"raw/api/autoResults_79072_creditGood.json (POST https://www.helpinsure.com/api/autoResults, body in raw/api/manifest.json); record RPTG_INSR_ID=124 PLANKEY_ID=1165398465 field AUTO_SAMPLE_RATE_AMT",Plainview 79072 (Hale County),CONSUMERS COUNTY MUTUAL INSURANCE COMPANY,tx-creditGood,659
tx-2025,TX,2025,https://www.helpinsure.com/auto.html,"raw/api/autoResults_79072_creditGood.json (POST https://www.helpinsure.com/api/autoResults, body in raw/api/manifest.json); record RPTG_INSR_ID=1 PLANKEY_ID=1148451321 field AUTO_SAMPLE_RATE_AMT",Plainview 79072 (Hale County),AUTO CLUB COUNTY MUTUAL INSURANCE COMPANY,tx-creditGood,668
tx-2025,TX,2025,https://www.helpinsure.com/auto.html,"raw/api/autoResults_79072_creditGood.json (POST https://www.helpinsure.com/api/autoResults, body in raw/api/manifest.json); record RPTG_INSR_ID=5 PLANKEY_ID=1153058817 field AUTO_SAMPLE_RATE_AMT",Plainview 79072 (Hale County),ALLSTATE COUNTY MUTUAL INSURANCE COMPANY,tx-creditGood,678
tx-2025,TX,2025,https://www.helpinsure.com/auto.html,"raw/api/autoResults_79072_creditGood.json (POST https://www.helpinsure.com/api/autoResults, body in raw/api/manifest.json); record RPTG_INSR_ID=175 PLANKEY_ID=1164041985 field AUTO_SAMPLE_RATE_AMT",Plainview 79072 (Hale County),FARMERS PROPERTY AND CASUALTY INSURANCE COMPANY,tx-creditGood,719
tx-2025,TX,2025,https://www.helpinsure.com/auto.html,"raw/api/autoResults_79072_creditGood.json (POST https://www.helpinsure.com/api/autoResults, body in raw/api/manifest.json); record RPTG_INSR_ID=138 PLANKEY_ID=1153465761 field AUTO_SAMPLE_RATE_AMT",Plainview 79072 (Hale County),INFINITY COUNTY MUTUAL INSURANCE COMPANY,tx-creditGood,724
tx-2025,TX,2025,https://www.helpinsure.com/auto.html,"raw/api/autoResults_79072_creditGood.json (POST https://www.helpinsure.com/api/autoResults, body in raw/api/manifest.json); record RPTG_INSR_ID=173 PLANKEY_ID=1151838633 field AUTO_SAMPLE_RATE_AMT",Plainview 79072 (Hale County),ECONOMY FIRE & CASUALTY COMPANY,tx-creditGood,756
tx-2025,TX,2025,https://www.helpinsure.com/auto.html,"raw/api/autoResults_79072_creditGood.json (POST https://www.helpinsure.com/api/autoResults, body in raw/api/manifest.json); record RPTG_INSR_ID=123 PLANKEY_ID=1159432761 field AUTO_SAMPLE_RATE_AMT",Plainview 79072 (Hale County),AMICA MUTUAL INSURANCE COMPANY,tx-creditGood,812
tx-2025,TX,2025,https://www.helpinsure.com/auto.html,"raw/api/autoResults_79072_creditGood.json (POST https://www.helpinsure.com/api/autoResults, body in raw/api/manifest.json); record RPTG_INSR_ID=161 PLANKEY_ID=1148044377 field AUTO_SAMPLE_RATE_AMT",Plainview 79072 (Hale County),AMICA PROPERTY AND CASUALTY INSURANCE COMPANY,tx-creditGood,840
tx-2025,TX,2025,https://www.helpinsure.com/auto.html,"raw/api/autoResults_79072_creditGood.json (POST https://www.helpinsure.com/api/autoResults, body in raw/api/manifest.json); record RPTG_INSR_ID=215 PLANKEY_ID=1149563253 field AUTO_SAMPLE_RATE_AMT",Plainview 79072 (Hale County),"MGA INSURANCE COMPANY, INC.",tx-creditGood,932
tx-2025,TX,2025,https://www.helpinsure.com/auto.html,"raw/api/autoResults_79072_creditGood.json (POST https://www.helpinsure.com/api/autoResults, body in raw/api/manifest.json); record RPTG_INSR_ID=33 PLANKEY_ID=1158211929 field AUTO_SAMPLE_RATE_AMT",Plainview 79072 (Hale County),FARMERS LLOYDS INSURANCE COMPANY OF TEXAS,tx-creditGood,954
tx-2025,TX,2025,https://www.helpinsure.com/auto.html,"raw/api/autoResults_79072_creditGood.json (POST https://www.helpinsure.com/api/autoResults, body in raw/api/manifest.json); record RPTG_INSR_ID=209 PLANKEY_ID=1159025817 field AUTO_SAMPLE_RATE_AMT",Plainview 79072 (Hale County),AMERICAN FAMILY CONNECT PROPERTY AND CASUALTY INSURANCE COMPANY,tx-creditGood,1112
tx-2025,TX,2025,https://www.helpinsure.com/auto.html,"raw/api/autoResults_79072_creditGood.json (POST https://www.helpinsure.com/api/autoResults, body in raw/api/manifest.json); record RPTG_INSR_ID=142 PLANKEY_ID=1151186745 field AUTO_SAMPLE_RATE_AMT",Plainview 79072 (Hale County),"COLONIAL COUNTY MUTUAL INSURANCE COMPANY / MGA: Titan Insurance Services, Inc.",tx-creditGood,1155
tx-2025,TX,2025,https://www.helpinsure.com/auto.html,"raw/api/autoResults_79072_creditGood.json (POST https://www.helpinsure.com/api/autoResults, body in raw/api/manifest.json); record RPTG_INSR_ID=155 PLANKEY_ID=1162823745 field AUTO_SAMPLE_RATE_AMT",Plainview 79072 (Hale County),LIBERTY COUNTY MUTUAL INSURANCE COMPANY / MGA: Safeco General Agency (Safeco),tx-creditGood,1238
tx-2025,TX,2025,https://www.helpinsure.com/auto.html,"raw/api/autoResults_79072_creditGood.json (POST https://www.helpinsure.com/api/autoResults, body in raw/api/manifest.json); record RPTG_INSR_ID=205 PLANKEY_ID=1148857617 field AUTO_SAMPLE_RATE_AMT",Plainview 79072 (Hale County),DAIRYLAND COUNTY MUTUAL INSURANCE COMPANY OF TEXAS,tx-creditGood,1359
tx-2025,TX,2025,https://www.helpinsure.com/auto.html,"raw/api/autoResults_79072_creditGood.json (POST https://www.helpinsure.com/api/autoResults, body in raw/api/manifest.json); record RPTG_INSR_ID=45 PLANKEY_ID=1159839705 field AUTO_SAMPLE_RATE_AMT",Plainview 79072 (Hale County),"SENTINEL INSURANCE COMPANY, LTD.",tx-creditGood,1392
tx-2025,TX,2025,https://www.helpinsure.com/auto.html,"raw/api/autoResults_79072_creditGood.json (POST https://www.helpinsure.com/api/autoResults, body in raw/api/manifest.json); record RPTG_INSR_ID=219 PLANKEY_ID=1153765101 field AUTO_SAMPLE_RATE_AMT",Plainview 79072 (Hale County),AMERICAN ACCESS CASUALTY COMPANY,tx-creditGood,2212
tx-2025,TX,2025,https://www.helpinsure.com/auto.html,"raw/api/autoResults_79072_creditGood.json (POST https://www.helpinsure.com/api/autoResults, body in raw/api/manifest.json); record RPTG_INSR_ID=212 PLANKEY_ID=1158618873 field AUTO_SAMPLE_RATE_AMT",Plainview 79072 (Hale County),ENCOMPASS INDEPENDENT INSURANCE COMPANY,tx-creditGood,2980
tx-2025,TX,2025,https://www.helpinsure.com/auto.html,"raw/api/autoResults_79072_creditPoor.json (POST https://www.helpinsure.com/api/autoResults, body in raw/api/manifest.json); record RPTG_INSR_ID=21 PLANKEY_ID=1152245571 field AUTO_SAMPLE_RATE_AMT",Plainview 79072 (Hale County),FARMERS TEXAS COUNTY MUTUAL INSURANCE COMPANY,tx-creditPoor,200
tx-2025,TX,2025,https://www.helpinsure.com/auto.html,"raw/api/autoResults_79072_creditPoor.json (POST https://www.helpinsure.com/api/autoResults, body in raw/api/manifest.json); record RPTG_INSR_ID=283 PLANKEY_ID=1161467475 field AUTO_SAMPLE_RATE_AMT",Plainview 79072 (Hale County),GEICO TEXAS COUNTY MUTUAL INSURANCE COMPANY / MGA: Voyager Corporation,tx-creditPoor,324
tx-2025,TX,2025,https://www.helpinsure.com/auto.html,"raw/api/autoResults_79072_creditPoor.json (POST https://www.helpinsure.com/api/autoResults, body in raw/api/manifest.json); record RPTG_INSR_ID=282 PLANKEY_ID=1160246643 field AUTO_SAMPLE_RATE_AMT",Plainview 79072 (Hale County),GEICO TEXAS COUNTY MUTUAL INSURANCE COMPANY / MGA: Horizon Corporation,tx-creditPoor,328
tx-2025,TX,2025,https://www.helpinsure.com/auto.html,"raw/api/autoResults_79072_creditPoor.json (POST https://www.helpinsure.com/api/autoResults, body in raw/api/manifest.json); record RPTG_INSR_ID=281 PLANKEY_ID=1161060531 field AUTO_SAMPLE_RATE_AMT",Plainview 79072 (Hale County),GEICO TEXAS COUNTY MUTUAL INSURANCE COMPANY / MGA: Perspective Corporation,tx-creditPoor,335
tx-2025,TX,2025,https://www.helpinsure.com/auto.html,"raw/api/autoResults_79072_creditPoor.json (POST https://www.helpinsure.com/api/autoResults, body in raw/api/manifest.json); record RPTG_INSR_ID=41 PLANKEY_ID=1163230035 field AUTO_SAMPLE_RATE_AMT",Plainview 79072 (Hale County),PROGRESSIVE COUNTY MUTUAL INSURANCE COMPANY,tx-creditPoor,437
tx-2025,TX,2025,https://www.helpinsure.com/auto.html,"raw/api/autoResults_79072_creditPoor.json (POST https://www.helpinsure.com/api/autoResults, body in raw/api/manifest.json); record RPTG_INSR_ID=56 PLANKEY_ID=1156991091 field AUTO_SAMPLE_RATE_AMT",Plainview 79072 (Hale County),UNITED SERVICES AUTOMOBILE ASSOCIATION,tx-creditPoor,492
tx-2025,TX,2025,https://www.helpinsure.com/auto.html,"raw/api/autoResults_79072_creditPoor.json (POST https://www.helpinsure.com/api/autoResults, body in raw/api/manifest.json); record RPTG_INSR_ID=118 PLANKEY_ID=1157804979 field AUTO_SAMPLE_RATE_AMT",Plainview 79072 (Hale County),USAA GENERAL INDEMNITY COMPANY,tx-creditPoor,495
tx-2025,TX,2025,https://www.helpinsure.com/auto.html,"raw/api/autoResults_79072_creditPoor.json (POST https://www.helpinsure.com/api/autoResults, body in raw/api/manifest.json); record RPTG_INSR_ID=119 PLANKEY_ID=1157398035 field AUTO_SAMPLE_RATE_AMT",Plainview 79072 (Hale County),USAA CASUALTY INSURANCE COMPANY,tx-creditPoor,524
tx-2025,TX,2025,https://www.helpinsure.com/auto.html,"raw/api/autoResults_79072_creditPoor.json (POST https://www.helpinsure.com/api/autoResults, body in raw/api/manifest.json); record RPTG_INSR_ID=246 PLANKEY_ID=1162416795 field AUTO_SAMPLE_RATE_AMT",Plainview 79072 (Hale County),GEICO TEXAS COUNTY MUTUAL INSURANCE COMPANY / MGA: Endeavor Corporation,tx-creditPoor,573
tx-2025,TX,2025,https://www.helpinsure.com/auto.html,"raw/api/autoResults_79072_creditPoor.json (POST https://www.helpinsure.com/api/autoResults, body in raw/api/manifest.json); record RPTG_INSR_ID=112 PLANKEY_ID=1156178499 field AUTO_SAMPLE_RATE_AMT",Plainview 79072 (Hale County),GARRISON PROPERTY AND CASUALTY INSURANCE COMPANY,tx-creditPoor,585
tx-2025,TX,2025,https://www.helpinsure.com/auto.html,"raw/api/autoResults_79072_creditPoor.json (POST https://www.helpinsure.com/api/autoResults, body in raw/api/manifest.json); record RPTG_INSR_ID=102 PLANKEY_ID=1163635683 field AUTO_SAMPLE_RATE_AMT",Plainview 79072 (Hale County),PROGRESSIVE COUNTY MUTUAL INSURANCE COMPANY / MGA: PROGRESSIVE COUNTY MUTUAL - DIRECT RATES,tx-creditPoor,586
tx-2025,TX,2025,https://www.helpinsure.com/auto.html,"raw/api/autoResults_79072_creditPoor.json (POST https://www.helpinsure.com/api/autoResults, body in raw/api/manifest.json); record RPTG_INSR_ID=104 PLANKEY_ID=1164748263 field AUTO_SAMPLE_RATE_AMT",Plainview 79072 (Hale County),TEXAS AUTOMOBILE INSURANCE PLAN ASSOCIATION,tx-creditPoor,632
tx-2025,TX,2025,https://www.helpinsure.com/auto.html,"raw/api/autoResults_79072_creditPoor.json (POST https://www.helpinsure.com/api/autoResults, body in raw/api/manifest.json); record RPTG_INSR_ID=50 PLANKEY_ID=1149805851 field AUTO_SAMPLE_RATE_AMT",Plainview 79072 (Hale County),STATE FARM MUTUAL AUTOMOBILE INSURANCE COMPANY,tx-creditPoor,703
tx-2025,TX,2025,https://www.helpinsure.com/auto.html,"raw/api/autoResults_79072_creditPoor.json (POST https://www.helpinsure.com/api/autoResults, body in raw/api/manifest.json); record RPTG_INSR_ID=6 PLANKEY_ID=1164991515 field AUTO_SAMPLE_RATE_AMT",Plainview 79072 (Hale County),ALLSTATE FIRE AND CASUALTY INSURANCE COMPANY,tx-creditPoor,719
tx-2025,TX,2025,https://www.helpinsure.com/auto.html,"raw/api/autoResults_79072_creditPoor.json (POST https://www.helpinsure.com/api/autoResults, body in raw/api/manifest.json); record RPTG_INSR_ID=140 PLANKEY_ID=1152652515 field AUTO_SAMPLE_RATE_AMT",Plainview 79072 (Hale County),FOREMOST COUNTY MUTUAL INSURANCE COMPANY,tx-creditPoor,723
tx-2025,TX,2025,https://www.helpinsure.com/auto.html,"raw/api/autoResults_79072_creditPoor.json (POST https://www.helpinsure.com/api/autoResults, body in raw/api/manifest.json); record RPTG_INSR_ID=5 PLANKEY_ID=1153058811 field AUTO_SAMPLE_RATE_AMT",Plainview 79072 (Hale County),ALLSTATE COUNTY MUTUAL INSURANCE COMPANY,tx-creditPoor,742
tx-2025,TX,2025,https://www.helpinsure.com/auto.html,"raw/api/autoResults_79072_creditPoor.json (POST https://www.helpinsure.com/api/autoResults, body in raw/api/manifest.json); record RPTG_INSR_ID=32 PLANKEY_ID=1150617795 field AUTO_SAMPLE_RATE_AMT",Plainview 79072 (Hale County),MERCURY COUNTY MUTUAL INSURANCE COMPANY,tx-creditPoor,771
tx-2025,TX,2025,https://www.helpinsure.com/auto.html,"raw/api/autoResults_79072_creditPoor.json (POST https://www.helpinsure.com/api/autoResults, body in raw/api/manifest.json); record RPTG_INSR_ID=238 PLANKEY_ID=1164448923 field AUTO_SAMPLE_RATE_AMT",Plainview 79072 (Hale County),MID-CENTURY INSURANCE COMPANY OF TEXAS,tx-creditPoor,772
tx-2025,TX,2025,https://www.helpinsure.com/auto.html,"raw/api/autoResults_79072_creditPoor.json (POST https://www.helpinsure.com/api/autoResults, body in raw/api/manifest.json); record RPTG_INSR_ID=1 PLANKEY_ID=1148451315 field AUTO_SAMPLE_RATE_AMT",Plainview 79072 (Hale County),AUTO CLUB COUNTY MUTUAL INSURANCE COMPANY,tx-creditPoor,897
tx-2025,TX,2025,https://www.helpinsure.com/auto.html,"raw/api/autoResults_79072_creditPoor.json (POST https://www.helpinsure.com/api/autoResults, body in raw/api/manifest.json); record RPTG_INSR_ID=48 PLANKEY_ID=1150211499 field AUTO_SAMPLE_RATE_AMT",Plainview 79072 (Hale County),STATE FARM COUNTY MUTUAL INSURANCE COMPANY OF TEXAS,tx-creditPoor,927
tx-2025,TX,2025,https://www.helpinsure.com/auto.html,"raw/api/autoResults_79072_creditPoor.json (POST https://www.helpinsure.com/api/autoResults, body in raw/api/manifest.json); record RPTG_INSR_ID=138 PLANKEY_ID=1153465755 field AUTO_SAMPLE_RATE_AMT",Plainview 79072 (Hale County),INFINITY COUNTY MUTUAL INSURANCE COMPANY,tx-creditPoor,937
tx-2025,TX,2025,https://www.helpinsure.com/auto.html,"raw/api/autoResults_79072_creditPoor.json (POST https://www.helpinsure.com/api/autoResults, body in raw/api/manifest.json); record RPTG_INSR_ID=16 PLANKEY_ID=1151431683 field AUTO_SAMPLE_RATE_AMT",Plainview 79072 (Hale County),CONSUMERS COUNTY MUTUAL INSURANCE COMPANY / MGA: Travelers Quantum Auto 2.0 Program,tx-creditPoor,1128
tx-2025,TX,2025,https://www.helpinsure.com/auto.html,"raw/api/autoResults_79072_creditPoor.json (POST https://www.helpinsure.com/api/autoResults, body in raw/api/manifest.json); record RPTG_INSR_ID=124 PLANKEY_ID=1165398459 field AUTO_SAMPLE_RATE_AMT",Plainview 79072 (Hale County),CONSUMERS COUNTY MUTUAL INSURANCE COMPANY,tx-creditPoor,1128
tx-2025,TX,2025,https://www.helpinsure.com/auto.html,"raw/api/autoResults_79072_creditPoor.json (POST https://www.helpinsure.com/api/autoResults, body in raw/api/manifest.json); record RPTG_INSR_ID=215 PLANKEY_ID=1149563247 field AUTO_SAMPLE_RATE_AMT",Plainview 79072 (Hale County),"MGA INSURANCE COMPANY, INC.",tx-creditPoor,1152
tx-2025,TX,2025,https://www.helpinsure.com/auto.html,"raw/api/autoResults_79072_creditPoor.json (POST https://www.helpinsure.com/api/autoResults, body in raw/api/manifest.json); record RPTG_INSR_ID=175 PLANKEY_ID=1164041979 field AUTO_SAMPLE_RATE_AMT",Plainview 79072 (Hale County),FARMERS PROPERTY AND CASUALTY INSURANCE COMPANY,tx-creditPoor,1432
tx-2025,TX,2025,https://www.helpinsure.com/auto.html,"raw/api/autoResults_79072_creditPoor.json (POST https://www.helpinsure.com/api/autoResults, body in raw/api/manifest.json); record RPTG_INSR_ID=209 PLANKEY_ID=1159025811 field AUTO_SAMPLE_RATE_AMT",Plainview 79072 (Hale County),AMERICAN FAMILY CONNECT PROPERTY AND CASUALTY INSURANCE COMPANY,tx-creditPoor,1436
tx-2025,TX,2025,https://www.helpinsure.com/auto.html,"raw/api/autoResults_79072_creditPoor.json (POST https://www.helpinsure.com/api/autoResults, body in raw/api/manifest.json); record RPTG_INSR_ID=173 PLANKEY_ID=1151838627 field AUTO_SAMPLE_RATE_AMT",Plainview 79072 (Hale County),ECONOMY FIRE & CASUALTY COMPANY,tx-creditPoor,1475
tx-2025,TX,2025,https://www.helpinsure.com/auto.html,"raw/api/autoResults_79072_creditPoor.json (POST https://www.helpinsure.com/api/autoResults, body in raw/api/manifest.json); record RPTG_INSR_ID=142 PLANKEY_ID=1151186091 field AUTO_SAMPLE_RATE_AMT",Plainview 79072 (Hale County),"COLONIAL COUNTY MUTUAL INSURANCE COMPANY / MGA: Titan Insurance Services, Inc.",tx-creditPoor,1605
tx-2025,TX,2025,https://www.helpinsure.com/auto.html,"raw/api/autoResults_79072_creditPoor.json (POST https://www.helpinsure.com/api/autoResults, body in raw/api/manifest.json); record RPTG_INSR_ID=205 PLANKEY_ID=1148857611 field AUTO_SAMPLE_RATE_AMT",Plainview 79072 (Hale County),DAIRYLAND COUNTY MUTUAL INSURANCE COMPANY OF TEXAS,tx-creditPoor,1660
tx-2025,TX,2025,https://www.helpinsure.com/auto.html,"raw/api/autoResults_79072_creditPoor.json (POST https://www.helpinsure.com/api/autoResults, body in raw/api/manifest.json); record RPTG_INSR_ID=123 PLANKEY_ID=1159432755 field AUTO_SAMPLE_RATE_AMT",Plainview 79072 (Hale County),AMICA MUTUAL INSURANCE COMPANY,tx-creditPoor,2070
tx-2025,TX,2025,https://www.helpinsure.com/auto.html,"raw/api/autoResults_79072_creditPoor.json (POST https://www.helpinsure.com/api/autoResults, body in raw/api/manifest.json); record RPTG_INSR_ID=33 PLANKEY_ID=1158211923 field AUTO_SAMPLE_RATE_AMT",Plainview 79072 (Hale County),FARMERS LLOYDS INSURANCE COMPANY OF TEXAS,tx-creditPoor,2135
tx-2025,TX,2025,https://www.helpinsure.com/auto.html,"raw/api/autoResults_79072_creditPoor.json (POST https://www.helpinsure.com/api/autoResults, body in raw/api/manifest.json); record RPTG_INSR_ID=161 PLANKEY_ID=1148044371 field AUTO_SAMPLE_RATE_AMT",Plainview 79072 (Hale County),AMICA PROPERTY AND CASUALTY INSURANCE COMPANY,tx-creditPoor,2147
tx-2025,TX,2025,https://www.helpinsure.com/auto.html,"raw/api/autoResults_79072_creditPoor.json (POST https://www.helpinsure.com/api/autoResults, body in raw/api/manifest.json); record RPTG_INSR_ID=155 PLANKEY_ID=1162823739 field AUTO_SAMPLE_RATE_AMT",Plainview 79072 (Hale County),LIBERTY COUNTY MUTUAL INSURANCE COMPANY / MGA: Safeco General Agency (Safeco),tx-creditPoor,2179
tx-2025,TX,2025,https://www.helpinsure.com/auto.html,"raw/api/autoResults_79072_creditPoor.json (POST https://www.helpinsure.com/api/autoResults, body in raw/api/manifest.json); record RPTG_INSR_ID=219 PLANKEY_ID=1153765095 field AUTO_SAMPLE_RATE_AMT",Plainview 79072 (Hale County),AMERICAN ACCESS CASUALTY COMPANY,tx-creditPoor,2212
tx-2025,TX,2025,https://www.helpinsure.com/auto.html,"raw/api/autoResults_79072_creditPoor.json (POST https://www.helpinsure.com/api/autoResults, body in raw/api/manifest.json); record RPTG_INSR_ID=212 PLANKEY_ID=1158618867 field AUTO_SAMPLE_RATE_AMT",Plainview 79072 (Hale County),ENCOMPASS INDEPENDENT INSURANCE COMPANY,tx-creditPoor,2980
tx-2025,TX,2025,https://www.helpinsure.com/auto.html,"raw/api/autoResults_79072_creditPoor.json (POST https://www.helpinsure.com/api/autoResults, body in raw/api/manifest.json); record RPTG_INSR_ID=45 PLANKEY_ID=1159839699 field AUTO_SAMPLE_RATE_AMT",Plainview 79072 (Hale County),"SENTINEL INSURANCE COMPANY, LTD.",tx-creditPoor,3710
tx-2025,TX,2025,https://www.helpinsure.com/auto.html,"raw/api/autoResults_79072_female.json (POST https://www.helpinsure.com/api/autoResults, body in raw/api/manifest.json); record RPTG_INSR_ID=21 PLANKEY_ID=1152245736 field AUTO_SAMPLE_RATE_AMT",Plainview 79072 (Hale County),FARMERS TEXAS COUNTY MUTUAL INSURANCE COMPANY,tx-female,248
tx-2025,TX,2025,https://www.helpinsure.com/auto.html,"raw/api/autoResults_79072_female.json (POST https://www.helpinsure.com/api/autoResults, body in raw/api/manifest.json); record RPTG_INSR_ID=283 PLANKEY_ID=1161467640 field AUTO_SAMPLE_RATE_AMT",Plainview 79072 (Hale County),GEICO TEXAS COUNTY MUTUAL INSURANCE COMPANY / MGA: Voyager Corporation,tx-female,250
tx-2025,TX,2025,https://www.helpinsure.com/auto.html,"raw/api/autoResults_79072_female.json (POST https://www.helpinsure.com/api/autoResults, body in raw/api/manifest.json); record RPTG_INSR_ID=282 PLANKEY_ID=1160246808 field AUTO_SAMPLE_RATE_AMT",Plainview 79072 (Hale County),GEICO TEXAS COUNTY MUTUAL INSURANCE COMPANY / MGA: Horizon Corporation,tx-female,253
tx-2025,TX,2025,https://www.helpinsure.com/auto.html,"raw/api/autoResults_79072_female.json (POST https://www.helpinsure.com/api/autoResults, body in raw/api/manifest.json); record RPTG_INSR_ID=281 PLANKEY_ID=1161060696 field AUTO_SAMPLE_RATE_AMT",Plainview 79072 (Hale County),GEICO TEXAS COUNTY MUTUAL INSURANCE COMPANY / MGA: Perspective Corporation,tx-female,260
tx-2025,TX,2025,https://www.helpinsure.com/auto.html,"raw/api/autoResults_79072_female.json (POST https://www.helpinsure.com/api/autoResults, body in raw/api/manifest.json); record RPTG_INSR_ID=41 PLANKEY_ID=1163230200 field AUTO_SAMPLE_RATE_AMT",Plainview 79072 (Hale County),PROGRESSIVE COUNTY MUTUAL INSURANCE COMPANY,tx-female,367
tx-2025,TX,2025,https://www.helpinsure.com/auto.html,"raw/api/autoResults_79072_female.json (POST https://www.helpinsure.com/api/autoResults, body in raw/api/manifest.json); record RPTG_INSR_ID=56 PLANKEY_ID=1156991256 field AUTO_SAMPLE_RATE_AMT",Plainview 79072 (Hale County),UNITED SERVICES AUTOMOBILE ASSOCIATION,tx-female,387
tx-2025,TX,2025,https://www.helpinsure.com/auto.html,"raw/api/autoResults_79072_female.json (POST https://www.helpinsure.com/api/autoResults, body in raw/api/manifest.json); record RPTG_INSR_ID=119 PLANKEY_ID=1157398200 field AUTO_SAMPLE_RATE_AMT",Plainview 79072 (Hale County),USAA CASUALTY INSURANCE COMPANY,tx-female,404
tx-2025,TX,2025,https://www.helpinsure.com/auto.html,"raw/api/autoResults_79072_female.json (POST https://www.helpinsure.com/api/autoResults, body in raw/api/manifest.json); record RPTG_INSR_ID=112 PLANKEY_ID=1156178664 field AUTO_SAMPLE_RATE_AMT",Plainview 79072 (Hale County),GARRISON PROPERTY AND CASUALTY INSURANCE COMPANY,tx-female,466
tx-2025,TX,2025,https://www.helpinsure.com/auto.html,"raw/api/autoResults_79072_female.json (POST https://www.helpinsure.com/api/autoResults, body in raw/api/manifest.json); record RPTG_INSR_ID=246 PLANKEY_ID=1162416960 field AUTO_SAMPLE_RATE_AMT",Plainview 79072 (Hale County),GEICO TEXAS COUNTY MUTUAL INSURANCE COMPANY / MGA: Endeavor Corporation,tx-female,468
tx-2025,TX,2025,https://www.helpinsure.com/auto.html,"raw/api/autoResults_79072_female.json (POST https://www.helpinsure.com/api/autoResults, body in raw/api/manifest.json); record RPTG_INSR_ID=118 PLANKEY_ID=1157805144 field AUTO_SAMPLE_RATE_AMT",Plainview 79072 (Hale County),USAA GENERAL INDEMNITY COMPANY,tx-female,484
tx-2025,TX,2025,https://www.helpinsure.com/auto.html,"raw/api/autoResults_79072_female.json (POST https://www.helpinsure.com/api/autoResults, body in raw/api/manifest.json); record RPTG_INSR_ID=102 PLANKEY_ID=1163635848 field AUTO_SAMPLE_RATE_AMT",Plainview 79072 (Hale County),PROGRESSIVE COUNTY MUTUAL INSURANCE COMPANY / MGA: PROGRESSIVE COUNTY MUTUAL - DIRECT RATES,tx-female,529
tx-2025,TX,2025,https://www.helpinsure.com/auto.html,"raw/api/autoResults_79072_female.json (POST https://www.helpinsure.com/api/autoResults, body in raw/api/manifest.json); record RPTG_INSR_ID=50 PLANKEY_ID=1149806016 field AUTO_SAMPLE_RATE_AMT",Plainview 79072 (Hale County),STATE FARM MUTUAL AUTOMOBILE INSURANCE COMPANY,tx-female,549
tx-2025,TX,2025,https://www.helpinsure.com/auto.html,"raw/api/autoResults_79072_female.json (POST https://www.helpinsure.com/api/autoResults, body in raw/api/manifest.json); record RPTG_INSR_ID=6 PLANKEY_ID=1164991680 field AUTO_SAMPLE_RATE_AMT",Plainview 79072 (Hale County),ALLSTATE FIRE AND CASUALTY INSURANCE COMPANY,tx-female,606
tx-2025,TX,2025,https://www.helpinsure.com/auto.html,"raw/api/autoResults_79072_female.json (POST https://www.helpinsure.com/api/autoResults, body in raw/api/manifest.json); record RPTG_INSR_ID=104 PLANKEY_ID=1164748320 field AUTO_SAMPLE_RATE_AMT",Plainview 79072 (Hale County),TEXAS AUTOMOBILE INSURANCE PLAN ASSOCIATION,tx-female,632
tx-2025,TX,2025,https://www.helpinsure.com/auto.html,"raw/api/autoResults_79072_female.json (POST https://www.helpinsure.com/api/autoResults, body in raw/api/manifest.json); record RPTG_INSR_ID=5 PLANKEY_ID=1153058976 field AUTO_SAMPLE_RATE_AMT",Plainview 79072 (Hale County),ALLSTATE COUNTY MUTUAL INSURANCE COMPANY,tx-female,682
tx-2025,TX,2025,https://www.helpinsure.com/auto.html,"raw/api/autoResults_79072_female.json (POST https://www.helpinsure.com/api/autoResults, body in raw/api/manifest.json); record RPTG_INSR_ID=238 PLANKEY_ID=1164449088 field AUTO_SAMPLE_RATE_AMT",Plainview 79072 (Hale County),MID-CENTURY INSURANCE COMPANY OF TEXAS,tx-female,686
tx-2025,TX,2025,https://www.helpinsure.com/auto.html,"raw/api/autoResults_79072_female.json (POST https://www.helpinsure.com/api/autoResults, body in raw/api/manifest.json); record RPTG_INSR_ID=32 PLANKEY_ID=1150617960 field AUTO_SAMPLE_RATE_AMT",Plainview 79072 (Hale County),MERCURY COUNTY MUTUAL INSURANCE COMPANY,tx-female,691
tx-2025,TX,2025,https://www.helpinsure.com/auto.html,"raw/api/autoResults_79072_female.json (POST https://www.helpinsure.com/api/autoResults, body in raw/api/manifest.json); record RPTG_INSR_ID=48 PLANKEY_ID=1150211664 field AUTO_SAMPLE_RATE_AMT",Plainview 79072 (Hale County),STATE FARM COUNTY MUTUAL INSURANCE COMPANY OF TEXAS,tx-female,741
tx-2025,TX,2025,https://www.helpinsure.com/auto.html,"raw/api/autoResults_79072_female.json (POST https://www.helpinsure.com/api/autoResults, body in raw/api/manifest.json); record RPTG_INSR_ID=1 PLANKEY_ID=1148451480 field AUTO_SAMPLE_RATE_AMT",Plainview 79072 (Hale County),AUTO CLUB COUNTY MUTUAL INSURANCE COMPANY,tx-female,759
tx-2025,TX,2025,https://www.helpinsure.com/auto.html,"raw/api/autoResults_79072_female.json (POST https://www.helpinsure.com/api/autoResults, body in raw/api/manifest.json); record RPTG_INSR_ID=140 PLANKEY_ID=1152652680 field AUTO_SAMPLE_RATE_AMT",Plainview 79072 (Hale County),FOREMOST COUNTY MUTUAL INSURANCE COMPANY,tx-female,769
tx-2025,TX,2025,https://www.helpinsure.com/auto.html,"raw/api/autoResults_79072_female.json (POST https://www.helpinsure.com/api/autoResults, body in raw/api/manifest.json); record RPTG_INSR_ID=138 PLANKEY_ID=1153465920 field AUTO_SAMPLE_RATE_AMT",Plainview 79072 (Hale County),INFINITY COUNTY MUTUAL INSURANCE COMPANY,tx-female,779
tx-2025,TX,2025,https://www.helpinsure.com/auto.html,"raw/api/autoResults_79072_female.json (POST https://www.helpinsure.com/api/autoResults, body in raw/api/manifest.json); record RPTG_INSR_ID=175 PLANKEY_ID=1164042144 field AUTO_SAMPLE_RATE_AMT",Plainview 79072 (Hale County),FARMERS PROPERTY AND CASUALTY INSURANCE COMPANY,tx-female,787
tx-2025,TX,2025,https://www.helpinsure.com/auto.html,"raw/api/autoResults_79072_female.json (POST https://www.helpinsure.com/api/autoResults, body in raw/api/manifest.json); record RPTG_INSR_ID=16 PLANKEY_ID=1151431848 field AUTO_SAMPLE_RATE_AMT",Plainview 79072 (Hale County),CONSUMERS COUNTY MUTUAL INSURANCE COMPANY / MGA: Travelers Quantum Auto 2.0 Program,tx-female,911
tx-2025,TX,2025,https://www.helpinsure.com/auto.html,"raw/api/autoResults_79072_female.json (POST https://www.helpinsure.com/api/autoResults, body in raw/api/manifest.json); record RPTG_INSR_ID=124 PLANKEY_ID=1165398624 field AUTO_SAMPLE_RATE_AMT",Plainview 79072 (Hale County),CONSUMERS COUNTY MUTUAL INSURANCE COMPANY,tx-female,911
tx-2025,TX,2025,https://www.helpinsure.com/auto.html,"raw/api/autoResults_79072_female.json (POST https://www.helpinsure.com/api/autoResults, body in raw/api/manifest.json); record RPTG_INSR_ID=173 PLANKEY_ID=1151838792 field AUTO_SAMPLE_RATE_AMT",Plainview 79072 (Hale County),ECONOMY FIRE & CASUALTY COMPANY,tx-female,946
tx-2025,TX,2025,https://www.helpinsure.com/auto.html,"raw/api/autoResults_79072_female.json (POST https://www.helpinsure.com/api/autoResults, body in raw/api/manifest.json); record RPTG_INSR_ID=33 PLANKEY_ID=1158212088 field AUTO_SAMPLE_RATE_AMT",Plainview 79072 (Hale County),FARMERS LLOYDS INSURANCE COMPANY OF TEXAS,tx-female,1032
tx-2025,TX,2025,https://www.helpinsure.com/auto.html,"raw/api/autoResults_79072_female.json (POST https://www.helpinsure.com/api/autoResults, body in raw/api/manifest.json); record RPTG_INSR_ID=215 PLANKEY_ID=1149563304 field AUTO_SAMPLE_RATE_AMT",Plainview 79072 (Hale County),"MGA INSURANCE COMPANY, INC.",tx-female,1104
tx-2025,TX,2025,https://www.helpinsure.com/auto.html,"raw/api/autoResults_79072_female.json (POST https://www.helpinsure.com/api/autoResults, body in raw/api/manifest.json); record RPTG_INSR_ID=123 PLANKEY_ID=1159432920 field AUTO_SAMPLE_RATE_AMT",Plainview 79072 (Hale County),AMICA MUTUAL INSURANCE COMPANY,tx-female,1139
tx-2025,TX,2025,https://www.helpinsure.com/auto.html,"raw/api/autoResults_79072_female.json (POST https://www.helpinsure.com/api/autoResults, body in raw/api/manifest.json); record RPTG_INSR_ID=161 PLANKEY_ID=1148044536 field AUTO_SAMPLE_RATE_AMT",Plainview 79072 (Hale County),AMICA PROPERTY AND CASUALTY INSURANCE COMPANY,tx-female,1250
tx-2025,TX,2025,https://www.helpinsure.com/auto.html,"raw/api/autoResults_79072_female.json (POST https://www.helpinsure.com/api/autoResults, body in raw/api/manifest.json); record RPTG_INSR_ID=209 PLANKEY_ID=1159025976 field AUTO_SAMPLE_RATE_AMT",Plainview 79072 (Hale County),AMERICAN FAMILY CONNECT PROPERTY AND CASUALTY INSURANCE COMPANY,tx-female,1272
tx-2025,TX,2025,https://www.helpinsure.com/auto.html,"raw/api/autoResults_79072_female.json (POST https://www.helpinsure.com/api/autoResults, body in raw/api/manifest.json); record RPTG_INSR_ID=142 PLANKEY_ID=1151186256 field AUTO_SAMPLE_RATE_AMT",Plainview 79072 (Hale County),"COLONIAL COUNTY MUTUAL INSURANCE COMPANY / MGA: Titan Insurance Services, Inc.",tx-female,1366
tx-2025,TX,2025,https://www.helpinsure.com/auto.html,"raw/api/autoResults_79072_female.json (POST https://www.helpinsure.com/api/autoResults, body in raw/api/manifest.json); record RPTG_INSR_ID=205 PLANKEY_ID=1148857776 field AUTO_SAMPLE_RATE_AMT",Plainview 79072 (Hale County),DAIRYLAND COUNTY MUTUAL INSURANCE COMPANY OF TEXAS,tx-female,1464
tx-2025,TX,2025,https://www.helpinsure.com/auto.html,"raw/api/autoResults_79072_female.json (POST https://www.helpinsure.com/api/autoResults, body in raw/api/manifest.json); record RPTG_INSR_ID=155 PLANKEY_ID=1162823904 field AUTO_SAMPLE_RATE_AMT",Plainview 79072 (Hale County),LIBERTY COUNTY MUTUAL INSURANCE COMPANY / MGA: Safeco General Agency (Safeco),tx-female,1677
tx-2025,TX,2025,https://www.helpinsure.com/auto.html,"raw/api/autoResults_79072_female.json (POST https://www.helpinsure.com/api/autoResults, body in raw/api/manifest.json); record RPTG_INSR_ID=45 PLANKEY_ID=1159839864 field AUTO_SAMPLE_RATE_AMT",Plainview 79072 (Hale County),"SENTINEL INSURANCE COMPANY, LTD.",tx-female,1872
tx-2025,TX,2025,https://www.helpinsure.com/auto.html,"raw/api/autoResults_79072_female.json (POST https://www.helpinsure.com/api/autoResults, body in raw/api/manifest.json); record RPTG_INSR_ID=219 PLANKEY_ID=1153765152 field AUTO_SAMPLE_RATE_AMT",Plainview 79072 (Hale County),AMERICAN ACCESS CASUALTY COMPANY,tx-female,2375
tx-2025,TX,2025,https://www.helpinsure.com/auto.html,"raw/api/autoResults_79072_female.json (POST https://www.helpinsure.com/api/autoResults, body in raw/api/manifest.json); record RPTG_INSR_ID=212 PLANKEY_ID=1158619032 field AUTO_SAMPLE_RATE_AMT",Plainview 79072 (Hale County),ENCOMPASS INDEPENDENT INSURANCE COMPANY,tx-female,2853
tx-2025,TX,2025,https://www.helpinsure.com/auto.html,"raw/api/autoResults_79072_limits100.json (POST https://www.helpinsure.com/api/autoResults, body in raw/api/manifest.json); record RPTG_INSR_ID=21 PLANKEY_ID=1152245610 field AUTO_SAMPLE_RATE_AMT",Plainview 79072 (Hale County),FARMERS TEXAS COUNTY MUTUAL INSURANCE COMPANY,tx-limits100,306
tx-2025,TX,2025,https://www.helpinsure.com/auto.html,"raw/api/autoResults_79072_limits100.json (POST https://www.helpinsure.com/api/autoResults, body in raw/api/manifest.json); record RPTG_INSR_ID=283 PLANKEY_ID=1161467514 field AUTO_SAMPLE_RATE_AMT",Plainview 79072 (Hale County),GEICO TEXAS COUNTY MUTUAL INSURANCE COMPANY / MGA: Voyager Corporation,tx-limits100,367
tx-2025,TX,2025,https://www.helpinsure.com/auto.html,"raw/api/autoResults_79072_limits100.json (POST https://www.helpinsure.com/api/autoResults, body in raw/api/manifest.json); record RPTG_INSR_ID=282 PLANKEY_ID=1160246682 field AUTO_SAMPLE_RATE_AMT",Plainview 79072 (Hale County),GEICO TEXAS COUNTY MUTUAL INSURANCE COMPANY / MGA: Horizon Corporation,tx-limits100,376
tx-2025,TX,2025,https://www.helpinsure.com/auto.html,"raw/api/autoResults_79072_limits100.json (POST https://www.helpinsure.com/api/autoResults, body in raw/api/manifest.json); record RPTG_INSR_ID=281 PLANKEY_ID=1161060570 field AUTO_SAMPLE_RATE_AMT",Plainview 79072 (Hale County),GEICO TEXAS COUNTY MUTUAL INSURANCE COMPANY / MGA: Perspective Corporation,tx-limits100,404
tx-2025,TX,2025,https://www.helpinsure.com/auto.html,"raw/api/autoResults_79072_limits100.json (POST https://www.helpinsure.com/api/autoResults, body in raw/api/manifest.json); record RPTG_INSR_ID=56 PLANKEY_ID=1156991130 field AUTO_SAMPLE_RATE_AMT",Plainview 79072 (Hale County),UNITED SERVICES AUTOMOBILE ASSOCIATION,tx-limits100,426
tx-2025,TX,2025,https://www.helpinsure.com/auto.html,"raw/api/autoResults_79072_limits100.json (POST https://www.helpinsure.com/api/autoResults, body in raw/api/manifest.json); record RPTG_INSR_ID=41 PLANKEY_ID=1163230074 field AUTO_SAMPLE_RATE_AMT",Plainview 79072 (Hale County),PROGRESSIVE COUNTY MUTUAL INSURANCE COMPANY,tx-limits100,442
tx-2025,TX,2025,https://www.helpinsure.com/auto.html,"raw/api/autoResults_79072_limits100.json (POST https://www.helpinsure.com/api/autoResults, body in raw/api/manifest.json); record RPTG_INSR_ID=119 PLANKEY_ID=1157398074 field AUTO_SAMPLE_RATE_AMT",Plainview 79072 (Hale County),USAA CASUALTY INSURANCE COMPANY,tx-limits100,443
tx-2025,TX,2025,https://www.helpinsure.com/auto.html,"raw/api/autoResults_79072_limits100.json (POST https://www.helpinsure.com/api/autoResults, body in raw/api/manifest.json); record RPTG_INSR_ID=112 PLANKEY_ID=1156178538 field AUTO_SAMPLE_RATE_AMT",Plainview 79072 (Hale County),GARRISON PROPERTY AND CASUALTY INSURANCE COMPANY,tx-limits100,519
tx-2025,TX,2025,https://www.helpinsure.com/auto.html,"raw/api/autoResults_79072_limits100.json (POST https://www.helpinsure.com/api/autoResults, body in raw/api/manifest.json); record RPTG_INSR_ID=118 PLANKEY_ID=1157805018 field AUTO_SAMPLE_RATE_AMT",Plainview 79072 (Hale County),USAA GENERAL INDEMNITY COMPANY,tx-limits100,531
tx-2025,TX,2025,https://www.helpinsure.com/auto.html,"raw/api/autoResults_79072_limits100.json (POST https://www.helpinsure.com/api/autoResults, body in raw/api/manifest.json); record RPTG_INSR_ID=246 PLANKEY_ID=1162416834 field AUTO_SAMPLE_RATE_AMT",Plainview 79072 (Hale County),GEICO TEXAS COUNTY MUTUAL INSURANCE COMPANY / MGA: Endeavor Corporation,tx-limits100,549
tx-2025,TX,2025,https://www.helpinsure.com/auto.html,"raw/api/autoResults_79072_limits100.json (POST https://www.helpinsure.com/api/autoResults, body in raw/api/manifest.json); record RPTG_INSR_ID=102 PLANKEY_ID=1163635722 field AUTO_SAMPLE_RATE_AMT",Plainview 79072 (Hale County),PROGRESSIVE COUNTY MUTUAL INSURANCE COMPANY / MGA: PROGRESSIVE COUNTY MUTUAL - DIRECT RATES,tx-limits100,596
tx-2025,TX,2025,https://www.helpinsure.com/auto.html,"raw/api/autoResults_79072_limits100.json (POST https://www.helpinsure.com/api/autoResults, body in raw/api/manifest.json); record RPTG_INSR_ID=32 PLANKEY_ID=1150617834 field AUTO_SAMPLE_RATE_AMT",Plainview 79072 (Hale County),MERCURY COUNTY MUTUAL INSURANCE COMPANY,tx-limits100,620
tx-2025,TX,2025,https://www.helpinsure.com/auto.html,"raw/api/autoResults_79072_limits100.json (POST https://www.helpinsure.com/api/autoResults, body in raw/api/manifest.json); record RPTG_INSR_ID=50 PLANKEY_ID=1149805890 field AUTO_SAMPLE_RATE_AMT",Plainview 79072 (Hale County),STATE FARM MUTUAL AUTOMOBILE INSURANCE COMPANY,tx-limits100,678
tx-2025,TX,2025,https://www.helpinsure.com/auto.html,"raw/api/autoResults_79072_limits100.json (POST https://www.helpinsure.com/api/autoResults, body in raw/api/manifest.json); record RPTG_INSR_ID=6 PLANKEY_ID=1164991554 field AUTO_SAMPLE_RATE_AMT",Plainview 79072 (Hale County),ALLSTATE FIRE AND CASUALTY INSURANCE COMPANY,tx-limits100,682
tx-2025,TX,2025,https://www.helpinsure.com/auto.html,"raw/api/autoResults_79072_limits100.json (POST https://www.helpinsure.com/api/autoResults, body in raw/api/manifest.json); record RPTG_INSR_ID=140 PLANKEY_ID=1152652554 field AUTO_SAMPLE_RATE_AMT",Plainview 79072 (Hale County),FOREMOST COUNTY MUTUAL INSURANCE COMPANY,tx-limits100,772
tx-2025,TX,2025,https://www.helpinsure.com/auto.html,"raw/api/autoResults_79072_limits100.json (POST https://www.helpinsure.com/api/autoResults, body in raw/api/manifest.json); record RPTG_INSR_ID=238 PLANKEY_ID=1164448962 field AUTO_SAMPLE_RATE_AMT",Plainview 79072 (Hale County),MID-CENTURY INSURANCE COMPANY OF TEXAS,tx-limits100,821
tx-2025,TX,2025,https://www.helpinsure.com/auto.html,"raw/api/autoResults_79072_limits100.json (POST https://www.helpinsure.com/api/autoResults, body in raw/api/manifest.json); record RPTG_INSR_ID=5 PLANKEY_ID=1153058850 field AUTO_SAMPLE_RATE_AMT",Plainview 79072 (Hale County),ALLSTATE COUNTY MUTUAL INSURANCE COMPANY,tx-limits100,826
tx-2025,TX,2025,https://www.helpinsure.com/auto.html,"raw/api/autoResults_79072_limits100.json (POST https://www.helpinsure.com/api/autoResults, body in raw/api/manifest.json); record RPTG_INSR_ID=123 PLANKEY_ID=1159432794 field AUTO_SAMPLE_RATE_AMT",Plainview 79072 (Hale County),AMICA MUTUAL INSURANCE COMPANY,tx-limits100,831
tx-2025,TX,2025,https://www.helpinsure.com/auto.html,"raw/api/autoResults_79072_limits100.json (POST https://www.helpinsure.com/api/autoResults, body in raw/api/manifest.json); record RPTG_INSR_ID=48 PLANKEY_ID=1150211538 field AUTO_SAMPLE_RATE_AMT",Plainview 79072 (Hale County),STATE FARM COUNTY MUTUAL INSURANCE COMPANY OF TEXAS,tx-limits100,893
tx-2025,TX,2025,https://www.helpinsure.com/auto.html,"raw/api/autoResults_79072_limits100.json (POST https://www.helpinsure.com/api/autoResults, body in raw/api/manifest.json); record RPTG_INSR_ID=175 PLANKEY_ID=1164042018 field AUTO_SAMPLE_RATE_AMT",Plainview 79072 (Hale County),FARMERS PROPERTY AND CASUALTY INSURANCE COMPANY,tx-limits100,895
tx-2025,TX,2025,https://www.helpinsure.com/auto.html,"raw/api/autoResults_79072_limits100.json (POST https://www.helpinsure.com/api/autoResults, body in raw/api/manifest.json); record RPTG_INSR_ID=161 PLANKEY_ID=1148044410 field AUTO_SAMPLE_RATE_AMT",Plainview 79072 (Hale County),AMICA PROPERTY AND CASUALTY INSURANCE COMPANY,tx-limits100,909
tx-2025,TX,2025,https://www.helpinsure.com/auto.html,"raw/api/autoResults_79072_limits100.json (POST https://www.helpinsure.com/api/autoResults, body in raw/api/manifest.json); record RPTG_INSR_ID=1 PLANKEY_ID=1148451354 field AUTO_SAMPLE_RATE_AMT",Plainview 79072 (Hale County),AUTO CLUB COUNTY MUTUAL INSURANCE COMPANY,tx-limits100,917
tx-2025,TX,2025,https://www.helpinsure.com/auto.html,"raw/api/autoResults_79072_limits100.json (POST https://www.helpinsure.com/api/autoResults, body in raw/api/manifest.json); record RPTG_INSR_ID=16 PLANKEY_ID=1151431722 field AUTO_SAMPLE_RATE_AMT",Plainview 79072 (Hale County),CONSUMERS COUNTY MUTUAL INSURANCE COMPANY / MGA: Travelers Quantum Auto 2.0 Program,tx-limits100,1002
tx-2025,TX,2025,https://www.helpinsure.com/auto.html,"raw/api/autoResults_79072_limits100.json (POST https://www.helpinsure.com/api/autoResults, body in raw/api/manifest.json); record RPTG_INSR_ID=124 PLANKEY_ID=1165398498 field AUTO_SAMPLE_RATE_AMT",Plainview 79072 (Hale County),CONSUMERS COUNTY MUTUAL INSURANCE COMPANY,tx-limits100,1002
tx-2025,TX,2025,https://www.helpinsure.com/auto.html,"raw/api/autoResults_79072_limits100.json (POST https://www.helpinsure.com/api/autoResults, body in raw/api/manifest.json); record RPTG_INSR_ID=173 PLANKEY_ID=1151838666 field AUTO_SAMPLE_RATE_AMT",Plainview 79072 (Hale County),ECONOMY FIRE & CASUALTY COMPANY,tx-limits100,1093
tx-2025,TX,2025,https://www.helpinsure.com/auto.html,"raw/api/autoResults_79072_limits100.json (POST https://www.helpinsure.com/api/autoResults, body in raw/api/manifest.json); record RPTG_INSR_ID=209 PLANKEY_ID=1159025850 field AUTO_SAMPLE_RATE_AMT",Plainview 79072 (Hale County),AMERICAN FAMILY CONNECT PROPERTY AND CASUALTY INSURANCE COMPANY,tx-limits100,1476
tx-2025,TX,2025,https://www.helpinsure.com/auto.html,"raw/api/autoResults_79072_limits100.json (POST https://www.helpinsure.com/api/autoResults, body in raw/api/manifest.json); record RPTG_INSR_ID=33 PLANKEY_ID=1158211962 field AUTO_SAMPLE_RATE_AMT",Plainview 79072 (Hale County),FARMERS LLOYDS INSURANCE COMPANY OF TEXAS,tx-limits100,1564
tx-2025,TX,2025,https://www.helpinsure.com/auto.html,"raw/api/autoResults_79072_limits100.json (POST https://www.helpinsure.com/api/autoResults, body in raw/api/manifest.json); record RPTG_INSR_ID=142 PLANKEY_ID=1151186130 field AUTO_SAMPLE_RATE_AMT",Plainview 79072 (Hale County),"COLONIAL COUNTY MUTUAL INSURANCE COMPANY / MGA: Titan Insurance Services, Inc.",tx-limits100,1587
tx-2025,TX,2025,https://www.helpinsure.com/auto.html,"raw/api/autoResults_79072_limits100.json (POST https://www.helpinsure.com/api/autoResults, body in raw/api/manifest.json); record RPTG_INSR_ID=138 PLANKEY_ID=1153465794 field AUTO_SAMPLE_RATE_AMT",Plainview 79072 (Hale County),INFINITY COUNTY MUTUAL INSURANCE COMPANY,tx-limits100,1632
tx-2025,TX,2025,https://www.helpinsure.com/auto.html,"raw/api/autoResults_79072_limits100.json (POST https://www.helpinsure.com/api/autoResults, body in raw/api/manifest.json); record RPTG_INSR_ID=155 PLANKEY_ID=1162823778 field AUTO_SAMPLE_RATE_AMT",Plainview 79072 (Hale County),LIBERTY COUNTY MUTUAL INSURANCE COMPANY / MGA: Safeco General Agency (Safeco),tx-limits100,1907
tx-2025,TX,2025,https://www.helpinsure.com/auto.html,"raw/api/autoResults_79072_limits100.json (POST https://www.helpinsure.com/api/autoResults, body in raw/api/manifest.json); record RPTG_INSR_ID=205 PLANKEY_ID=1148857650 field AUTO_SAMPLE_RATE_AMT",Plainview 79072 (Hale County),DAIRYLAND COUNTY MUTUAL INSURANCE COMPANY OF TEXAS,tx-limits100,2249
tx-2025,TX,2025,https://www.helpinsure.com/auto.html,"raw/api/autoResults_79072_limits100.json (POST https://www.helpinsure.com/api/autoResults, body in raw/api/manifest.json); record RPTG_INSR_ID=45 PLANKEY_ID=1159839738 field AUTO_SAMPLE_RATE_AMT",Plainview 79072 (Hale County),"SENTINEL INSURANCE COMPANY, LTD.",tx-limits100,2404
tx-2025,TX,2025,https://www.helpinsure.com/auto.html,"raw/api/autoResults_79072_limits100.json (POST https://www.helpinsure.com/api/autoResults, body in raw/api/manifest.json); record RPTG_INSR_ID=212 PLANKEY_ID=1158618906 field AUTO_SAMPLE_RATE_AMT",Plainview 79072 (Hale County),ENCOMPASS INDEPENDENT INSURANCE COMPANY,tx-limits100,3767
tx-2025,TX,2025,https://www.helpinsure.com/auto.html,"raw/api/autoResults_79072_limits50.json (POST https://www.helpinsure.com/api/autoResults, body in raw/api/manifest.json); record RPTG_INSR_ID=21 PLANKEY_ID=1152245592 field AUTO_SAMPLE_RATE_AMT",Plainview 79072 (Hale County),FARMERS TEXAS COUNTY MUTUAL INSURANCE COMPANY,tx-limits50,300
tx-2025,TX,2025,https://www.helpinsure.com/auto.html,"raw/api/autoResults_79072_limits50.json (POST https://www.helpinsure.com/api/autoResults, body in raw/api/manifest.json); record RPTG_INSR_ID=283 PLANKEY_ID=1161467496 field AUTO_SAMPLE_RATE_AMT",Plainview 79072 (Hale County),GEICO TEXAS COUNTY MUTUAL INSURANCE COMPANY / MGA: Voyager Corporation,tx-limits50,311
tx-2025,TX,2025,https://www.helpinsure.com/auto.html,"raw/api/autoResults_79072_limits50.json (POST https://www.helpinsure.com/api/autoResults, body in raw/api/manifest.json); record RPTG_INSR_ID=282 PLANKEY_ID=1160246664 field AUTO_SAMPLE_RATE_AMT",Plainview 79072 (Hale County),GEICO TEXAS COUNTY MUTUAL INSURANCE COMPANY / MGA: Horizon Corporation,tx-limits50,318
tx-2025,TX,2025,https://www.helpinsure.com/auto.html,"raw/api/autoResults_79072_limits50.json (POST https://www.helpinsure.com/api/autoResults, body in raw/api/manifest.json); record RPTG_INSR_ID=281 PLANKEY_ID=1161060552 field AUTO_SAMPLE_RATE_AMT",Plainview 79072 (Hale County),GEICO TEXAS COUNTY MUTUAL INSURANCE COMPANY / MGA: Perspective Corporation,tx-limits50,341
tx-2025,TX,2025,https://www.helpinsure.com/auto.html,"raw/api/autoResults_79072_limits50.json (POST https://www.helpinsure.com/api/autoResults, body in raw/api/manifest.json); record RPTG_INSR_ID=41 PLANKEY_ID=1163230056 field AUTO_SAMPLE_RATE_AMT",Plainview 79072 (Hale County),PROGRESSIVE COUNTY MUTUAL INSURANCE COMPANY,tx-limits50,376
tx-2025,TX,2025,https://www.helpinsure.com/auto.html,"raw/api/autoResults_79072_limits50.json (POST https://www.helpinsure.com/api/autoResults, body in raw/api/manifest.json); record RPTG_INSR_ID=56 PLANKEY_ID=1156991112 field AUTO_SAMPLE_RATE_AMT",Plainview 79072 (Hale County),UNITED SERVICES AUTOMOBILE ASSOCIATION,tx-limits50,395
tx-2025,TX,2025,https://www.helpinsure.com/auto.html,"raw/api/autoResults_79072_limits50.json (POST https://www.helpinsure.com/api/autoResults, body in raw/api/manifest.json); record RPTG_INSR_ID=119 PLANKEY_ID=1157398056 field AUTO_SAMPLE_RATE_AMT",Plainview 79072 (Hale County),USAA CASUALTY INSURANCE COMPANY,tx-limits50,413
tx-2025,TX,2025,https://www.helpinsure.com/auto.html,"raw/api/autoResults_79072_limits50.json (POST https://www.helpinsure.com/api/autoResults, body in raw/api/manifest.json); record RPTG_INSR_ID=112 PLANKEY_ID=1156178520 field AUTO_SAMPLE_RATE_AMT",Plainview 79072 (Hale County),GARRISON PROPERTY AND CASUALTY INSURANCE COMPANY,tx-limits50,482
tx-2025,TX,2025,https://www.helpinsure.com/auto.html,"raw/api/autoResults_79072_limits50.json (POST https://www.helpinsure.com/api/autoResults, body in raw/api/manifest.json); record RPTG_INSR_ID=118 PLANKEY_ID=1157805000 field AUTO_SAMPLE_RATE_AMT",Plainview 79072 (Hale County),USAA GENERAL INDEMNITY COMPANY,tx-limits50,495
tx-2025,TX,2025,https://www.helpinsure.com/auto.html,"raw/api/autoResults_79072_limits50.json (POST https://www.helpinsure.com/api/autoResults, body in raw/api/manifest.json); record RPTG_INSR_ID=246 PLANKEY_ID=1162416816 field AUTO_SAMPLE_RATE_AMT",Plainview 79072 (Hale County),GEICO TEXAS COUNTY MUTUAL INSURANCE COMPANY / MGA: Endeavor Corporation,tx-limits50,509
tx-2025,TX,2025,https://www.helpinsure.com/auto.html,"raw/api/autoResults_79072_limits50.json (POST https://www.helpinsure.com/api/autoResults, body in raw/api/manifest.json); record RPTG_INSR_ID=102 PLANKEY_ID=1163635704 field AUTO_SAMPLE_RATE_AMT",Plainview 79072 (Hale County),PROGRESSIVE COUNTY MUTUAL INSURANCE COMPANY / MGA: PROGRESSIVE COUNTY MUTUAL - DIRECT RATES,tx-limits50,555
tx-2025,TX,2025,https://www.helpinsure.com/auto.html,"raw/api/autoResults_79072_limits50.json (POST https://www.helpinsure.com/api/autoResults, body in raw/api/manifest.json); record RPTG_INSR_ID=50 PLANKEY_ID=1149805872 field AUTO_SAMPLE_RATE_AMT",Plainview 79072 (Hale County),STATE FARM MUTUAL AUTOMOBILE INSURANCE COMPANY,tx-limits50,593
tx-2025,TX,2025,https://www.helpinsure.com/auto.html,"raw/api/autoResults_79072_limits50.json (POST https://www.helpinsure.com/api/autoResults, body in raw/api/manifest.json); record RPTG_INSR_ID=6 PLANKEY_ID=1164991536 field AUTO_SAMPLE_RATE_AMT",Plainview 79072 (Hale County),ALLSTATE FIRE AND CASUALTY INSURANCE COMPANY,tx-limits50,602
tx-2025,TX,2025,https://www.helpinsure.com/auto.html,"raw/api/autoResults_79072_limits50.json (POST https://www.helpinsure.com/api/autoResults, body in raw/api/manifest.json); record RPTG_INSR_ID=32 PLANKEY_ID=1150617816 field AUTO_SAMPLE_RATE_AMT",Plainview 79072 (Hale County),MERCURY COUNTY MUTUAL INSURANCE COMPANY,tx-limits50,650
tx-2025,TX,2025,https://www.helpinsure.com/auto.html,"raw/api/autoResults_79072_limits50.json (POST https://www.helpinsure.com/api/autoResults, body in raw/api/manifest.json); record RPTG_INSR_ID=140 PLANKEY_ID=1152652536 field AUTO_SAMPLE_RATE_AMT",Plainview 79072 (Hale County),FOREMOST COUNTY MUTUAL INSURANCE COMPANY,tx-limits50,725
tx-2025,TX,2025,https://www.helpinsure.com/auto.html,"raw/api/autoResults_79072_limits50.json (POST https://www.helpinsure.com/api/autoResults, body in raw/api/manifest.json); record RPTG_INSR_ID=238 PLANKEY_ID=1164448944 field AUTO_SAMPLE_RATE_AMT",Plainview 79072 (Hale County),MID-CENTURY INSURANCE COMPANY OF TEXAS,tx-limits50,731
tx-2025,TX,2025,https://www.helpinsure.com/auto.html,"raw/api/autoResults_79072_limits50.json (POST https://www.helpinsure.com/api/autoResults, body in raw/api/manifest.json); record RPTG_INSR_ID=5 PLANKEY_ID=1153058832 field AUTO_SAMPLE_RATE_AMT",Plainview 79072 (Hale County),ALLSTATE COUNTY MUTUAL INSURANCE COMPANY,tx-limits50,739
tx-2025,TX,2025,https://www.helpinsure.com/auto.html,"raw/api/autoResults_79072_limits50.json (POST https://www.helpinsure.com/api/autoResults, body in raw/api/manifest.json); record RPTG_INSR_ID=48 PLANKEY_ID=1150211520 field AUTO_SAMPLE_RATE_AMT",Plainview 79072 (Hale County),STATE FARM COUNTY MUTUAL INSURANCE COMPANY OF TEXAS,tx-limits50,793
tx-2025,TX,2025,https://www.helpinsure.com/auto.html,"raw/api/autoResults_79072_limits50.json (POST https://www.helpinsure.com/api/autoResults, body in raw/api/manifest.json); record RPTG_INSR_ID=1 PLANKEY_ID=1148451336 field AUTO_SAMPLE_RATE_AMT",Plainview 79072 (Hale County),AUTO CLUB COUNTY MUTUAL INSURANCE COMPANY,tx-limits50,821
tx-2025,TX,2025,https://www.helpinsure.com/auto.html,"raw/api/autoResults_79072_limits50.json (POST https://www.helpinsure.com/api/autoResults, body in raw/api/manifest.json); record RPTG_INSR_ID=175 PLANKEY_ID=1164042000 field AUTO_SAMPLE_RATE_AMT",Plainview 79072 (Hale County),FARMERS PROPERTY AND CASUALTY INSURANCE COMPANY,tx-limits50,898
tx-2025,TX,2025,https://www.helpinsure.com/auto.html,"raw/api/autoResults_79072_limits50.json (POST https://www.helpinsure.com/api/autoResults, body in raw/api/manifest.json); record RPTG_INSR_ID=124 PLANKEY_ID=1165398480 field AUTO_SAMPLE_RATE_AMT",Plainview 79072 (Hale County),CONSUMERS COUNTY MUTUAL INSURANCE COMPANY,tx-limits50,972
tx-2025,TX,2025,https://www.helpinsure.com/auto.html,"raw/api/autoResults_79072_limits50.json (POST https://www.helpinsure.com/api/autoResults, body in raw/api/manifest.json); record RPTG_INSR_ID=16 PLANKEY_ID=1151431704 field AUTO_SAMPLE_RATE_AMT",Plainview 79072 (Hale County),CONSUMERS COUNTY MUTUAL INSURANCE COMPANY / MGA: Travelers Quantum Auto 2.0 Program,tx-limits50,972
tx-2025,TX,2025,https://www.helpinsure.com/auto.html,"raw/api/autoResults_79072_limits50.json (POST https://www.helpinsure.com/api/autoResults, body in raw/api/manifest.json); record RPTG_INSR_ID=138 PLANKEY_ID=1153465776 field AUTO_SAMPLE_RATE_AMT",Plainview 79072 (Hale County),INFINITY COUNTY MUTUAL INSURANCE COMPANY,tx-limits50,1042
tx-2025,TX,2025,https://www.helpinsure.com/auto.html,"raw/api/autoResults_79072_limits50.json (POST https://www.helpinsure.com/api/autoResults, body in raw/api/manifest.json); record RPTG_INSR_ID=173 PLANKEY_ID=1151838648 field AUTO_SAMPLE_RATE_AMT",Plainview 79072 (Hale County),ECONOMY FIRE & CASUALTY COMPANY,tx-limits50,1063
tx-2025,TX,2025,https://www.helpinsure.com/auto.html,"raw/api/autoResults_79072_limits50.json (POST https://www.helpinsure.com/api/autoResults, body in raw/api/manifest.json); record RPTG_INSR_ID=123 PLANKEY_ID=1159432776 field AUTO_SAMPLE_RATE_AMT",Plainview 79072 (Hale County),AMICA MUTUAL INSURANCE COMPANY,tx-limits50,1269
tx-2025,TX,2025,https://www.helpinsure.com/auto.html,"raw/api/autoResults_79072_limits50.json (POST https://www.helpinsure.com/api/autoResults, body in raw/api/manifest.json); record RPTG_INSR_ID=209 PLANKEY_ID=1159025832 field AUTO_SAMPLE_RATE_AMT",Plainview 79072 (Hale County),AMERICAN FAMILY CONNECT PROPERTY AND CASUALTY INSURANCE COMPANY,tx-limits50,1334
tx-2025,TX,2025,https://www.helpinsure.com/auto.html,"raw/api/autoResults_79072_limits50.json (POST https://www.helpinsure.com/api/autoResults, body in raw/api/manifest.json); record RPTG_INSR_ID=161 PLANKEY_ID=1148044392 field AUTO_SAMPLE_RATE_AMT",Plainview 79072 (Hale County),AMICA PROPERTY AND CASUALTY INSURANCE COMPANY,tx-limits50,1393
tx-2025,TX,2025,https://www.helpinsure.com/auto.html,"raw/api/autoResults_79072_limits50.json (POST https://www.helpinsure.com/api/autoResults, body in raw/api/manifest.json); record RPTG_INSR_ID=142 PLANKEY_ID=1151186760 field AUTO_SAMPLE_RATE_AMT",Plainview 79072 (Hale County),"COLONIAL COUNTY MUTUAL INSURANCE COMPANY / MGA: Titan Insurance Services, Inc.",tx-limits50,1480
tx-2025,TX,2025,https://www.helpinsure.com/auto.html,"raw/api/autoResults_79072_limits50.json (POST https://www.helpinsure.com/api/autoResults, body in raw/api/manifest.json); record RPTG_INSR_ID=33 PLANKEY_ID=1158211944 field AUTO_SAMPLE_RATE_AMT",Plainview 79072 (Hale County),FARMERS LLOYDS INSURANCE COMPANY OF TEXAS,tx-limits50,1498
tx-2025,TX,2025,https://www.helpinsure.com/auto.html,"raw/api/autoResults_79072_limits50.json (POST https://www.helpinsure.com/api/autoResults, body in raw/api/manifest.json); record RPTG_INSR_ID=205 PLANKEY_ID=1148857632 field AUTO_SAMPLE_RATE_AMT",Plainview 79072 (Hale County),DAIRYLAND COUNTY MUTUAL INSURANCE COMPANY OF TEXAS,tx-limits50,1757
tx-2025,TX,2025,https://www.helpinsure.com/auto.html,"raw/api/autoResults_79072_limits50.json (POST https://www.helpinsure.com/api/autoResults, body in raw/api/manifest.json); record RPTG_INSR_ID=155 PLANKEY_ID=1162823760 field AUTO_SAMPLE_RATE_AMT",Plainview 79072 (Hale County),LIBERTY COUNTY MUTUAL INSURANCE COMPANY / MGA: Safeco General Agency (Safeco),tx-limits50,1819
tx-2025,TX,2025,https://www.helpinsure.com/auto.html,"raw/api/autoResults_79072_limits50.json (POST https://www.helpinsure.com/api/autoResults, body in raw/api/manifest.json); record RPTG_INSR_ID=45 PLANKEY_ID=1159839720 field AUTO_SAMPLE_RATE_AMT",Plainview 79072 (Hale County),"SENTINEL INSURANCE COMPANY, LTD.",tx-limits50,2112
tx-2025,TX,2025,https://www.helpinsure.com/auto.html,"raw/api/autoResults_79072_limits50.json (POST https://www.helpinsure.com/api/autoResults, body in raw/api/manifest.json); record RPTG_INSR_ID=212 PLANKEY_ID=1158618888 field AUTO_SAMPLE_RATE_AMT",Plainview 79072 (Hale County),ENCOMPASS INDEPENDENT INSURANCE COMPANY,tx-limits50,3304
tx-2025,TX,2025,https://www.helpinsure.com/auto.html,"raw/api/autoResults_79072_married.json (POST https://www.helpinsure.com/api/autoResults, body in raw/api/manifest.json); record RPTG_INSR_ID=21 PLANKEY_ID=1152245898 field AUTO_SAMPLE_RATE_AMT",Plainview 79072 (Hale County),FARMERS TEXAS COUNTY MUTUAL INSURANCE COMPANY,tx-married,222
tx-2025,TX,2025,https://www.helpinsure.com/auto.html,"raw/api/autoResults_79072_married.json (POST https://www.helpinsure.com/api/autoResults, body in raw/api/manifest.json); record RPTG_INSR_ID=283 PLANKEY_ID=1161467802 field AUTO_SAMPLE_RATE_AMT",Plainview 79072 (Hale County),GEICO TEXAS COUNTY MUTUAL INSURANCE COMPANY / MGA: Voyager Corporation,tx-married,227
tx-2025,TX,2025,https://www.helpinsure.com/auto.html,"raw/api/autoResults_79072_married.json (POST https://www.helpinsure.com/api/autoResults, body in raw/api/manifest.json); record RPTG_INSR_ID=282 PLANKEY_ID=1160246970 field AUTO_SAMPLE_RATE_AMT",Plainview 79072 (Hale County),GEICO TEXAS COUNTY MUTUAL INSURANCE COMPANY / MGA: Horizon Corporation,tx-married,231
tx-2025,TX,2025,https://www.helpinsure.com/auto.html,"raw/api/autoResults_79072_married.json (POST https://www.helpinsure.com/api/autoResults, body in raw/api/manifest.json); record RPTG_INSR_ID=281 PLANKEY_ID=1161060858 field AUTO_SAMPLE_RATE_AMT",Plainview 79072 (Hale County),GEICO TEXAS COUNTY MUTUAL INSURANCE COMPANY / MGA: Perspective Corporation,tx-married,236
tx-2025,TX,2025,https://www.helpinsure.com/auto.html,"raw/api/autoResults_79072_married.json (POST https://www.helpinsure.com/api/autoResults, body in raw/api/manifest.json); record RPTG_INSR_ID=41 PLANKEY_ID=1163230362 field AUTO_SAMPLE_RATE_AMT",Plainview 79072 (Hale County),PROGRESSIVE COUNTY MUTUAL INSURANCE COMPANY,tx-married,299
tx-2025,TX,2025,https://www.helpinsure.com/auto.html,"raw/api/autoResults_79072_married.json (POST https://www.helpinsure.com/api/autoResults, body in raw/api/manifest.json); record RPTG_INSR_ID=56 PLANKEY_ID=1156991418 field AUTO_SAMPLE_RATE_AMT",Plainview 79072 (Hale County),UNITED SERVICES AUTOMOBILE ASSOCIATION,tx-married,336
tx-2025,TX,2025,https://www.helpinsure.com/auto.html,"raw/api/autoResults_79072_married.json (POST https://www.helpinsure.com/api/autoResults, body in raw/api/manifest.json); record RPTG_INSR_ID=119 PLANKEY_ID=1157398362 field AUTO_SAMPLE_RATE_AMT",Plainview 79072 (Hale County),USAA CASUALTY INSURANCE COMPANY,tx-married,350
tx-2025,TX,2025,https://www.helpinsure.com/auto.html,"raw/api/autoResults_79072_married.json (POST https://www.helpinsure.com/api/autoResults, body in raw/api/manifest.json); record RPTG_INSR_ID=112 PLANKEY_ID=1156178826 field AUTO_SAMPLE_RATE_AMT",Plainview 79072 (Hale County),GARRISON PROPERTY AND CASUALTY INSURANCE COMPANY,tx-married,404
tx-2025,TX,2025,https://www.helpinsure.com/auto.html,"raw/api/autoResults_79072_married.json (POST https://www.helpinsure.com/api/autoResults, body in raw/api/manifest.json); record RPTG_INSR_ID=118 PLANKEY_ID=1157805306 field AUTO_SAMPLE_RATE_AMT",Plainview 79072 (Hale County),USAA GENERAL INDEMNITY COMPANY,tx-married,419
tx-2025,TX,2025,https://www.helpinsure.com/auto.html,"raw/api/autoResults_79072_married.json (POST https://www.helpinsure.com/api/autoResults, body in raw/api/manifest.json); record RPTG_INSR_ID=102 PLANKEY_ID=1163636010 field AUTO_SAMPLE_RATE_AMT",Plainview 79072 (Hale County),PROGRESSIVE COUNTY MUTUAL INSURANCE COMPANY / MGA: PROGRESSIVE COUNTY MUTUAL - DIRECT RATES,tx-married,485
tx-2025,TX,2025,https://www.helpinsure.com/auto.html,"raw/api/autoResults_79072_married.json (POST https://www.helpinsure.com/api/autoResults, body in raw/api/manifest.json); record RPTG_INSR_ID=246 PLANKEY_ID=1162417122 field AUTO_SAMPLE_RATE_AMT",Plainview 79072 (Hale County),GEICO TEXAS COUNTY MUTUAL INSURANCE COMPANY / MGA: Endeavor Corporation,tx-married,503
tx-2025,TX,2025,https://www.helpinsure.com/auto.html,"raw/api/autoResults_79072_married.json (POST https://www.helpinsure.com/api/autoResults, body in raw/api/manifest.json); record RPTG_INSR_ID=32 PLANKEY_ID=1150618122 field AUTO_SAMPLE_RATE_AMT",Plainview 79072 (Hale County),MERCURY COUNTY MUTUAL INSURANCE COMPANY,tx-married,511
tx-2025,TX,2025,https://www.helpinsure.com/auto.html,"raw/api/autoResults_79072_married.json (POST https://www.helpinsure.com/api/autoResults, body in raw/api/manifest.json); record RPTG_INSR_ID=50 PLANKEY_ID=1149806178 field AUTO_SAMPLE_RATE_AMT",Plainview 79072 (Hale County),STATE FARM MUTUAL AUTOMOBILE INSURANCE COMPANY,tx-married,549
tx-2025,TX,2025,https://www.helpinsure.com/auto.html,"raw/api/autoResults_79072_married.json (POST https://www.helpinsure.com/api/autoResults, body in raw/api/manifest.json); record RPTG_INSR_ID=6 PLANKEY_ID=1164991842 field AUTO_SAMPLE_RATE_AMT",Plainview 79072 (Hale County),ALLSTATE FIRE AND CASUALTY INSURANCE COMPANY,tx-married,606
tx-2025,TX,2025,https://www.helpinsure.com/auto.html,"raw/api/autoResults_79072_married.json (POST https://www.helpinsure.com/api/autoResults, body in raw/api/manifest.json); record RPTG_INSR_ID=140 PLANKEY_ID=1152652842 field AUTO_SAMPLE_RATE_AMT",Plainview 79072 (Hale County),FOREMOST COUNTY MUTUAL INSURANCE COMPANY,tx-married,609
tx-2025,TX,2025,https://www.helpinsure.com/auto.html,"raw/api/autoResults_79072_married.json (POST https://www.helpinsure.com/api/autoResults, body in raw/api/manifest.json); record RPTG_INSR_ID=104 PLANKEY_ID=1164748374 field AUTO_SAMPLE_RATE_AMT",Plainview 79072 (Hale County),TEXAS AUTOMOBILE INSURANCE PLAN ASSOCIATION,tx-married,632
tx-2025,TX,2025,https://www.helpinsure.com/auto.html,"raw/api/autoResults_79072_married.json (POST https://www.helpinsure.com/api/autoResults, body in raw/api/manifest.json); record RPTG_INSR_ID=138 PLANKEY_ID=1153466082 field AUTO_SAMPLE_RATE_AMT",Plainview 79072 (Hale County),INFINITY COUNTY MUTUAL INSURANCE COMPANY,tx-married,649
tx-2025,TX,2025,https://www.helpinsure.com/auto.html,"raw/api/autoResults_79072_married.json (POST https://www.helpinsure.com/api/autoResults, body in raw/api/manifest.json); record RPTG_INSR_ID=1 PLANKEY_ID=1148451642 field AUTO_SAMPLE_RATE_AMT",Plainview 79072 (Hale County),AUTO CLUB COUNTY MUTUAL INSURANCE COMPANY,tx-married,684
tx-2025,TX,2025,https://www.helpinsure.com/auto.html,"raw/api/autoResults_79072_married.json (POST https://www.helpinsure.com/api/autoResults, body in raw/api/manifest.json); record RPTG_INSR_ID=5 PLANKEY_ID=1153059138 field AUTO_SAMPLE_RATE_AMT",Plainview 79072 (Hale County),ALLSTATE COUNTY MUTUAL INSURANCE COMPANY,tx-married,702
tx-2025,TX,2025,https://www.helpinsure.com/auto.html,"raw/api/autoResults_79072_married.json (POST https://www.helpinsure.com/api/autoResults, body in raw/api/manifest.json); record RPTG_INSR_ID=238 PLANKEY_ID=1164449250 field AUTO_SAMPLE_RATE_AMT",Plainview 79072 (Hale County),MID-CENTURY INSURANCE COMPANY OF TEXAS,tx-married,702
tx-2025,TX,2025,https://www.helpinsure.com/auto.html,"raw/api/autoResults_79072_married.json (POST https://www.helpinsure.com/api/autoResults, body in raw/api/manifest.json); record RPTG_INSR_ID=173 PLANKEY_ID=1151838954 field AUTO_SAMPLE_RATE_AMT",Plainview 79072 (Hale County),ECONOMY FIRE & CASUALTY COMPANY,tx-married,708
tx-2025,TX,2025,https://www.helpinsure.com/auto.html,"raw/api/autoResults_79072_married.json (POST https://www.helpinsure.com/api/autoResults, body in raw/api/manifest.json); record RPTG_INSR_ID=175 PLANKEY_ID=1164042306 field AUTO_SAMPLE_RATE_AMT",Plainview 79072 (Hale County),FARMERS PROPERTY AND CASUALTY INSURANCE COMPANY,tx-married,715
tx-2025,TX,2025,https://www.helpinsure.com/auto.html,"raw/api/autoResults_79072_married.json (POST https://www.helpinsure.com/api/autoResults, body in raw/api/manifest.json); record RPTG_INSR_ID=48 PLANKEY_ID=1150211826 field AUTO_SAMPLE_RATE_AMT",Plainview 79072 (Hale County),STATE FARM COUNTY MUTUAL INSURANCE COMPANY OF TEXAS,tx-married,741
tx-2025,TX,2025,https://www.helpinsure.com/auto.html,"raw/api/autoResults_79072_married.json (POST https://www.helpinsure.com/api/autoResults, body in raw/api/manifest.json); record RPTG_INSR_ID=16 PLANKEY_ID=1151432010 field AUTO_SAMPLE_RATE_AMT",Plainview 79072 (Hale County),CONSUMERS COUNTY MUTUAL INSURANCE COMPANY / MGA: Travelers Quantum Auto 2.0 Program,tx-married,951
tx-2025,TX,2025,https://www.helpinsure.com/auto.html,"raw/api/autoResults_79072_married.json (POST https://www.helpinsure.com/api/autoResults, body in raw/api/manifest.json); record RPTG_INSR_ID=124 PLANKEY_ID=1165398786 field AUTO_SAMPLE_RATE_AMT",Plainview 79072 (Hale County),CONSUMERS COUNTY MUTUAL INSURANCE COMPANY,tx-married,951
tx-2025,TX,2025,https://www.helpinsure.com/auto.html,"raw/api/autoResults_79072_married.json (POST https://www.helpinsure.com/api/autoResults, body in raw/api/manifest.json); record RPTG_INSR_ID=215 PLANKEY_ID=1149563358 field AUTO_SAMPLE_RATE_AMT",Plainview 79072 (Hale County),"MGA INSURANCE COMPANY, INC.",tx-married,970
tx-2025,TX,2025,https://www.helpinsure.com/auto.html,"raw/api/autoResults_79072_married.json (POST https://www.helpinsure.com/api/autoResults, body in raw/api/manifest.json); record RPTG_INSR_ID=209 PLANKEY_ID=1159026138 field AUTO_SAMPLE_RATE_AMT",Plainview 79072 (Hale County),AMERICAN FAMILY CONNECT PROPERTY AND CASUALTY INSURANCE COMPANY,tx-married,1022
tx-2025,TX,2025,https://www.helpinsure.com/auto.html,"raw/api/autoResults_79072_married.json (POST https://www.helpinsure.com/api/autoResults, body in raw/api/manifest.json); record RPTG_INSR_ID=33 PLANKEY_ID=1158212250 field AUTO_SAMPLE_RATE_AMT",Plainview 79072 (Hale County),FARMERS LLOYDS INSURANCE COMPANY OF TEXAS,tx-married,1032
tx-2025,TX,2025,https://www.helpinsure.com/auto.html,"raw/api/autoResults_79072_married.json (POST https://www.helpinsure.com/api/autoResults, body in raw/api/manifest.json); record RPTG_INSR_ID=123 PLANKEY_ID=1159433082 field AUTO_SAMPLE_RATE_AMT",Plainview 79072 (Hale County),AMICA MUTUAL INSURANCE COMPANY,tx-married,1139
tx-2025,TX,2025,https://www.helpinsure.com/auto.html,"raw/api/autoResults_79072_married.json (POST https://www.helpinsure.com/api/autoResults, body in raw/api/manifest.json); record RPTG_INSR_ID=142 PLANKEY_ID=1151186418 field AUTO_SAMPLE_RATE_AMT",Plainview 79072 (Hale County),"COLONIAL COUNTY MUTUAL INSURANCE COMPANY / MGA: Titan Insurance Services, Inc.",tx-married,1209
tx-2025,TX,2025,https://www.helpinsure.com/auto.html,"raw/api/autoResults_79072_married.json (POST https://www.helpinsure.com/api/autoResults, body in raw/api/manifest.json); record RPTG_INSR_ID=161 PLANKEY_ID=1148044698 field AUTO_SAMPLE_RATE_AMT",Plainview 79072 (Hale County),AMICA PROPERTY AND CASUALTY INSURANCE COMPANY,tx-married,1250
tx-2025,TX,2025,https://www.helpinsure.com/auto.html,"raw/api/autoResults_79072_married.json (POST https://www.helpinsure.com/api/autoResults, body in raw/api/manifest.json); record RPTG_INSR_ID=205 PLANKEY_ID=1148857938 field AUTO_SAMPLE_RATE_AMT",Plainview 79072 (Hale County),DAIRYLAND COUNTY MUTUAL INSURANCE COMPANY OF TEXAS,tx-married,1278
tx-2025,TX,2025,https://www.helpinsure.com/auto.html,"raw/api/autoResults_79072_married.json (POST https://www.helpinsure.com/api/autoResults, body in raw/api/manifest.json); record RPTG_INSR_ID=155 PLANKEY_ID=1162824066 field AUTO_SAMPLE_RATE_AMT",Plainview 79072 (Hale County),LIBERTY COUNTY MUTUAL INSURANCE COMPANY / MGA: Safeco General Agency (Safeco),tx-married,1655
tx-2025,TX,2025,https://www.helpinsure.com/auto.html,"raw/api/autoResults_79072_married.json (POST https://www.helpinsure.com/api/autoResults, body in raw/api/manifest.json); record RPTG_INSR_ID=45 PLANKEY_ID=1159840026 field AUTO_SAMPLE_RATE_AMT",Plainview 79072 (Hale County),"SENTINEL INSURANCE COMPANY, LTD.",tx-married,1764
tx-2025,TX,2025,https://www.helpinsure.com/auto.html,"raw/api/autoResults_79072_married.json (POST https://www.helpinsure.com/api/autoResults, body in raw/api/manifest.json); record RPTG_INSR_ID=219 PLANKEY_ID=1153765206 field AUTO_SAMPLE_RATE_AMT",Plainview 79072 (Hale County),AMERICAN ACCESS CASUALTY COMPANY,tx-married,2236
tx-2025,TX,2025,https://www.helpinsure.com/auto.html,"raw/api/autoResults_79072_married.json (POST https://www.helpinsure.com/api/autoResults, body in raw/api/manifest.json); record RPTG_INSR_ID=212 PLANKEY_ID=1158619194 field AUTO_SAMPLE_RATE_AMT",Plainview 79072 (Hale County),ENCOMPASS INDEPENDENT INSURANCE COMPANY,tx-married,2481
tx-2025,TX,2025,https://www.helpinsure.com/auto.html,"raw/api/autoResults_79072_pleasure.json (POST https://www.helpinsure.com/api/autoResults, body in raw/api/manifest.json); record RPTG_INSR_ID=283 PLANKEY_ID=1161467469 field AUTO_SAMPLE_RATE_AMT",Plainview 79072 (Hale County),GEICO TEXAS COUNTY MUTUAL INSURANCE COMPANY / MGA: Voyager Corporation,tx-pleasure,236
tx-2025,TX,2025,https://www.helpinsure.com/auto.html,"raw/api/autoResults_79072_pleasure.json (POST https://www.helpinsure.com/api/autoResults, body in raw/api/manifest.json); record RPTG_INSR_ID=282 PLANKEY_ID=1160246637 field AUTO_SAMPLE_RATE_AMT",Plainview 79072 (Hale County),GEICO TEXAS COUNTY MUTUAL INSURANCE COMPANY / MGA: Horizon Corporation,tx-pleasure,239
tx-2025,TX,2025,https://www.helpinsure.com/auto.html,"raw/api/autoResults_79072_pleasure.json (POST https://www.helpinsure.com/api/autoResults, body in raw/api/manifest.json); record RPTG_INSR_ID=281 PLANKEY_ID=1161060525 field AUTO_SAMPLE_RATE_AMT",Plainview 79072 (Hale County),GEICO TEXAS COUNTY MUTUAL INSURANCE COMPANY / MGA: Perspective Corporation,tx-pleasure,246
tx-2025,TX,2025,https://www.helpinsure.com/auto.html,"raw/api/autoResults_79072_pleasure.json (POST https://www.helpinsure.com/api/autoResults, body in raw/api/manifest.json); record RPTG_INSR_ID=21 PLANKEY_ID=1152245565 field AUTO_SAMPLE_RATE_AMT",Plainview 79072 (Hale County),FARMERS TEXAS COUNTY MUTUAL INSURANCE COMPANY,tx-pleasure,248
tx-2025,TX,2025,https://www.helpinsure.com/auto.html,"raw/api/autoResults_79072_pleasure.json (POST https://www.helpinsure.com/api/autoResults, body in raw/api/manifest.json); record RPTG_INSR_ID=41 PLANKEY_ID=1163230029 field AUTO_SAMPLE_RATE_AMT",Plainview 79072 (Hale County),PROGRESSIVE COUNTY MUTUAL INSURANCE COMPANY,tx-pleasure,340
tx-2025,TX,2025,https://www.helpinsure.com/auto.html,"raw/api/autoResults_79072_pleasure.json (POST https://www.helpinsure.com/api/autoResults, body in raw/api/manifest.json); record RPTG_INSR_ID=56 PLANKEY_ID=1156991085 field AUTO_SAMPLE_RATE_AMT",Plainview 79072 (Hale County),UNITED SERVICES AUTOMOBILE ASSOCIATION,tx-pleasure,370
tx-2025,TX,2025,https://www.helpinsure.com/auto.html,"raw/api/autoResults_79072_pleasure.json (POST https://www.helpinsure.com/api/autoResults, body in raw/api/manifest.json); record RPTG_INSR_ID=119 PLANKEY_ID=1157398029 field AUTO_SAMPLE_RATE_AMT",Plainview 79072 (Hale County),USAA CASUALTY INSURANCE COMPANY,tx-pleasure,388
tx-2025,TX,2025,https://www.helpinsure.com/auto.html,"raw/api/autoResults_79072_pleasure.json (POST https://www.helpinsure.com/api/autoResults, body in raw/api/manifest.json); record RPTG_INSR_ID=112 PLANKEY_ID=1156178493 field AUTO_SAMPLE_RATE_AMT",Plainview 79072 (Hale County),GARRISON PROPERTY AND CASUALTY INSURANCE COMPANY,tx-pleasure,439
tx-2025,TX,2025,https://www.helpinsure.com/auto.html,"raw/api/autoResults_79072_pleasure.json (POST https://www.helpinsure.com/api/autoResults, body in raw/api/manifest.json); record RPTG_INSR_ID=118 PLANKEY_ID=1157804973 field AUTO_SAMPLE_RATE_AMT",Plainview 79072 (Hale County),USAA GENERAL INDEMNITY COMPANY,tx-pleasure,462
tx-2025,TX,2025,https://www.helpinsure.com/auto.html,"raw/api/autoResults_79072_pleasure.json (POST https://www.helpinsure.com/api/autoResults, body in raw/api/manifest.json); record RPTG_INSR_ID=246 PLANKEY_ID=1162416789 field AUTO_SAMPLE_RATE_AMT",Plainview 79072 (Hale County),GEICO TEXAS COUNTY MUTUAL INSURANCE COMPANY / MGA: Endeavor Corporation,tx-pleasure,503
tx-2025,TX,2025,https://www.helpinsure.com/auto.html,"raw/api/autoResults_79072_pleasure.json (POST https://www.helpinsure.com/api/autoResults, body in raw/api/manifest.json); record RPTG_INSR_ID=102 PLANKEY_ID=1163635677 field AUTO_SAMPLE_RATE_AMT",Plainview 79072 (Hale County),PROGRESSIVE COUNTY MUTUAL INSURANCE COMPANY / MGA: PROGRESSIVE COUNTY MUTUAL - DIRECT RATES,tx-pleasure,510
tx-2025,TX,2025,https://www.helpinsure.com/auto.html,"raw/api/autoResults_79072_pleasure.json (POST https://www.helpinsure.com/api/autoResults, body in raw/api/manifest.json); record RPTG_INSR_ID=50 PLANKEY_ID=1149805845 field AUTO_SAMPLE_RATE_AMT",Plainview 79072 (Hale County),STATE FARM MUTUAL AUTOMOBILE INSURANCE COMPANY,tx-pleasure,549
tx-2025,TX,2025,https://www.helpinsure.com/auto.html,"raw/api/autoResults_79072_pleasure.json (POST https://www.helpinsure.com/api/autoResults, body in raw/api/manifest.json); record RPTG_INSR_ID=104 PLANKEY_ID=1164748257 field AUTO_SAMPLE_RATE_AMT",Plainview 79072 (Hale County),TEXAS AUTOMOBILE INSURANCE PLAN ASSOCIATION,tx-pleasure,550
tx-2025,TX,2025,https://www.helpinsure.com/auto.html,"raw/api/autoResults_79072_pleasure.json (POST https://www.helpinsure.com/api/autoResults, body in raw/api/manifest.json); record RPTG_INSR_ID=238 PLANKEY_ID=1164448917 field AUTO_SAMPLE_RATE_AMT",Plainview 79072 (Hale County),MID-CENTURY INSURANCE COMPANY OF TEXAS,tx-pleasure,601
tx-2025,TX,2025,https://www.helpinsure.com/auto.html,"raw/api/autoResults_79072_pleasure.json (POST https://www.helpinsure.com/api/autoResults, body in raw/api/manifest.json); record RPTG_INSR_ID=6 PLANKEY_ID=1164991509 field AUTO_SAMPLE_RATE_AMT",Plainview 79072 (Hale County),ALLSTATE FIRE AND CASUALTY INSURANCE COMPANY,tx-pleasure,606
tx-2025,TX,2025,https://www.helpinsure.com/auto.html,"raw/api/autoResults_79072_pleasure.json (POST https://www.helpinsure.com/api/autoResults, body in raw/api/manifest.json); record RPTG_INSR_ID=1 PLANKEY_ID=1148451309 field AUTO_SAMPLE_RATE_AMT",Plainview 79072 (Hale County),AUTO CLUB COUNTY MUTUAL INSURANCE COMPANY,tx-pleasure,658
tx-2025,TX,2025,https://www.helpinsure.com/auto.html,"raw/api/autoResults_79072_pleasure.json (POST https://www.helpinsure.com/api/autoResults, body in raw/api/manifest.json); record RPTG_INSR_ID=32 PLANKEY_ID=1150617789 field AUTO_SAMPLE_RATE_AMT",Plainview 79072 (Hale County),MERCURY COUNTY MUTUAL INSURANCE COMPANY,tx-pleasure,679
tx-2025,TX,2025,https://www.helpinsure.com/auto.html,"raw/api/autoResults_79072_pleasure.json (POST https://www.helpinsure.com/api/autoResults, body in raw/api/manifest.json); record RPTG_INSR_ID=140 PLANKEY_ID=1152652509 field AUTO_SAMPLE_RATE_AMT",Plainview 79072 (Hale County),FOREMOST COUNTY MUTUAL INSURANCE COMPANY,tx-pleasure,705
tx-2025,TX,2025,https://www.helpinsure.com/auto.html,"raw/api/autoResults_79072_pleasure.json (POST https://www.helpinsure.com/api/autoResults, body in raw/api/manifest.json); record RPTG_INSR_ID=5 PLANKEY_ID=1153058805 field AUTO_SAMPLE_RATE_AMT",Plainview 79072 (Hale County),ALLSTATE COUNTY MUTUAL INSURANCE COMPANY,tx-pleasure,732
tx-2025,TX,2025,https://www.helpinsure.com/auto.html,"raw/api/autoResults_79072_pleasure.json (POST https://www.helpinsure.com/api/autoResults, body in raw/api/manifest.json); record RPTG_INSR_ID=48 PLANKEY_ID=1150211493 field AUTO_SAMPLE_RATE_AMT",Plainview 79072 (Hale County),STATE FARM COUNTY MUTUAL INSURANCE COMPANY OF TEXAS,tx-pleasure,741
tx-2025,TX,2025,https://www.helpinsure.com/auto.html,"raw/api/autoResults_79072_pleasure.json (POST https://www.helpinsure.com/api/autoResults, body in raw/api/manifest.json); record RPTG_INSR_ID=138 PLANKEY_ID=1153465749 field AUTO_SAMPLE_RATE_AMT",Plainview 79072 (Hale County),INFINITY COUNTY MUTUAL INSURANCE COMPANY,tx-pleasure,789
tx-2025,TX,2025,https://www.helpinsure.com/auto.html,"raw/api/autoResults_79072_pleasure.json (POST https://www.helpinsure.com/api/autoResults, body in raw/api/manifest.json); record RPTG_INSR_ID=124 PLANKEY_ID=1165398453 field AUTO_SAMPLE_RATE_AMT",Plainview 79072 (Hale County),CONSUMERS COUNTY MUTUAL INSURANCE COMPANY,tx-pleasure,846
tx-2025,TX,2025,https://www.helpinsure.com/auto.html,"raw/api/autoResults_79072_pleasure.json (POST https://www.helpinsure.com/api/autoResults, body in raw/api/manifest.json); record RPTG_INSR_ID=16 PLANKEY_ID=1151431677 field AUTO_SAMPLE_RATE_AMT",Plainview 79072 (Hale County),CONSUMERS COUNTY MUTUAL INSURANCE COMPANY / MGA: Travelers Quantum Auto 2.0 Program,tx-pleasure,846
tx-2025,TX,2025,https://www.helpinsure.com/auto.html,"raw/api/autoResults_79072_pleasure.json (POST https://www.helpinsure.com/api/autoResults, body in raw/api/manifest.json); record RPTG_INSR_ID=175 PLANKEY_ID=1164041973 field AUTO_SAMPLE_RATE_AMT",Plainview 79072 (Hale County),FARMERS PROPERTY AND CASUALTY INSURANCE COMPANY,tx-pleasure,853
tx-2025,TX,2025,https://www.helpinsure.com/auto.html,"raw/api/autoResults_79072_pleasure.json (POST https://www.helpinsure.com/api/autoResults, body in raw/api/manifest.json); record RPTG_INSR_ID=173 PLANKEY_ID=1151838621 field AUTO_SAMPLE_RATE_AMT",Plainview 79072 (Hale County),ECONOMY FIRE & CASUALTY COMPANY,tx-pleasure,998
tx-2025,TX,2025,https://www.helpinsure.com/auto.html,"raw/api/autoResults_79072_pleasure.json (POST https://www.helpinsure.com/api/autoResults, body in raw/api/manifest.json); record RPTG_INSR_ID=215 PLANKEY_ID=1149563241 field AUTO_SAMPLE_RATE_AMT",Plainview 79072 (Hale County),"MGA INSURANCE COMPANY, INC.",tx-pleasure,1042
tx-2025,TX,2025,https://www.helpinsure.com/auto.html,"raw/api/autoResults_79072_pleasure.json (POST https://www.helpinsure.com/api/autoResults, body in raw/api/manifest.json); record RPTG_INSR_ID=123 PLANKEY_ID=1159432749 field AUTO_SAMPLE_RATE_AMT",Plainview 79072 (Hale County),AMICA MUTUAL INSURANCE COMPANY,tx-pleasure,1090
tx-2025,TX,2025,https://www.helpinsure.com/auto.html,"raw/api/autoResults_79072_pleasure.json (POST https://www.helpinsure.com/api/autoResults, body in raw/api/manifest.json); record RPTG_INSR_ID=209 PLANKEY_ID=1159025805 field AUTO_SAMPLE_RATE_AMT",Plainview 79072 (Hale County),AMERICAN FAMILY CONNECT PROPERTY AND CASUALTY INSURANCE COMPANY,tx-pleasure,1148
tx-2025,TX,2025,https://www.helpinsure.com/auto.html,"raw/api/autoResults_79072_pleasure.json (POST https://www.helpinsure.com/api/autoResults, body in raw/api/manifest.json); record RPTG_INSR_ID=161 PLANKEY_ID=1148044365 field AUTO_SAMPLE_RATE_AMT",Plainview 79072 (Hale County),AMICA PROPERTY AND CASUALTY INSURANCE COMPANY,tx-pleasure,1226
tx-2025,TX,2025,https://www.helpinsure.com/auto.html,"raw/api/autoResults_79072_pleasure.json (POST https://www.helpinsure.com/api/autoResults, body in raw/api/manifest.json); record RPTG_INSR_ID=33 PLANKEY_ID=1158211917 field AUTO_SAMPLE_RATE_AMT",Plainview 79072 (Hale County),FARMERS LLOYDS INSURANCE COMPANY OF TEXAS,tx-pleasure,1378
tx-2025,TX,2025,https://www.helpinsure.com/auto.html,"raw/api/autoResults_79072_pleasure.json (POST https://www.helpinsure.com/api/autoResults, body in raw/api/manifest.json); record RPTG_INSR_ID=142 PLANKEY_ID=1151186085 field AUTO_SAMPLE_RATE_AMT",Plainview 79072 (Hale County),"COLONIAL COUNTY MUTUAL INSURANCE COMPANY / MGA: Titan Insurance Services, Inc.",tx-pleasure,1394
tx-2025,TX,2025,https://www.helpinsure.com/auto.html,"raw/api/autoResults_79072_pleasure.json (POST https://www.helpinsure.com/api/autoResults, body in raw/api/manifest.json); record RPTG_INSR_ID=205 PLANKEY_ID=1148857605 field AUTO_SAMPLE_RATE_AMT",Plainview 79072 (Hale County),DAIRYLAND COUNTY MUTUAL INSURANCE COMPANY OF TEXAS,tx-pleasure,1535
tx-2025,TX,2025,https://www.helpinsure.com/auto.html,"raw/api/autoResults_79072_pleasure.json (POST https://www.helpinsure.com/api/autoResults, body in raw/api/manifest.json); record RPTG_INSR_ID=155 PLANKEY_ID=1162823733 field AUTO_SAMPLE_RATE_AMT",Plainview 79072 (Hale County),LIBERTY COUNTY MUTUAL INSURANCE COMPANY / MGA: Safeco General Agency (Safeco),tx-pleasure,1691
tx-2025,TX,2025,https://www.helpinsure.com/auto.html,"raw/api/autoResults_79072_pleasure.json (POST https://www.helpinsure.com/api/autoResults, body in raw/api/manifest.json); record RPTG_INSR_ID=45 PLANKEY_ID=1159839693 field AUTO_SAMPLE_RATE_AMT",Plainview 79072 (Hale County),"SENTINEL INSURANCE COMPANY, LTD.",tx-pleasure,1868
tx-2025,TX,2025,https://www.helpinsure.com/auto.html,"raw/api/autoResults_79072_pleasure.json (POST https://www.helpinsure.com/api/autoResults, body in raw/api/manifest.json); record RPTG_INSR_ID=219 PLANKEY_ID=1153765089 field AUTO_SAMPLE_RATE_AMT",Plainview 79072 (Hale County),AMERICAN ACCESS CASUALTY COMPANY,tx-pleasure,2212
tx-2025,TX,2025,https://www.helpinsure.com/auto.html,"raw/api/autoResults_79072_pleasure.json (POST https://www.helpinsure.com/api/autoResults, body in raw/api/manifest.json); record RPTG_INSR_ID=212 PLANKEY_ID=1158618861 field AUTO_SAMPLE_RATE_AMT",Plainview 79072 (Hale County),ENCOMPASS INDEPENDENT INSURANCE COMPANY,tx-pleasure,2980
tx-2025,TX,2025,https://www.helpinsure.com/auto.html,"raw/api/autoResults_79072_speeding.json (POST https://www.helpinsure.com/api/autoResults, body in raw/api/manifest.json); record RPTG_INSR_ID=21 PLANKEY_ID=1152245573 field AUTO_SAMPLE_RATE_AMT",Plainview 79072 (Hale County),FARMERS TEXAS COUNTY MUTUAL INSURANCE COMPANY,tx-speeding,280
tx-2025,TX,2025,https://www.helpinsure.com/auto.html,"raw/api/autoResults_79072_speeding.json (POST https://www.helpinsure.com/api/autoResults, body in raw/api/manifest.json); record RPTG_INSR_ID=56 PLANKEY_ID=1156991093 field AUTO_SAMPLE_RATE_AMT",Plainview 79072 (Hale County),UNITED SERVICES AUTOMOBILE ASSOCIATION,tx-speeding,379
tx-2025,TX,2025,https://www.helpinsure.com/auto.html,"raw/api/autoResults_79072_speeding.json (POST https://www.helpinsure.com/api/autoResults, body in raw/api/manifest.json); record RPTG_INSR_ID=283 PLANKEY_ID=1161467477 field AUTO_SAMPLE_RATE_AMT",Plainview 79072 (Hale County),GEICO TEXAS COUNTY MUTUAL INSURANCE COMPANY / MGA: Voyager Corporation,tx-speeding,384
tx-2025,TX,2025,https://www.helpinsure.com/auto.html,"raw/api/autoResults_79072_speeding.json (POST https://www.helpinsure.com/api/autoResults, body in raw/api/manifest.json); record RPTG_INSR_ID=282 PLANKEY_ID=1160246645 field AUTO_SAMPLE_RATE_AMT",Plainview 79072 (Hale County),GEICO TEXAS COUNTY MUTUAL INSURANCE COMPANY / MGA: Horizon Corporation,tx-speeding,393
tx-2025,TX,2025,https://www.helpinsure.com/auto.html,"raw/api/autoResults_79072_speeding.json (POST https://www.helpinsure.com/api/autoResults, body in raw/api/manifest.json); record RPTG_INSR_ID=119 PLANKEY_ID=1157398037 field AUTO_SAMPLE_RATE_AMT",Plainview 79072 (Hale County),USAA CASUALTY INSURANCE COMPANY,tx-speeding,398
tx-2025,TX,2025,https://www.helpinsure.com/auto.html,"raw/api/autoResults_79072_speeding.json (POST https://www.helpinsure.com/api/autoResults, body in raw/api/manifest.json); record RPTG_INSR_ID=281 PLANKEY_ID=1161060533 field AUTO_SAMPLE_RATE_AMT",Plainview 79072 (Hale County),GEICO TEXAS COUNTY MUTUAL INSURANCE COMPANY / MGA: Perspective Corporation,tx-speeding,416
tx-2025,TX,2025,https://www.helpinsure.com/auto.html,"raw/api/autoResults_79072_speeding.json (POST https://www.helpinsure.com/api/autoResults, body in raw/api/manifest.json); record RPTG_INSR_ID=112 PLANKEY_ID=1156178501 field AUTO_SAMPLE_RATE_AMT",Plainview 79072 (Hale County),GARRISON PROPERTY AND CASUALTY INSURANCE COMPANY,tx-speeding,463
tx-2025,TX,2025,https://www.helpinsure.com/auto.html,"raw/api/autoResults_79072_speeding.json (POST https://www.helpinsure.com/api/autoResults, body in raw/api/manifest.json); record RPTG_INSR_ID=118 PLANKEY_ID=1157804981 field AUTO_SAMPLE_RATE_AMT",Plainview 79072 (Hale County),USAA GENERAL INDEMNITY COMPANY,tx-speeding,479
tx-2025,TX,2025,https://www.helpinsure.com/auto.html,"raw/api/autoResults_79072_speeding.json (POST https://www.helpinsure.com/api/autoResults, body in raw/api/manifest.json); record RPTG_INSR_ID=41 PLANKEY_ID=1163230037 field AUTO_SAMPLE_RATE_AMT",Plainview 79072 (Hale County),PROGRESSIVE COUNTY MUTUAL INSURANCE COMPANY,tx-speeding,484
tx-2025,TX,2025,https://www.helpinsure.com/auto.html,"raw/api/autoResults_79072_speeding.json (POST https://www.helpinsure.com/api/autoResults, body in raw/api/manifest.json); record RPTG_INSR_ID=50 PLANKEY_ID=1149805853 field AUTO_SAMPLE_RATE_AMT",Plainview 79072 (Hale County),STATE FARM MUTUAL AUTOMOBILE INSURANCE COMPANY,tx-speeding,537
tx-2025,TX,2025,https://www.helpinsure.com/auto.html,"raw/api/autoResults_79072_speeding.json (POST https://www.helpinsure.com/api/autoResults, body in raw/api/manifest.json); record RPTG_INSR_ID=6 PLANKEY_ID=1164991517 field AUTO_SAMPLE_RATE_AMT",Plainview 79072 (Hale County),ALLSTATE FIRE AND CASUALTY INSURANCE COMPANY,tx-speeding,606
tx-2025,TX,2025,https://www.helpinsure.com/auto.html,"raw/api/autoResults_79072_speeding.json (POST https://www.helpinsure.com/api/autoResults, body in raw/api/manifest.json); record RPTG_INSR_ID=102 PLANKEY_ID=1163635685 field AUTO_SAMPLE_RATE_AMT",Plainview 79072 (Hale County),PROGRESSIVE COUNTY MUTUAL INSURANCE COMPANY / MGA: PROGRESSIVE COUNTY MUTUAL - DIRECT RATES,tx-speeding,611
tx-2025,TX,2025,https://www.helpinsure.com/auto.html,"raw/api/autoResults_79072_speeding.json (POST https://www.helpinsure.com/api/autoResults, body in raw/api/manifest.json); record RPTG_INSR_ID=246 PLANKEY_ID=1162416797 field AUTO_SAMPLE_RATE_AMT",Plainview 79072 (Hale County),GEICO TEXAS COUNTY MUTUAL INSURANCE COMPANY / MGA: Endeavor Corporation,tx-speeding,645
tx-2025,TX,2025,https://www.helpinsure.com/auto.html,"raw/api/autoResults_79072_speeding.json (POST https://www.helpinsure.com/api/autoResults, body in raw/api/manifest.json); record RPTG_INSR_ID=238 PLANKEY_ID=1164448925 field AUTO_SAMPLE_RATE_AMT",Plainview 79072 (Hale County),MID-CENTURY INSURANCE COMPANY OF TEXAS,tx-speeding,708
tx-2025,TX,2025,https://www.helpinsure.com/auto.html,"raw/api/autoResults_79072_speeding.json (POST https://www.helpinsure.com/api/autoResults, body in raw/api/manifest.json); record RPTG_INSR_ID=104 PLANKEY_ID=1164748265 field AUTO_SAMPLE_RATE_AMT",Plainview 79072 (Hale County),TEXAS AUTOMOBILE INSURANCE PLAN ASSOCIATION,tx-speeding,726
tx-2025,TX,2025,https://www.helpinsure.com/auto.html,"raw/api/autoResults_79072_speeding.json (POST https://www.helpinsure.com/api/autoResults, body in raw/api/manifest.json); record RPTG_INSR_ID=5 PLANKEY_ID=1153058813 field AUTO_SAMPLE_RATE_AMT",Plainview 79072 (Hale County),ALLSTATE COUNTY MUTUAL INSURANCE COMPANY,tx-speeding,785
tx-2025,TX,2025,https://www.helpinsure.com/auto.html,"raw/api/autoResults_79072_speeding.json (POST https://www.helpinsure.com/api/autoResults, body in raw/api/manifest.json); record RPTG_INSR_ID=175 PLANKEY_ID=1164041981 field AUTO_SAMPLE_RATE_AMT",Plainview 79072 (Hale County),FARMERS PROPERTY AND CASUALTY INSURANCE COMPANY,tx-speeding,853
tx-2025,TX,2025,https://www.helpinsure.com/auto.html,"raw/api/autoResults_79072_speeding.json (POST https://www.helpinsure.com/api/autoResults, body in raw/api/manifest.json); record RPTG_INSR_ID=48 PLANKEY_ID=1150211501 field AUTO_SAMPLE_RATE_AMT",Plainview 79072 (Hale County),STATE FARM COUNTY MUTUAL INSURANCE COMPANY OF TEXAS,tx-speeding,917
tx-2025,TX,2025,https://www.helpinsure.com/auto.html,"raw/api/autoResults_79072_speeding.json (POST https://www.helpinsure.com/api/autoResults, body in raw/api/manifest.json); record RPTG_INSR_ID=140 PLANKEY_ID=1152652517 field AUTO_SAMPLE_RATE_AMT",Plainview 79072 (Hale County),FOREMOST COUNTY MUTUAL INSURANCE COMPANY,tx-speeding,936
tx-2025,TX,2025,https://www.helpinsure.com/auto.html,"raw/api/autoResults_79072_speeding.json (POST https://www.helpinsure.com/api/autoResults, body in raw/api/manifest.json); record RPTG_INSR_ID=32 PLANKEY_ID=1150617797 field AUTO_SAMPLE_RATE_AMT",Plainview 79072 (Hale County),MERCURY COUNTY MUTUAL INSURANCE COMPANY,tx-speeding,956
tx-2025,TX,2025,https://www.helpinsure.com/auto.html,"raw/api/autoResults_79072_speeding.json (POST https://www.helpinsure.com/api/autoResults, body in raw/api/manifest.json); record RPTG_INSR_ID=173 PLANKEY_ID=1151838629 field AUTO_SAMPLE_RATE_AMT",Plainview 79072 (Hale County),ECONOMY FIRE & CASUALTY COMPANY,tx-speeding,998
tx-2025,TX,2025,https://www.helpinsure.com/auto.html,"raw/api/autoResults_79072_speeding.json (POST https://www.helpinsure.com/api/autoResults, body in raw/api/manifest.json); record RPTG_INSR_ID=138 PLANKEY_ID=1153465757 field AUTO_SAMPLE_RATE_AMT",Plainview 79072 (Hale County),INFINITY COUNTY MUTUAL INSURANCE COMPANY,tx-speeding,1024
tx-2025,TX,2025,https://www.helpinsure.com/auto.html,"raw/api/autoResults_79072_speeding.json (POST https://www.helpinsure.com/api/autoResults, body in raw/api/manifest.json); record RPTG_INSR_ID=215 PLANKEY_ID=1149563249 field AUTO_SAMPLE_RATE_AMT",Plainview 79072 (Hale County),"MGA INSURANCE COMPANY, INC.",tx-speeding,1042
tx-2025,TX,2025,https://www.helpinsure.com/auto.html,"raw/api/autoResults_79072_speeding.json (POST https://www.helpinsure.com/api/autoResults, body in raw/api/manifest.json); record RPTG_INSR_ID=1 PLANKEY_ID=1148451317 field AUTO_SAMPLE_RATE_AMT",Plainview 79072 (Hale County),AUTO CLUB COUNTY MUTUAL INSURANCE COMPANY,tx-speeding,1101
tx-2025,TX,2025,https://www.helpinsure.com/auto.html,"raw/api/autoResults_79072_speeding.json (POST https://www.helpinsure.com/api/autoResults, body in raw/api/manifest.json); record RPTG_INSR_ID=16 PLANKEY_ID=1151431685 field AUTO_SAMPLE_RATE_AMT",Plainview 79072 (Hale County),CONSUMERS COUNTY MUTUAL INSURANCE COMPANY / MGA: Travelers Quantum Auto 2.0 Program,tx-speeding,1114
tx-2025,TX,2025,https://www.helpinsure.com/auto.html,"raw/api/autoResults_79072_speeding.json (POST https://www.helpinsure.com/api/autoResults, body in raw/api/manifest.json); record RPTG_INSR_ID=124 PLANKEY_ID=1165398461 field AUTO_SAMPLE_RATE_AMT",Plainview 79072 (Hale County),CONSUMERS COUNTY MUTUAL INSURANCE COMPANY,tx-speeding,1114
tx-2025,TX,2025,https://www.helpinsure.com/auto.html,"raw/api/autoResults_79072_speeding.json (POST https://www.helpinsure.com/api/autoResults, body in raw/api/manifest.json); record RPTG_INSR_ID=123 PLANKEY_ID=1159432757 field AUTO_SAMPLE_RATE_AMT",Plainview 79072 (Hale County),AMICA MUTUAL INSURANCE COMPANY,tx-speeding,1139
tx-2025,TX,2025,https://www.helpinsure.com/auto.html,"raw/api/autoResults_79072_speeding.json (POST https://www.helpinsure.com/api/autoResults, body in raw/api/manifest.json); record RPTG_INSR_ID=209 PLANKEY_ID=1159025813 field AUTO_SAMPLE_RATE_AMT",Plainview 79072 (Hale County),AMERICAN FAMILY CONNECT PROPERTY AND CASUALTY INSURANCE COMPANY,tx-speeding,1246
tx-2025,TX,2025,https://www.helpinsure.com/auto.html,"raw/api/autoResults_79072_speeding.json (POST https://www.helpinsure.com/api/autoResults, body in raw/api/manifest.json); record RPTG_INSR_ID=161 PLANKEY_ID=1148044373 field AUTO_SAMPLE_RATE_AMT",Plainview 79072 (Hale County),AMICA PROPERTY AND CASUALTY INSURANCE COMPANY,tx-speeding,1250
tx-2025,TX,2025,https://www.helpinsure.com/auto.html,"raw/api/autoResults_79072_speeding.json (POST https://www.helpinsure.com/api/autoResults, body in raw/api/manifest.json); record RPTG_INSR_ID=33 PLANKEY_ID=1158211925 field AUTO_SAMPLE_RATE_AMT",Plainview 79072 (Hale County),FARMERS LLOYDS INSURANCE COMPANY OF TEXAS,tx-speeding,1354
tx-2025,TX,2025,https://www.helpinsure.com/auto.html,"raw/api/autoResults_79072_speeding.json (POST https://www.helpinsure.com/api/autoResults, body in raw/api/manifest.json); record RPTG_INSR_ID=142 PLANKEY_ID=1151186093 field AUTO_SAMPLE_RATE_AMT",Plainview 79072 (Hale County),"COLONIAL COUNTY MUTUAL INSURANCE COMPANY / MGA: Titan Insurance Services, Inc.",tx-speeding,1828
tx-2025,TX,2025,https://www.helpinsure.com/auto.html,"raw/api/autoResults_79072_speeding.json (POST https://www.helpinsure.com/api/autoResults, body in raw/api/manifest.json); record RPTG_INSR_ID=205 PLANKEY_ID=1148857613 field AUTO_SAMPLE_RATE_AMT",Plainview 79072 (Hale County),DAIRYLAND COUNTY MUTUAL INSURANCE COMPANY OF TEXAS,tx-speeding,2082
tx-2025,TX,2025,https://www.helpinsure.com/auto.html,"raw/api/autoResults_79072_speeding.json (POST https://www.helpinsure.com/api/autoResults, body in raw/api/manifest.json); record RPTG_INSR_ID=219 PLANKEY_ID=1153765097 field AUTO_SAMPLE_RATE_AMT",Plainview 79072 (Hale County),AMERICAN ACCESS CASUALTY COMPANY,tx-speeding,2212
tx-2025,TX,2025,https://www.helpinsure.com/auto.html,"raw/api/autoResults_79072_speeding.json (POST https://www.helpinsure.com/api/autoResults, body in raw/api/manifest.json); record RPTG_INSR_ID=45 PLANKEY_ID=1159839701 field AUTO_SAMPLE_RATE_AMT",Plainview 79072 (Hale County),"SENTINEL INSURANCE COMPANY, LTD.",tx-speeding,2306
tx-2025,TX,2025,https://www.helpinsure.com/auto.html,"raw/api/autoResults_79072_speeding.json (POST https://www.helpinsure.com/api/autoResults, body in raw/api/manifest.json); record RPTG_INSR_ID=155 PLANKEY_ID=1162823741 field AUTO_SAMPLE_RATE_AMT",Plainview 79072 (Hale County),LIBERTY COUNTY MUTUAL INSURANCE COMPANY / MGA: Safeco General Agency (Safeco),tx-speeding,2381
tx-2025,TX,2025,https://www.helpinsure.com/auto.html,"raw/api/autoResults_79072_speeding.json (POST https://www.helpinsure.com/api/autoResults, body in raw/api/manifest.json); record RPTG_INSR_ID=212 PLANKEY_ID=1158618869 field AUTO_SAMPLE_RATE_AMT",Plainview 79072 (Hale County),ENCOMPASS INDEPENDENT INSURANCE COMPANY,tx-speeding,2980
tx-2025,TX,2025,https://www.helpinsure.com/auto.html,"raw/api/autoResults_79072_truck.json (POST https://www.helpinsure.com/api/autoResults, body in raw/api/manifest.json); record RPTG_INSR_ID=283 PLANKEY_ID=1161670950 field AUTO_SAMPLE_RATE_AMT",Plainview 79072 (Hale County),GEICO TEXAS COUNTY MUTUAL INSURANCE COMPANY / MGA: Voyager Corporation,tx-truck,246
tx-2025,TX,2025,https://www.helpinsure.com/auto.html,"raw/api/autoResults_79072_truck.json (POST https://www.helpinsure.com/api/autoResults, body in raw/api/manifest.json); record RPTG_INSR_ID=282 PLANKEY_ID=1160450118 field AUTO_SAMPLE_RATE_AMT",Plainview 79072 (Hale County),GEICO TEXAS COUNTY MUTUAL INSURANCE COMPANY / MGA: Horizon Corporation,tx-truck,248
tx-2025,TX,2025,https://www.helpinsure.com/auto.html,"raw/api/autoResults_79072_truck.json (POST https://www.helpinsure.com/api/autoResults, body in raw/api/manifest.json); record RPTG_INSR_ID=281 PLANKEY_ID=1161264006 field AUTO_SAMPLE_RATE_AMT",Plainview 79072 (Hale County),GEICO TEXAS COUNTY MUTUAL INSURANCE COMPANY / MGA: Perspective Corporation,tx-truck,258
tx-2025,TX,2025,https://www.helpinsure.com/auto.html,"raw/api/autoResults_79072_truck.json (POST https://www.helpinsure.com/api/autoResults, body in raw/api/manifest.json); record RPTG_INSR_ID=21 PLANKEY_ID=1152449046 field AUTO_SAMPLE_RATE_AMT",Plainview 79072 (Hale County),FARMERS TEXAS COUNTY MUTUAL INSURANCE COMPANY,tx-truck,258
tx-2025,TX,2025,https://www.helpinsure.com/auto.html,"raw/api/autoResults_79072_truck.json (POST https://www.helpinsure.com/api/autoResults, body in raw/api/manifest.json); record RPTG_INSR_ID=56 PLANKEY_ID=1157194566 field AUTO_SAMPLE_RATE_AMT",Plainview 79072 (Hale County),UNITED SERVICES AUTOMOBILE ASSOCIATION,tx-truck,342
tx-2025,TX,2025,https://www.helpinsure.com/auto.html,"raw/api/autoResults_79072_truck.json (POST https://www.helpinsure.com/api/autoResults, body in raw/api/manifest.json); record RPTG_INSR_ID=119 PLANKEY_ID=1157601510 field AUTO_SAMPLE_RATE_AMT",Plainview 79072 (Hale County),USAA CASUALTY INSURANCE COMPANY,tx-truck,359
tx-2025,TX,2025,https://www.helpinsure.com/auto.html,"raw/api/autoResults_79072_truck.json (POST https://www.helpinsure.com/api/autoResults, body in raw/api/manifest.json); record RPTG_INSR_ID=112 PLANKEY_ID=1156381974 field AUTO_SAMPLE_RATE_AMT",Plainview 79072 (Hale County),GARRISON PROPERTY AND CASUALTY INSURANCE COMPANY,tx-truck,416
tx-2025,TX,2025,https://www.helpinsure.com/auto.html,"raw/api/autoResults_79072_truck.json (POST https://www.helpinsure.com/api/autoResults, body in raw/api/manifest.json); record RPTG_INSR_ID=118 PLANKEY_ID=1158008454 field AUTO_SAMPLE_RATE_AMT",Plainview 79072 (Hale County),USAA GENERAL INDEMNITY COMPANY,tx-truck,430
tx-2025,TX,2025,https://www.helpinsure.com/auto.html,"raw/api/autoResults_79072_truck.json (POST https://www.helpinsure.com/api/autoResults, body in raw/api/manifest.json); record RPTG_INSR_ID=41 PLANKEY_ID=1163432862 field AUTO_SAMPLE_RATE_AMT",Plainview 79072 (Hale County),PROGRESSIVE COUNTY MUTUAL INSURANCE COMPANY,tx-truck,465
tx-2025,TX,2025,https://www.helpinsure.com/auto.html,"raw/api/autoResults_79072_truck.json (POST https://www.helpinsure.com/api/autoResults, body in raw/api/manifest.json); record RPTG_INSR_ID=246 PLANKEY_ID=1162620270 field AUTO_SAMPLE_RATE_AMT",Plainview 79072 (Hale County),GEICO TEXAS COUNTY MUTUAL INSURANCE COMPANY / MGA: Endeavor Corporation,tx-truck,492
tx-2025,TX,2025,https://www.helpinsure.com/auto.html,"raw/api/autoResults_79072_truck.json (POST https://www.helpinsure.com/api/autoResults, body in raw/api/manifest.json); record RPTG_INSR_ID=6 PLANKEY_ID=1165194990 field AUTO_SAMPLE_RATE_AMT",Plainview 79072 (Hale County),ALLSTATE FIRE AND CASUALTY INSURANCE COMPANY,tx-truck,527
tx-2025,TX,2025,https://www.helpinsure.com/auto.html,"raw/api/autoResults_79072_truck.json (POST https://www.helpinsure.com/api/autoResults, body in raw/api/manifest.json); record RPTG_INSR_ID=138 PLANKEY_ID=1153669230 field AUTO_SAMPLE_RATE_AMT",Plainview 79072 (Hale County),INFINITY COUNTY MUTUAL INSURANCE COMPANY,tx-truck,537
tx-2025,TX,2025,https://www.helpinsure.com/auto.html,"raw/api/autoResults_79072_truck.json (POST https://www.helpinsure.com/api/autoResults, body in raw/api/manifest.json); record RPTG_INSR_ID=50 PLANKEY_ID=1150008678 field AUTO_SAMPLE_RATE_AMT",Plainview 79072 (Hale County),STATE FARM MUTUAL AUTOMOBILE INSURANCE COMPANY,tx-truck,549
tx-2025,TX,2025,https://www.helpinsure.com/auto.html,"raw/api/autoResults_79072_truck.json (POST https://www.helpinsure.com/api/autoResults, body in raw/api/manifest.json); record RPTG_INSR_ID=102 PLANKEY_ID=1163838510 field AUTO_SAMPLE_RATE_AMT",Plainview 79072 (Hale County),PROGRESSIVE COUNTY MUTUAL INSURANCE COMPANY / MGA: PROGRESSIVE COUNTY MUTUAL - DIRECT RATES,tx-truck,603
tx-2025,TX,2025,https://www.helpinsure.com/auto.html,"raw/api/autoResults_79072_truck.json (POST https://www.helpinsure.com/api/autoResults, body in raw/api/manifest.json); record RPTG_INSR_ID=104 PLANKEY_ID=1164816090 field AUTO_SAMPLE_RATE_AMT",Plainview 79072 (Hale County),TEXAS AUTOMOBILE INSURANCE PLAN ASSOCIATION,tx-truck,632
tx-2025,TX,2025,https://www.helpinsure.com/auto.html,"raw/api/autoResults_79072_truck.json (POST https://www.helpinsure.com/api/autoResults, body in raw/api/manifest.json); record RPTG_INSR_ID=32 PLANKEY_ID=1150821270 field AUTO_SAMPLE_RATE_AMT",Plainview 79072 (Hale County),MERCURY COUNTY MUTUAL INSURANCE COMPANY,tx-truck,688
tx-2025,TX,2025,https://www.helpinsure.com/auto.html,"raw/api/autoResults_79072_truck.json (POST https://www.helpinsure.com/api/autoResults, body in raw/api/manifest.json); record RPTG_INSR_ID=238 PLANKEY_ID=1164652398 field AUTO_SAMPLE_RATE_AMT",Plainview 79072 (Hale County),MID-CENTURY INSURANCE COMPANY OF TEXAS,tx-truck,734
tx-2025,TX,2025,https://www.helpinsure.com/auto.html,"raw/api/autoResults_79072_truck.json (POST https://www.helpinsure.com/api/autoResults, body in raw/api/manifest.json); record RPTG_INSR_ID=48 PLANKEY_ID=1150414326 field AUTO_SAMPLE_RATE_AMT",Plainview 79072 (Hale County),STATE FARM COUNTY MUTUAL INSURANCE COMPANY OF TEXAS,tx-truck,741
tx-2025,TX,2025,https://www.helpinsure.com/auto.html,"raw/api/autoResults_79072_truck.json (POST https://www.helpinsure.com/api/autoResults, body in raw/api/manifest.json); record RPTG_INSR_ID=1 PLANKEY_ID=1148654790 field AUTO_SAMPLE_RATE_AMT",Plainview 79072 (Hale County),AUTO CLUB COUNTY MUTUAL INSURANCE COMPANY,tx-truck,813
tx-2025,TX,2025,https://www.helpinsure.com/auto.html,"raw/api/autoResults_79072_truck.json (POST https://www.helpinsure.com/api/autoResults, body in raw/api/manifest.json); record RPTG_INSR_ID=140 PLANKEY_ID=1152855342 field AUTO_SAMPLE_RATE_AMT",Plainview 79072 (Hale County),FOREMOST COUNTY MUTUAL INSURANCE COMPANY,tx-truck,856
tx-2025,TX,2025,https://www.helpinsure.com/auto.html,"raw/api/autoResults_79072_truck.json (POST https://www.helpinsure.com/api/autoResults, body in raw/api/manifest.json); record RPTG_INSR_ID=175 PLANKEY_ID=1164245454 field AUTO_SAMPLE_RATE_AMT",Plainview 79072 (Hale County),FARMERS PROPERTY AND CASUALTY INSURANCE COMPANY,tx-truck,867
tx-2025,TX,2025,https://www.helpinsure.com/auto.html,"raw/api/autoResults_79072_truck.json (POST https://www.helpinsure.com/api/autoResults, body in raw/api/manifest.json); record RPTG_INSR_ID=215 PLANKEY_ID=1149631074 field AUTO_SAMPLE_RATE_AMT",Plainview 79072 (Hale County),"MGA INSURANCE COMPANY, INC.",tx-truck,912
tx-2025,TX,2025,https://www.helpinsure.com/auto.html,"raw/api/autoResults_79072_truck.json (POST https://www.helpinsure.com/api/autoResults, body in raw/api/manifest.json); record RPTG_INSR_ID=173 PLANKEY_ID=1152042102 field AUTO_SAMPLE_RATE_AMT",Plainview 79072 (Hale County),ECONOMY FIRE & CASUALTY COMPANY,tx-truck,988
tx-2025,TX,2025,https://www.helpinsure.com/auto.html,"raw/api/autoResults_79072_truck.json (POST https://www.helpinsure.com/api/autoResults, body in raw/api/manifest.json); record RPTG_INSR_ID=16 PLANKEY_ID=1151635158 field AUTO_SAMPLE_RATE_AMT",Plainview 79072 (Hale County),CONSUMERS COUNTY MUTUAL INSURANCE COMPANY / MGA: Travelers Quantum Auto 2.0 Program,tx-truck,1082
tx-2025,TX,2025,https://www.helpinsure.com/auto.html,"raw/api/autoResults_79072_truck.json (POST https://www.helpinsure.com/api/autoResults, body in raw/api/manifest.json); record RPTG_INSR_ID=124 PLANKEY_ID=1165601934 field AUTO_SAMPLE_RATE_AMT",Plainview 79072 (Hale County),CONSUMERS COUNTY MUTUAL INSURANCE COMPANY,tx-truck,1082
tx-2025,TX,2025,https://www.helpinsure.com/auto.html,"raw/api/autoResults_79072_truck.json (POST https://www.helpinsure.com/api/autoResults, body in raw/api/manifest.json); record RPTG_INSR_ID=123 PLANKEY_ID=1159636230 field AUTO_SAMPLE_RATE_AMT",Plainview 79072 (Hale County),AMICA MUTUAL INSURANCE COMPANY,tx-truck,1156
tx-2025,TX,2025,https://www.helpinsure.com/auto.html,"raw/api/autoResults_79072_truck.json (POST https://www.helpinsure.com/api/autoResults, body in raw/api/manifest.json); record RPTG_INSR_ID=209 PLANKEY_ID=1159229286 field AUTO_SAMPLE_RATE_AMT",Plainview 79072 (Hale County),AMERICAN FAMILY CONNECT PROPERTY AND CASUALTY INSURANCE COMPANY,tx-truck,1158
tx-2025,TX,2025,https://www.helpinsure.com/auto.html,"raw/api/autoResults_79072_truck.json (POST https://www.helpinsure.com/api/autoResults, body in raw/api/manifest.json); record RPTG_INSR_ID=161 PLANKEY_ID=1148247846 field AUTO_SAMPLE_RATE_AMT",Plainview 79072 (Hale County),AMICA PROPERTY AND CASUALTY INSURANCE COMPANY,tx-truck,1267
tx-2025,TX,2025,https://www.helpinsure.com/auto.html,"raw/api/autoResults_79072_truck.json (POST https://www.helpinsure.com/api/autoResults, body in raw/api/manifest.json); record RPTG_INSR_ID=33 PLANKEY_ID=1158415398 field AUTO_SAMPLE_RATE_AMT",Plainview 79072 (Hale County),FARMERS LLOYDS INSURANCE COMPANY OF TEXAS,tx-truck,1338
tx-2025,TX,2025,https://www.helpinsure.com/auto.html,"raw/api/autoResults_79072_truck.json (POST https://www.helpinsure.com/api/autoResults, body in raw/api/manifest.json); record RPTG_INSR_ID=205 PLANKEY_ID=1149060438 field AUTO_SAMPLE_RATE_AMT",Plainview 79072 (Hale County),DAIRYLAND COUNTY MUTUAL INSURANCE COMPANY OF TEXAS,tx-truck,1491
tx-2025,TX,2025,https://www.helpinsure.com/auto.html,"raw/api/autoResults_79072_truck.json (POST https://www.helpinsure.com/api/autoResults, body in raw/api/manifest.json); record RPTG_INSR_ID=5 PLANKEY_ID=1153262286 field AUTO_SAMPLE_RATE_AMT",Plainview 79072 (Hale County),ALLSTATE COUNTY MUTUAL INSURANCE COMPANY,tx-truck,1523
tx-2025,TX,2025,https://www.helpinsure.com/auto.html,"raw/api/autoResults_79072_truck.json (POST https://www.helpinsure.com/api/autoResults, body in raw/api/manifest.json); record RPTG_INSR_ID=155 PLANKEY_ID=1163027214 field AUTO_SAMPLE_RATE_AMT",Plainview 79072 (Hale County),LIBERTY COUNTY MUTUAL INSURANCE COMPANY / MGA: Safeco General Agency (Safeco),tx-truck,1691
tx-2025,TX,2025,https://www.helpinsure.com/auto.html,"raw/api/autoResults_79072_truck.json (POST https://www.helpinsure.com/api/autoResults, body in raw/api/manifest.json); record RPTG_INSR_ID=45 PLANKEY_ID=1160043174 field AUTO_SAMPLE_RATE_AMT",Plainview 79072 (Hale County),"SENTINEL INSURANCE COMPANY, LTD.",tx-truck,2242
tx-2025,TX,2025,https://www.helpinsure.com/auto.html,"raw/api/autoResults_79072_truck.json (POST https://www.helpinsure.com/api/autoResults, body in raw/api/manifest.json); record RPTG_INSR_ID=219 PLANKEY_ID=1153832922 field AUTO_SAMPLE_RATE_AMT",Plainview 79072 (Hale County),AMERICAN ACCESS CASUALTY COMPANY,tx-truck,2525
tx-2025,TX,2025,https://www.helpinsure.com/auto.html,"raw/api/autoResults_79072_truck.json (POST https://www.helpinsure.com/api/autoResults, body in raw/api/manifest.json); record RPTG_INSR_ID=212 PLANKEY_ID=1158822342 field AUTO_SAMPLE_RATE_AMT",Plainview 79072 (Hale County),ENCOMPASS INDEPENDENT INSURANCE COMPANY,tx-truck,3179
tx-2025,TX,2025,https://www.helpinsure.com/auto.html,"raw/api/autoResults_79830_accident.json (POST https://www.helpinsure.com/api/autoResults, body in raw/api/manifest.json); record RPTG_INSR_ID=21 PLANKEY_ID=1152283156 field AUTO_SAMPLE_RATE_AMT",Alpine 79830 (Brewster County),FARMERS TEXAS COUNTY MUTUAL INSURANCE COMPANY,tx-accident,288
tx-2025,TX,2025,https://www.helpinsure.com/auto.html,"raw/api/autoResults_79830_accident.json (POST https://www.helpinsure.com/api/autoResults, body in raw/api/manifest.json); record RPTG_INSR_ID=283 PLANKEY_ID=1161505060 field AUTO_SAMPLE_RATE_AMT",Alpine 79830 (Brewster County),GEICO TEXAS COUNTY MUTUAL INSURANCE COMPANY / MGA: Voyager Corporation,tx-accident,441
tx-2025,TX,2025,https://www.helpinsure.com/auto.html,"raw/api/autoResults_79830_accident.json (POST https://www.helpinsure.com/api/autoResults, body in raw/api/manifest.json); record RPTG_INSR_ID=282 PLANKEY_ID=1160284228 field AUTO_SAMPLE_RATE_AMT",Alpine 79830 (Brewster County),GEICO TEXAS COUNTY MUTUAL INSURANCE COMPANY / MGA: Horizon Corporation,tx-accident,451
tx-2025,TX,2025,https://www.helpinsure.com/auto.html,"raw/api/autoResults_79830_accident.json (POST https://www.helpinsure.com/api/autoResults, body in raw/api/manifest.json); record RPTG_INSR_ID=281 PLANKEY_ID=1161098116 field AUTO_SAMPLE_RATE_AMT",Alpine 79830 (Brewster County),GEICO TEXAS COUNTY MUTUAL INSURANCE COMPANY / MGA: Perspective Corporation,tx-accident,481
tx-2025,TX,2025,https://www.helpinsure.com/auto.html,"raw/api/autoResults_79830_accident.json (POST https://www.helpinsure.com/api/autoResults, body in raw/api/manifest.json); record RPTG_INSR_ID=41 PLANKEY_ID=1163267620 field AUTO_SAMPLE_RATE_AMT",Alpine 79830 (Brewster County),PROGRESSIVE COUNTY MUTUAL INSURANCE COMPANY,tx-accident,488
tx-2025,TX,2025,https://www.helpinsure.com/auto.html,"raw/api/autoResults_79830_accident.json (POST https://www.helpinsure.com/api/autoResults, body in raw/api/manifest.json); record RPTG_INSR_ID=50 PLANKEY_ID=1149843436 field AUTO_SAMPLE_RATE_AMT",Alpine 79830 (Brewster County),STATE FARM MUTUAL AUTOMOBILE INSURANCE COMPANY,tx-accident,556
tx-2025,TX,2025,https://www.helpinsure.com/auto.html,"raw/api/autoResults_79830_accident.json (POST https://www.helpinsure.com/api/autoResults, body in raw/api/manifest.json); record RPTG_INSR_ID=102 PLANKEY_ID=1163673268 field AUTO_SAMPLE_RATE_AMT",Alpine 79830 (Brewster County),PROGRESSIVE COUNTY MUTUAL INSURANCE COMPANY / MGA: PROGRESSIVE COUNTY MUTUAL - DIRECT RATES,tx-accident,585
tx-2025,TX,2025,https://www.helpinsure.com/auto.html,"raw/api/autoResults_79830_accident.json (POST https://www.helpinsure.com/api/autoResults, body in raw/api/manifest.json); record RPTG_INSR_ID=56 PLANKEY_ID=1157028676 field AUTO_SAMPLE_RATE_AMT",Alpine 79830 (Brewster County),UNITED SERVICES AUTOMOBILE ASSOCIATION,tx-accident,705
tx-2025,TX,2025,https://www.helpinsure.com/auto.html,"raw/api/autoResults_79830_accident.json (POST https://www.helpinsure.com/api/autoResults, body in raw/api/manifest.json); record RPTG_INSR_ID=5 PLANKEY_ID=1153096396 field AUTO_SAMPLE_RATE_AMT",Alpine 79830 (Brewster County),ALLSTATE COUNTY MUTUAL INSURANCE COMPANY,tx-accident,722
tx-2025,TX,2025,https://www.helpinsure.com/auto.html,"raw/api/autoResults_79830_accident.json (POST https://www.helpinsure.com/api/autoResults, body in raw/api/manifest.json); record RPTG_INSR_ID=104 PLANKEY_ID=1164760792 field AUTO_SAMPLE_RATE_AMT",Alpine 79830 (Brewster County),TEXAS AUTOMOBILE INSURANCE PLAN ASSOCIATION,tx-accident,758
tx-2025,TX,2025,https://www.helpinsure.com/auto.html,"raw/api/autoResults_79830_accident.json (POST https://www.helpinsure.com/api/autoResults, body in raw/api/manifest.json); record RPTG_INSR_ID=119 PLANKEY_ID=1157435620 field AUTO_SAMPLE_RATE_AMT",Alpine 79830 (Brewster County),USAA CASUALTY INSURANCE COMPANY,tx-accident,760
tx-2025,TX,2025,https://www.helpinsure.com/auto.html,"raw/api/autoResults_79830_accident.json (POST https://www.helpinsure.com/api/autoResults, body in raw/api/manifest.json); record RPTG_INSR_ID=246 PLANKEY_ID=1162454380 field AUTO_SAMPLE_RATE_AMT",Alpine 79830 (Brewster County),GEICO TEXAS COUNTY MUTUAL INSURANCE COMPANY / MGA: Endeavor Corporation,tx-accident,794
tx-2025,TX,2025,https://www.helpinsure.com/auto.html,"raw/api/autoResults_79830_accident.json (POST https://www.helpinsure.com/api/autoResults, body in raw/api/manifest.json); record RPTG_INSR_ID=6 PLANKEY_ID=1165029100 field AUTO_SAMPLE_RATE_AMT",Alpine 79830 (Brewster County),ALLSTATE FIRE AND CASUALTY INSURANCE COMPANY,tx-accident,811
tx-2025,TX,2025,https://www.helpinsure.com/auto.html,"raw/api/autoResults_79830_accident.json (POST https://www.helpinsure.com/api/autoResults, body in raw/api/manifest.json); record RPTG_INSR_ID=118 PLANKEY_ID=1157842564 field AUTO_SAMPLE_RATE_AMT",Alpine 79830 (Brewster County),USAA GENERAL INDEMNITY COMPANY,tx-accident,872
tx-2025,TX,2025,https://www.helpinsure.com/auto.html,"raw/api/autoResults_79830_accident.json (POST https://www.helpinsure.com/api/autoResults, body in raw/api/manifest.json); record RPTG_INSR_ID=112 PLANKEY_ID=1156216084 field AUTO_SAMPLE_RATE_AMT",Alpine 79830 (Brewster County),GARRISON PROPERTY AND CASUALTY INSURANCE COMPANY,tx-accident,889
tx-2025,TX,2025,https://www.helpinsure.com/auto.html,"raw/api/autoResults_79830_accident.json (POST https://www.helpinsure.com/api/autoResults, body in raw/api/manifest.json); record RPTG_INSR_ID=48 PLANKEY_ID=1150249084 field AUTO_SAMPLE_RATE_AMT",Alpine 79830 (Brewster County),STATE FARM COUNTY MUTUAL INSURANCE COMPANY OF TEXAS,tx-accident,903
tx-2025,TX,2025,https://www.helpinsure.com/auto.html,"raw/api/autoResults_79830_accident.json (POST https://www.helpinsure.com/api/autoResults, body in raw/api/manifest.json); record RPTG_INSR_ID=16 PLANKEY_ID=1151469268 field AUTO_SAMPLE_RATE_AMT",Alpine 79830 (Brewster County),CONSUMERS COUNTY MUTUAL INSURANCE COMPANY / MGA: Travelers Quantum Auto 2.0 Program,tx-accident,1000
tx-2025,TX,2025,https://www.helpinsure.com/auto.html,"raw/api/autoResults_79830_accident.json (POST https://www.helpinsure.com/api/autoResults, body in raw/api/manifest.json); record RPTG_INSR_ID=124 PLANKEY_ID=1165436044 field AUTO_SAMPLE_RATE_AMT",Alpine 79830 (Brewster County),CONSUMERS COUNTY MUTUAL INSURANCE COMPANY,tx-accident,1000
tx-2025,TX,2025,https://www.helpinsure.com/auto.html,"raw/api/autoResults_79830_accident.json (POST https://www.helpinsure.com/api/autoResults, body in raw/api/manifest.json); record RPTG_INSR_ID=140 PLANKEY_ID=1152690100 field AUTO_SAMPLE_RATE_AMT",Alpine 79830 (Brewster County),FOREMOST COUNTY MUTUAL INSURANCE COMPANY,tx-accident,1121
tx-2025,TX,2025,https://www.helpinsure.com/auto.html,"raw/api/autoResults_79830_accident.json (POST https://www.helpinsure.com/api/autoResults, body in raw/api/manifest.json); record RPTG_INSR_ID=32 PLANKEY_ID=1150655380 field AUTO_SAMPLE_RATE_AMT",Alpine 79830 (Brewster County),MERCURY COUNTY MUTUAL INSURANCE COMPANY,tx-accident,1157
tx-2025,TX,2025,https://www.helpinsure.com/auto.html,"raw/api/autoResults_79830_accident.json (POST https://www.helpinsure.com/api/autoResults, body in raw/api/manifest.json); record RPTG_INSR_ID=138 PLANKEY_ID=1153503340 field AUTO_SAMPLE_RATE_AMT",Alpine 79830 (Brewster County),INFINITY COUNTY MUTUAL INSURANCE COMPANY,tx-accident,1225
tx-2025,TX,2025,https://www.helpinsure.com/auto.html,"raw/api/autoResults_79830_accident.json (POST https://www.helpinsure.com/api/autoResults, body in raw/api/manifest.json); record RPTG_INSR_ID=175 PLANKEY_ID=1164079564 field AUTO_SAMPLE_RATE_AMT",Alpine 79830 (Brewster County),FARMERS PROPERTY AND CASUALTY INSURANCE COMPANY,tx-accident,1276
tx-2025,TX,2025,https://www.helpinsure.com/auto.html,"raw/api/autoResults_79830_accident.json (POST https://www.helpinsure.com/api/autoResults, body in raw/api/manifest.json); record RPTG_INSR_ID=1 PLANKEY_ID=1148488900 field AUTO_SAMPLE_RATE_AMT",Alpine 79830 (Brewster County),AUTO CLUB COUNTY MUTUAL INSURANCE COMPANY,tx-accident,1291
tx-2025,TX,2025,https://www.helpinsure.com/auto.html,"raw/api/autoResults_79830_accident.json (POST https://www.helpinsure.com/api/autoResults, body in raw/api/manifest.json); record RPTG_INSR_ID=215 PLANKEY_ID=1149575776 field AUTO_SAMPLE_RATE_AMT",Alpine 79830 (Brewster County),"MGA INSURANCE COMPANY, INC.",tx-accident,1439
tx-2025,TX,2025,https://www.helpinsure.com/auto.html,"raw/api/autoResults_79830_accident.json (POST https://www.helpinsure.com/api/autoResults, body in raw/api/manifest.json); record RPTG_INSR_ID=209 PLANKEY_ID=1159063396 field AUTO_SAMPLE_RATE_AMT",Alpine 79830 (Brewster County),AMERICAN FAMILY CONNECT PROPERTY AND CASUALTY INSURANCE COMPANY,tx-accident,1562
tx-2025,TX,2025,https://www.helpinsure.com/auto.html,"raw/api/autoResults_79830_accident.json (POST https://www.helpinsure.com/api/autoResults, body in raw/api/manifest.json); record RPTG_INSR_ID=238 PLANKEY_ID=1164486508 field AUTO_SAMPLE_RATE_AMT",Alpine 79830 (Brewster County),MID-CENTURY INSURANCE COMPANY OF TEXAS,tx-accident,1616
tx-2025,TX,2025,https://www.helpinsure.com/auto.html,"raw/api/autoResults_79830_accident.json (POST https://www.helpinsure.com/api/autoResults, body in raw/api/manifest.json); record RPTG_INSR_ID=123 PLANKEY_ID=1159470340 field AUTO_SAMPLE_RATE_AMT",Alpine 79830 (Brewster County),AMICA MUTUAL INSURANCE COMPANY,tx-accident,1709
tx-2025,TX,2025,https://www.helpinsure.com/auto.html,"raw/api/autoResults_79830_accident.json (POST https://www.helpinsure.com/api/autoResults, body in raw/api/manifest.json); record RPTG_INSR_ID=205 PLANKEY_ID=1148895196 field AUTO_SAMPLE_RATE_AMT",Alpine 79830 (Brewster County),DAIRYLAND COUNTY MUTUAL INSURANCE COMPANY OF TEXAS,tx-accident,1804
tx-2025,TX,2025,https://www.helpinsure.com/auto.html,"raw/api/autoResults_79830_accident.json (POST https://www.helpinsure.com/api/autoResults, body in raw/api/manifest.json); record RPTG_INSR_ID=161 PLANKEY_ID=1148081956 field AUTO_SAMPLE_RATE_AMT",Alpine 79830 (Brewster County),AMICA PROPERTY AND CASUALTY INSURANCE COMPANY,tx-accident,1875
tx-2025,TX,2025,https://www.helpinsure.com/auto.html,"raw/api/autoResults_79830_accident.json (POST https://www.helpinsure.com/api/autoResults, body in raw/api/manifest.json); record RPTG_INSR_ID=142 PLANKEY_ID=1151261908 field AUTO_SAMPLE_RATE_AMT",Alpine 79830 (Brewster County),"COLONIAL COUNTY MUTUAL INSURANCE COMPANY / MGA: Titan Insurance Services, Inc.",tx-accident,2260
tx-2025,TX,2025,https://www.helpinsure.com/auto.html,"raw/api/autoResults_79830_accident.json (POST https://www.helpinsure.com/api/autoResults, body in raw/api/manifest.json); record RPTG_INSR_ID=155 PLANKEY_ID=1162861324 field AUTO_SAMPLE_RATE_AMT",Alpine 79830 (Brewster County),LIBERTY COUNTY MUTUAL INSURANCE COMPANY / MGA: Safeco General Agency (Safeco),tx-accident,2262
tx-2025,TX,2025,https://www.helpinsure.com/auto.html,"raw/api/autoResults_79830_accident.json (POST https://www.helpinsure.com/api/autoResults, body in raw/api/manifest.json); record RPTG_INSR_ID=45 PLANKEY_ID=1159877284 field AUTO_SAMPLE_RATE_AMT",Alpine 79830 (Brewster County),"SENTINEL INSURANCE COMPANY, LTD.",tx-accident,2420
tx-2025,TX,2025,https://www.helpinsure.com/auto.html,"raw/api/autoResults_79830_accident.json (POST https://www.helpinsure.com/api/autoResults, body in raw/api/manifest.json); record RPTG_INSR_ID=173 PLANKEY_ID=1151876212 field AUTO_SAMPLE_RATE_AMT",Alpine 79830 (Brewster County),ECONOMY FIRE & CASUALTY COMPANY,tx-accident,2489
tx-2025,TX,2025,https://www.helpinsure.com/auto.html,"raw/api/autoResults_79830_accident.json (POST https://www.helpinsure.com/api/autoResults, body in raw/api/manifest.json); record RPTG_INSR_ID=219 PLANKEY_ID=1153777624 field AUTO_SAMPLE_RATE_AMT",Alpine 79830 (Brewster County),AMERICAN ACCESS CASUALTY COMPANY,tx-accident,2544
tx-2025,TX,2025,https://www.helpinsure.com/auto.html,"raw/api/autoResults_79830_accident.json (POST https://www.helpinsure.com/api/autoResults, body in raw/api/manifest.json); record RPTG_INSR_ID=33 PLANKEY_ID=1158249508 field AUTO_SAMPLE_RATE_AMT",Alpine 79830 (Brewster County),FARMERS LLOYDS INSURANCE COMPANY OF TEXAS,tx-accident,3233
tx-2025,TX,2025,https://www.helpinsure.com/auto.html,"raw/api/autoResults_79830_accident.json (POST https://www.helpinsure.com/api/autoResults, body in raw/api/manifest.json); record RPTG_INSR_ID=212 PLANKEY_ID=1158656452 field AUTO_SAMPLE_RATE_AMT",Alpine 79830 (Brewster County),ENCOMPASS INDEPENDENT INSURANCE COMPANY,tx-accident,3390
tx-2025,TX,2025,https://www.helpinsure.com/auto.html,"raw/api/autoResults_79830_age18.json (POST https://www.helpinsure.com/api/autoResults, body in raw/api/manifest.json); record RPTG_INSR_ID=21 PLANKEY_ID=1152283104 field AUTO_SAMPLE_RATE_AMT",Alpine 79830 (Brewster County),FARMERS TEXAS COUNTY MUTUAL INSURANCE COMPANY,tx-age18,518
tx-2025,TX,2025,https://www.helpinsure.com/auto.html,"raw/api/autoResults_79830_age18.json (POST https://www.helpinsure.com/api/autoResults, body in raw/api/manifest.json); record RPTG_INSR_ID=283 PLANKEY_ID=1161505008 field AUTO_SAMPLE_RATE_AMT",Alpine 79830 (Brewster County),GEICO TEXAS COUNTY MUTUAL INSURANCE COMPANY / MGA: Voyager Corporation,tx-age18,778
tx-2025,TX,2025,https://www.helpinsure.com/auto.html,"raw/api/autoResults_79830_age18.json (POST https://www.helpinsure.com/api/autoResults, body in raw/api/manifest.json); record RPTG_INSR_ID=282 PLANKEY_ID=1160284176 field AUTO_SAMPLE_RATE_AMT",Alpine 79830 (Brewster County),GEICO TEXAS COUNTY MUTUAL INSURANCE COMPANY / MGA: Horizon Corporation,tx-age18,797
tx-2025,TX,2025,https://www.helpinsure.com/auto.html,"raw/api/autoResults_79830_age18.json (POST https://www.helpinsure.com/api/autoResults, body in raw/api/manifest.json); record RPTG_INSR_ID=281 PLANKEY_ID=1161098064 field AUTO_SAMPLE_RATE_AMT",Alpine 79830 (Brewster County),GEICO TEXAS COUNTY MUTUAL INSURANCE COMPANY / MGA: Perspective Corporation,tx-age18,822
tx-2025,TX,2025,https://www.helpinsure.com/auto.html,"raw/api/autoResults_79830_age18.json (POST https://www.helpinsure.com/api/autoResults, body in raw/api/manifest.json); record RPTG_INSR_ID=56 PLANKEY_ID=1157028624 field AUTO_SAMPLE_RATE_AMT",Alpine 79830 (Brewster County),UNITED SERVICES AUTOMOBILE ASSOCIATION,tx-age18,938
tx-2025,TX,2025,https://www.helpinsure.com/auto.html,"raw/api/autoResults_79830_age18.json (POST https://www.helpinsure.com/api/autoResults, body in raw/api/manifest.json); record RPTG_INSR_ID=119 PLANKEY_ID=1157435568 field AUTO_SAMPLE_RATE_AMT",Alpine 79830 (Brewster County),USAA CASUALTY INSURANCE COMPANY,tx-age18,1046
tx-2025,TX,2025,https://www.helpinsure.com/auto.html,"raw/api/autoResults_79830_age18.json (POST https://www.helpinsure.com/api/autoResults, body in raw/api/manifest.json); record RPTG_INSR_ID=102 PLANKEY_ID=1163673216 field AUTO_SAMPLE_RATE_AMT",Alpine 79830 (Brewster County),PROGRESSIVE COUNTY MUTUAL INSURANCE COMPANY / MGA: PROGRESSIVE COUNTY MUTUAL - DIRECT RATES,tx-age18,1130
tx-2025,TX,2025,https://www.helpinsure.com/auto.html,"raw/api/autoResults_79830_age18.json (POST https://www.helpinsure.com/api/autoResults, body in raw/api/manifest.json); record RPTG_INSR_ID=112 PLANKEY_ID=1156216032 field AUTO_SAMPLE_RATE_AMT",Alpine 79830 (Brewster County),GARRISON PROPERTY AND CASUALTY INSURANCE COMPANY,tx-age18,1237
tx-2025,TX,2025,https://www.helpinsure.com/auto.html,"raw/api/autoResults_79830_age18.json (POST https://www.helpinsure.com/api/autoResults, body in raw/api/manifest.json); record RPTG_INSR_ID=6 PLANKEY_ID=1165029048 field AUTO_SAMPLE_RATE_AMT",Alpine 79830 (Brewster County),ALLSTATE FIRE AND CASUALTY INSURANCE COMPANY,tx-age18,1260
tx-2025,TX,2025,https://www.helpinsure.com/auto.html,"raw/api/autoResults_79830_age18.json (POST https://www.helpinsure.com/api/autoResults, body in raw/api/manifest.json); record RPTG_INSR_ID=41 PLANKEY_ID=1163267568 field AUTO_SAMPLE_RATE_AMT",Alpine 79830 (Brewster County),PROGRESSIVE COUNTY MUTUAL INSURANCE COMPANY,tx-age18,1275
tx-2025,TX,2025,https://www.helpinsure.com/auto.html,"raw/api/autoResults_79830_age18.json (POST https://www.helpinsure.com/api/autoResults, body in raw/api/manifest.json); record RPTG_INSR_ID=5 PLANKEY_ID=1153096344 field AUTO_SAMPLE_RATE_AMT",Alpine 79830 (Brewster County),ALLSTATE COUNTY MUTUAL INSURANCE COMPANY,tx-age18,1304
tx-2025,TX,2025,https://www.helpinsure.com/auto.html,"raw/api/autoResults_79830_age18.json (POST https://www.helpinsure.com/api/autoResults, body in raw/api/manifest.json); record RPTG_INSR_ID=118 PLANKEY_ID=1157842512 field AUTO_SAMPLE_RATE_AMT",Alpine 79830 (Brewster County),USAA GENERAL INDEMNITY COMPANY,tx-age18,1326
tx-2025,TX,2025,https://www.helpinsure.com/auto.html,"raw/api/autoResults_79830_age18.json (POST https://www.helpinsure.com/api/autoResults, body in raw/api/manifest.json); record RPTG_INSR_ID=140 PLANKEY_ID=1152690048 field AUTO_SAMPLE_RATE_AMT",Alpine 79830 (Brewster County),FOREMOST COUNTY MUTUAL INSURANCE COMPANY,tx-age18,1395
tx-2025,TX,2025,https://www.helpinsure.com/auto.html,"raw/api/autoResults_79830_age18.json (POST https://www.helpinsure.com/api/autoResults, body in raw/api/manifest.json); record RPTG_INSR_ID=32 PLANKEY_ID=1150655328 field AUTO_SAMPLE_RATE_AMT",Alpine 79830 (Brewster County),MERCURY COUNTY MUTUAL INSURANCE COMPANY,tx-age18,1481
tx-2025,TX,2025,https://www.helpinsure.com/auto.html,"raw/api/autoResults_79830_age18.json (POST https://www.helpinsure.com/api/autoResults, body in raw/api/manifest.json); record RPTG_INSR_ID=104 PLANKEY_ID=1164760776 field AUTO_SAMPLE_RATE_AMT",Alpine 79830 (Brewster County),TEXAS AUTOMOBILE INSURANCE PLAN ASSOCIATION,tx-age18,1512
tx-2025,TX,2025,https://www.helpinsure.com/auto.html,"raw/api/autoResults_79830_age18.json (POST https://www.helpinsure.com/api/autoResults, body in raw/api/manifest.json); record RPTG_INSR_ID=50 PLANKEY_ID=1149843384 field AUTO_SAMPLE_RATE_AMT",Alpine 79830 (Brewster County),STATE FARM MUTUAL AUTOMOBILE INSURANCE COMPANY,tx-age18,1598
tx-2025,TX,2025,https://www.helpinsure.com/auto.html,"raw/api/autoResults_79830_age18.json (POST https://www.helpinsure.com/api/autoResults, body in raw/api/manifest.json); record RPTG_INSR_ID=246 PLANKEY_ID=1162454328 field AUTO_SAMPLE_RATE_AMT",Alpine 79830 (Brewster County),GEICO TEXAS COUNTY MUTUAL INSURANCE COMPANY / MGA: Endeavor Corporation,tx-age18,1896
tx-2025,TX,2025,https://www.helpinsure.com/auto.html,"raw/api/autoResults_79830_age18.json (POST https://www.helpinsure.com/api/autoResults, body in raw/api/manifest.json); record RPTG_INSR_ID=238 PLANKEY_ID=1164486456 field AUTO_SAMPLE_RATE_AMT",Alpine 79830 (Brewster County),MID-CENTURY INSURANCE COMPANY OF TEXAS,tx-age18,1955
tx-2025,TX,2025,https://www.helpinsure.com/auto.html,"raw/api/autoResults_79830_age18.json (POST https://www.helpinsure.com/api/autoResults, body in raw/api/manifest.json); record RPTG_INSR_ID=48 PLANKEY_ID=1150249032 field AUTO_SAMPLE_RATE_AMT",Alpine 79830 (Brewster County),STATE FARM COUNTY MUTUAL INSURANCE COMPANY OF TEXAS,tx-age18,1991
tx-2025,TX,2025,https://www.helpinsure.com/auto.html,"raw/api/autoResults_79830_age18.json (POST https://www.helpinsure.com/api/autoResults, body in raw/api/manifest.json); record RPTG_INSR_ID=175 PLANKEY_ID=1164079512 field AUTO_SAMPLE_RATE_AMT",Alpine 79830 (Brewster County),FARMERS PROPERTY AND CASUALTY INSURANCE COMPANY,tx-age18,2062
tx-2025,TX,2025,https://www.helpinsure.com/auto.html,"raw/api/autoResults_79830_age18.json (POST https://www.helpinsure.com/api/autoResults, body in raw/api/manifest.json); record RPTG_INSR_ID=16 PLANKEY_ID=1151469216 field AUTO_SAMPLE_RATE_AMT",Alpine 79830 (Brewster County),CONSUMERS COUNTY MUTUAL INSURANCE COMPANY / MGA: Travelers Quantum Auto 2.0 Program,tx-age18,2115
tx-2025,TX,2025,https://www.helpinsure.com/auto.html,"raw/api/autoResults_79830_age18.json (POST https://www.helpinsure.com/api/autoResults, body in raw/api/manifest.json); record RPTG_INSR_ID=124 PLANKEY_ID=1165435992 field AUTO_SAMPLE_RATE_AMT",Alpine 79830 (Brewster County),CONSUMERS COUNTY MUTUAL INSURANCE COMPANY,tx-age18,2115
tx-2025,TX,2025,https://www.helpinsure.com/auto.html,"raw/api/autoResults_79830_age18.json (POST https://www.helpinsure.com/api/autoResults, body in raw/api/manifest.json); record RPTG_INSR_ID=1 PLANKEY_ID=1148488848 field AUTO_SAMPLE_RATE_AMT",Alpine 79830 (Brewster County),AUTO CLUB COUNTY MUTUAL INSURANCE COMPANY,tx-age18,2207
tx-2025,TX,2025,https://www.helpinsure.com/auto.html,"raw/api/autoResults_79830_age18.json (POST https://www.helpinsure.com/api/autoResults, body in raw/api/manifest.json); record RPTG_INSR_ID=205 PLANKEY_ID=1148895144 field AUTO_SAMPLE_RATE_AMT",Alpine 79830 (Brewster County),DAIRYLAND COUNTY MUTUAL INSURANCE COMPANY OF TEXAS,tx-age18,2684
tx-2025,TX,2025,https://www.helpinsure.com/auto.html,"raw/api/autoResults_79830_age18.json (POST https://www.helpinsure.com/api/autoResults, body in raw/api/manifest.json); record RPTG_INSR_ID=209 PLANKEY_ID=1159063344 field AUTO_SAMPLE_RATE_AMT",Alpine 79830 (Brewster County),AMERICAN FAMILY CONNECT PROPERTY AND CASUALTY INSURANCE COMPANY,tx-age18,2960
tx-2025,TX,2025,https://www.helpinsure.com/auto.html,"raw/api/autoResults_79830_age18.json (POST https://www.helpinsure.com/api/autoResults, body in raw/api/manifest.json); record RPTG_INSR_ID=138 PLANKEY_ID=1153503288 field AUTO_SAMPLE_RATE_AMT",Alpine 79830 (Brewster County),INFINITY COUNTY MUTUAL INSURANCE COMPANY,tx-age18,3292
tx-2025,TX,2025,https://www.helpinsure.com/auto.html,"raw/api/autoResults_79830_age18.json (POST https://www.helpinsure.com/api/autoResults, body in raw/api/manifest.json); record RPTG_INSR_ID=215 PLANKEY_ID=1149575760 field AUTO_SAMPLE_RATE_AMT",Alpine 79830 (Brewster County),"MGA INSURANCE COMPANY, INC.",tx-age18,3835
tx-2025,TX,2025,https://www.helpinsure.com/auto.html,"raw/api/autoResults_79830_age18.json (POST https://www.helpinsure.com/api/autoResults, body in raw/api/manifest.json); record RPTG_INSR_ID=142 PLANKEY_ID=1151261208 field AUTO_SAMPLE_RATE_AMT",Alpine 79830 (Brewster County),"COLONIAL COUNTY MUTUAL INSURANCE COMPANY / MGA: Titan Insurance Services, Inc.",tx-age18,3852
tx-2025,TX,2025,https://www.helpinsure.com/auto.html,"raw/api/autoResults_79830_age18.json (POST https://www.helpinsure.com/api/autoResults, body in raw/api/manifest.json); record RPTG_INSR_ID=212 PLANKEY_ID=1158656400 field AUTO_SAMPLE_RATE_AMT",Alpine 79830 (Brewster County),ENCOMPASS INDEPENDENT INSURANCE COMPANY,tx-age18,4260
tx-2025,TX,2025,https://www.helpinsure.com/auto.html,"raw/api/autoResults_79830_age18.json (POST https://www.helpinsure.com/api/autoResults, body in raw/api/manifest.json); record RPTG_INSR_ID=45 PLANKEY_ID=1159877232 field AUTO_SAMPLE_RATE_AMT",Alpine 79830 (Brewster County),"SENTINEL INSURANCE COMPANY, LTD.",tx-age18,4440
tx-2025,TX,2025,https://www.helpinsure.com/auto.html,"raw/api/autoResults_79830_age18.json (POST https://www.helpinsure.com/api/autoResults, body in raw/api/manifest.json); record RPTG_INSR_ID=173 PLANKEY_ID=1151876160 field AUTO_SAMPLE_RATE_AMT",Alpine 79830 (Brewster County),ECONOMY FIRE & CASUALTY COMPANY,tx-age18,5635
tx-2025,TX,2025,https://www.helpinsure.com/auto.html,"raw/api/autoResults_79830_age18.json (POST https://www.helpinsure.com/api/autoResults, body in raw/api/manifest.json); record RPTG_INSR_ID=123 PLANKEY_ID=1159470288 field AUTO_SAMPLE_RATE_AMT",Alpine 79830 (Brewster County),AMICA MUTUAL INSURANCE COMPANY,tx-age18,6752
tx-2025,TX,2025,https://www.helpinsure.com/auto.html,"raw/api/autoResults_79830_age18.json (POST https://www.helpinsure.com/api/autoResults, body in raw/api/manifest.json); record RPTG_INSR_ID=161 PLANKEY_ID=1148081904 field AUTO_SAMPLE_RATE_AMT",Alpine 79830 (Brewster County),AMICA PROPERTY AND CASUALTY INSURANCE COMPANY,tx-age18,7005
tx-2025,TX,2025,https://www.helpinsure.com/auto.html,"raw/api/autoResults_79830_age18.json (POST https://www.helpinsure.com/api/autoResults, body in raw/api/manifest.json); record RPTG_INSR_ID=33 PLANKEY_ID=1158249456 field AUTO_SAMPLE_RATE_AMT",Alpine 79830 (Brewster County),FARMERS LLOYDS INSURANCE COMPANY OF TEXAS,tx-age18,8736
tx-2025,TX,2025,https://www.helpinsure.com/auto.html,"raw/api/autoResults_79830_age18.json (POST https://www.helpinsure.com/api/autoResults, body in raw/api/manifest.json); record RPTG_INSR_ID=155 PLANKEY_ID=1162861272 field AUTO_SAMPLE_RATE_AMT",Alpine 79830 (Brewster County),LIBERTY COUNTY MUTUAL INSURANCE COMPANY / MGA: Safeco General Agency (Safeco),tx-age18,9813
tx-2025,TX,2025,https://www.helpinsure.com/auto.html,"raw/api/autoResults_79830_age18.json (POST https://www.helpinsure.com/api/autoResults, body in raw/api/manifest.json); record RPTG_INSR_ID=219 PLANKEY_ID=1153777608 field AUTO_SAMPLE_RATE_AMT",Alpine 79830 (Brewster County),AMERICAN ACCESS CASUALTY COMPANY,tx-age18,11905
tx-2025,TX,2025,https://www.helpinsure.com/auto.html,"raw/api/autoResults_79830_age18_female.json (POST https://www.helpinsure.com/api/autoResults, body in raw/api/manifest.json); record RPTG_INSR_ID=21 PLANKEY_ID=1152283266 field AUTO_SAMPLE_RATE_AMT",Alpine 79830 (Brewster County),FARMERS TEXAS COUNTY MUTUAL INSURANCE COMPANY,tx-age18_female,518
tx-2025,TX,2025,https://www.helpinsure.com/auto.html,"raw/api/autoResults_79830_age18_female.json (POST https://www.helpinsure.com/api/autoResults, body in raw/api/manifest.json); record RPTG_INSR_ID=283 PLANKEY_ID=1161505170 field AUTO_SAMPLE_RATE_AMT",Alpine 79830 (Brewster County),GEICO TEXAS COUNTY MUTUAL INSURANCE COMPANY / MGA: Voyager Corporation,tx-age18_female,689
tx-2025,TX,2025,https://www.helpinsure.com/auto.html,"raw/api/autoResults_79830_age18_female.json (POST https://www.helpinsure.com/api/autoResults, body in raw/api/manifest.json); record RPTG_INSR_ID=282 PLANKEY_ID=1160284338 field AUTO_SAMPLE_RATE_AMT",Alpine 79830 (Brewster County),GEICO TEXAS COUNTY MUTUAL INSURANCE COMPANY / MGA: Horizon Corporation,tx-age18_female,707
tx-2025,TX,2025,https://www.helpinsure.com/auto.html,"raw/api/autoResults_79830_age18_female.json (POST https://www.helpinsure.com/api/autoResults, body in raw/api/manifest.json); record RPTG_INSR_ID=281 PLANKEY_ID=1161098226 field AUTO_SAMPLE_RATE_AMT",Alpine 79830 (Brewster County),GEICO TEXAS COUNTY MUTUAL INSURANCE COMPANY / MGA: Perspective Corporation,tx-age18_female,727
tx-2025,TX,2025,https://www.helpinsure.com/auto.html,"raw/api/autoResults_79830_age18_female.json (POST https://www.helpinsure.com/api/autoResults, body in raw/api/manifest.json); record RPTG_INSR_ID=56 PLANKEY_ID=1157028786 field AUTO_SAMPLE_RATE_AMT",Alpine 79830 (Brewster County),UNITED SERVICES AUTOMOBILE ASSOCIATION,tx-age18_female,903
tx-2025,TX,2025,https://www.helpinsure.com/auto.html,"raw/api/autoResults_79830_age18_female.json (POST https://www.helpinsure.com/api/autoResults, body in raw/api/manifest.json); record RPTG_INSR_ID=119 PLANKEY_ID=1157435730 field AUTO_SAMPLE_RATE_AMT",Alpine 79830 (Brewster County),USAA CASUALTY INSURANCE COMPANY,tx-age18_female,1015
tx-2025,TX,2025,https://www.helpinsure.com/auto.html,"raw/api/autoResults_79830_age18_female.json (POST https://www.helpinsure.com/api/autoResults, body in raw/api/manifest.json); record RPTG_INSR_ID=102 PLANKEY_ID=1163673378 field AUTO_SAMPLE_RATE_AMT",Alpine 79830 (Brewster County),PROGRESSIVE COUNTY MUTUAL INSURANCE COMPANY / MGA: PROGRESSIVE COUNTY MUTUAL - DIRECT RATES,tx-age18_female,1067
tx-2025,TX,2025,https://www.helpinsure.com/auto.html,"raw/api/autoResults_79830_age18_female.json (POST https://www.helpinsure.com/api/autoResults, body in raw/api/manifest.json); record RPTG_INSR_ID=41 PLANKEY_ID=1163267730 field AUTO_SAMPLE_RATE_AMT",Alpine 79830 (Brewster County),PROGRESSIVE COUNTY MUTUAL INSURANCE COMPANY,tx-age18_female,1109
tx-2025,TX,2025,https://www.helpinsure.com/auto.html,"raw/api/autoResults_79830_age18_female.json (POST https://www.helpinsure.com/api/autoResults, body in raw/api/manifest.json); record RPTG_INSR_ID=5 PLANKEY_ID=1153096506 field AUTO_SAMPLE_RATE_AMT",Alpine 79830 (Brewster County),ALLSTATE COUNTY MUTUAL INSURANCE COMPANY,tx-age18_female,1143
tx-2025,TX,2025,https://www.helpinsure.com/auto.html,"raw/api/autoResults_79830_age18_female.json (POST https://www.helpinsure.com/api/autoResults, body in raw/api/manifest.json); record RPTG_INSR_ID=104 PLANKEY_ID=1164760830 field AUTO_SAMPLE_RATE_AMT",Alpine 79830 (Brewster County),TEXAS AUTOMOBILE INSURANCE PLAN ASSOCIATION,tx-age18_female,1156
tx-2025,TX,2025,https://www.helpinsure.com/auto.html,"raw/api/autoResults_79830_age18_female.json (POST https://www.helpinsure.com/api/autoResults, body in raw/api/manifest.json); record RPTG_INSR_ID=112 PLANKEY_ID=1156216194 field AUTO_SAMPLE_RATE_AMT",Alpine 79830 (Brewster County),GARRISON PROPERTY AND CASUALTY INSURANCE COMPANY,tx-age18_female,1202
tx-2025,TX,2025,https://www.helpinsure.com/auto.html,"raw/api/autoResults_79830_age18_female.json (POST https://www.helpinsure.com/api/autoResults, body in raw/api/manifest.json); record RPTG_INSR_ID=140 PLANKEY_ID=1152690210 field AUTO_SAMPLE_RATE_AMT",Alpine 79830 (Brewster County),FOREMOST COUNTY MUTUAL INSURANCE COMPANY,tx-age18_female,1252
tx-2025,TX,2025,https://www.helpinsure.com/auto.html,"raw/api/autoResults_79830_age18_female.json (POST https://www.helpinsure.com/api/autoResults, body in raw/api/manifest.json); record RPTG_INSR_ID=50 PLANKEY_ID=1149843546 field AUTO_SAMPLE_RATE_AMT",Alpine 79830 (Brewster County),STATE FARM MUTUAL AUTOMOBILE INSURANCE COMPANY,tx-age18_female,1258
tx-2025,TX,2025,https://www.helpinsure.com/auto.html,"raw/api/autoResults_79830_age18_female.json (POST https://www.helpinsure.com/api/autoResults, body in raw/api/manifest.json); record RPTG_INSR_ID=6 PLANKEY_ID=1165029210 field AUTO_SAMPLE_RATE_AMT",Alpine 79830 (Brewster County),ALLSTATE FIRE AND CASUALTY INSURANCE COMPANY,tx-age18_female,1260
tx-2025,TX,2025,https://www.helpinsure.com/auto.html,"raw/api/autoResults_79830_age18_female.json (POST https://www.helpinsure.com/api/autoResults, body in raw/api/manifest.json); record RPTG_INSR_ID=118 PLANKEY_ID=1157842674 field AUTO_SAMPLE_RATE_AMT",Alpine 79830 (Brewster County),USAA GENERAL INDEMNITY COMPANY,tx-age18_female,1291
tx-2025,TX,2025,https://www.helpinsure.com/auto.html,"raw/api/autoResults_79830_age18_female.json (POST https://www.helpinsure.com/api/autoResults, body in raw/api/manifest.json); record RPTG_INSR_ID=32 PLANKEY_ID=1150655490 field AUTO_SAMPLE_RATE_AMT",Alpine 79830 (Brewster County),MERCURY COUNTY MUTUAL INSURANCE COMPANY,tx-age18_female,1354
tx-2025,TX,2025,https://www.helpinsure.com/auto.html,"raw/api/autoResults_79830_age18_female.json (POST https://www.helpinsure.com/api/autoResults, body in raw/api/manifest.json); record RPTG_INSR_ID=48 PLANKEY_ID=1150249194 field AUTO_SAMPLE_RATE_AMT",Alpine 79830 (Brewster County),STATE FARM COUNTY MUTUAL INSURANCE COMPANY OF TEXAS,tx-age18_female,1587
tx-2025,TX,2025,https://www.helpinsure.com/auto.html,"raw/api/autoResults_79830_age18_female.json (POST https://www.helpinsure.com/api/autoResults, body in raw/api/manifest.json); record RPTG_INSR_ID=16 PLANKEY_ID=1151469378 field AUTO_SAMPLE_RATE_AMT",Alpine 79830 (Brewster County),CONSUMERS COUNTY MUTUAL INSURANCE COMPANY / MGA: Travelers Quantum Auto 2.0 Program,tx-age18_female,1634
tx-2025,TX,2025,https://www.helpinsure.com/auto.html,"raw/api/autoResults_79830_age18_female.json (POST https://www.helpinsure.com/api/autoResults, body in raw/api/manifest.json); record RPTG_INSR_ID=124 PLANKEY_ID=1165436154 field AUTO_SAMPLE_RATE_AMT",Alpine 79830 (Brewster County),CONSUMERS COUNTY MUTUAL INSURANCE COMPANY,tx-age18_female,1634
tx-2025,TX,2025,https://www.helpinsure.com/auto.html,"raw/api/autoResults_79830_age18_female.json (POST https://www.helpinsure.com/api/autoResults, body in raw/api/manifest.json); record RPTG_INSR_ID=246 PLANKEY_ID=1162454490 field AUTO_SAMPLE_RATE_AMT",Alpine 79830 (Brewster County),GEICO TEXAS COUNTY MUTUAL INSURANCE COMPANY / MGA: Endeavor Corporation,tx-age18_female,1706
tx-2025,TX,2025,https://www.helpinsure.com/auto.html,"raw/api/autoResults_79830_age18_female.json (POST https://www.helpinsure.com/api/autoResults, body in raw/api/manifest.json); record RPTG_INSR_ID=175 PLANKEY_ID=1164079674 field AUTO_SAMPLE_RATE_AMT",Alpine 79830 (Brewster County),FARMERS PROPERTY AND CASUALTY INSURANCE COMPANY,tx-age18_female,1732
tx-2025,TX,2025,https://www.helpinsure.com/auto.html,"raw/api/autoResults_79830_age18_female.json (POST https://www.helpinsure.com/api/autoResults, body in raw/api/manifest.json); record RPTG_INSR_ID=238 PLANKEY_ID=1164486618 field AUTO_SAMPLE_RATE_AMT",Alpine 79830 (Brewster County),MID-CENTURY INSURANCE COMPANY OF TEXAS,tx-age18_female,2031
tx-2025,TX,2025,https://www.helpinsure.com/auto.html,"raw/api/autoResults_79830_age18_female.json (POST https://www.helpinsure.com/api/autoResults, body in raw/api/manifest.json); record RPTG_INSR_ID=1 PLANKEY_ID=1148489010 field AUTO_SAMPLE_RATE_AMT",Alpine 79830 (Brewster County),AUTO CLUB COUNTY MUTUAL INSURANCE COMPANY,tx-age18_female,2207
tx-2025,TX,2025,https://www.helpinsure.com/auto.html,"raw/api/autoResults_79830_age18_female.json (POST https://www.helpinsure.com/api/autoResults, body in raw/api/manifest.json); record RPTG_INSR_ID=205 PLANKEY_ID=1148895306 field AUTO_SAMPLE_RATE_AMT",Alpine 79830 (Brewster County),DAIRYLAND COUNTY MUTUAL INSURANCE COMPANY OF TEXAS,tx-age18_female,2489
tx-2025,TX,2025,https://www.helpinsure.com/auto.html,"raw/api/autoResults_79830_age18_female.json (POST https://www.helpinsure.com/api/autoResults, body in raw/api/manifest.json); record RPTG_INSR_ID=138 PLANKEY_ID=1153503450 field AUTO_SAMPLE_RATE_AMT",Alpine 79830 (Brewster County),INFINITY COUNTY MUTUAL INSURANCE COMPANY,tx-age18_female,2633
tx-2025,TX,2025,https://www.helpinsure.com/auto.html,"raw/api/autoResults_79830_age18_female.json (POST https://www.helpinsure.com/api/autoResults, body in raw/api/manifest.json); record RPTG_INSR_ID=209 PLANKEY_ID=1159063506 field AUTO_SAMPLE_RATE_AMT",Alpine 79830 (Brewster County),AMERICAN FAMILY CONNECT PROPERTY AND CASUALTY INSURANCE COMPANY,tx-age18_female,2736
tx-2025,TX,2025,https://www.helpinsure.com/auto.html,"raw/api/autoResults_79830_age18_female.json (POST https://www.helpinsure.com/api/autoResults, body in raw/api/manifest.json); record RPTG_INSR_ID=215 PLANKEY_ID=1149575814 field AUTO_SAMPLE_RATE_AMT",Alpine 79830 (Brewster County),"MGA INSURANCE COMPANY, INC.",tx-age18_female,2935
tx-2025,TX,2025,https://www.helpinsure.com/auto.html,"raw/api/autoResults_79830_age18_female.json (POST https://www.helpinsure.com/api/autoResults, body in raw/api/manifest.json); record RPTG_INSR_ID=142 PLANKEY_ID=1151261370 field AUTO_SAMPLE_RATE_AMT",Alpine 79830 (Brewster County),"COLONIAL COUNTY MUTUAL INSURANCE COMPANY / MGA: Titan Insurance Services, Inc.",tx-age18_female,3454
tx-2025,TX,2025,https://www.helpinsure.com/auto.html,"raw/api/autoResults_79830_age18_female.json (POST https://www.helpinsure.com/api/autoResults, body in raw/api/manifest.json); record RPTG_INSR_ID=45 PLANKEY_ID=1159877394 field AUTO_SAMPLE_RATE_AMT",Alpine 79830 (Brewster County),"SENTINEL INSURANCE COMPANY, LTD.",tx-age18_female,4004
tx-2025,TX,2025,https://www.helpinsure.com/auto.html,"raw/api/autoResults_79830_age18_female.json (POST https://www.helpinsure.com/api/autoResults, body in raw/api/manifest.json); record RPTG_INSR_ID=212 PLANKEY_ID=1158656562 field AUTO_SAMPLE_RATE_AMT",Alpine 79830 (Brewster County),ENCOMPASS INDEPENDENT INSURANCE COMPANY,tx-age18_female,4086
tx-2025,TX,2025,https://www.helpinsure.com/auto.html,"raw/api/autoResults_79830_age18_female.json (POST https://www.helpinsure.com/api/autoResults, body in raw/api/manifest.json); record RPTG_INSR_ID=173 PLANKEY_ID=1151876322 field AUTO_SAMPLE_RATE_AMT",Alpine 79830 (Brewster County),ECONOMY FIRE & CASUALTY COMPANY,tx-age18_female,5594
tx-2025,TX,2025,https://www.helpinsure.com/auto.html,"raw/api/autoResults_79830_age18_female.json (POST https://www.helpinsure.com/api/autoResults, body in raw/api/manifest.json); record RPTG_INSR_ID=123 PLANKEY_ID=1159470450 field AUTO_SAMPLE_RATE_AMT",Alpine 79830 (Brewster County),AMICA MUTUAL INSURANCE COMPANY,tx-age18_female,6176
tx-2025,TX,2025,https://www.helpinsure.com/auto.html,"raw/api/autoResults_79830_age18_female.json (POST https://www.helpinsure.com/api/autoResults, body in raw/api/manifest.json); record RPTG_INSR_ID=161 PLANKEY_ID=1148082066 field AUTO_SAMPLE_RATE_AMT",Alpine 79830 (Brewster County),AMICA PROPERTY AND CASUALTY INSURANCE COMPANY,tx-age18_female,6407
tx-2025,TX,2025,https://www.helpinsure.com/auto.html,"raw/api/autoResults_79830_age18_female.json (POST https://www.helpinsure.com/api/autoResults, body in raw/api/manifest.json); record RPTG_INSR_ID=33 PLANKEY_ID=1158249618 field AUTO_SAMPLE_RATE_AMT",Alpine 79830 (Brewster County),FARMERS LLOYDS INSURANCE COMPANY OF TEXAS,tx-age18_female,7114
tx-2025,TX,2025,https://www.helpinsure.com/auto.html,"raw/api/autoResults_79830_age18_female.json (POST https://www.helpinsure.com/api/autoResults, body in raw/api/manifest.json); record RPTG_INSR_ID=155 PLANKEY_ID=1162861434 field AUTO_SAMPLE_RATE_AMT",Alpine 79830 (Brewster County),LIBERTY COUNTY MUTUAL INSURANCE COMPANY / MGA: Safeco General Agency (Safeco),tx-age18_female,9003
tx-2025,TX,2025,https://www.helpinsure.com/auto.html,"raw/api/autoResults_79830_age18_female.json (POST https://www.helpinsure.com/api/autoResults, body in raw/api/manifest.json); record RPTG_INSR_ID=219 PLANKEY_ID=1153777662 field AUTO_SAMPLE_RATE_AMT",Alpine 79830 (Brewster County),AMERICAN ACCESS CASUALTY COMPANY,tx-age18_female,10209
tx-2025,TX,2025,https://www.helpinsure.com/auto.html,"raw/api/autoResults_79830_age65.json (POST https://www.helpinsure.com/api/autoResults, body in raw/api/manifest.json); record RPTG_INSR_ID=21 PLANKEY_ID=1152283212 field AUTO_SAMPLE_RATE_AMT",Alpine 79830 (Brewster County),FARMERS TEXAS COUNTY MUTUAL INSURANCE COMPANY,tx-age65,180
tx-2025,TX,2025,https://www.helpinsure.com/auto.html,"raw/api/autoResults_79830_age65.json (POST https://www.helpinsure.com/api/autoResults, body in raw/api/manifest.json); record RPTG_INSR_ID=41 PLANKEY_ID=1163267676 field AUTO_SAMPLE_RATE_AMT",Alpine 79830 (Brewster County),PROGRESSIVE COUNTY MUTUAL INSURANCE COMPANY,tx-age65,243
tx-2025,TX,2025,https://www.helpinsure.com/auto.html,"raw/api/autoResults_79830_age65.json (POST https://www.helpinsure.com/api/autoResults, body in raw/api/manifest.json); record RPTG_INSR_ID=283 PLANKEY_ID=1161505116 field AUTO_SAMPLE_RATE_AMT",Alpine 79830 (Brewster County),GEICO TEXAS COUNTY MUTUAL INSURANCE COMPANY / MGA: Voyager Corporation,tx-age65,259
tx-2025,TX,2025,https://www.helpinsure.com/auto.html,"raw/api/autoResults_79830_age65.json (POST https://www.helpinsure.com/api/autoResults, body in raw/api/manifest.json); record RPTG_INSR_ID=282 PLANKEY_ID=1160284284 field AUTO_SAMPLE_RATE_AMT",Alpine 79830 (Brewster County),GEICO TEXAS COUNTY MUTUAL INSURANCE COMPANY / MGA: Horizon Corporation,tx-age65,262
tx-2025,TX,2025,https://www.helpinsure.com/auto.html,"raw/api/autoResults_79830_age65.json (POST https://www.helpinsure.com/api/autoResults, body in raw/api/manifest.json); record RPTG_INSR_ID=281 PLANKEY_ID=1161098172 field AUTO_SAMPLE_RATE_AMT",Alpine 79830 (Brewster County),GEICO TEXAS COUNTY MUTUAL INSURANCE COMPANY / MGA: Perspective Corporation,tx-age65,280
tx-2025,TX,2025,https://www.helpinsure.com/auto.html,"raw/api/autoResults_79830_age65.json (POST https://www.helpinsure.com/api/autoResults, body in raw/api/manifest.json); record RPTG_INSR_ID=56 PLANKEY_ID=1157028732 field AUTO_SAMPLE_RATE_AMT",Alpine 79830 (Brewster County),UNITED SERVICES AUTOMOBILE ASSOCIATION,tx-age65,419
tx-2025,TX,2025,https://www.helpinsure.com/auto.html,"raw/api/autoResults_79830_age65.json (POST https://www.helpinsure.com/api/autoResults, body in raw/api/manifest.json); record RPTG_INSR_ID=119 PLANKEY_ID=1157435676 field AUTO_SAMPLE_RATE_AMT",Alpine 79830 (Brewster County),USAA CASUALTY INSURANCE COMPANY,tx-age65,438
tx-2025,TX,2025,https://www.helpinsure.com/auto.html,"raw/api/autoResults_79830_age65.json (POST https://www.helpinsure.com/api/autoResults, body in raw/api/manifest.json); record RPTG_INSR_ID=50 PLANKEY_ID=1149843492 field AUTO_SAMPLE_RATE_AMT",Alpine 79830 (Brewster County),STATE FARM MUTUAL AUTOMOBILE INSURANCE COMPANY,tx-age65,441
tx-2025,TX,2025,https://www.helpinsure.com/auto.html,"raw/api/autoResults_79830_age65.json (POST https://www.helpinsure.com/api/autoResults, body in raw/api/manifest.json); record RPTG_INSR_ID=6 PLANKEY_ID=1165029156 field AUTO_SAMPLE_RATE_AMT",Alpine 79830 (Brewster County),ALLSTATE FIRE AND CASUALTY INSURANCE COMPANY,tx-age65,445
tx-2025,TX,2025,https://www.helpinsure.com/auto.html,"raw/api/autoResults_79830_age65.json (POST https://www.helpinsure.com/api/autoResults, body in raw/api/manifest.json); record RPTG_INSR_ID=102 PLANKEY_ID=1163673324 field AUTO_SAMPLE_RATE_AMT",Alpine 79830 (Brewster County),PROGRESSIVE COUNTY MUTUAL INSURANCE COMPANY / MGA: PROGRESSIVE COUNTY MUTUAL - DIRECT RATES,tx-age65,455
tx-2025,TX,2025,https://www.helpinsure.com/auto.html,"raw/api/autoResults_79830_age65.json (POST https://www.helpinsure.com/api/autoResults, body in raw/api/manifest.json); record RPTG_INSR_ID=118 PLANKEY_ID=1157842620 field AUTO_SAMPLE_RATE_AMT",Alpine 79830 (Brewster County),USAA GENERAL INDEMNITY COMPANY,tx-age65,487
tx-2025,TX,2025,https://www.helpinsure.com/auto.html,"raw/api/autoResults_79830_age65.json (POST https://www.helpinsure.com/api/autoResults, body in raw/api/manifest.json); record RPTG_INSR_ID=246 PLANKEY_ID=1162454436 field AUTO_SAMPLE_RATE_AMT",Alpine 79830 (Brewster County),GEICO TEXAS COUNTY MUTUAL INSURANCE COMPANY / MGA: Endeavor Corporation,tx-age65,515
tx-2025,TX,2025,https://www.helpinsure.com/auto.html,"raw/api/autoResults_79830_age65.json (POST https://www.helpinsure.com/api/autoResults, body in raw/api/manifest.json); record RPTG_INSR_ID=112 PLANKEY_ID=1156216140 field AUTO_SAMPLE_RATE_AMT",Alpine 79830 (Brewster County),GARRISON PROPERTY AND CASUALTY INSURANCE COMPANY,tx-age65,515
tx-2025,TX,2025,https://www.helpinsure.com/auto.html,"raw/api/autoResults_79830_age65.json (POST https://www.helpinsure.com/api/autoResults, body in raw/api/manifest.json); record RPTG_INSR_ID=32 PLANKEY_ID=1150655436 field AUTO_SAMPLE_RATE_AMT",Alpine 79830 (Brewster County),MERCURY COUNTY MUTUAL INSURANCE COMPANY,tx-age65,538
tx-2025,TX,2025,https://www.helpinsure.com/auto.html,"raw/api/autoResults_79830_age65.json (POST https://www.helpinsure.com/api/autoResults, body in raw/api/manifest.json); record RPTG_INSR_ID=48 PLANKEY_ID=1150249140 field AUTO_SAMPLE_RATE_AMT",Alpine 79830 (Brewster County),STATE FARM COUNTY MUTUAL INSURANCE COMPANY OF TEXAS,tx-age65,577
tx-2025,TX,2025,https://www.helpinsure.com/auto.html,"raw/api/autoResults_79830_age65.json (POST https://www.helpinsure.com/api/autoResults, body in raw/api/manifest.json); record RPTG_INSR_ID=140 PLANKEY_ID=1152690156 field AUTO_SAMPLE_RATE_AMT",Alpine 79830 (Brewster County),FOREMOST COUNTY MUTUAL INSURANCE COMPANY,tx-age65,603
tx-2025,TX,2025,https://www.helpinsure.com/auto.html,"raw/api/autoResults_79830_age65.json (POST https://www.helpinsure.com/api/autoResults, body in raw/api/manifest.json); record RPTG_INSR_ID=104 PLANKEY_ID=1164760812 field AUTO_SAMPLE_RATE_AMT",Alpine 79830 (Brewster County),TEXAS AUTOMOBILE INSURANCE PLAN ASSOCIATION,tx-age65,632
tx-2025,TX,2025,https://www.helpinsure.com/auto.html,"raw/api/autoResults_79830_age65.json (POST https://www.helpinsure.com/api/autoResults, body in raw/api/manifest.json); record RPTG_INSR_ID=5 PLANKEY_ID=1153096452 field AUTO_SAMPLE_RATE_AMT",Alpine 79830 (Brewster County),ALLSTATE COUNTY MUTUAL INSURANCE COMPANY,tx-age65,632
tx-2025,TX,2025,https://www.helpinsure.com/auto.html,"raw/api/autoResults_79830_age65.json (POST https://www.helpinsure.com/api/autoResults, body in raw/api/manifest.json); record RPTG_INSR_ID=1 PLANKEY_ID=1148488956 field AUTO_SAMPLE_RATE_AMT",Alpine 79830 (Brewster County),AUTO CLUB COUNTY MUTUAL INSURANCE COMPANY,tx-age65,681
tx-2025,TX,2025,https://www.helpinsure.com/auto.html,"raw/api/autoResults_79830_age65.json (POST https://www.helpinsure.com/api/autoResults, body in raw/api/manifest.json); record RPTG_INSR_ID=175 PLANKEY_ID=1164079620 field AUTO_SAMPLE_RATE_AMT",Alpine 79830 (Brewster County),FARMERS PROPERTY AND CASUALTY INSURANCE COMPANY,tx-age65,715
tx-2025,TX,2025,https://www.helpinsure.com/auto.html,"raw/api/autoResults_79830_age65.json (POST https://www.helpinsure.com/api/autoResults, body in raw/api/manifest.json); record RPTG_INSR_ID=16 PLANKEY_ID=1151469324 field AUTO_SAMPLE_RATE_AMT",Alpine 79830 (Brewster County),CONSUMERS COUNTY MUTUAL INSURANCE COMPANY / MGA: Travelers Quantum Auto 2.0 Program,tx-age65,750
tx-2025,TX,2025,https://www.helpinsure.com/auto.html,"raw/api/autoResults_79830_age65.json (POST https://www.helpinsure.com/api/autoResults, body in raw/api/manifest.json); record RPTG_INSR_ID=124 PLANKEY_ID=1165436100 field AUTO_SAMPLE_RATE_AMT",Alpine 79830 (Brewster County),CONSUMERS COUNTY MUTUAL INSURANCE COMPANY,tx-age65,750
tx-2025,TX,2025,https://www.helpinsure.com/auto.html,"raw/api/autoResults_79830_age65.json (POST https://www.helpinsure.com/api/autoResults, body in raw/api/manifest.json); record RPTG_INSR_ID=238 PLANKEY_ID=1164486564 field AUTO_SAMPLE_RATE_AMT",Alpine 79830 (Brewster County),MID-CENTURY INSURANCE COMPANY OF TEXAS,tx-age65,799
tx-2025,TX,2025,https://www.helpinsure.com/auto.html,"raw/api/autoResults_79830_age65.json (POST https://www.helpinsure.com/api/autoResults, body in raw/api/manifest.json); record RPTG_INSR_ID=138 PLANKEY_ID=1153503396 field AUTO_SAMPLE_RATE_AMT",Alpine 79830 (Brewster County),INFINITY COUNTY MUTUAL INSURANCE COMPANY,tx-age65,888
tx-2025,TX,2025,https://www.helpinsure.com/auto.html,"raw/api/autoResults_79830_age65.json (POST https://www.helpinsure.com/api/autoResults, body in raw/api/manifest.json); record RPTG_INSR_ID=205 PLANKEY_ID=1148895252 field AUTO_SAMPLE_RATE_AMT",Alpine 79830 (Brewster County),DAIRYLAND COUNTY MUTUAL INSURANCE COMPANY OF TEXAS,tx-age65,940
tx-2025,TX,2025,https://www.helpinsure.com/auto.html,"raw/api/autoResults_79830_age65.json (POST https://www.helpinsure.com/api/autoResults, body in raw/api/manifest.json); record RPTG_INSR_ID=209 PLANKEY_ID=1159063452 field AUTO_SAMPLE_RATE_AMT",Alpine 79830 (Brewster County),AMERICAN FAMILY CONNECT PROPERTY AND CASUALTY INSURANCE COMPANY,tx-age65,1026
tx-2025,TX,2025,https://www.helpinsure.com/auto.html,"raw/api/autoResults_79830_age65.json (POST https://www.helpinsure.com/api/autoResults, body in raw/api/manifest.json); record RPTG_INSR_ID=123 PLANKEY_ID=1159470396 field AUTO_SAMPLE_RATE_AMT",Alpine 79830 (Brewster County),AMICA MUTUAL INSURANCE COMPANY,tx-age65,1082
tx-2025,TX,2025,https://www.helpinsure.com/auto.html,"raw/api/autoResults_79830_age65.json (POST https://www.helpinsure.com/api/autoResults, body in raw/api/manifest.json); record RPTG_INSR_ID=215 PLANKEY_ID=1149575796 field AUTO_SAMPLE_RATE_AMT",Alpine 79830 (Brewster County),"MGA INSURANCE COMPANY, INC.",tx-age65,1128
tx-2025,TX,2025,https://www.helpinsure.com/auto.html,"raw/api/autoResults_79830_age65.json (POST https://www.helpinsure.com/api/autoResults, body in raw/api/manifest.json); record RPTG_INSR_ID=161 PLANKEY_ID=1148082012 field AUTO_SAMPLE_RATE_AMT",Alpine 79830 (Brewster County),AMICA PROPERTY AND CASUALTY INSURANCE COMPANY,tx-age65,1188
tx-2025,TX,2025,https://www.helpinsure.com/auto.html,"raw/api/autoResults_79830_age65.json (POST https://www.helpinsure.com/api/autoResults, body in raw/api/manifest.json); record RPTG_INSR_ID=45 PLANKEY_ID=1159877340 field AUTO_SAMPLE_RATE_AMT",Alpine 79830 (Brewster County),"SENTINEL INSURANCE COMPANY, LTD.",tx-age65,1290
tx-2025,TX,2025,https://www.helpinsure.com/auto.html,"raw/api/autoResults_79830_age65.json (POST https://www.helpinsure.com/api/autoResults, body in raw/api/manifest.json); record RPTG_INSR_ID=173 PLANKEY_ID=1151876268 field AUTO_SAMPLE_RATE_AMT",Alpine 79830 (Brewster County),ECONOMY FIRE & CASUALTY COMPANY,tx-age65,1311
tx-2025,TX,2025,https://www.helpinsure.com/auto.html,"raw/api/autoResults_79830_age65.json (POST https://www.helpinsure.com/api/autoResults, body in raw/api/manifest.json); record RPTG_INSR_ID=155 PLANKEY_ID=1162861380 field AUTO_SAMPLE_RATE_AMT",Alpine 79830 (Brewster County),LIBERTY COUNTY MUTUAL INSURANCE COMPANY / MGA: Safeco General Agency (Safeco),tx-age65,1337
tx-2025,TX,2025,https://www.helpinsure.com/auto.html,"raw/api/autoResults_79830_age65.json (POST https://www.helpinsure.com/api/autoResults, body in raw/api/manifest.json); record RPTG_INSR_ID=33 PLANKEY_ID=1158249564 field AUTO_SAMPLE_RATE_AMT",Alpine 79830 (Brewster County),FARMERS LLOYDS INSURANCE COMPANY OF TEXAS,tx-age65,1459
tx-2025,TX,2025,https://www.helpinsure.com/auto.html,"raw/api/autoResults_79830_age65.json (POST https://www.helpinsure.com/api/autoResults, body in raw/api/manifest.json); record RPTG_INSR_ID=142 PLANKEY_ID=1151261964 field AUTO_SAMPLE_RATE_AMT",Alpine 79830 (Brewster County),"COLONIAL COUNTY MUTUAL INSURANCE COMPANY / MGA: Titan Insurance Services, Inc.",tx-age65,1465
tx-2025,TX,2025,https://www.helpinsure.com/auto.html,"raw/api/autoResults_79830_age65.json (POST https://www.helpinsure.com/api/autoResults, body in raw/api/manifest.json); record RPTG_INSR_ID=219 PLANKEY_ID=1153777644 field AUTO_SAMPLE_RATE_AMT",Alpine 79830 (Brewster County),AMERICAN ACCESS CASUALTY COMPANY,tx-age65,2797
tx-2025,TX,2025,https://www.helpinsure.com/auto.html,"raw/api/autoResults_79830_age65.json (POST https://www.helpinsure.com/api/autoResults, body in raw/api/manifest.json); record RPTG_INSR_ID=212 PLANKEY_ID=1158656508 field AUTO_SAMPLE_RATE_AMT",Alpine 79830 (Brewster County),ENCOMPASS INDEPENDENT INSURANCE COMPANY,tx-age65,3136
tx-2025,TX,2025,https://www.helpinsure.com/auto.html,"raw/api/autoResults_79830_age65_married.json (POST https://www.helpinsure.com/api/autoResults, body in raw/api/manifest.json); record RPTG_INSR_ID=21 PLANKEY_ID=1152283536 field AUTO_SAMPLE_RATE_AMT",Alpine 79830 (Brewster County),FARMERS TEXAS COUNTY MUTUAL INSURANCE COMPANY,tx-age65_married,184
tx-2025,TX,2025,https://www.helpinsure.com/auto.html,"raw/api/autoResults_79830_age65_married.json (POST https://www.helpinsure.com/api/autoResults, body in raw/api/manifest.json); record RPTG_INSR_ID=41 PLANKEY_ID=1163268000 field AUTO_SAMPLE_RATE_AMT",Alpine 79830 (Brewster County),PROGRESSIVE COUNTY MUTUAL INSURANCE COMPANY,tx-age65_married,220
tx-2025,TX,2025,https://www.helpinsure.com/auto.html,"raw/api/autoResults_79830_age65_married.json (POST https://www.helpinsure.com/api/autoResults, body in raw/api/manifest.json); record RPTG_INSR_ID=283 PLANKEY_ID=1161505440 field AUTO_SAMPLE_RATE_AMT",Alpine 79830 (Brewster County),GEICO TEXAS COUNTY MUTUAL INSURANCE COMPANY / MGA: Voyager Corporation,tx-age65_married,245
tx-2025,TX,2025,https://www.helpinsure.com/auto.html,"raw/api/autoResults_79830_age65_married.json (POST https://www.helpinsure.com/api/autoResults, body in raw/api/manifest.json); record RPTG_INSR_ID=282 PLANKEY_ID=1160284608 field AUTO_SAMPLE_RATE_AMT",Alpine 79830 (Brewster County),GEICO TEXAS COUNTY MUTUAL INSURANCE COMPANY / MGA: Horizon Corporation,tx-age65_married,247
tx-2025,TX,2025,https://www.helpinsure.com/auto.html,"raw/api/autoResults_79830_age65_married.json (POST https://www.helpinsure.com/api/autoResults, body in raw/api/manifest.json); record RPTG_INSR_ID=281 PLANKEY_ID=1161098496 field AUTO_SAMPLE_RATE_AMT",Alpine 79830 (Brewster County),GEICO TEXAS COUNTY MUTUAL INSURANCE COMPANY / MGA: Perspective Corporation,tx-age65_married,261
tx-2025,TX,2025,https://www.helpinsure.com/auto.html,"raw/api/autoResults_79830_age65_married.json (POST https://www.helpinsure.com/api/autoResults, body in raw/api/manifest.json); record RPTG_INSR_ID=56 PLANKEY_ID=1157029056 field AUTO_SAMPLE_RATE_AMT",Alpine 79830 (Brewster County),UNITED SERVICES AUTOMOBILE ASSOCIATION,tx-age65_married,383
tx-2025,TX,2025,https://www.helpinsure.com/auto.html,"raw/api/autoResults_79830_age65_married.json (POST https://www.helpinsure.com/api/autoResults, body in raw/api/manifest.json); record RPTG_INSR_ID=119 PLANKEY_ID=1157436000 field AUTO_SAMPLE_RATE_AMT",Alpine 79830 (Brewster County),USAA CASUALTY INSURANCE COMPANY,tx-age65_married,395
tx-2025,TX,2025,https://www.helpinsure.com/auto.html,"raw/api/autoResults_79830_age65_married.json (POST https://www.helpinsure.com/api/autoResults, body in raw/api/manifest.json); record RPTG_INSR_ID=118 PLANKEY_ID=1157842944 field AUTO_SAMPLE_RATE_AMT",Alpine 79830 (Brewster County),USAA GENERAL INDEMNITY COMPANY,tx-age65_married,433
tx-2025,TX,2025,https://www.helpinsure.com/auto.html,"raw/api/autoResults_79830_age65_married.json (POST https://www.helpinsure.com/api/autoResults, body in raw/api/manifest.json); record RPTG_INSR_ID=102 PLANKEY_ID=1163673648 field AUTO_SAMPLE_RATE_AMT",Alpine 79830 (Brewster County),PROGRESSIVE COUNTY MUTUAL INSURANCE COMPANY / MGA: PROGRESSIVE COUNTY MUTUAL - DIRECT RATES,tx-age65_married,434
tx-2025,TX,2025,https://www.helpinsure.com/auto.html,"raw/api/autoResults_79830_age65_married.json (POST https://www.helpinsure.com/api/autoResults, body in raw/api/manifest.json); record RPTG_INSR_ID=50 PLANKEY_ID=1149843816 field AUTO_SAMPLE_RATE_AMT",Alpine 79830 (Brewster County),STATE FARM MUTUAL AUTOMOBILE INSURANCE COMPANY,tx-age65_married,441
tx-2025,TX,2025,https://www.helpinsure.com/auto.html,"raw/api/autoResults_79830_age65_married.json (POST https://www.helpinsure.com/api/autoResults, body in raw/api/manifest.json); record RPTG_INSR_ID=6 PLANKEY_ID=1165029480 field AUTO_SAMPLE_RATE_AMT",Alpine 79830 (Brewster County),ALLSTATE FIRE AND CASUALTY INSURANCE COMPANY,tx-age65_married,445
tx-2025,TX,2025,https://www.helpinsure.com/auto.html,"raw/api/autoResults_79830_age65_married.json (POST https://www.helpinsure.com/api/autoResults, body in raw/api/manifest.json); record RPTG_INSR_ID=32 PLANKEY_ID=1150655760 field AUTO_SAMPLE_RATE_AMT",Alpine 79830 (Brewster County),MERCURY COUNTY MUTUAL INSURANCE COMPANY,tx-age65_married,463
tx-2025,TX,2025,https://www.helpinsure.com/auto.html,"raw/api/autoResults_79830_age65_married.json (POST https://www.helpinsure.com/api/autoResults, body in raw/api/manifest.json); record RPTG_INSR_ID=112 PLANKEY_ID=1156216464 field AUTO_SAMPLE_RATE_AMT",Alpine 79830 (Brewster County),GARRISON PROPERTY AND CASUALTY INSURANCE COMPANY,tx-age65_married,469
tx-2025,TX,2025,https://www.helpinsure.com/auto.html,"raw/api/autoResults_79830_age65_married.json (POST https://www.helpinsure.com/api/autoResults, body in raw/api/manifest.json); record RPTG_INSR_ID=246 PLANKEY_ID=1162454760 field AUTO_SAMPLE_RATE_AMT",Alpine 79830 (Brewster County),GEICO TEXAS COUNTY MUTUAL INSURANCE COMPANY / MGA: Endeavor Corporation,tx-age65_married,515
tx-2025,TX,2025,https://www.helpinsure.com/auto.html,"raw/api/autoResults_79830_age65_married.json (POST https://www.helpinsure.com/api/autoResults, body in raw/api/manifest.json); record RPTG_INSR_ID=140 PLANKEY_ID=1152690480 field AUTO_SAMPLE_RATE_AMT",Alpine 79830 (Brewster County),FOREMOST COUNTY MUTUAL INSURANCE COMPANY,tx-age65_married,515
tx-2025,TX,2025,https://www.helpinsure.com/auto.html,"raw/api/autoResults_79830_age65_married.json (POST https://www.helpinsure.com/api/autoResults, body in raw/api/manifest.json); record RPTG_INSR_ID=48 PLANKEY_ID=1150249464 field AUTO_SAMPLE_RATE_AMT",Alpine 79830 (Brewster County),STATE FARM COUNTY MUTUAL INSURANCE COMPANY OF TEXAS,tx-age65_married,577
tx-2025,TX,2025,https://www.helpinsure.com/auto.html,"raw/api/autoResults_79830_age65_married.json (POST https://www.helpinsure.com/api/autoResults, body in raw/api/manifest.json); record RPTG_INSR_ID=5 PLANKEY_ID=1153096776 field AUTO_SAMPLE_RATE_AMT",Alpine 79830 (Brewster County),ALLSTATE COUNTY MUTUAL INSURANCE COMPANY,tx-age65_married,632
tx-2025,TX,2025,https://www.helpinsure.com/auto.html,"raw/api/autoResults_79830_age65_married.json (POST https://www.helpinsure.com/api/autoResults, body in raw/api/manifest.json); record RPTG_INSR_ID=104 PLANKEY_ID=1164760920 field AUTO_SAMPLE_RATE_AMT",Alpine 79830 (Brewster County),TEXAS AUTOMOBILE INSURANCE PLAN ASSOCIATION,tx-age65_married,632
tx-2025,TX,2025,https://www.helpinsure.com/auto.html,"raw/api/autoResults_79830_age65_married.json (POST https://www.helpinsure.com/api/autoResults, body in raw/api/manifest.json); record RPTG_INSR_ID=1 PLANKEY_ID=1148489280 field AUTO_SAMPLE_RATE_AMT",Alpine 79830 (Brewster County),AUTO CLUB COUNTY MUTUAL INSURANCE COMPANY,tx-age65_married,681
tx-2025,TX,2025,https://www.helpinsure.com/auto.html,"raw/api/autoResults_79830_age65_married.json (POST https://www.helpinsure.com/api/autoResults, body in raw/api/manifest.json); record RPTG_INSR_ID=175 PLANKEY_ID=1164079944 field AUTO_SAMPLE_RATE_AMT",Alpine 79830 (Brewster County),FARMERS PROPERTY AND CASUALTY INSURANCE COMPANY,tx-age65_married,697
tx-2025,TX,2025,https://www.helpinsure.com/auto.html,"raw/api/autoResults_79830_age65_married.json (POST https://www.helpinsure.com/api/autoResults, body in raw/api/manifest.json); record RPTG_INSR_ID=238 PLANKEY_ID=1164486888 field AUTO_SAMPLE_RATE_AMT",Alpine 79830 (Brewster County),MID-CENTURY INSURANCE COMPANY OF TEXAS,tx-age65_married,739
tx-2025,TX,2025,https://www.helpinsure.com/auto.html,"raw/api/autoResults_79830_age65_married.json (POST https://www.helpinsure.com/api/autoResults, body in raw/api/manifest.json); record RPTG_INSR_ID=16 PLANKEY_ID=1151469648 field AUTO_SAMPLE_RATE_AMT",Alpine 79830 (Brewster County),CONSUMERS COUNTY MUTUAL INSURANCE COMPANY / MGA: Travelers Quantum Auto 2.0 Program,tx-age65_married,750
tx-2025,TX,2025,https://www.helpinsure.com/auto.html,"raw/api/autoResults_79830_age65_married.json (POST https://www.helpinsure.com/api/autoResults, body in raw/api/manifest.json); record RPTG_INSR_ID=124 PLANKEY_ID=1165436424 field AUTO_SAMPLE_RATE_AMT",Alpine 79830 (Brewster County),CONSUMERS COUNTY MUTUAL INSURANCE COMPANY,tx-age65_married,750
tx-2025,TX,2025,https://www.helpinsure.com/auto.html,"raw/api/autoResults_79830_age65_married.json (POST https://www.helpinsure.com/api/autoResults, body in raw/api/manifest.json); record RPTG_INSR_ID=138 PLANKEY_ID=1153503720 field AUTO_SAMPLE_RATE_AMT",Alpine 79830 (Brewster County),INFINITY COUNTY MUTUAL INSURANCE COMPANY,tx-age65_married,773
tx-2025,TX,2025,https://www.helpinsure.com/auto.html,"raw/api/autoResults_79830_age65_married.json (POST https://www.helpinsure.com/api/autoResults, body in raw/api/manifest.json); record RPTG_INSR_ID=205 PLANKEY_ID=1148895576 field AUTO_SAMPLE_RATE_AMT",Alpine 79830 (Brewster County),DAIRYLAND COUNTY MUTUAL INSURANCE COMPANY OF TEXAS,tx-age65_married,906
tx-2025,TX,2025,https://www.helpinsure.com/auto.html,"raw/api/autoResults_79830_age65_married.json (POST https://www.helpinsure.com/api/autoResults, body in raw/api/manifest.json); record RPTG_INSR_ID=209 PLANKEY_ID=1159063776 field AUTO_SAMPLE_RATE_AMT",Alpine 79830 (Brewster County),AMERICAN FAMILY CONNECT PROPERTY AND CASUALTY INSURANCE COMPANY,tx-age65_married,958
tx-2025,TX,2025,https://www.helpinsure.com/auto.html,"raw/api/autoResults_79830_age65_married.json (POST https://www.helpinsure.com/api/autoResults, body in raw/api/manifest.json); record RPTG_INSR_ID=215 PLANKEY_ID=1149575904 field AUTO_SAMPLE_RATE_AMT",Alpine 79830 (Brewster County),"MGA INSURANCE COMPANY, INC.",tx-age65_married,1020
tx-2025,TX,2025,https://www.helpinsure.com/auto.html,"raw/api/autoResults_79830_age65_married.json (POST https://www.helpinsure.com/api/autoResults, body in raw/api/manifest.json); record RPTG_INSR_ID=173 PLANKEY_ID=1151876592 field AUTO_SAMPLE_RATE_AMT",Alpine 79830 (Brewster County),ECONOMY FIRE & CASUALTY COMPANY,tx-age65_married,1055
tx-2025,TX,2025,https://www.helpinsure.com/auto.html,"raw/api/autoResults_79830_age65_married.json (POST https://www.helpinsure.com/api/autoResults, body in raw/api/manifest.json); record RPTG_INSR_ID=123 PLANKEY_ID=1159470720 field AUTO_SAMPLE_RATE_AMT",Alpine 79830 (Brewster County),AMICA MUTUAL INSURANCE COMPANY,tx-age65_married,1082
tx-2025,TX,2025,https://www.helpinsure.com/auto.html,"raw/api/autoResults_79830_age65_married.json (POST https://www.helpinsure.com/api/autoResults, body in raw/api/manifest.json); record RPTG_INSR_ID=161 PLANKEY_ID=1148082336 field AUTO_SAMPLE_RATE_AMT",Alpine 79830 (Brewster County),AMICA PROPERTY AND CASUALTY INSURANCE COMPANY,tx-age65_married,1188
tx-2025,TX,2025,https://www.helpinsure.com/auto.html,"raw/api/autoResults_79830_age65_married.json (POST https://www.helpinsure.com/api/autoResults, body in raw/api/manifest.json); record RPTG_INSR_ID=45 PLANKEY_ID=1159877664 field AUTO_SAMPLE_RATE_AMT",Alpine 79830 (Brewster County),"SENTINEL INSURANCE COMPANY, LTD.",tx-age65_married,1262
tx-2025,TX,2025,https://www.helpinsure.com/auto.html,"raw/api/autoResults_79830_age65_married.json (POST https://www.helpinsure.com/api/autoResults, body in raw/api/manifest.json); record RPTG_INSR_ID=155 PLANKEY_ID=1162861704 field AUTO_SAMPLE_RATE_AMT",Alpine 79830 (Brewster County),LIBERTY COUNTY MUTUAL INSURANCE COMPANY / MGA: Safeco General Agency (Safeco),tx-age65_married,1340
tx-2025,TX,2025,https://www.helpinsure.com/auto.html,"raw/api/autoResults_79830_age65_married.json (POST https://www.helpinsure.com/api/autoResults, body in raw/api/manifest.json); record RPTG_INSR_ID=142 PLANKEY_ID=1151262288 field AUTO_SAMPLE_RATE_AMT",Alpine 79830 (Brewster County),"COLONIAL COUNTY MUTUAL INSURANCE COMPANY / MGA: Titan Insurance Services, Inc.",tx-age65_married,1399
tx-2025,TX,2025,https://www.helpinsure.com/auto.html,"raw/api/autoResults_79830_age65_married.json (POST https://www.helpinsure.com/api/autoResults, body in raw/api/manifest.json); record RPTG_INSR_ID=33 PLANKEY_ID=1158249888 field AUTO_SAMPLE_RATE_AMT",Alpine 79830 (Brewster County),FARMERS LLOYDS INSURANCE COMPANY OF TEXAS,tx-age65_married,1592
tx-2025,TX,2025,https://www.helpinsure.com/auto.html,"raw/api/autoResults_79830_age65_married.json (POST https://www.helpinsure.com/api/autoResults, body in raw/api/manifest.json); record RPTG_INSR_ID=219 PLANKEY_ID=1153777752 field AUTO_SAMPLE_RATE_AMT",Alpine 79830 (Brewster County),AMERICAN ACCESS CASUALTY COMPANY,tx-age65_married,2379
tx-2025,TX,2025,https://www.helpinsure.com/auto.html,"raw/api/autoResults_79830_age65_married.json (POST https://www.helpinsure.com/api/autoResults, body in raw/api/manifest.json); record RPTG_INSR_ID=212 PLANKEY_ID=1158656832 field AUTO_SAMPLE_RATE_AMT",Alpine 79830 (Brewster County),ENCOMPASS INDEPENDENT INSURANCE COMPANY,tx-age65_married,2728
tx-2025,TX,2025,https://www.helpinsure.com/auto.html,"raw/api/autoResults_79830_base.json (POST https://www.helpinsure.com/api/autoResults, body in raw/api/manifest.json); record RPTG_INSR_ID=21 PLANKEY_ID=1152283158 field AUTO_SAMPLE_RATE_AMT",Alpine 79830 (Brewster County),FARMERS TEXAS COUNTY MUTUAL INSURANCE COMPANY,tx-base,210
tx-2025,TX,2025,https://www.helpinsure.com/auto.html,"raw/api/autoResults_79830_base.json (POST https://www.helpinsure.com/api/autoResults, body in raw/api/manifest.json); record RPTG_INSR_ID=283 PLANKEY_ID=1161505062 field AUTO_SAMPLE_RATE_AMT",Alpine 79830 (Brewster County),GEICO TEXAS COUNTY MUTUAL INSURANCE COMPANY / MGA: Voyager Corporation,tx-base,289
tx-2025,TX,2025,https://www.helpinsure.com/auto.html,"raw/api/autoResults_79830_base.json (POST https://www.helpinsure.com/api/autoResults, body in raw/api/manifest.json); record RPTG_INSR_ID=282 PLANKEY_ID=1160284230 field AUTO_SAMPLE_RATE_AMT",Alpine 79830 (Brewster County),GEICO TEXAS COUNTY MUTUAL INSURANCE COMPANY / MGA: Horizon Corporation,tx-base,293
tx-2025,TX,2025,https://www.helpinsure.com/auto.html,"raw/api/autoResults_79830_base.json (POST https://www.helpinsure.com/api/autoResults, body in raw/api/manifest.json); record RPTG_INSR_ID=41 PLANKEY_ID=1163267622 field AUTO_SAMPLE_RATE_AMT",Alpine 79830 (Brewster County),PROGRESSIVE COUNTY MUTUAL INSURANCE COMPANY,tx-base,301
tx-2025,TX,2025,https://www.helpinsure.com/auto.html,"raw/api/autoResults_79830_base.json (POST https://www.helpinsure.com/api/autoResults, body in raw/api/manifest.json); record RPTG_INSR_ID=281 PLANKEY_ID=1161098118 field AUTO_SAMPLE_RATE_AMT",Alpine 79830 (Brewster County),GEICO TEXAS COUNTY MUTUAL INSURANCE COMPANY / MGA: Perspective Corporation,tx-base,306
tx-2025,TX,2025,https://www.helpinsure.com/auto.html,"raw/api/autoResults_79830_base.json (POST https://www.helpinsure.com/api/autoResults, body in raw/api/manifest.json); record RPTG_INSR_ID=56 PLANKEY_ID=1157028678 field AUTO_SAMPLE_RATE_AMT",Alpine 79830 (Brewster County),UNITED SERVICES AUTOMOBILE ASSOCIATION,tx-base,431
tx-2025,TX,2025,https://www.helpinsure.com/auto.html,"raw/api/autoResults_79830_base.json (POST https://www.helpinsure.com/api/autoResults, body in raw/api/manifest.json); record RPTG_INSR_ID=119 PLANKEY_ID=1157435622 field AUTO_SAMPLE_RATE_AMT",Alpine 79830 (Brewster County),USAA CASUALTY INSURANCE COMPANY,tx-base,463
tx-2025,TX,2025,https://www.helpinsure.com/auto.html,"raw/api/autoResults_79830_base.json (POST https://www.helpinsure.com/api/autoResults, body in raw/api/manifest.json); record RPTG_INSR_ID=50 PLANKEY_ID=1149843438 field AUTO_SAMPLE_RATE_AMT",Alpine 79830 (Brewster County),STATE FARM MUTUAL AUTOMOBILE INSURANCE COMPANY,tx-base,469
tx-2025,TX,2025,https://www.helpinsure.com/auto.html,"raw/api/autoResults_79830_base.json (POST https://www.helpinsure.com/api/autoResults, body in raw/api/manifest.json); record RPTG_INSR_ID=102 PLANKEY_ID=1163673270 field AUTO_SAMPLE_RATE_AMT",Alpine 79830 (Brewster County),PROGRESSIVE COUNTY MUTUAL INSURANCE COMPANY / MGA: PROGRESSIVE COUNTY MUTUAL - DIRECT RATES,tx-base,480
tx-2025,TX,2025,https://www.helpinsure.com/auto.html,"raw/api/autoResults_79830_base.json (POST https://www.helpinsure.com/api/autoResults, body in raw/api/manifest.json); record RPTG_INSR_ID=6 PLANKEY_ID=1165029102 field AUTO_SAMPLE_RATE_AMT",Alpine 79830 (Brewster County),ALLSTATE FIRE AND CASUALTY INSURANCE COMPANY,tx-base,491
tx-2025,TX,2025,https://www.helpinsure.com/auto.html,"raw/api/autoResults_79830_base.json (POST https://www.helpinsure.com/api/autoResults, body in raw/api/manifest.json); record RPTG_INSR_ID=118 PLANKEY_ID=1157842566 field AUTO_SAMPLE_RATE_AMT",Alpine 79830 (Brewster County),USAA GENERAL INDEMNITY COMPANY,tx-base,528
tx-2025,TX,2025,https://www.helpinsure.com/auto.html,"raw/api/autoResults_79830_base.json (POST https://www.helpinsure.com/api/autoResults, body in raw/api/manifest.json); record RPTG_INSR_ID=112 PLANKEY_ID=1156216086 field AUTO_SAMPLE_RATE_AMT",Alpine 79830 (Brewster County),GARRISON PROPERTY AND CASUALTY INSURANCE COMPANY,tx-base,539
tx-2025,TX,2025,https://www.helpinsure.com/auto.html,"raw/api/autoResults_79830_base.json (POST https://www.helpinsure.com/api/autoResults, body in raw/api/manifest.json); record RPTG_INSR_ID=140 PLANKEY_ID=1152690102 field AUTO_SAMPLE_RATE_AMT",Alpine 79830 (Brewster County),FOREMOST COUNTY MUTUAL INSURANCE COMPANY,tx-base,550
tx-2025,TX,2025,https://www.helpinsure.com/auto.html,"raw/api/autoResults_79830_base.json (POST https://www.helpinsure.com/api/autoResults, body in raw/api/manifest.json); record RPTG_INSR_ID=246 PLANKEY_ID=1162454382 field AUTO_SAMPLE_RATE_AMT",Alpine 79830 (Brewster County),GEICO TEXAS COUNTY MUTUAL INSURANCE COMPANY / MGA: Endeavor Corporation,tx-base,565
tx-2025,TX,2025,https://www.helpinsure.com/auto.html,"raw/api/autoResults_79830_base.json (POST https://www.helpinsure.com/api/autoResults, body in raw/api/manifest.json); record RPTG_INSR_ID=5 PLANKEY_ID=1153096398 field AUTO_SAMPLE_RATE_AMT",Alpine 79830 (Brewster County),ALLSTATE COUNTY MUTUAL INSURANCE COMPANY,tx-base,619
tx-2025,TX,2025,https://www.helpinsure.com/auto.html,"raw/api/autoResults_79830_base.json (POST https://www.helpinsure.com/api/autoResults, body in raw/api/manifest.json); record RPTG_INSR_ID=32 PLANKEY_ID=1150655382 field AUTO_SAMPLE_RATE_AMT",Alpine 79830 (Brewster County),MERCURY COUNTY MUTUAL INSURANCE COMPANY,tx-base,631
tx-2025,TX,2025,https://www.helpinsure.com/auto.html,"raw/api/autoResults_79830_base.json (POST https://www.helpinsure.com/api/autoResults, body in raw/api/manifest.json); record RPTG_INSR_ID=104 PLANKEY_ID=1164760794 field AUTO_SAMPLE_RATE_AMT",Alpine 79830 (Brewster County),TEXAS AUTOMOBILE INSURANCE PLAN ASSOCIATION,tx-base,632
tx-2025,TX,2025,https://www.helpinsure.com/auto.html,"raw/api/autoResults_79830_base.json (POST https://www.helpinsure.com/api/autoResults, body in raw/api/manifest.json); record RPTG_INSR_ID=48 PLANKEY_ID=1150249086 field AUTO_SAMPLE_RATE_AMT",Alpine 79830 (Brewster County),STATE FARM COUNTY MUTUAL INSURANCE COMPANY OF TEXAS,tx-base,646
tx-2025,TX,2025,https://www.helpinsure.com/auto.html,"raw/api/autoResults_79830_base.json (POST https://www.helpinsure.com/api/autoResults, body in raw/api/manifest.json); record RPTG_INSR_ID=1 PLANKEY_ID=1148488902 field AUTO_SAMPLE_RATE_AMT",Alpine 79830 (Brewster County),AUTO CLUB COUNTY MUTUAL INSURANCE COMPANY,tx-base,759
tx-2025,TX,2025,https://www.helpinsure.com/auto.html,"raw/api/autoResults_79830_base.json (POST https://www.helpinsure.com/api/autoResults, body in raw/api/manifest.json); record RPTG_INSR_ID=16 PLANKEY_ID=1151469270 field AUTO_SAMPLE_RATE_AMT",Alpine 79830 (Brewster County),CONSUMERS COUNTY MUTUAL INSURANCE COMPANY / MGA: Travelers Quantum Auto 2.0 Program,tx-base,783
tx-2025,TX,2025,https://www.helpinsure.com/auto.html,"raw/api/autoResults_79830_base.json (POST https://www.helpinsure.com/api/autoResults, body in raw/api/manifest.json); record RPTG_INSR_ID=124 PLANKEY_ID=1165436046 field AUTO_SAMPLE_RATE_AMT",Alpine 79830 (Brewster County),CONSUMERS COUNTY MUTUAL INSURANCE COMPANY,tx-base,783
tx-2025,TX,2025,https://www.helpinsure.com/auto.html,"raw/api/autoResults_79830_base.json (POST https://www.helpinsure.com/api/autoResults, body in raw/api/manifest.json); record RPTG_INSR_ID=238 PLANKEY_ID=1164486510 field AUTO_SAMPLE_RATE_AMT",Alpine 79830 (Brewster County),MID-CENTURY INSURANCE COMPANY OF TEXAS,tx-base,834
tx-2025,TX,2025,https://www.helpinsure.com/auto.html,"raw/api/autoResults_79830_base.json (POST https://www.helpinsure.com/api/autoResults, body in raw/api/manifest.json); record RPTG_INSR_ID=175 PLANKEY_ID=1164079566 field AUTO_SAMPLE_RATE_AMT",Alpine 79830 (Brewster County),FARMERS PROPERTY AND CASUALTY INSURANCE COMPANY,tx-base,847
tx-2025,TX,2025,https://www.helpinsure.com/auto.html,"raw/api/autoResults_79830_base.json (POST https://www.helpinsure.com/api/autoResults, body in raw/api/manifest.json); record RPTG_INSR_ID=138 PLANKEY_ID=1153503342 field AUTO_SAMPLE_RATE_AMT",Alpine 79830 (Brewster County),INFINITY COUNTY MUTUAL INSURANCE COMPANY,tx-base,881
tx-2025,TX,2025,https://www.helpinsure.com/auto.html,"raw/api/autoResults_79830_base.json (POST https://www.helpinsure.com/api/autoResults, body in raw/api/manifest.json); record RPTG_INSR_ID=209 PLANKEY_ID=1159063398 field AUTO_SAMPLE_RATE_AMT",Alpine 79830 (Brewster County),AMERICAN FAMILY CONNECT PROPERTY AND CASUALTY INSURANCE COMPANY,tx-base,1096
tx-2025,TX,2025,https://www.helpinsure.com/auto.html,"raw/api/autoResults_79830_base.json (POST https://www.helpinsure.com/api/autoResults, body in raw/api/manifest.json); record RPTG_INSR_ID=215 PLANKEY_ID=1149575778 field AUTO_SAMPLE_RATE_AMT",Alpine 79830 (Brewster County),"MGA INSURANCE COMPANY, INC.",tx-base,1103
tx-2025,TX,2025,https://www.helpinsure.com/auto.html,"raw/api/autoResults_79830_base.json (POST https://www.helpinsure.com/api/autoResults, body in raw/api/manifest.json); record RPTG_INSR_ID=123 PLANKEY_ID=1159470342 field AUTO_SAMPLE_RATE_AMT",Alpine 79830 (Brewster County),AMICA MUTUAL INSURANCE COMPANY,tx-base,1139
tx-2025,TX,2025,https://www.helpinsure.com/auto.html,"raw/api/autoResults_79830_base.json (POST https://www.helpinsure.com/api/autoResults, body in raw/api/manifest.json); record RPTG_INSR_ID=205 PLANKEY_ID=1148895198 field AUTO_SAMPLE_RATE_AMT",Alpine 79830 (Brewster County),DAIRYLAND COUNTY MUTUAL INSURANCE COMPANY OF TEXAS,tx-base,1236
tx-2025,TX,2025,https://www.helpinsure.com/auto.html,"raw/api/autoResults_79830_base.json (POST https://www.helpinsure.com/api/autoResults, body in raw/api/manifest.json); record RPTG_INSR_ID=161 PLANKEY_ID=1148081958 field AUTO_SAMPLE_RATE_AMT",Alpine 79830 (Brewster County),AMICA PROPERTY AND CASUALTY INSURANCE COMPANY,tx-base,1250
tx-2025,TX,2025,https://www.helpinsure.com/auto.html,"raw/api/autoResults_79830_base.json (POST https://www.helpinsure.com/api/autoResults, body in raw/api/manifest.json); record RPTG_INSR_ID=173 PLANKEY_ID=1151876214 field AUTO_SAMPLE_RATE_AMT",Alpine 79830 (Brewster County),ECONOMY FIRE & CASUALTY COMPANY,tx-base,1471
tx-2025,TX,2025,https://www.helpinsure.com/auto.html,"raw/api/autoResults_79830_base.json (POST https://www.helpinsure.com/api/autoResults, body in raw/api/manifest.json); record RPTG_INSR_ID=155 PLANKEY_ID=1162861326 field AUTO_SAMPLE_RATE_AMT",Alpine 79830 (Brewster County),LIBERTY COUNTY MUTUAL INSURANCE COMPANY / MGA: Safeco General Agency (Safeco),tx-base,1472
tx-2025,TX,2025,https://www.helpinsure.com/auto.html,"raw/api/autoResults_79830_base.json (POST https://www.helpinsure.com/api/autoResults, body in raw/api/manifest.json); record RPTG_INSR_ID=142 PLANKEY_ID=1151261262 field AUTO_SAMPLE_RATE_AMT",Alpine 79830 (Brewster County),"COLONIAL COUNTY MUTUAL INSURANCE COMPANY / MGA: Titan Insurance Services, Inc.",tx-base,1474
tx-2025,TX,2025,https://www.helpinsure.com/auto.html,"raw/api/autoResults_79830_base.json (POST https://www.helpinsure.com/api/autoResults, body in raw/api/manifest.json); record RPTG_INSR_ID=45 PLANKEY_ID=1159877286 field AUTO_SAMPLE_RATE_AMT",Alpine 79830 (Brewster County),"SENTINEL INSURANCE COMPANY, LTD.",tx-base,1502
tx-2025,TX,2025,https://www.helpinsure.com/auto.html,"raw/api/autoResults_79830_base.json (POST https://www.helpinsure.com/api/autoResults, body in raw/api/manifest.json); record RPTG_INSR_ID=33 PLANKEY_ID=1158249510 field AUTO_SAMPLE_RATE_AMT",Alpine 79830 (Brewster County),FARMERS LLOYDS INSURANCE COMPANY OF TEXAS,tx-base,1980
tx-2025,TX,2025,https://www.helpinsure.com/auto.html,"raw/api/autoResults_79830_base.json (POST https://www.helpinsure.com/api/autoResults, body in raw/api/manifest.json); record RPTG_INSR_ID=219 PLANKEY_ID=1153777626 field AUTO_SAMPLE_RATE_AMT",Alpine 79830 (Brewster County),AMERICAN ACCESS CASUALTY COMPANY,tx-base,2212
tx-2025,TX,2025,https://www.helpinsure.com/auto.html,"raw/api/autoResults_79830_base.json (POST https://www.helpinsure.com/api/autoResults, body in raw/api/manifest.json); record RPTG_INSR_ID=212 PLANKEY_ID=1158656454 field AUTO_SAMPLE_RATE_AMT",Alpine 79830 (Brewster County),ENCOMPASS INDEPENDENT INSURANCE COMPANY,tx-base,2864
tx-2025,TX,2025,https://www.helpinsure.com/auto.html,"raw/api/autoResults_79830_creditGood.json (POST https://www.helpinsure.com/api/autoResults, body in raw/api/manifest.json); record RPTG_INSR_ID=283 PLANKEY_ID=1161505065 field AUTO_SAMPLE_RATE_AMT",Alpine 79830 (Brewster County),GEICO TEXAS COUNTY MUTUAL INSURANCE COMPANY / MGA: Voyager Corporation,tx-creditGood,236
tx-2025,TX,2025,https://www.helpinsure.com/auto.html,"raw/api/autoResults_79830_creditGood.json (POST https://www.helpinsure.com/api/autoResults, body in raw/api/manifest.json); record RPTG_INSR_ID=282 PLANKEY_ID=1160284233 field AUTO_SAMPLE_RATE_AMT",Alpine 79830 (Brewster County),GEICO TEXAS COUNTY MUTUAL INSURANCE COMPANY / MGA: Horizon Corporation,tx-creditGood,239
tx-2025,TX,2025,https://www.helpinsure.com/auto.html,"raw/api/autoResults_79830_creditGood.json (POST https://www.helpinsure.com/api/autoResults, body in raw/api/manifest.json); record RPTG_INSR_ID=21 PLANKEY_ID=1152283161 field AUTO_SAMPLE_RATE_AMT",Alpine 79830 (Brewster County),FARMERS TEXAS COUNTY MUTUAL INSURANCE COMPANY,tx-creditGood,246
tx-2025,TX,2025,https://www.helpinsure.com/auto.html,"raw/api/autoResults_79830_creditGood.json (POST https://www.helpinsure.com/api/autoResults, body in raw/api/manifest.json); record RPTG_INSR_ID=281 PLANKEY_ID=1161098121 field AUTO_SAMPLE_RATE_AMT",Alpine 79830 (Brewster County),GEICO TEXAS COUNTY MUTUAL INSURANCE COMPANY / MGA: Perspective Corporation,tx-creditGood,255
tx-2025,TX,2025,https://www.helpinsure.com/auto.html,"raw/api/autoResults_79830_creditGood.json (POST https://www.helpinsure.com/api/autoResults, body in raw/api/manifest.json); record RPTG_INSR_ID=41 PLANKEY_ID=1163267625 field AUTO_SAMPLE_RATE_AMT",Alpine 79830 (Brewster County),PROGRESSIVE COUNTY MUTUAL INSURANCE COMPANY,tx-creditGood,277
tx-2025,TX,2025,https://www.helpinsure.com/auto.html,"raw/api/autoResults_79830_creditGood.json (POST https://www.helpinsure.com/api/autoResults, body in raw/api/manifest.json); record RPTG_INSR_ID=56 PLANKEY_ID=1157028681 field AUTO_SAMPLE_RATE_AMT",Alpine 79830 (Brewster County),UNITED SERVICES AUTOMOBILE ASSOCIATION,tx-creditGood,379
tx-2025,TX,2025,https://www.helpinsure.com/auto.html,"raw/api/autoResults_79830_creditGood.json (POST https://www.helpinsure.com/api/autoResults, body in raw/api/manifest.json); record RPTG_INSR_ID=6 PLANKEY_ID=1165029105 field AUTO_SAMPLE_RATE_AMT",Alpine 79830 (Brewster County),ALLSTATE FIRE AND CASUALTY INSURANCE COMPANY,tx-creditGood,386
tx-2025,TX,2025,https://www.helpinsure.com/auto.html,"raw/api/autoResults_79830_creditGood.json (POST https://www.helpinsure.com/api/autoResults, body in raw/api/manifest.json); record RPTG_INSR_ID=50 PLANKEY_ID=1149843441 field AUTO_SAMPLE_RATE_AMT",Alpine 79830 (Brewster County),STATE FARM MUTUAL AUTOMOBILE INSURANCE COMPANY,tx-creditGood,386
tx-2025,TX,2025,https://www.helpinsure.com/auto.html,"raw/api/autoResults_79830_creditGood.json (POST https://www.helpinsure.com/api/autoResults, body in raw/api/manifest.json); record RPTG_INSR_ID=119 PLANKEY_ID=1157435625 field AUTO_SAMPLE_RATE_AMT",Alpine 79830 (Brewster County),USAA CASUALTY INSURANCE COMPANY,tx-creditGood,398
tx-2025,TX,2025,https://www.helpinsure.com/auto.html,"raw/api/autoResults_79830_creditGood.json (POST https://www.helpinsure.com/api/autoResults, body in raw/api/manifest.json); record RPTG_INSR_ID=118 PLANKEY_ID=1157842569 field AUTO_SAMPLE_RATE_AMT",Alpine 79830 (Brewster County),USAA GENERAL INDEMNITY COMPANY,tx-creditGood,416
tx-2025,TX,2025,https://www.helpinsure.com/auto.html,"raw/api/autoResults_79830_creditGood.json (POST https://www.helpinsure.com/api/autoResults, body in raw/api/manifest.json); record RPTG_INSR_ID=112 PLANKEY_ID=1156216089 field AUTO_SAMPLE_RATE_AMT",Alpine 79830 (Brewster County),GARRISON PROPERTY AND CASUALTY INSURANCE COMPANY,tx-creditGood,449
tx-2025,TX,2025,https://www.helpinsure.com/auto.html,"raw/api/autoResults_79830_creditGood.json (POST https://www.helpinsure.com/api/autoResults, body in raw/api/manifest.json); record RPTG_INSR_ID=140 PLANKEY_ID=1152690105 field AUTO_SAMPLE_RATE_AMT",Alpine 79830 (Brewster County),FOREMOST COUNTY MUTUAL INSURANCE COMPANY,tx-creditGood,450
tx-2025,TX,2025,https://www.helpinsure.com/auto.html,"raw/api/autoResults_79830_creditGood.json (POST https://www.helpinsure.com/api/autoResults, body in raw/api/manifest.json); record RPTG_INSR_ID=102 PLANKEY_ID=1163673273 field AUTO_SAMPLE_RATE_AMT",Alpine 79830 (Brewster County),PROGRESSIVE COUNTY MUTUAL INSURANCE COMPANY / MGA: PROGRESSIVE COUNTY MUTUAL - DIRECT RATES,tx-creditGood,461
tx-2025,TX,2025,https://www.helpinsure.com/auto.html,"raw/api/autoResults_79830_creditGood.json (POST https://www.helpinsure.com/api/autoResults, body in raw/api/manifest.json); record RPTG_INSR_ID=246 PLANKEY_ID=1162454385 field AUTO_SAMPLE_RATE_AMT",Alpine 79830 (Brewster County),GEICO TEXAS COUNTY MUTUAL INSURANCE COMPANY / MGA: Endeavor Corporation,tx-creditGood,474
tx-2025,TX,2025,https://www.helpinsure.com/auto.html,"raw/api/autoResults_79830_creditGood.json (POST https://www.helpinsure.com/api/autoResults, body in raw/api/manifest.json); record RPTG_INSR_ID=32 PLANKEY_ID=1150655385 field AUTO_SAMPLE_RATE_AMT",Alpine 79830 (Brewster County),MERCURY COUNTY MUTUAL INSURANCE COMPANY,tx-creditGood,516
tx-2025,TX,2025,https://www.helpinsure.com/auto.html,"raw/api/autoResults_79830_creditGood.json (POST https://www.helpinsure.com/api/autoResults, body in raw/api/manifest.json); record RPTG_INSR_ID=48 PLANKEY_ID=1150249089 field AUTO_SAMPLE_RATE_AMT",Alpine 79830 (Brewster County),STATE FARM COUNTY MUTUAL INSURANCE COMPANY OF TEXAS,tx-creditGood,526
tx-2025,TX,2025,https://www.helpinsure.com/auto.html,"raw/api/autoResults_79830_creditGood.json (POST https://www.helpinsure.com/api/autoResults, body in raw/api/manifest.json); record RPTG_INSR_ID=16 PLANKEY_ID=1151469273 field AUTO_SAMPLE_RATE_AMT",Alpine 79830 (Brewster County),CONSUMERS COUNTY MUTUAL INSURANCE COMPANY / MGA: Travelers Quantum Auto 2.0 Program,tx-creditGood,546
tx-2025,TX,2025,https://www.helpinsure.com/auto.html,"raw/api/autoResults_79830_creditGood.json (POST https://www.helpinsure.com/api/autoResults, body in raw/api/manifest.json); record RPTG_INSR_ID=124 PLANKEY_ID=1165436049 field AUTO_SAMPLE_RATE_AMT",Alpine 79830 (Brewster County),CONSUMERS COUNTY MUTUAL INSURANCE COMPANY,tx-creditGood,546
tx-2025,TX,2025,https://www.helpinsure.com/auto.html,"raw/api/autoResults_79830_creditGood.json (POST https://www.helpinsure.com/api/autoResults, body in raw/api/manifest.json); record RPTG_INSR_ID=5 PLANKEY_ID=1153096401 field AUTO_SAMPLE_RATE_AMT",Alpine 79830 (Brewster County),ALLSTATE COUNTY MUTUAL INSURANCE COMPANY,tx-creditGood,583
tx-2025,TX,2025,https://www.helpinsure.com/auto.html,"raw/api/autoResults_79830_creditGood.json (POST https://www.helpinsure.com/api/autoResults, body in raw/api/manifest.json); record RPTG_INSR_ID=104 PLANKEY_ID=1164760797 field AUTO_SAMPLE_RATE_AMT",Alpine 79830 (Brewster County),TEXAS AUTOMOBILE INSURANCE PLAN ASSOCIATION,tx-creditGood,632
tx-2025,TX,2025,https://www.helpinsure.com/auto.html,"raw/api/autoResults_79830_creditGood.json (POST https://www.helpinsure.com/api/autoResults, body in raw/api/manifest.json); record RPTG_INSR_ID=1 PLANKEY_ID=1148488905 field AUTO_SAMPLE_RATE_AMT",Alpine 79830 (Brewster County),AUTO CLUB COUNTY MUTUAL INSURANCE COMPANY,tx-creditGood,668
tx-2025,TX,2025,https://www.helpinsure.com/auto.html,"raw/api/autoResults_79830_creditGood.json (POST https://www.helpinsure.com/api/autoResults, body in raw/api/manifest.json); record RPTG_INSR_ID=238 PLANKEY_ID=1164486513 field AUTO_SAMPLE_RATE_AMT",Alpine 79830 (Brewster County),MID-CENTURY INSURANCE COMPANY OF TEXAS,tx-creditGood,680
tx-2025,TX,2025,https://www.helpinsure.com/auto.html,"raw/api/autoResults_79830_creditGood.json (POST https://www.helpinsure.com/api/autoResults, body in raw/api/manifest.json); record RPTG_INSR_ID=175 PLANKEY_ID=1164079569 field AUTO_SAMPLE_RATE_AMT",Alpine 79830 (Brewster County),FARMERS PROPERTY AND CASUALTY INSURANCE COMPANY,tx-creditGood,713
tx-2025,TX,2025,https://www.helpinsure.com/auto.html,"raw/api/autoResults_79830_creditGood.json (POST https://www.helpinsure.com/api/autoResults, body in raw/api/manifest.json); record RPTG_INSR_ID=138 PLANKEY_ID=1153503345 field AUTO_SAMPLE_RATE_AMT",Alpine 79830 (Brewster County),INFINITY COUNTY MUTUAL INSURANCE COMPANY,tx-creditGood,810
tx-2025,TX,2025,https://www.helpinsure.com/auto.html,"raw/api/autoResults_79830_creditGood.json (POST https://www.helpinsure.com/api/autoResults, body in raw/api/manifest.json); record RPTG_INSR_ID=123 PLANKEY_ID=1159470345 field AUTO_SAMPLE_RATE_AMT",Alpine 79830 (Brewster County),AMICA MUTUAL INSURANCE COMPANY,tx-creditGood,812
tx-2025,TX,2025,https://www.helpinsure.com/auto.html,"raw/api/autoResults_79830_creditGood.json (POST https://www.helpinsure.com/api/autoResults, body in raw/api/manifest.json); record RPTG_INSR_ID=161 PLANKEY_ID=1148081961 field AUTO_SAMPLE_RATE_AMT",Alpine 79830 (Brewster County),AMICA PROPERTY AND CASUALTY INSURANCE COMPANY,tx-creditGood,840
tx-2025,TX,2025,https://www.helpinsure.com/auto.html,"raw/api/autoResults_79830_creditGood.json (POST https://www.helpinsure.com/api/autoResults, body in raw/api/manifest.json); record RPTG_INSR_ID=209 PLANKEY_ID=1159063401 field AUTO_SAMPLE_RATE_AMT",Alpine 79830 (Brewster County),AMERICAN FAMILY CONNECT PROPERTY AND CASUALTY INSURANCE COMPANY,tx-creditGood,978
tx-2025,TX,2025,https://www.helpinsure.com/auto.html,"raw/api/autoResults_79830_creditGood.json (POST https://www.helpinsure.com/api/autoResults, body in raw/api/manifest.json); record RPTG_INSR_ID=215 PLANKEY_ID=1149575781 field AUTO_SAMPLE_RATE_AMT",Alpine 79830 (Brewster County),"MGA INSURANCE COMPANY, INC.",tx-creditGood,985
tx-2025,TX,2025,https://www.helpinsure.com/auto.html,"raw/api/autoResults_79830_creditGood.json (POST https://www.helpinsure.com/api/autoResults, body in raw/api/manifest.json); record RPTG_INSR_ID=155 PLANKEY_ID=1162861329 field AUTO_SAMPLE_RATE_AMT",Alpine 79830 (Brewster County),LIBERTY COUNTY MUTUAL INSURANCE COMPANY / MGA: Safeco General Agency (Safeco),tx-creditGood,1077
tx-2025,TX,2025,https://www.helpinsure.com/auto.html,"raw/api/autoResults_79830_creditGood.json (POST https://www.helpinsure.com/api/autoResults, body in raw/api/manifest.json); record RPTG_INSR_ID=205 PLANKEY_ID=1148895201 field AUTO_SAMPLE_RATE_AMT",Alpine 79830 (Brewster County),DAIRYLAND COUNTY MUTUAL INSURANCE COMPANY OF TEXAS,tx-creditGood,1092
tx-2025,TX,2025,https://www.helpinsure.com/auto.html,"raw/api/autoResults_79830_creditGood.json (POST https://www.helpinsure.com/api/autoResults, body in raw/api/manifest.json); record RPTG_INSR_ID=173 PLANKEY_ID=1151876217 field AUTO_SAMPLE_RATE_AMT",Alpine 79830 (Brewster County),ECONOMY FIRE & CASUALTY COMPANY,tx-creditGood,1115
tx-2025,TX,2025,https://www.helpinsure.com/auto.html,"raw/api/autoResults_79830_creditGood.json (POST https://www.helpinsure.com/api/autoResults, body in raw/api/manifest.json); record RPTG_INSR_ID=45 PLANKEY_ID=1159877289 field AUTO_SAMPLE_RATE_AMT",Alpine 79830 (Brewster County),"SENTINEL INSURANCE COMPANY, LTD.",tx-creditGood,1124
tx-2025,TX,2025,https://www.helpinsure.com/auto.html,"raw/api/autoResults_79830_creditGood.json (POST https://www.helpinsure.com/api/autoResults, body in raw/api/manifest.json); record RPTG_INSR_ID=142 PLANKEY_ID=1151261265 field AUTO_SAMPLE_RATE_AMT",Alpine 79830 (Brewster County),"COLONIAL COUNTY MUTUAL INSURANCE COMPANY / MGA: Titan Insurance Services, Inc.",tx-creditGood,1220
tx-2025,TX,2025,https://www.helpinsure.com/auto.html,"raw/api/autoResults_79830_creditGood.json (POST https://www.helpinsure.com/api/autoResults, body in raw/api/manifest.json); record RPTG_INSR_ID=33 PLANKEY_ID=1158249513 field AUTO_SAMPLE_RATE_AMT",Alpine 79830 (Brewster County),FARMERS LLOYDS INSURANCE COMPANY OF TEXAS,tx-creditGood,1388
tx-2025,TX,2025,https://www.helpinsure.com/auto.html,"raw/api/autoResults_79830_creditGood.json (POST https://www.helpinsure.com/api/autoResults, body in raw/api/manifest.json); record RPTG_INSR_ID=219 PLANKEY_ID=1153777629 field AUTO_SAMPLE_RATE_AMT",Alpine 79830 (Brewster County),AMERICAN ACCESS CASUALTY COMPANY,tx-creditGood,2212
tx-2025,TX,2025,https://www.helpinsure.com/auto.html,"raw/api/autoResults_79830_creditGood.json (POST https://www.helpinsure.com/api/autoResults, body in raw/api/manifest.json); record RPTG_INSR_ID=212 PLANKEY_ID=1158656457 field AUTO_SAMPLE_RATE_AMT",Alpine 79830 (Brewster County),ENCOMPASS INDEPENDENT INSURANCE COMPANY,tx-creditGood,2864
tx-2025,TX,2025,https://www.helpinsure.com/auto.html,"raw/api/autoResults_79830_creditPoor.json (POST https://www.helpinsure.com/api/autoResults, body in raw/api/manifest.json); record RPTG_INSR_ID=21 PLANKEY_ID=1152283155 field AUTO_SAMPLE_RATE_AMT",Alpine 79830 (Brewster County),FARMERS TEXAS COUNTY MUTUAL INSURANCE COMPANY,tx-creditPoor,168
tx-2025,TX,2025,https://www.helpinsure.com/auto.html,"raw/api/autoResults_79830_creditPoor.json (POST https://www.helpinsure.com/api/autoResults, body in raw/api/manifest.json); record RPTG_INSR_ID=41 PLANKEY_ID=1163267619 field AUTO_SAMPLE_RATE_AMT",Alpine 79830 (Brewster County),PROGRESSIVE COUNTY MUTUAL INSURANCE COMPANY,tx-creditPoor,359
tx-2025,TX,2025,https://www.helpinsure.com/auto.html,"raw/api/autoResults_79830_creditPoor.json (POST https://www.helpinsure.com/api/autoResults, body in raw/api/manifest.json); record RPTG_INSR_ID=283 PLANKEY_ID=1161505059 field AUTO_SAMPLE_RATE_AMT",Alpine 79830 (Brewster County),GEICO TEXAS COUNTY MUTUAL INSURANCE COMPANY / MGA: Voyager Corporation,tx-creditPoor,364
tx-2025,TX,2025,https://www.helpinsure.com/auto.html,"raw/api/autoResults_79830_creditPoor.json (POST https://www.helpinsure.com/api/autoResults, body in raw/api/manifest.json); record RPTG_INSR_ID=282 PLANKEY_ID=1160284227 field AUTO_SAMPLE_RATE_AMT",Alpine 79830 (Brewster County),GEICO TEXAS COUNTY MUTUAL INSURANCE COMPANY / MGA: Horizon Corporation,tx-creditPoor,368
tx-2025,TX,2025,https://www.helpinsure.com/auto.html,"raw/api/autoResults_79830_creditPoor.json (POST https://www.helpinsure.com/api/autoResults, body in raw/api/manifest.json); record RPTG_INSR_ID=281 PLANKEY_ID=1161098115 field AUTO_SAMPLE_RATE_AMT",Alpine 79830 (Brewster County),GEICO TEXAS COUNTY MUTUAL INSURANCE COMPANY / MGA: Perspective Corporation,tx-creditPoor,379
tx-2025,TX,2025,https://www.helpinsure.com/auto.html,"raw/api/autoResults_79830_creditPoor.json (POST https://www.helpinsure.com/api/autoResults, body in raw/api/manifest.json); record RPTG_INSR_ID=102 PLANKEY_ID=1163673267 field AUTO_SAMPLE_RATE_AMT",Alpine 79830 (Brewster County),PROGRESSIVE COUNTY MUTUAL INSURANCE COMPANY / MGA: PROGRESSIVE COUNTY MUTUAL - DIRECT RATES,tx-creditPoor,528
tx-2025,TX,2025,https://www.helpinsure.com/auto.html,"raw/api/autoResults_79830_creditPoor.json (POST https://www.helpinsure.com/api/autoResults, body in raw/api/manifest.json); record RPTG_INSR_ID=118 PLANKEY_ID=1157842563 field AUTO_SAMPLE_RATE_AMT",Alpine 79830 (Brewster County),USAA GENERAL INDEMNITY COMPANY,tx-creditPoor,547
tx-2025,TX,2025,https://www.helpinsure.com/auto.html,"raw/api/autoResults_79830_creditPoor.json (POST https://www.helpinsure.com/api/autoResults, body in raw/api/manifest.json); record RPTG_INSR_ID=56 PLANKEY_ID=1157028675 field AUTO_SAMPLE_RATE_AMT",Alpine 79830 (Brewster County),UNITED SERVICES AUTOMOBILE ASSOCIATION,tx-creditPoor,560
tx-2025,TX,2025,https://www.helpinsure.com/auto.html,"raw/api/autoResults_79830_creditPoor.json (POST https://www.helpinsure.com/api/autoResults, body in raw/api/manifest.json); record RPTG_INSR_ID=140 PLANKEY_ID=1152690099 field AUTO_SAMPLE_RATE_AMT",Alpine 79830 (Brewster County),FOREMOST COUNTY MUTUAL INSURANCE COMPANY,tx-creditPoor,564
tx-2025,TX,2025,https://www.helpinsure.com/auto.html,"raw/api/autoResults_79830_creditPoor.json (POST https://www.helpinsure.com/api/autoResults, body in raw/api/manifest.json); record RPTG_INSR_ID=6 PLANKEY_ID=1165029099 field AUTO_SAMPLE_RATE_AMT",Alpine 79830 (Brewster County),ALLSTATE FIRE AND CASUALTY INSURANCE COMPANY,tx-creditPoor,581
tx-2025,TX,2025,https://www.helpinsure.com/auto.html,"raw/api/autoResults_79830_creditPoor.json (POST https://www.helpinsure.com/api/autoResults, body in raw/api/manifest.json); record RPTG_INSR_ID=50 PLANKEY_ID=1149843435 field AUTO_SAMPLE_RATE_AMT",Alpine 79830 (Brewster County),STATE FARM MUTUAL AUTOMOBILE INSURANCE COMPANY,tx-creditPoor,603
tx-2025,TX,2025,https://www.helpinsure.com/auto.html,"raw/api/autoResults_79830_creditPoor.json (POST https://www.helpinsure.com/api/autoResults, body in raw/api/manifest.json); record RPTG_INSR_ID=119 PLANKEY_ID=1157435619 field AUTO_SAMPLE_RATE_AMT",Alpine 79830 (Brewster County),USAA CASUALTY INSURANCE COMPANY,tx-creditPoor,613
tx-2025,TX,2025,https://www.helpinsure.com/auto.html,"raw/api/autoResults_79830_creditPoor.json (POST https://www.helpinsure.com/api/autoResults, body in raw/api/manifest.json); record RPTG_INSR_ID=104 PLANKEY_ID=1164760791 field AUTO_SAMPLE_RATE_AMT",Alpine 79830 (Brewster County),TEXAS AUTOMOBILE INSURANCE PLAN ASSOCIATION,tx-creditPoor,632
tx-2025,TX,2025,https://www.helpinsure.com/auto.html,"raw/api/autoResults_79830_creditPoor.json (POST https://www.helpinsure.com/api/autoResults, body in raw/api/manifest.json); record RPTG_INSR_ID=5 PLANKEY_ID=1153096395 field AUTO_SAMPLE_RATE_AMT",Alpine 79830 (Brewster County),ALLSTATE COUNTY MUTUAL INSURANCE COMPANY,tx-creditPoor,637
tx-2025,TX,2025,https://www.helpinsure.com/auto.html,"raw/api/autoResults_79830_creditPoor.json (POST https://www.helpinsure.com/api/autoResults, body in raw/api/manifest.json); record RPTG_INSR_ID=246 PLANKEY_ID=1162454379 field AUTO_SAMPLE_RATE_AMT",Alpine 79830 (Brewster County),GEICO TEXAS COUNTY MUTUAL INSURANCE COMPANY / MGA: Endeavor Corporation,tx-creditPoor,651
tx-2025,TX,2025,https://www.helpinsure.com/auto.html,"raw/api/autoResults_79830_creditPoor.json (POST https://www.helpinsure.com/api/autoResults, body in raw/api/manifest.json); record RPTG_INSR_ID=112 PLANKEY_ID=1156216083 field AUTO_SAMPLE_RATE_AMT",Alpine 79830 (Brewster County),GARRISON PROPERTY AND CASUALTY INSURANCE COMPANY,tx-creditPoor,683
tx-2025,TX,2025,https://www.helpinsure.com/auto.html,"raw/api/autoResults_79830_creditPoor.json (POST https://www.helpinsure.com/api/autoResults, body in raw/api/manifest.json); record RPTG_INSR_ID=32 PLANKEY_ID=1150655379 field AUTO_SAMPLE_RATE_AMT",Alpine 79830 (Brewster County),MERCURY COUNTY MUTUAL INSURANCE COMPANY,tx-creditPoor,717
tx-2025,TX,2025,https://www.helpinsure.com/auto.html,"raw/api/autoResults_79830_creditPoor.json (POST https://www.helpinsure.com/api/autoResults, body in raw/api/manifest.json); record RPTG_INSR_ID=48 PLANKEY_ID=1150249083 field AUTO_SAMPLE_RATE_AMT",Alpine 79830 (Brewster County),STATE FARM COUNTY MUTUAL INSURANCE COMPANY OF TEXAS,tx-creditPoor,809
tx-2025,TX,2025,https://www.helpinsure.com/auto.html,"raw/api/autoResults_79830_creditPoor.json (POST https://www.helpinsure.com/api/autoResults, body in raw/api/manifest.json); record RPTG_INSR_ID=1 PLANKEY_ID=1148488899 field AUTO_SAMPLE_RATE_AMT",Alpine 79830 (Brewster County),AUTO CLUB COUNTY MUTUAL INSURANCE COMPANY,tx-creditPoor,897
tx-2025,TX,2025,https://www.helpinsure.com/auto.html,"raw/api/autoResults_79830_creditPoor.json (POST https://www.helpinsure.com/api/autoResults, body in raw/api/manifest.json); record RPTG_INSR_ID=16 PLANKEY_ID=1151469267 field AUTO_SAMPLE_RATE_AMT",Alpine 79830 (Brewster County),CONSUMERS COUNTY MUTUAL INSURANCE COMPANY / MGA: Travelers Quantum Auto 2.0 Program,tx-creditPoor,923
tx-2025,TX,2025,https://www.helpinsure.com/auto.html,"raw/api/autoResults_79830_creditPoor.json (POST https://www.helpinsure.com/api/autoResults, body in raw/api/manifest.json); record RPTG_INSR_ID=124 PLANKEY_ID=1165436043 field AUTO_SAMPLE_RATE_AMT",Alpine 79830 (Brewster County),CONSUMERS COUNTY MUTUAL INSURANCE COMPANY,tx-creditPoor,923
tx-2025,TX,2025,https://www.helpinsure.com/auto.html,"raw/api/autoResults_79830_creditPoor.json (POST https://www.helpinsure.com/api/autoResults, body in raw/api/manifest.json); record RPTG_INSR_ID=238 PLANKEY_ID=1164486507 field AUTO_SAMPLE_RATE_AMT",Alpine 79830 (Brewster County),MID-CENTURY INSURANCE COMPANY OF TEXAS,tx-creditPoor,975
tx-2025,TX,2025,https://www.helpinsure.com/auto.html,"raw/api/autoResults_79830_creditPoor.json (POST https://www.helpinsure.com/api/autoResults, body in raw/api/manifest.json); record RPTG_INSR_ID=138 PLANKEY_ID=1153503339 field AUTO_SAMPLE_RATE_AMT",Alpine 79830 (Brewster County),INFINITY COUNTY MUTUAL INSURANCE COMPANY,tx-creditPoor,1050
tx-2025,TX,2025,https://www.helpinsure.com/auto.html,"raw/api/autoResults_79830_creditPoor.json (POST https://www.helpinsure.com/api/autoResults, body in raw/api/manifest.json); record RPTG_INSR_ID=215 PLANKEY_ID=1149575775 field AUTO_SAMPLE_RATE_AMT",Alpine 79830 (Brewster County),"MGA INSURANCE COMPANY, INC.",tx-creditPoor,1219
tx-2025,TX,2025,https://www.helpinsure.com/auto.html,"raw/api/autoResults_79830_creditPoor.json (POST https://www.helpinsure.com/api/autoResults, body in raw/api/manifest.json); record RPTG_INSR_ID=209 PLANKEY_ID=1159063395 field AUTO_SAMPLE_RATE_AMT",Alpine 79830 (Brewster County),AMERICAN FAMILY CONNECT PROPERTY AND CASUALTY INSURANCE COMPANY,tx-creditPoor,1264
tx-2025,TX,2025,https://www.helpinsure.com/auto.html,"raw/api/autoResults_79830_creditPoor.json (POST https://www.helpinsure.com/api/autoResults, body in raw/api/manifest.json); record RPTG_INSR_ID=205 PLANKEY_ID=1148895195 field AUTO_SAMPLE_RATE_AMT",Alpine 79830 (Brewster County),DAIRYLAND COUNTY MUTUAL INSURANCE COMPANY OF TEXAS,tx-creditPoor,1339
tx-2025,TX,2025,https://www.helpinsure.com/auto.html,"raw/api/autoResults_79830_creditPoor.json (POST https://www.helpinsure.com/api/autoResults, body in raw/api/manifest.json); record RPTG_INSR_ID=175 PLANKEY_ID=1164079563 field AUTO_SAMPLE_RATE_AMT",Alpine 79830 (Brewster County),FARMERS PROPERTY AND CASUALTY INSURANCE COMPANY,tx-creditPoor,1423
tx-2025,TX,2025,https://www.helpinsure.com/auto.html,"raw/api/autoResults_79830_creditPoor.json (POST https://www.helpinsure.com/api/autoResults, body in raw/api/manifest.json); record RPTG_INSR_ID=142 PLANKEY_ID=1151261907 field AUTO_SAMPLE_RATE_AMT",Alpine 79830 (Brewster County),"COLONIAL COUNTY MUTUAL INSURANCE COMPANY / MGA: Titan Insurance Services, Inc.",tx-creditPoor,1703
tx-2025,TX,2025,https://www.helpinsure.com/auto.html,"raw/api/autoResults_79830_creditPoor.json (POST https://www.helpinsure.com/api/autoResults, body in raw/api/manifest.json); record RPTG_INSR_ID=155 PLANKEY_ID=1162861323 field AUTO_SAMPLE_RATE_AMT",Alpine 79830 (Brewster County),LIBERTY COUNTY MUTUAL INSURANCE COMPANY / MGA: Safeco General Agency (Safeco),tx-creditPoor,1896
tx-2025,TX,2025,https://www.helpinsure.com/auto.html,"raw/api/autoResults_79830_creditPoor.json (POST https://www.helpinsure.com/api/autoResults, body in raw/api/manifest.json); record RPTG_INSR_ID=123 PLANKEY_ID=1159470339 field AUTO_SAMPLE_RATE_AMT",Alpine 79830 (Brewster County),AMICA MUTUAL INSURANCE COMPANY,tx-creditPoor,2070
tx-2025,TX,2025,https://www.helpinsure.com/auto.html,"raw/api/autoResults_79830_creditPoor.json (POST https://www.helpinsure.com/api/autoResults, body in raw/api/manifest.json); record RPTG_INSR_ID=161 PLANKEY_ID=1148081955 field AUTO_SAMPLE_RATE_AMT",Alpine 79830 (Brewster County),AMICA PROPERTY AND CASUALTY INSURANCE COMPANY,tx-creditPoor,2147
tx-2025,TX,2025,https://www.helpinsure.com/auto.html,"raw/api/autoResults_79830_creditPoor.json (POST https://www.helpinsure.com/api/autoResults, body in raw/api/manifest.json); record RPTG_INSR_ID=173 PLANKEY_ID=1151876211 field AUTO_SAMPLE_RATE_AMT",Alpine 79830 (Brewster County),ECONOMY FIRE & CASUALTY COMPANY,tx-creditPoor,2172
tx-2025,TX,2025,https://www.helpinsure.com/auto.html,"raw/api/autoResults_79830_creditPoor.json (POST https://www.helpinsure.com/api/autoResults, body in raw/api/manifest.json); record RPTG_INSR_ID=219 PLANKEY_ID=1153777623 field AUTO_SAMPLE_RATE_AMT",Alpine 79830 (Brewster County),AMERICAN ACCESS CASUALTY COMPANY,tx-creditPoor,2212
tx-2025,TX,2025,https://www.helpinsure.com/auto.html,"raw/api/autoResults_79830_creditPoor.json (POST https://www.helpinsure.com/api/autoResults, body in raw/api/manifest.json); record RPTG_INSR_ID=212 PLANKEY_ID=1158656451 field AUTO_SAMPLE_RATE_AMT",Alpine 79830 (Brewster County),ENCOMPASS INDEPENDENT INSURANCE COMPANY,tx-creditPoor,2864
tx-2025,TX,2025,https://www.helpinsure.com/auto.html,"raw/api/autoResults_79830_creditPoor.json (POST https://www.helpinsure.com/api/autoResults, body in raw/api/manifest.json); record RPTG_INSR_ID=45 PLANKEY_ID=1159877283 field AUTO_SAMPLE_RATE_AMT",Alpine 79830 (Brewster County),"SENTINEL INSURANCE COMPANY, LTD.",tx-creditPoor,2966
tx-2025,TX,2025,https://www.helpinsure.com/auto.html,"raw/api/autoResults_79830_creditPoor.json (POST https://www.helpinsure.com/api/autoResults, body in raw/api/manifest.json); record RPTG_INSR_ID=33 PLANKEY_ID=1158249507 field AUTO_SAMPLE_RATE_AMT",Alpine 79830 (Brewster County),FARMERS LLOYDS INSURANCE COMPANY OF TEXAS,tx-creditPoor,3109
tx-2025,TX,2025,https://www.helpinsure.com/auto.html,"raw/api/autoResults_79830_female.json (POST https://www.helpinsure.com/api/autoResults, body in raw/api/manifest.json); record RPTG_INSR_ID=21 PLANKEY_ID=1152283320 field AUTO_SAMPLE_RATE_AMT",Alpine 79830 (Brewster County),FARMERS TEXAS COUNTY MUTUAL INSURANCE COMPANY,tx-female,210
tx-2025,TX,2025,https://www.helpinsure.com/auto.html,"raw/api/autoResults_79830_female.json (POST https://www.helpinsure.com/api/autoResults, body in raw/api/manifest.json); record RPTG_INSR_ID=283 PLANKEY_ID=1161505224 field AUTO_SAMPLE_RATE_AMT",Alpine 79830 (Brewster County),GEICO TEXAS COUNTY MUTUAL INSURANCE COMPANY / MGA: Voyager Corporation,tx-female,281
tx-2025,TX,2025,https://www.helpinsure.com/auto.html,"raw/api/autoResults_79830_female.json (POST https://www.helpinsure.com/api/autoResults, body in raw/api/manifest.json); record RPTG_INSR_ID=282 PLANKEY_ID=1160284392 field AUTO_SAMPLE_RATE_AMT",Alpine 79830 (Brewster County),GEICO TEXAS COUNTY MUTUAL INSURANCE COMPANY / MGA: Horizon Corporation,tx-female,286
tx-2025,TX,2025,https://www.helpinsure.com/auto.html,"raw/api/autoResults_79830_female.json (POST https://www.helpinsure.com/api/autoResults, body in raw/api/manifest.json); record RPTG_INSR_ID=281 PLANKEY_ID=1161098280 field AUTO_SAMPLE_RATE_AMT",Alpine 79830 (Brewster County),GEICO TEXAS COUNTY MUTUAL INSURANCE COMPANY / MGA: Perspective Corporation,tx-female,294
tx-2025,TX,2025,https://www.helpinsure.com/auto.html,"raw/api/autoResults_79830_female.json (POST https://www.helpinsure.com/api/autoResults, body in raw/api/manifest.json); record RPTG_INSR_ID=41 PLANKEY_ID=1163267784 field AUTO_SAMPLE_RATE_AMT",Alpine 79830 (Brewster County),PROGRESSIVE COUNTY MUTUAL INSURANCE COMPANY,tx-female,303
tx-2025,TX,2025,https://www.helpinsure.com/auto.html,"raw/api/autoResults_79830_female.json (POST https://www.helpinsure.com/api/autoResults, body in raw/api/manifest.json); record RPTG_INSR_ID=56 PLANKEY_ID=1157028840 field AUTO_SAMPLE_RATE_AMT",Alpine 79830 (Brewster County),UNITED SERVICES AUTOMOBILE ASSOCIATION,tx-female,440
tx-2025,TX,2025,https://www.helpinsure.com/auto.html,"raw/api/autoResults_79830_female.json (POST https://www.helpinsure.com/api/autoResults, body in raw/api/manifest.json); record RPTG_INSR_ID=50 PLANKEY_ID=1149843600 field AUTO_SAMPLE_RATE_AMT",Alpine 79830 (Brewster County),STATE FARM MUTUAL AUTOMOBILE INSURANCE COMPANY,tx-female,469
tx-2025,TX,2025,https://www.helpinsure.com/auto.html,"raw/api/autoResults_79830_female.json (POST https://www.helpinsure.com/api/autoResults, body in raw/api/manifest.json); record RPTG_INSR_ID=119 PLANKEY_ID=1157435784 field AUTO_SAMPLE_RATE_AMT",Alpine 79830 (Brewster County),USAA CASUALTY INSURANCE COMPANY,tx-female,470
tx-2025,TX,2025,https://www.helpinsure.com/auto.html,"raw/api/autoResults_79830_female.json (POST https://www.helpinsure.com/api/autoResults, body in raw/api/manifest.json); record RPTG_INSR_ID=102 PLANKEY_ID=1163673432 field AUTO_SAMPLE_RATE_AMT",Alpine 79830 (Brewster County),PROGRESSIVE COUNTY MUTUAL INSURANCE COMPANY / MGA: PROGRESSIVE COUNTY MUTUAL - DIRECT RATES,tx-female,481
tx-2025,TX,2025,https://www.helpinsure.com/auto.html,"raw/api/autoResults_79830_female.json (POST https://www.helpinsure.com/api/autoResults, body in raw/api/manifest.json); record RPTG_INSR_ID=6 PLANKEY_ID=1165029264 field AUTO_SAMPLE_RATE_AMT",Alpine 79830 (Brewster County),ALLSTATE FIRE AND CASUALTY INSURANCE COMPANY,tx-female,491
tx-2025,TX,2025,https://www.helpinsure.com/auto.html,"raw/api/autoResults_79830_female.json (POST https://www.helpinsure.com/api/autoResults, body in raw/api/manifest.json); record RPTG_INSR_ID=246 PLANKEY_ID=1162454544 field AUTO_SAMPLE_RATE_AMT",Alpine 79830 (Brewster County),GEICO TEXAS COUNTY MUTUAL INSURANCE COMPANY / MGA: Endeavor Corporation,tx-female,523
tx-2025,TX,2025,https://www.helpinsure.com/auto.html,"raw/api/autoResults_79830_female.json (POST https://www.helpinsure.com/api/autoResults, body in raw/api/manifest.json); record RPTG_INSR_ID=118 PLANKEY_ID=1157842728 field AUTO_SAMPLE_RATE_AMT",Alpine 79830 (Brewster County),USAA GENERAL INDEMNITY COMPANY,tx-female,534
tx-2025,TX,2025,https://www.helpinsure.com/auto.html,"raw/api/autoResults_79830_female.json (POST https://www.helpinsure.com/api/autoResults, body in raw/api/manifest.json); record RPTG_INSR_ID=112 PLANKEY_ID=1156216248 field AUTO_SAMPLE_RATE_AMT",Alpine 79830 (Brewster County),GARRISON PROPERTY AND CASUALTY INSURANCE COMPANY,tx-female,543
tx-2025,TX,2025,https://www.helpinsure.com/auto.html,"raw/api/autoResults_79830_female.json (POST https://www.helpinsure.com/api/autoResults, body in raw/api/manifest.json); record RPTG_INSR_ID=5 PLANKEY_ID=1153096560 field AUTO_SAMPLE_RATE_AMT",Alpine 79830 (Brewster County),ALLSTATE COUNTY MUTUAL INSURANCE COMPANY,tx-female,586
tx-2025,TX,2025,https://www.helpinsure.com/auto.html,"raw/api/autoResults_79830_female.json (POST https://www.helpinsure.com/api/autoResults, body in raw/api/manifest.json); record RPTG_INSR_ID=140 PLANKEY_ID=1152690264 field AUTO_SAMPLE_RATE_AMT",Alpine 79830 (Brewster County),FOREMOST COUNTY MUTUAL INSURANCE COMPANY,tx-female,603
tx-2025,TX,2025,https://www.helpinsure.com/auto.html,"raw/api/autoResults_79830_female.json (POST https://www.helpinsure.com/api/autoResults, body in raw/api/manifest.json); record RPTG_INSR_ID=104 PLANKEY_ID=1164760848 field AUTO_SAMPLE_RATE_AMT",Alpine 79830 (Brewster County),TEXAS AUTOMOBILE INSURANCE PLAN ASSOCIATION,tx-female,632
tx-2025,TX,2025,https://www.helpinsure.com/auto.html,"raw/api/autoResults_79830_female.json (POST https://www.helpinsure.com/api/autoResults, body in raw/api/manifest.json); record RPTG_INSR_ID=32 PLANKEY_ID=1150655544 field AUTO_SAMPLE_RATE_AMT",Alpine 79830 (Brewster County),MERCURY COUNTY MUTUAL INSURANCE COMPANY,tx-female,643
tx-2025,TX,2025,https://www.helpinsure.com/auto.html,"raw/api/autoResults_79830_female.json (POST https://www.helpinsure.com/api/autoResults, body in raw/api/manifest.json); record RPTG_INSR_ID=48 PLANKEY_ID=1150249248 field AUTO_SAMPLE_RATE_AMT",Alpine 79830 (Brewster County),STATE FARM COUNTY MUTUAL INSURANCE COMPANY OF TEXAS,tx-female,646
tx-2025,TX,2025,https://www.helpinsure.com/auto.html,"raw/api/autoResults_79830_female.json (POST https://www.helpinsure.com/api/autoResults, body in raw/api/manifest.json); record RPTG_INSR_ID=124 PLANKEY_ID=1165436208 field AUTO_SAMPLE_RATE_AMT",Alpine 79830 (Brewster County),CONSUMERS COUNTY MUTUAL INSURANCE COMPANY,tx-female,748
tx-2025,TX,2025,https://www.helpinsure.com/auto.html,"raw/api/autoResults_79830_female.json (POST https://www.helpinsure.com/api/autoResults, body in raw/api/manifest.json); record RPTG_INSR_ID=16 PLANKEY_ID=1151469432 field AUTO_SAMPLE_RATE_AMT",Alpine 79830 (Brewster County),CONSUMERS COUNTY MUTUAL INSURANCE COMPANY / MGA: Travelers Quantum Auto 2.0 Program,tx-female,748
tx-2025,TX,2025,https://www.helpinsure.com/auto.html,"raw/api/autoResults_79830_female.json (POST https://www.helpinsure.com/api/autoResults, body in raw/api/manifest.json); record RPTG_INSR_ID=1 PLANKEY_ID=1148489064 field AUTO_SAMPLE_RATE_AMT",Alpine 79830 (Brewster County),AUTO CLUB COUNTY MUTUAL INSURANCE COMPANY,tx-female,759
tx-2025,TX,2025,https://www.helpinsure.com/auto.html,"raw/api/autoResults_79830_female.json (POST https://www.helpinsure.com/api/autoResults, body in raw/api/manifest.json); record RPTG_INSR_ID=175 PLANKEY_ID=1164079728 field AUTO_SAMPLE_RATE_AMT",Alpine 79830 (Brewster County),FARMERS PROPERTY AND CASUALTY INSURANCE COMPANY,tx-female,781
tx-2025,TX,2025,https://www.helpinsure.com/auto.html,"raw/api/autoResults_79830_female.json (POST https://www.helpinsure.com/api/autoResults, body in raw/api/manifest.json); record RPTG_INSR_ID=238 PLANKEY_ID=1164486672 field AUTO_SAMPLE_RATE_AMT",Alpine 79830 (Brewster County),MID-CENTURY INSURANCE COMPANY OF TEXAS,tx-female,867
tx-2025,TX,2025,https://www.helpinsure.com/auto.html,"raw/api/autoResults_79830_female.json (POST https://www.helpinsure.com/api/autoResults, body in raw/api/manifest.json); record RPTG_INSR_ID=138 PLANKEY_ID=1153503504 field AUTO_SAMPLE_RATE_AMT",Alpine 79830 (Brewster County),INFINITY COUNTY MUTUAL INSURANCE COMPANY,tx-female,870
tx-2025,TX,2025,https://www.helpinsure.com/auto.html,"raw/api/autoResults_79830_female.json (POST https://www.helpinsure.com/api/autoResults, body in raw/api/manifest.json); record RPTG_INSR_ID=209 PLANKEY_ID=1159063560 field AUTO_SAMPLE_RATE_AMT",Alpine 79830 (Brewster County),AMERICAN FAMILY CONNECT PROPERTY AND CASUALTY INSURANCE COMPANY,tx-female,1118
tx-2025,TX,2025,https://www.helpinsure.com/auto.html,"raw/api/autoResults_79830_female.json (POST https://www.helpinsure.com/api/autoResults, body in raw/api/manifest.json); record RPTG_INSR_ID=123 PLANKEY_ID=1159470504 field AUTO_SAMPLE_RATE_AMT",Alpine 79830 (Brewster County),AMICA MUTUAL INSURANCE COMPANY,tx-female,1139
tx-2025,TX,2025,https://www.helpinsure.com/auto.html,"raw/api/autoResults_79830_female.json (POST https://www.helpinsure.com/api/autoResults, body in raw/api/manifest.json); record RPTG_INSR_ID=215 PLANKEY_ID=1149575832 field AUTO_SAMPLE_RATE_AMT",Alpine 79830 (Brewster County),"MGA INSURANCE COMPANY, INC.",tx-female,1165
tx-2025,TX,2025,https://www.helpinsure.com/auto.html,"raw/api/autoResults_79830_female.json (POST https://www.helpinsure.com/api/autoResults, body in raw/api/manifest.json); record RPTG_INSR_ID=205 PLANKEY_ID=1148895360 field AUTO_SAMPLE_RATE_AMT",Alpine 79830 (Brewster County),DAIRYLAND COUNTY MUTUAL INSURANCE COMPANY OF TEXAS,tx-female,1178
tx-2025,TX,2025,https://www.helpinsure.com/auto.html,"raw/api/autoResults_79830_female.json (POST https://www.helpinsure.com/api/autoResults, body in raw/api/manifest.json); record RPTG_INSR_ID=161 PLANKEY_ID=1148082120 field AUTO_SAMPLE_RATE_AMT",Alpine 79830 (Brewster County),AMICA PROPERTY AND CASUALTY INSURANCE COMPANY,tx-female,1250
tx-2025,TX,2025,https://www.helpinsure.com/auto.html,"raw/api/autoResults_79830_female.json (POST https://www.helpinsure.com/api/autoResults, body in raw/api/manifest.json); record RPTG_INSR_ID=173 PLANKEY_ID=1151876376 field AUTO_SAMPLE_RATE_AMT",Alpine 79830 (Brewster County),ECONOMY FIRE & CASUALTY COMPANY,tx-female,1396
tx-2025,TX,2025,https://www.helpinsure.com/auto.html,"raw/api/autoResults_79830_female.json (POST https://www.helpinsure.com/api/autoResults, body in raw/api/manifest.json); record RPTG_INSR_ID=142 PLANKEY_ID=1151261424 field AUTO_SAMPLE_RATE_AMT",Alpine 79830 (Brewster County),"COLONIAL COUNTY MUTUAL INSURANCE COMPANY / MGA: Titan Insurance Services, Inc.",tx-female,1444
tx-2025,TX,2025,https://www.helpinsure.com/auto.html,"raw/api/autoResults_79830_female.json (POST https://www.helpinsure.com/api/autoResults, body in raw/api/manifest.json); record RPTG_INSR_ID=155 PLANKEY_ID=1162861488 field AUTO_SAMPLE_RATE_AMT",Alpine 79830 (Brewster County),LIBERTY COUNTY MUTUAL INSURANCE COMPANY / MGA: Safeco General Agency (Safeco),tx-female,1459
tx-2025,TX,2025,https://www.helpinsure.com/auto.html,"raw/api/autoResults_79830_female.json (POST https://www.helpinsure.com/api/autoResults, body in raw/api/manifest.json); record RPTG_INSR_ID=45 PLANKEY_ID=1159877448 field AUTO_SAMPLE_RATE_AMT",Alpine 79830 (Brewster County),"SENTINEL INSURANCE COMPANY, LTD.",tx-female,1504
tx-2025,TX,2025,https://www.helpinsure.com/auto.html,"raw/api/autoResults_79830_female.json (POST https://www.helpinsure.com/api/autoResults, body in raw/api/manifest.json); record RPTG_INSR_ID=33 PLANKEY_ID=1158249672 field AUTO_SAMPLE_RATE_AMT",Alpine 79830 (Brewster County),FARMERS LLOYDS INSURANCE COMPANY OF TEXAS,tx-female,1511
tx-2025,TX,2025,https://www.helpinsure.com/auto.html,"raw/api/autoResults_79830_female.json (POST https://www.helpinsure.com/api/autoResults, body in raw/api/manifest.json); record RPTG_INSR_ID=219 PLANKEY_ID=1153777680 field AUTO_SAMPLE_RATE_AMT",Alpine 79830 (Brewster County),AMERICAN ACCESS CASUALTY COMPANY,tx-female,2375
tx-2025,TX,2025,https://www.helpinsure.com/auto.html,"raw/api/autoResults_79830_female.json (POST https://www.helpinsure.com/api/autoResults, body in raw/api/manifest.json); record RPTG_INSR_ID=212 PLANKEY_ID=1158656616 field AUTO_SAMPLE_RATE_AMT",Alpine 79830 (Brewster County),ENCOMPASS INDEPENDENT INSURANCE COMPANY,tx-female,2736
tx-2025,TX,2025,https://www.helpinsure.com/auto.html,"raw/api/autoResults_79830_limits100.json (POST https://www.helpinsure.com/api/autoResults, body in raw/api/manifest.json); record RPTG_INSR_ID=21 PLANKEY_ID=1152283194 field AUTO_SAMPLE_RATE_AMT",Alpine 79830 (Brewster County),FARMERS TEXAS COUNTY MUTUAL INSURANCE COMPANY,tx-limits100,260
tx-2025,TX,2025,https://www.helpinsure.com/auto.html,"raw/api/autoResults_79830_limits100.json (POST https://www.helpinsure.com/api/autoResults, body in raw/api/manifest.json); record RPTG_INSR_ID=41 PLANKEY_ID=1163267658 field AUTO_SAMPLE_RATE_AMT",Alpine 79830 (Brewster County),PROGRESSIVE COUNTY MUTUAL INSURANCE COMPANY,tx-limits100,325
tx-2025,TX,2025,https://www.helpinsure.com/auto.html,"raw/api/autoResults_79830_limits100.json (POST https://www.helpinsure.com/api/autoResults, body in raw/api/manifest.json); record RPTG_INSR_ID=283 PLANKEY_ID=1161505098 field AUTO_SAMPLE_RATE_AMT",Alpine 79830 (Brewster County),GEICO TEXAS COUNTY MUTUAL INSURANCE COMPANY / MGA: Voyager Corporation,tx-limits100,420
tx-2025,TX,2025,https://www.helpinsure.com/auto.html,"raw/api/autoResults_79830_limits100.json (POST https://www.helpinsure.com/api/autoResults, body in raw/api/manifest.json); record RPTG_INSR_ID=282 PLANKEY_ID=1160284266 field AUTO_SAMPLE_RATE_AMT",Alpine 79830 (Brewster County),GEICO TEXAS COUNTY MUTUAL INSURANCE COMPANY / MGA: Horizon Corporation,tx-limits100,430
tx-2025,TX,2025,https://www.helpinsure.com/auto.html,"raw/api/autoResults_79830_limits100.json (POST https://www.helpinsure.com/api/autoResults, body in raw/api/manifest.json); record RPTG_INSR_ID=281 PLANKEY_ID=1161098154 field AUTO_SAMPLE_RATE_AMT",Alpine 79830 (Brewster County),GEICO TEXAS COUNTY MUTUAL INSURANCE COMPANY / MGA: Perspective Corporation,tx-limits100,465
tx-2025,TX,2025,https://www.helpinsure.com/auto.html,"raw/api/autoResults_79830_limits100.json (POST https://www.helpinsure.com/api/autoResults, body in raw/api/manifest.json); record RPTG_INSR_ID=56 PLANKEY_ID=1157028714 field AUTO_SAMPLE_RATE_AMT",Alpine 79830 (Brewster County),UNITED SERVICES AUTOMOBILE ASSOCIATION,tx-limits100,486
tx-2025,TX,2025,https://www.helpinsure.com/auto.html,"raw/api/autoResults_79830_limits100.json (POST https://www.helpinsure.com/api/autoResults, body in raw/api/manifest.json); record RPTG_INSR_ID=119 PLANKEY_ID=1157435658 field AUTO_SAMPLE_RATE_AMT",Alpine 79830 (Brewster County),USAA CASUALTY INSURANCE COMPANY,tx-limits100,518
tx-2025,TX,2025,https://www.helpinsure.com/auto.html,"raw/api/autoResults_79830_limits100.json (POST https://www.helpinsure.com/api/autoResults, body in raw/api/manifest.json); record RPTG_INSR_ID=102 PLANKEY_ID=1163673306 field AUTO_SAMPLE_RATE_AMT",Alpine 79830 (Brewster County),PROGRESSIVE COUNTY MUTUAL INSURANCE COMPANY / MGA: PROGRESSIVE COUNTY MUTUAL - DIRECT RATES,tx-limits100,526
tx-2025,TX,2025,https://www.helpinsure.com/auto.html,"raw/api/autoResults_79830_limits100.json (POST https://www.helpinsure.com/api/autoResults, body in raw/api/manifest.json); record RPTG_INSR_ID=6 PLANKEY_ID=1165029138 field AUTO_SAMPLE_RATE_AMT",Alpine 79830 (Brewster County),ALLSTATE FIRE AND CASUALTY INSURANCE COMPANY,tx-limits100,546
tx-2025,TX,2025,https://www.helpinsure.com/auto.html,"raw/api/autoResults_79830_limits100.json (POST https://www.helpinsure.com/api/autoResults, body in raw/api/manifest.json); record RPTG_INSR_ID=32 PLANKEY_ID=1150655418 field AUTO_SAMPLE_RATE_AMT",Alpine 79830 (Brewster County),MERCURY COUNTY MUTUAL INSURANCE COMPANY,tx-limits100,577
tx-2025,TX,2025,https://www.helpinsure.com/auto.html,"raw/api/autoResults_79830_limits100.json (POST https://www.helpinsure.com/api/autoResults, body in raw/api/manifest.json); record RPTG_INSR_ID=50 PLANKEY_ID=1149843474 field AUTO_SAMPLE_RATE_AMT",Alpine 79830 (Brewster County),STATE FARM MUTUAL AUTOMOBILE INSURANCE COMPANY,tx-limits100,580
tx-2025,TX,2025,https://www.helpinsure.com/auto.html,"raw/api/autoResults_79830_limits100.json (POST https://www.helpinsure.com/api/autoResults, body in raw/api/manifest.json); record RPTG_INSR_ID=118 PLANKEY_ID=1157842602 field AUTO_SAMPLE_RATE_AMT",Alpine 79830 (Brewster County),USAA GENERAL INDEMNITY COMPANY,tx-limits100,588
tx-2025,TX,2025,https://www.helpinsure.com/auto.html,"raw/api/autoResults_79830_limits100.json (POST https://www.helpinsure.com/api/autoResults, body in raw/api/manifest.json); record RPTG_INSR_ID=112 PLANKEY_ID=1156216122 field AUTO_SAMPLE_RATE_AMT",Alpine 79830 (Brewster County),GARRISON PROPERTY AND CASUALTY INSURANCE COMPANY,tx-limits100,608
tx-2025,TX,2025,https://www.helpinsure.com/auto.html,"raw/api/autoResults_79830_limits100.json (POST https://www.helpinsure.com/api/autoResults, body in raw/api/manifest.json); record RPTG_INSR_ID=140 PLANKEY_ID=1152690138 field AUTO_SAMPLE_RATE_AMT",Alpine 79830 (Brewster County),FOREMOST COUNTY MUTUAL INSURANCE COMPANY,tx-limits100,614
tx-2025,TX,2025,https://www.helpinsure.com/auto.html,"raw/api/autoResults_79830_limits100.json (POST https://www.helpinsure.com/api/autoResults, body in raw/api/manifest.json); record RPTG_INSR_ID=246 PLANKEY_ID=1162454418 field AUTO_SAMPLE_RATE_AMT",Alpine 79830 (Brewster County),GEICO TEXAS COUNTY MUTUAL INSURANCE COMPANY / MGA: Endeavor Corporation,tx-limits100,625
tx-2025,TX,2025,https://www.helpinsure.com/auto.html,"raw/api/autoResults_79830_limits100.json (POST https://www.helpinsure.com/api/autoResults, body in raw/api/manifest.json); record RPTG_INSR_ID=5 PLANKEY_ID=1153096434 field AUTO_SAMPLE_RATE_AMT",Alpine 79830 (Brewster County),ALLSTATE COUNTY MUTUAL INSURANCE COMPANY,tx-limits100,706
tx-2025,TX,2025,https://www.helpinsure.com/auto.html,"raw/api/autoResults_79830_limits100.json (POST https://www.helpinsure.com/api/autoResults, body in raw/api/manifest.json); record RPTG_INSR_ID=48 PLANKEY_ID=1150249122 field AUTO_SAMPLE_RATE_AMT",Alpine 79830 (Brewster County),STATE FARM COUNTY MUTUAL INSURANCE COMPANY OF TEXAS,tx-limits100,777
tx-2025,TX,2025,https://www.helpinsure.com/auto.html,"raw/api/autoResults_79830_limits100.json (POST https://www.helpinsure.com/api/autoResults, body in raw/api/manifest.json); record RPTG_INSR_ID=123 PLANKEY_ID=1159470378 field AUTO_SAMPLE_RATE_AMT",Alpine 79830 (Brewster County),AMICA MUTUAL INSURANCE COMPANY,tx-limits100,831
tx-2025,TX,2025,https://www.helpinsure.com/auto.html,"raw/api/autoResults_79830_limits100.json (POST https://www.helpinsure.com/api/autoResults, body in raw/api/manifest.json); record RPTG_INSR_ID=124 PLANKEY_ID=1165436082 field AUTO_SAMPLE_RATE_AMT",Alpine 79830 (Brewster County),CONSUMERS COUNTY MUTUAL INSURANCE COMPANY,tx-limits100,847
tx-2025,TX,2025,https://www.helpinsure.com/auto.html,"raw/api/autoResults_79830_limits100.json (POST https://www.helpinsure.com/api/autoResults, body in raw/api/manifest.json); record RPTG_INSR_ID=16 PLANKEY_ID=1151469306 field AUTO_SAMPLE_RATE_AMT",Alpine 79830 (Brewster County),CONSUMERS COUNTY MUTUAL INSURANCE COMPANY / MGA: Travelers Quantum Auto 2.0 Program,tx-limits100,847
tx-2025,TX,2025,https://www.helpinsure.com/auto.html,"raw/api/autoResults_79830_limits100.json (POST https://www.helpinsure.com/api/autoResults, body in raw/api/manifest.json); record RPTG_INSR_ID=175 PLANKEY_ID=1164079602 field AUTO_SAMPLE_RATE_AMT",Alpine 79830 (Brewster County),FARMERS PROPERTY AND CASUALTY INSURANCE COMPANY,tx-limits100,891
tx-2025,TX,2025,https://www.helpinsure.com/auto.html,"raw/api/autoResults_79830_limits100.json (POST https://www.helpinsure.com/api/autoResults, body in raw/api/manifest.json); record RPTG_INSR_ID=161 PLANKEY_ID=1148081994 field AUTO_SAMPLE_RATE_AMT",Alpine 79830 (Brewster County),AMICA PROPERTY AND CASUALTY INSURANCE COMPANY,tx-limits100,909
tx-2025,TX,2025,https://www.helpinsure.com/auto.html,"raw/api/autoResults_79830_limits100.json (POST https://www.helpinsure.com/api/autoResults, body in raw/api/manifest.json); record RPTG_INSR_ID=1 PLANKEY_ID=1148488938 field AUTO_SAMPLE_RATE_AMT",Alpine 79830 (Brewster County),AUTO CLUB COUNTY MUTUAL INSURANCE COMPANY,tx-limits100,917
tx-2025,TX,2025,https://www.helpinsure.com/auto.html,"raw/api/autoResults_79830_limits100.json (POST https://www.helpinsure.com/api/autoResults, body in raw/api/manifest.json); record RPTG_INSR_ID=238 PLANKEY_ID=1164486546 field AUTO_SAMPLE_RATE_AMT",Alpine 79830 (Brewster County),MID-CENTURY INSURANCE COMPANY OF TEXAS,tx-limits100,1069
tx-2025,TX,2025,https://www.helpinsure.com/auto.html,"raw/api/autoResults_79830_limits100.json (POST https://www.helpinsure.com/api/autoResults, body in raw/api/manifest.json); record RPTG_INSR_ID=209 PLANKEY_ID=1159063434 field AUTO_SAMPLE_RATE_AMT",Alpine 79830 (Brewster County),AMERICAN FAMILY CONNECT PROPERTY AND CASUALTY INSURANCE COMPANY,tx-limits100,1316
tx-2025,TX,2025,https://www.helpinsure.com/auto.html,"raw/api/autoResults_79830_limits100.json (POST https://www.helpinsure.com/api/autoResults, body in raw/api/manifest.json); record RPTG_INSR_ID=173 PLANKEY_ID=1151876250 field AUTO_SAMPLE_RATE_AMT",Alpine 79830 (Brewster County),ECONOMY FIRE & CASUALTY COMPANY,tx-limits100,1607
tx-2025,TX,2025,https://www.helpinsure.com/auto.html,"raw/api/autoResults_79830_limits100.json (POST https://www.helpinsure.com/api/autoResults, body in raw/api/manifest.json); record RPTG_INSR_ID=155 PLANKEY_ID=1162861362 field AUTO_SAMPLE_RATE_AMT",Alpine 79830 (Brewster County),LIBERTY COUNTY MUTUAL INSURANCE COMPANY / MGA: Safeco General Agency (Safeco),tx-limits100,1667
tx-2025,TX,2025,https://www.helpinsure.com/auto.html,"raw/api/autoResults_79830_limits100.json (POST https://www.helpinsure.com/api/autoResults, body in raw/api/manifest.json); record RPTG_INSR_ID=142 PLANKEY_ID=1151261946 field AUTO_SAMPLE_RATE_AMT",Alpine 79830 (Brewster County),"COLONIAL COUNTY MUTUAL INSURANCE COMPANY / MGA: Titan Insurance Services, Inc.",tx-limits100,1687
tx-2025,TX,2025,https://www.helpinsure.com/auto.html,"raw/api/autoResults_79830_limits100.json (POST https://www.helpinsure.com/api/autoResults, body in raw/api/manifest.json); record RPTG_INSR_ID=138 PLANKEY_ID=1153503378 field AUTO_SAMPLE_RATE_AMT",Alpine 79830 (Brewster County),INFINITY COUNTY MUTUAL INSURANCE COMPANY,tx-limits100,1782
tx-2025,TX,2025,https://www.helpinsure.com/auto.html,"raw/api/autoResults_79830_limits100.json (POST https://www.helpinsure.com/api/autoResults, body in raw/api/manifest.json); record RPTG_INSR_ID=205 PLANKEY_ID=1148895234 field AUTO_SAMPLE_RATE_AMT",Alpine 79830 (Brewster County),DAIRYLAND COUNTY MUTUAL INSURANCE COMPANY OF TEXAS,tx-limits100,1843
tx-2025,TX,2025,https://www.helpinsure.com/auto.html,"raw/api/autoResults_79830_limits100.json (POST https://www.helpinsure.com/api/autoResults, body in raw/api/manifest.json); record RPTG_INSR_ID=45 PLANKEY_ID=1159877322 field AUTO_SAMPLE_RATE_AMT",Alpine 79830 (Brewster County),"SENTINEL INSURANCE COMPANY, LTD.",tx-limits100,1930
tx-2025,TX,2025,https://www.helpinsure.com/auto.html,"raw/api/autoResults_79830_limits100.json (POST https://www.helpinsure.com/api/autoResults, body in raw/api/manifest.json); record RPTG_INSR_ID=33 PLANKEY_ID=1158249546 field AUTO_SAMPLE_RATE_AMT",Alpine 79830 (Brewster County),FARMERS LLOYDS INSURANCE COMPANY OF TEXAS,tx-limits100,2273
tx-2025,TX,2025,https://www.helpinsure.com/auto.html,"raw/api/autoResults_79830_limits100.json (POST https://www.helpinsure.com/api/autoResults, body in raw/api/manifest.json); record RPTG_INSR_ID=212 PLANKEY_ID=1158656490 field AUTO_SAMPLE_RATE_AMT",Alpine 79830 (Brewster County),ENCOMPASS INDEPENDENT INSURANCE COMPANY,tx-limits100,3699
tx-2025,TX,2025,https://www.helpinsure.com/auto.html,"raw/api/autoResults_79830_limits50.json (POST https://www.helpinsure.com/api/autoResults, body in raw/api/manifest.json); record RPTG_INSR_ID=21 PLANKEY_ID=1152283176 field AUTO_SAMPLE_RATE_AMT",Alpine 79830 (Brewster County),FARMERS TEXAS COUNTY MUTUAL INSURANCE COMPANY,tx-limits50,254
tx-2025,TX,2025,https://www.helpinsure.com/auto.html,"raw/api/autoResults_79830_limits50.json (POST https://www.helpinsure.com/api/autoResults, body in raw/api/manifest.json); record RPTG_INSR_ID=41 PLANKEY_ID=1163267640 field AUTO_SAMPLE_RATE_AMT",Alpine 79830 (Brewster County),PROGRESSIVE COUNTY MUTUAL INSURANCE COMPANY,tx-limits50,307
tx-2025,TX,2025,https://www.helpinsure.com/auto.html,"raw/api/autoResults_79830_limits50.json (POST https://www.helpinsure.com/api/autoResults, body in raw/api/manifest.json); record RPTG_INSR_ID=283 PLANKEY_ID=1161505080 field AUTO_SAMPLE_RATE_AMT",Alpine 79830 (Brewster County),GEICO TEXAS COUNTY MUTUAL INSURANCE COMPANY / MGA: Voyager Corporation,tx-limits50,353
tx-2025,TX,2025,https://www.helpinsure.com/auto.html,"raw/api/autoResults_79830_limits50.json (POST https://www.helpinsure.com/api/autoResults, body in raw/api/manifest.json); record RPTG_INSR_ID=282 PLANKEY_ID=1160284248 field AUTO_SAMPLE_RATE_AMT",Alpine 79830 (Brewster County),GEICO TEXAS COUNTY MUTUAL INSURANCE COMPANY / MGA: Horizon Corporation,tx-limits50,361
tx-2025,TX,2025,https://www.helpinsure.com/auto.html,"raw/api/autoResults_79830_limits50.json (POST https://www.helpinsure.com/api/autoResults, body in raw/api/manifest.json); record RPTG_INSR_ID=281 PLANKEY_ID=1161098136 field AUTO_SAMPLE_RATE_AMT",Alpine 79830 (Brewster County),GEICO TEXAS COUNTY MUTUAL INSURANCE COMPANY / MGA: Perspective Corporation,tx-limits50,390
tx-2025,TX,2025,https://www.helpinsure.com/auto.html,"raw/api/autoResults_79830_limits50.json (POST https://www.helpinsure.com/api/autoResults, body in raw/api/manifest.json); record RPTG_INSR_ID=56 PLANKEY_ID=1157028696 field AUTO_SAMPLE_RATE_AMT",Alpine 79830 (Brewster County),UNITED SERVICES AUTOMOBILE ASSOCIATION,tx-limits50,449
tx-2025,TX,2025,https://www.helpinsure.com/auto.html,"raw/api/autoResults_79830_limits50.json (POST https://www.helpinsure.com/api/autoResults, body in raw/api/manifest.json); record RPTG_INSR_ID=119 PLANKEY_ID=1157435640 field AUTO_SAMPLE_RATE_AMT",Alpine 79830 (Brewster County),USAA CASUALTY INSURANCE COMPANY,tx-limits50,481
tx-2025,TX,2025,https://www.helpinsure.com/auto.html,"raw/api/autoResults_79830_limits50.json (POST https://www.helpinsure.com/api/autoResults, body in raw/api/manifest.json); record RPTG_INSR_ID=6 PLANKEY_ID=1165029120 field AUTO_SAMPLE_RATE_AMT",Alpine 79830 (Brewster County),ALLSTATE FIRE AND CASUALTY INSURANCE COMPANY,tx-limits50,486
tx-2025,TX,2025,https://www.helpinsure.com/auto.html,"raw/api/autoResults_79830_limits50.json (POST https://www.helpinsure.com/api/autoResults, body in raw/api/manifest.json); record RPTG_INSR_ID=102 PLANKEY_ID=1163673288 field AUTO_SAMPLE_RATE_AMT",Alpine 79830 (Brewster County),PROGRESSIVE COUNTY MUTUAL INSURANCE COMPANY / MGA: PROGRESSIVE COUNTY MUTUAL - DIRECT RATES,tx-limits50,506
tx-2025,TX,2025,https://www.helpinsure.com/auto.html,"raw/api/autoResults_79830_limits50.json (POST https://www.helpinsure.com/api/autoResults, body in raw/api/manifest.json); record RPTG_INSR_ID=50 PLANKEY_ID=1149843456 field AUTO_SAMPLE_RATE_AMT",Alpine 79830 (Brewster County),STATE FARM MUTUAL AUTOMOBILE INSURANCE COMPANY,tx-limits50,507
tx-2025,TX,2025,https://www.helpinsure.com/auto.html,"raw/api/autoResults_79830_limits50.json (POST https://www.helpinsure.com/api/autoResults, body in raw/api/manifest.json); record RPTG_INSR_ID=118 PLANKEY_ID=1157842584 field AUTO_SAMPLE_RATE_AMT",Alpine 79830 (Brewster County),USAA GENERAL INDEMNITY COMPANY,tx-limits50,547
tx-2025,TX,2025,https://www.helpinsure.com/auto.html,"raw/api/autoResults_79830_limits50.json (POST https://www.helpinsure.com/api/autoResults, body in raw/api/manifest.json); record RPTG_INSR_ID=112 PLANKEY_ID=1156216104 field AUTO_SAMPLE_RATE_AMT",Alpine 79830 (Brewster County),GARRISON PROPERTY AND CASUALTY INSURANCE COMPANY,tx-limits50,562
tx-2025,TX,2025,https://www.helpinsure.com/auto.html,"raw/api/autoResults_79830_limits50.json (POST https://www.helpinsure.com/api/autoResults, body in raw/api/manifest.json); record RPTG_INSR_ID=140 PLANKEY_ID=1152690120 field AUTO_SAMPLE_RATE_AMT",Alpine 79830 (Brewster County),FOREMOST COUNTY MUTUAL INSURANCE COMPANY,tx-limits50,567
tx-2025,TX,2025,https://www.helpinsure.com/auto.html,"raw/api/autoResults_79830_limits50.json (POST https://www.helpinsure.com/api/autoResults, body in raw/api/manifest.json); record RPTG_INSR_ID=246 PLANKEY_ID=1162454400 field AUTO_SAMPLE_RATE_AMT",Alpine 79830 (Brewster County),GEICO TEXAS COUNTY MUTUAL INSURANCE COMPANY / MGA: Endeavor Corporation,tx-limits50,575
tx-2025,TX,2025,https://www.helpinsure.com/auto.html,"raw/api/autoResults_79830_limits50.json (POST https://www.helpinsure.com/api/autoResults, body in raw/api/manifest.json); record RPTG_INSR_ID=32 PLANKEY_ID=1150655400 field AUTO_SAMPLE_RATE_AMT",Alpine 79830 (Brewster County),MERCURY COUNTY MUTUAL INSURANCE COMPANY,tx-limits50,604
tx-2025,TX,2025,https://www.helpinsure.com/auto.html,"raw/api/autoResults_79830_limits50.json (POST https://www.helpinsure.com/api/autoResults, body in raw/api/manifest.json); record RPTG_INSR_ID=5 PLANKEY_ID=1153096416 field AUTO_SAMPLE_RATE_AMT",Alpine 79830 (Brewster County),ALLSTATE COUNTY MUTUAL INSURANCE COMPANY,tx-limits50,634
tx-2025,TX,2025,https://www.helpinsure.com/auto.html,"raw/api/autoResults_79830_limits50.json (POST https://www.helpinsure.com/api/autoResults, body in raw/api/manifest.json); record RPTG_INSR_ID=48 PLANKEY_ID=1150249104 field AUTO_SAMPLE_RATE_AMT",Alpine 79830 (Brewster County),STATE FARM COUNTY MUTUAL INSURANCE COMPANY OF TEXAS,tx-limits50,691
tx-2025,TX,2025,https://www.helpinsure.com/auto.html,"raw/api/autoResults_79830_limits50.json (POST https://www.helpinsure.com/api/autoResults, body in raw/api/manifest.json); record RPTG_INSR_ID=16 PLANKEY_ID=1151469288 field AUTO_SAMPLE_RATE_AMT",Alpine 79830 (Brewster County),CONSUMERS COUNTY MUTUAL INSURANCE COMPANY / MGA: Travelers Quantum Auto 2.0 Program,tx-limits50,811
tx-2025,TX,2025,https://www.helpinsure.com/auto.html,"raw/api/autoResults_79830_limits50.json (POST https://www.helpinsure.com/api/autoResults, body in raw/api/manifest.json); record RPTG_INSR_ID=124 PLANKEY_ID=1165436064 field AUTO_SAMPLE_RATE_AMT",Alpine 79830 (Brewster County),CONSUMERS COUNTY MUTUAL INSURANCE COMPANY,tx-limits50,811
tx-2025,TX,2025,https://www.helpinsure.com/auto.html,"raw/api/autoResults_79830_limits50.json (POST https://www.helpinsure.com/api/autoResults, body in raw/api/manifest.json); record RPTG_INSR_ID=1 PLANKEY_ID=1148488920 field AUTO_SAMPLE_RATE_AMT",Alpine 79830 (Brewster County),AUTO CLUB COUNTY MUTUAL INSURANCE COMPANY,tx-limits50,821
tx-2025,TX,2025,https://www.helpinsure.com/auto.html,"raw/api/autoResults_79830_limits50.json (POST https://www.helpinsure.com/api/autoResults, body in raw/api/manifest.json); record RPTG_INSR_ID=175 PLANKEY_ID=1164079584 field AUTO_SAMPLE_RATE_AMT",Alpine 79830 (Brewster County),FARMERS PROPERTY AND CASUALTY INSURANCE COMPANY,tx-limits50,893
tx-2025,TX,2025,https://www.helpinsure.com/auto.html,"raw/api/autoResults_79830_limits50.json (POST https://www.helpinsure.com/api/autoResults, body in raw/api/manifest.json); record RPTG_INSR_ID=238 PLANKEY_ID=1164486528 field AUTO_SAMPLE_RATE_AMT",Alpine 79830 (Brewster County),MID-CENTURY INSURANCE COMPANY OF TEXAS,tx-limits50,929
tx-2025,TX,2025,https://www.helpinsure.com/auto.html,"raw/api/autoResults_79830_limits50.json (POST https://www.helpinsure.com/api/autoResults, body in raw/api/manifest.json); record RPTG_INSR_ID=138 PLANKEY_ID=1153503360 field AUTO_SAMPLE_RATE_AMT",Alpine 79830 (Brewster County),INFINITY COUNTY MUTUAL INSURANCE COMPANY,tx-limits50,1152
tx-2025,TX,2025,https://www.helpinsure.com/auto.html,"raw/api/autoResults_79830_limits50.json (POST https://www.helpinsure.com/api/autoResults, body in raw/api/manifest.json); record RPTG_INSR_ID=209 PLANKEY_ID=1159063416 field AUTO_SAMPLE_RATE_AMT",Alpine 79830 (Brewster County),AMERICAN FAMILY CONNECT PROPERTY AND CASUALTY INSURANCE COMPANY,tx-limits50,1180
tx-2025,TX,2025,https://www.helpinsure.com/auto.html,"raw/api/autoResults_79830_limits50.json (POST https://www.helpinsure.com/api/autoResults, body in raw/api/manifest.json); record RPTG_INSR_ID=123 PLANKEY_ID=1159470360 field AUTO_SAMPLE_RATE_AMT",Alpine 79830 (Brewster County),AMICA MUTUAL INSURANCE COMPANY,tx-limits50,1269
tx-2025,TX,2025,https://www.helpinsure.com/auto.html,"raw/api/autoResults_79830_limits50.json (POST https://www.helpinsure.com/api/autoResults, body in raw/api/manifest.json); record RPTG_INSR_ID=161 PLANKEY_ID=1148081976 field AUTO_SAMPLE_RATE_AMT",Alpine 79830 (Brewster County),AMICA PROPERTY AND CASUALTY INSURANCE COMPANY,tx-limits50,1393
tx-2025,TX,2025,https://www.helpinsure.com/auto.html,"raw/api/autoResults_79830_limits50.json (POST https://www.helpinsure.com/api/autoResults, body in raw/api/manifest.json); record RPTG_INSR_ID=205 PLANKEY_ID=1148895216 field AUTO_SAMPLE_RATE_AMT",Alpine 79830 (Brewster County),DAIRYLAND COUNTY MUTUAL INSURANCE COMPANY OF TEXAS,tx-limits50,1423
tx-2025,TX,2025,https://www.helpinsure.com/auto.html,"raw/api/autoResults_79830_limits50.json (POST https://www.helpinsure.com/api/autoResults, body in raw/api/manifest.json); record RPTG_INSR_ID=173 PLANKEY_ID=1151876232 field AUTO_SAMPLE_RATE_AMT",Alpine 79830 (Brewster County),ECONOMY FIRE & CASUALTY COMPANY,tx-limits50,1564
tx-2025,TX,2025,https://www.helpinsure.com/auto.html,"raw/api/autoResults_79830_limits50.json (POST https://www.helpinsure.com/api/autoResults, body in raw/api/manifest.json); record RPTG_INSR_ID=142 PLANKEY_ID=1151261928 field AUTO_SAMPLE_RATE_AMT",Alpine 79830 (Brewster County),"COLONIAL COUNTY MUTUAL INSURANCE COMPANY / MGA: Titan Insurance Services, Inc.",tx-limits50,1568
tx-2025,TX,2025,https://www.helpinsure.com/auto.html,"raw/api/autoResults_79830_limits50.json (POST https://www.helpinsure.com/api/autoResults, body in raw/api/manifest.json); record RPTG_INSR_ID=155 PLANKEY_ID=1162861344 field AUTO_SAMPLE_RATE_AMT",Alpine 79830 (Brewster County),LIBERTY COUNTY MUTUAL INSURANCE COMPANY / MGA: Safeco General Agency (Safeco),tx-limits50,1587
tx-2025,TX,2025,https://www.helpinsure.com/auto.html,"raw/api/autoResults_79830_limits50.json (POST https://www.helpinsure.com/api/autoResults, body in raw/api/manifest.json); record RPTG_INSR_ID=45 PLANKEY_ID=1159877304 field AUTO_SAMPLE_RATE_AMT",Alpine 79830 (Brewster County),"SENTINEL INSURANCE COMPANY, LTD.",tx-limits50,1696
tx-2025,TX,2025,https://www.helpinsure.com/auto.html,"raw/api/autoResults_79830_limits50.json (POST https://www.helpinsure.com/api/autoResults, body in raw/api/manifest.json); record RPTG_INSR_ID=33 PLANKEY_ID=1158249528 field AUTO_SAMPLE_RATE_AMT",Alpine 79830 (Brewster County),FARMERS LLOYDS INSURANCE COMPANY OF TEXAS,tx-limits50,2192
tx-2025,TX,2025,https://www.helpinsure.com/auto.html,"raw/api/autoResults_79830_limits50.json (POST https://www.helpinsure.com/api/autoResults, body in raw/api/manifest.json); record RPTG_INSR_ID=212 PLANKEY_ID=1158656472 field AUTO_SAMPLE_RATE_AMT",Alpine 79830 (Brewster County),ENCOMPASS INDEPENDENT INSURANCE COMPANY,tx-limits50,3208
tx-2025,TX,2025,https://www.helpinsure.com/auto.html,"raw/api/autoResults_79830_married.json (POST https://www.helpinsure.com/api/autoResults, body in raw/api/manifest.json); record RPTG_INSR_ID=21 PLANKEY_ID=1152283482 field AUTO_SAMPLE_RATE_AMT",Alpine 79830 (Brewster County),FARMERS TEXAS COUNTY MUTUAL INSURANCE COMPANY,tx-married,186
tx-2025,TX,2025,https://www.helpinsure.com/auto.html,"raw/api/autoResults_79830_married.json (POST https://www.helpinsure.com/api/autoResults, body in raw/api/manifest.json); record RPTG_INSR_ID=41 PLANKEY_ID=1163267946 field AUTO_SAMPLE_RATE_AMT",Alpine 79830 (Brewster County),PROGRESSIVE COUNTY MUTUAL INSURANCE COMPANY,tx-married,252
tx-2025,TX,2025,https://www.helpinsure.com/auto.html,"raw/api/autoResults_79830_married.json (POST https://www.helpinsure.com/api/autoResults, body in raw/api/manifest.json); record RPTG_INSR_ID=283 PLANKEY_ID=1161505386 field AUTO_SAMPLE_RATE_AMT",Alpine 79830 (Brewster County),GEICO TEXAS COUNTY MUTUAL INSURANCE COMPANY / MGA: Voyager Corporation,tx-married,255
tx-2025,TX,2025,https://www.helpinsure.com/auto.html,"raw/api/autoResults_79830_married.json (POST https://www.helpinsure.com/api/autoResults, body in raw/api/manifest.json); record RPTG_INSR_ID=282 PLANKEY_ID=1160284554 field AUTO_SAMPLE_RATE_AMT",Alpine 79830 (Brewster County),GEICO TEXAS COUNTY MUTUAL INSURANCE COMPANY / MGA: Horizon Corporation,tx-married,258
tx-2025,TX,2025,https://www.helpinsure.com/auto.html,"raw/api/autoResults_79830_married.json (POST https://www.helpinsure.com/api/autoResults, body in raw/api/manifest.json); record RPTG_INSR_ID=281 PLANKEY_ID=1161098442 field AUTO_SAMPLE_RATE_AMT",Alpine 79830 (Brewster County),GEICO TEXAS COUNTY MUTUAL INSURANCE COMPANY / MGA: Perspective Corporation,tx-married,266
tx-2025,TX,2025,https://www.helpinsure.com/auto.html,"raw/api/autoResults_79830_married.json (POST https://www.helpinsure.com/api/autoResults, body in raw/api/manifest.json); record RPTG_INSR_ID=56 PLANKEY_ID=1157029002 field AUTO_SAMPLE_RATE_AMT",Alpine 79830 (Brewster County),UNITED SERVICES AUTOMOBILE ASSOCIATION,tx-married,380
tx-2025,TX,2025,https://www.helpinsure.com/auto.html,"raw/api/autoResults_79830_married.json (POST https://www.helpinsure.com/api/autoResults, body in raw/api/manifest.json); record RPTG_INSR_ID=119 PLANKEY_ID=1157435946 field AUTO_SAMPLE_RATE_AMT",Alpine 79830 (Brewster County),USAA CASUALTY INSURANCE COMPANY,tx-married,406
tx-2025,TX,2025,https://www.helpinsure.com/auto.html,"raw/api/autoResults_79830_married.json (POST https://www.helpinsure.com/api/autoResults, body in raw/api/manifest.json); record RPTG_INSR_ID=102 PLANKEY_ID=1163673594 field AUTO_SAMPLE_RATE_AMT",Alpine 79830 (Brewster County),PROGRESSIVE COUNTY MUTUAL INSURANCE COMPANY / MGA: PROGRESSIVE COUNTY MUTUAL - DIRECT RATES,tx-married,450
tx-2025,TX,2025,https://www.helpinsure.com/auto.html,"raw/api/autoResults_79830_married.json (POST https://www.helpinsure.com/api/autoResults, body in raw/api/manifest.json); record RPTG_INSR_ID=118 PLANKEY_ID=1157842890 field AUTO_SAMPLE_RATE_AMT",Alpine 79830 (Brewster County),USAA GENERAL INDEMNITY COMPANY,tx-married,461
tx-2025,TX,2025,https://www.helpinsure.com/auto.html,"raw/api/autoResults_79830_married.json (POST https://www.helpinsure.com/api/autoResults, body in raw/api/manifest.json); record RPTG_INSR_ID=112 PLANKEY_ID=1156216410 field AUTO_SAMPLE_RATE_AMT",Alpine 79830 (Brewster County),GARRISON PROPERTY AND CASUALTY INSURANCE COMPANY,tx-married,469
tx-2025,TX,2025,https://www.helpinsure.com/auto.html,"raw/api/autoResults_79830_married.json (POST https://www.helpinsure.com/api/autoResults, body in raw/api/manifest.json); record RPTG_INSR_ID=50 PLANKEY_ID=1149843762 field AUTO_SAMPLE_RATE_AMT",Alpine 79830 (Brewster County),STATE FARM MUTUAL AUTOMOBILE INSURANCE COMPANY,tx-married,469
tx-2025,TX,2025,https://www.helpinsure.com/auto.html,"raw/api/autoResults_79830_married.json (POST https://www.helpinsure.com/api/autoResults, body in raw/api/manifest.json); record RPTG_INSR_ID=32 PLANKEY_ID=1150655706 field AUTO_SAMPLE_RATE_AMT",Alpine 79830 (Brewster County),MERCURY COUNTY MUTUAL INSURANCE COMPANY,tx-married,476
tx-2025,TX,2025,https://www.helpinsure.com/auto.html,"raw/api/autoResults_79830_married.json (POST https://www.helpinsure.com/api/autoResults, body in raw/api/manifest.json); record RPTG_INSR_ID=140 PLANKEY_ID=1152690426 field AUTO_SAMPLE_RATE_AMT",Alpine 79830 (Brewster County),FOREMOST COUNTY MUTUAL INSURANCE COMPANY,tx-married,479
tx-2025,TX,2025,https://www.helpinsure.com/auto.html,"raw/api/autoResults_79830_married.json (POST https://www.helpinsure.com/api/autoResults, body in raw/api/manifest.json); record RPTG_INSR_ID=6 PLANKEY_ID=1165029426 field AUTO_SAMPLE_RATE_AMT",Alpine 79830 (Brewster County),ALLSTATE FIRE AND CASUALTY INSURANCE COMPANY,tx-married,491
tx-2025,TX,2025,https://www.helpinsure.com/auto.html,"raw/api/autoResults_79830_married.json (POST https://www.helpinsure.com/api/autoResults, body in raw/api/manifest.json); record RPTG_INSR_ID=246 PLANKEY_ID=1162454706 field AUTO_SAMPLE_RATE_AMT",Alpine 79830 (Brewster County),GEICO TEXAS COUNTY MUTUAL INSURANCE COMPANY / MGA: Endeavor Corporation,tx-married,565
tx-2025,TX,2025,https://www.helpinsure.com/auto.html,"raw/api/autoResults_79830_married.json (POST https://www.helpinsure.com/api/autoResults, body in raw/api/manifest.json); record RPTG_INSR_ID=5 PLANKEY_ID=1153096722 field AUTO_SAMPLE_RATE_AMT",Alpine 79830 (Brewster County),ALLSTATE COUNTY MUTUAL INSURANCE COMPANY,tx-married,603
tx-2025,TX,2025,https://www.helpinsure.com/auto.html,"raw/api/autoResults_79830_married.json (POST https://www.helpinsure.com/api/autoResults, body in raw/api/manifest.json); record RPTG_INSR_ID=104 PLANKEY_ID=1164760902 field AUTO_SAMPLE_RATE_AMT",Alpine 79830 (Brewster County),TEXAS AUTOMOBILE INSURANCE PLAN ASSOCIATION,tx-married,632
tx-2025,TX,2025,https://www.helpinsure.com/auto.html,"raw/api/autoResults_79830_married.json (POST https://www.helpinsure.com/api/autoResults, body in raw/api/manifest.json); record RPTG_INSR_ID=48 PLANKEY_ID=1150249410 field AUTO_SAMPLE_RATE_AMT",Alpine 79830 (Brewster County),STATE FARM COUNTY MUTUAL INSURANCE COMPANY OF TEXAS,tx-married,646
tx-2025,TX,2025,https://www.helpinsure.com/auto.html,"raw/api/autoResults_79830_married.json (POST https://www.helpinsure.com/api/autoResults, body in raw/api/manifest.json); record RPTG_INSR_ID=1 PLANKEY_ID=1148489226 field AUTO_SAMPLE_RATE_AMT",Alpine 79830 (Brewster County),AUTO CLUB COUNTY MUTUAL INSURANCE COMPANY,tx-married,684
tx-2025,TX,2025,https://www.helpinsure.com/auto.html,"raw/api/autoResults_79830_married.json (POST https://www.helpinsure.com/api/autoResults, body in raw/api/manifest.json); record RPTG_INSR_ID=175 PLANKEY_ID=1164079890 field AUTO_SAMPLE_RATE_AMT",Alpine 79830 (Brewster County),FARMERS PROPERTY AND CASUALTY INSURANCE COMPANY,tx-married,710
tx-2025,TX,2025,https://www.helpinsure.com/auto.html,"raw/api/autoResults_79830_married.json (POST https://www.helpinsure.com/api/autoResults, body in raw/api/manifest.json); record RPTG_INSR_ID=138 PLANKEY_ID=1153503666 field AUTO_SAMPLE_RATE_AMT",Alpine 79830 (Brewster County),INFINITY COUNTY MUTUAL INSURANCE COMPANY,tx-married,722
tx-2025,TX,2025,https://www.helpinsure.com/auto.html,"raw/api/autoResults_79830_married.json (POST https://www.helpinsure.com/api/autoResults, body in raw/api/manifest.json); record RPTG_INSR_ID=16 PLANKEY_ID=1151469594 field AUTO_SAMPLE_RATE_AMT",Alpine 79830 (Brewster County),CONSUMERS COUNTY MUTUAL INSURANCE COMPANY / MGA: Travelers Quantum Auto 2.0 Program,tx-married,783
tx-2025,TX,2025,https://www.helpinsure.com/auto.html,"raw/api/autoResults_79830_married.json (POST https://www.helpinsure.com/api/autoResults, body in raw/api/manifest.json); record RPTG_INSR_ID=124 PLANKEY_ID=1165436370 field AUTO_SAMPLE_RATE_AMT",Alpine 79830 (Brewster County),CONSUMERS COUNTY MUTUAL INSURANCE COMPANY,tx-married,783
tx-2025,TX,2025,https://www.helpinsure.com/auto.html,"raw/api/autoResults_79830_married.json (POST https://www.helpinsure.com/api/autoResults, body in raw/api/manifest.json); record RPTG_INSR_ID=209 PLANKEY_ID=1159063722 field AUTO_SAMPLE_RATE_AMT",Alpine 79830 (Brewster County),AMERICAN FAMILY CONNECT PROPERTY AND CASUALTY INSURANCE COMPANY,tx-married,896
tx-2025,TX,2025,https://www.helpinsure.com/auto.html,"raw/api/autoResults_79830_married.json (POST https://www.helpinsure.com/api/autoResults, body in raw/api/manifest.json); record RPTG_INSR_ID=238 PLANKEY_ID=1164486834 field AUTO_SAMPLE_RATE_AMT",Alpine 79830 (Brewster County),MID-CENTURY INSURANCE COMPANY OF TEXAS,tx-married,896
tx-2025,TX,2025,https://www.helpinsure.com/auto.html,"raw/api/autoResults_79830_married.json (POST https://www.helpinsure.com/api/autoResults, body in raw/api/manifest.json); record RPTG_INSR_ID=215 PLANKEY_ID=1149575886 field AUTO_SAMPLE_RATE_AMT",Alpine 79830 (Brewster County),"MGA INSURANCE COMPANY, INC.",tx-married,1027
tx-2025,TX,2025,https://www.helpinsure.com/auto.html,"raw/api/autoResults_79830_married.json (POST https://www.helpinsure.com/api/autoResults, body in raw/api/manifest.json); record RPTG_INSR_ID=205 PLANKEY_ID=1148895522 field AUTO_SAMPLE_RATE_AMT",Alpine 79830 (Brewster County),DAIRYLAND COUNTY MUTUAL INSURANCE COMPANY OF TEXAS,tx-married,1028
tx-2025,TX,2025,https://www.helpinsure.com/auto.html,"raw/api/autoResults_79830_married.json (POST https://www.helpinsure.com/api/autoResults, body in raw/api/manifest.json); record RPTG_INSR_ID=173 PLANKEY_ID=1151876538 field AUTO_SAMPLE_RATE_AMT",Alpine 79830 (Brewster County),ECONOMY FIRE & CASUALTY COMPANY,tx-married,1048
tx-2025,TX,2025,https://www.helpinsure.com/auto.html,"raw/api/autoResults_79830_married.json (POST https://www.helpinsure.com/api/autoResults, body in raw/api/manifest.json); record RPTG_INSR_ID=123 PLANKEY_ID=1159470666 field AUTO_SAMPLE_RATE_AMT",Alpine 79830 (Brewster County),AMICA MUTUAL INSURANCE COMPANY,tx-married,1139
tx-2025,TX,2025,https://www.helpinsure.com/auto.html,"raw/api/autoResults_79830_married.json (POST https://www.helpinsure.com/api/autoResults, body in raw/api/manifest.json); record RPTG_INSR_ID=161 PLANKEY_ID=1148082282 field AUTO_SAMPLE_RATE_AMT",Alpine 79830 (Brewster County),AMICA PROPERTY AND CASUALTY INSURANCE COMPANY,tx-married,1250
tx-2025,TX,2025,https://www.helpinsure.com/auto.html,"raw/api/autoResults_79830_married.json (POST https://www.helpinsure.com/api/autoResults, body in raw/api/manifest.json); record RPTG_INSR_ID=142 PLANKEY_ID=1151261586 field AUTO_SAMPLE_RATE_AMT",Alpine 79830 (Brewster County),"COLONIAL COUNTY MUTUAL INSURANCE COMPANY / MGA: Titan Insurance Services, Inc.",tx-married,1274
tx-2025,TX,2025,https://www.helpinsure.com/auto.html,"raw/api/autoResults_79830_married.json (POST https://www.helpinsure.com/api/autoResults, body in raw/api/manifest.json); record RPTG_INSR_ID=45 PLANKEY_ID=1159877610 field AUTO_SAMPLE_RATE_AMT",Alpine 79830 (Brewster County),"SENTINEL INSURANCE COMPANY, LTD.",tx-married,1420
tx-2025,TX,2025,https://www.helpinsure.com/auto.html,"raw/api/autoResults_79830_married.json (POST https://www.helpinsure.com/api/autoResults, body in raw/api/manifest.json); record RPTG_INSR_ID=155 PLANKEY_ID=1162861650 field AUTO_SAMPLE_RATE_AMT",Alpine 79830 (Brewster County),LIBERTY COUNTY MUTUAL INSURANCE COMPANY / MGA: Safeco General Agency (Safeco),tx-married,1439
tx-2025,TX,2025,https://www.helpinsure.com/auto.html,"raw/api/autoResults_79830_married.json (POST https://www.helpinsure.com/api/autoResults, body in raw/api/manifest.json); record RPTG_INSR_ID=33 PLANKEY_ID=1158249834 field AUTO_SAMPLE_RATE_AMT",Alpine 79830 (Brewster County),FARMERS LLOYDS INSURANCE COMPANY OF TEXAS,tx-married,1511
tx-2025,TX,2025,https://www.helpinsure.com/auto.html,"raw/api/autoResults_79830_married.json (POST https://www.helpinsure.com/api/autoResults, body in raw/api/manifest.json); record RPTG_INSR_ID=219 PLANKEY_ID=1153777734 field AUTO_SAMPLE_RATE_AMT",Alpine 79830 (Brewster County),AMERICAN ACCESS CASUALTY COMPANY,tx-married,2236
tx-2025,TX,2025,https://www.helpinsure.com/auto.html,"raw/api/autoResults_79830_married.json (POST https://www.helpinsure.com/api/autoResults, body in raw/api/manifest.json); record RPTG_INSR_ID=212 PLANKEY_ID=1158656778 field AUTO_SAMPLE_RATE_AMT",Alpine 79830 (Brewster County),ENCOMPASS INDEPENDENT INSURANCE COMPANY,tx-married,2359
tx-2025,TX,2025,https://www.helpinsure.com/auto.html,"raw/api/autoResults_79830_pleasure.json (POST https://www.helpinsure.com/api/autoResults, body in raw/api/manifest.json); record RPTG_INSR_ID=21 PLANKEY_ID=1152283149 field AUTO_SAMPLE_RATE_AMT",Alpine 79830 (Brewster County),FARMERS TEXAS COUNTY MUTUAL INSURANCE COMPANY,tx-pleasure,210
tx-2025,TX,2025,https://www.helpinsure.com/auto.html,"raw/api/autoResults_79830_pleasure.json (POST https://www.helpinsure.com/api/autoResults, body in raw/api/manifest.json); record RPTG_INSR_ID=283 PLANKEY_ID=1161505053 field AUTO_SAMPLE_RATE_AMT",Alpine 79830 (Brewster County),GEICO TEXAS COUNTY MUTUAL INSURANCE COMPANY / MGA: Voyager Corporation,tx-pleasure,265
tx-2025,TX,2025,https://www.helpinsure.com/auto.html,"raw/api/autoResults_79830_pleasure.json (POST https://www.helpinsure.com/api/autoResults, body in raw/api/manifest.json); record RPTG_INSR_ID=282 PLANKEY_ID=1160284221 field AUTO_SAMPLE_RATE_AMT",Alpine 79830 (Brewster County),GEICO TEXAS COUNTY MUTUAL INSURANCE COMPANY / MGA: Horizon Corporation,tx-pleasure,268
tx-2025,TX,2025,https://www.helpinsure.com/auto.html,"raw/api/autoResults_79830_pleasure.json (POST https://www.helpinsure.com/api/autoResults, body in raw/api/manifest.json); record RPTG_INSR_ID=281 PLANKEY_ID=1161098109 field AUTO_SAMPLE_RATE_AMT",Alpine 79830 (Brewster County),GEICO TEXAS COUNTY MUTUAL INSURANCE COMPANY / MGA: Perspective Corporation,tx-pleasure,279
tx-2025,TX,2025,https://www.helpinsure.com/auto.html,"raw/api/autoResults_79830_pleasure.json (POST https://www.helpinsure.com/api/autoResults, body in raw/api/manifest.json); record RPTG_INSR_ID=41 PLANKEY_ID=1163267613 field AUTO_SAMPLE_RATE_AMT",Alpine 79830 (Brewster County),PROGRESSIVE COUNTY MUTUAL INSURANCE COMPANY,tx-pleasure,283
tx-2025,TX,2025,https://www.helpinsure.com/auto.html,"raw/api/autoResults_79830_pleasure.json (POST https://www.helpinsure.com/api/autoResults, body in raw/api/manifest.json); record RPTG_INSR_ID=56 PLANKEY_ID=1157028669 field AUTO_SAMPLE_RATE_AMT",Alpine 79830 (Brewster County),UNITED SERVICES AUTOMOBILE ASSOCIATION,tx-pleasure,420
tx-2025,TX,2025,https://www.helpinsure.com/auto.html,"raw/api/autoResults_79830_pleasure.json (POST https://www.helpinsure.com/api/autoResults, body in raw/api/manifest.json); record RPTG_INSR_ID=119 PLANKEY_ID=1157435613 field AUTO_SAMPLE_RATE_AMT",Alpine 79830 (Brewster County),USAA CASUALTY INSURANCE COMPANY,tx-pleasure,451
tx-2025,TX,2025,https://www.helpinsure.com/auto.html,"raw/api/autoResults_79830_pleasure.json (POST https://www.helpinsure.com/api/autoResults, body in raw/api/manifest.json); record RPTG_INSR_ID=102 PLANKEY_ID=1163673261 field AUTO_SAMPLE_RATE_AMT",Alpine 79830 (Brewster County),PROGRESSIVE COUNTY MUTUAL INSURANCE COMPANY / MGA: PROGRESSIVE COUNTY MUTUAL - DIRECT RATES,tx-pleasure,467
tx-2025,TX,2025,https://www.helpinsure.com/auto.html,"raw/api/autoResults_79830_pleasure.json (POST https://www.helpinsure.com/api/autoResults, body in raw/api/manifest.json); record RPTG_INSR_ID=50 PLANKEY_ID=1149843429 field AUTO_SAMPLE_RATE_AMT",Alpine 79830 (Brewster County),STATE FARM MUTUAL AUTOMOBILE INSURANCE COMPANY,tx-pleasure,469
tx-2025,TX,2025,https://www.helpinsure.com/auto.html,"raw/api/autoResults_79830_pleasure.json (POST https://www.helpinsure.com/api/autoResults, body in raw/api/manifest.json); record RPTG_INSR_ID=6 PLANKEY_ID=1165029093 field AUTO_SAMPLE_RATE_AMT",Alpine 79830 (Brewster County),ALLSTATE FIRE AND CASUALTY INSURANCE COMPANY,tx-pleasure,491
tx-2025,TX,2025,https://www.helpinsure.com/auto.html,"raw/api/autoResults_79830_pleasure.json (POST https://www.helpinsure.com/api/autoResults, body in raw/api/manifest.json); record RPTG_INSR_ID=118 PLANKEY_ID=1157842557 field AUTO_SAMPLE_RATE_AMT",Alpine 79830 (Brewster County),USAA GENERAL INDEMNITY COMPANY,tx-pleasure,510
tx-2025,TX,2025,https://www.helpinsure.com/auto.html,"raw/api/autoResults_79830_pleasure.json (POST https://www.helpinsure.com/api/autoResults, body in raw/api/manifest.json); record RPTG_INSR_ID=112 PLANKEY_ID=1156216077 field AUTO_SAMPLE_RATE_AMT",Alpine 79830 (Brewster County),GARRISON PROPERTY AND CASUALTY INSURANCE COMPANY,tx-pleasure,511
tx-2025,TX,2025,https://www.helpinsure.com/auto.html,"raw/api/autoResults_79830_pleasure.json (POST https://www.helpinsure.com/api/autoResults, body in raw/api/manifest.json); record RPTG_INSR_ID=140 PLANKEY_ID=1152690093 field AUTO_SAMPLE_RATE_AMT",Alpine 79830 (Brewster County),FOREMOST COUNTY MUTUAL INSURANCE COMPANY,tx-pleasure,550
tx-2025,TX,2025,https://www.helpinsure.com/auto.html,"raw/api/autoResults_79830_pleasure.json (POST https://www.helpinsure.com/api/autoResults, body in raw/api/manifest.json); record RPTG_INSR_ID=104 PLANKEY_ID=1164760785 field AUTO_SAMPLE_RATE_AMT",Alpine 79830 (Brewster County),TEXAS AUTOMOBILE INSURANCE PLAN ASSOCIATION,tx-pleasure,550
tx-2025,TX,2025,https://www.helpinsure.com/auto.html,"raw/api/autoResults_79830_pleasure.json (POST https://www.helpinsure.com/api/autoResults, body in raw/api/manifest.json); record RPTG_INSR_ID=246 PLANKEY_ID=1162454373 field AUTO_SAMPLE_RATE_AMT",Alpine 79830 (Brewster County),GEICO TEXAS COUNTY MUTUAL INSURANCE COMPANY / MGA: Endeavor Corporation,tx-pleasure,565
tx-2025,TX,2025,https://www.helpinsure.com/auto.html,"raw/api/autoResults_79830_pleasure.json (POST https://www.helpinsure.com/api/autoResults, body in raw/api/manifest.json); record RPTG_INSR_ID=5 PLANKEY_ID=1153096389 field AUTO_SAMPLE_RATE_AMT",Alpine 79830 (Brewster County),ALLSTATE COUNTY MUTUAL INSURANCE COMPANY,tx-pleasure,629
tx-2025,TX,2025,https://www.helpinsure.com/auto.html,"raw/api/autoResults_79830_pleasure.json (POST https://www.helpinsure.com/api/autoResults, body in raw/api/manifest.json); record RPTG_INSR_ID=32 PLANKEY_ID=1150655373 field AUTO_SAMPLE_RATE_AMT",Alpine 79830 (Brewster County),MERCURY COUNTY MUTUAL INSURANCE COMPANY,tx-pleasure,631
tx-2025,TX,2025,https://www.helpinsure.com/auto.html,"raw/api/autoResults_79830_pleasure.json (POST https://www.helpinsure.com/api/autoResults, body in raw/api/manifest.json); record RPTG_INSR_ID=48 PLANKEY_ID=1150249077 field AUTO_SAMPLE_RATE_AMT",Alpine 79830 (Brewster County),STATE FARM COUNTY MUTUAL INSURANCE COMPANY OF TEXAS,tx-pleasure,646
tx-2025,TX,2025,https://www.helpinsure.com/auto.html,"raw/api/autoResults_79830_pleasure.json (POST https://www.helpinsure.com/api/autoResults, body in raw/api/manifest.json); record RPTG_INSR_ID=1 PLANKEY_ID=1148488893 field AUTO_SAMPLE_RATE_AMT",Alpine 79830 (Brewster County),AUTO CLUB COUNTY MUTUAL INSURANCE COMPANY,tx-pleasure,658
tx-2025,TX,2025,https://www.helpinsure.com/auto.html,"raw/api/autoResults_79830_pleasure.json (POST https://www.helpinsure.com/api/autoResults, body in raw/api/manifest.json); record RPTG_INSR_ID=124 PLANKEY_ID=1165436037 field AUTO_SAMPLE_RATE_AMT",Alpine 79830 (Brewster County),CONSUMERS COUNTY MUTUAL INSURANCE COMPANY,tx-pleasure,700
tx-2025,TX,2025,https://www.helpinsure.com/auto.html,"raw/api/autoResults_79830_pleasure.json (POST https://www.helpinsure.com/api/autoResults, body in raw/api/manifest.json); record RPTG_INSR_ID=16 PLANKEY_ID=1151469261 field AUTO_SAMPLE_RATE_AMT",Alpine 79830 (Brewster County),CONSUMERS COUNTY MUTUAL INSURANCE COMPANY / MGA: Travelers Quantum Auto 2.0 Program,tx-pleasure,700
tx-2025,TX,2025,https://www.helpinsure.com/auto.html,"raw/api/autoResults_79830_pleasure.json (POST https://www.helpinsure.com/api/autoResults, body in raw/api/manifest.json); record RPTG_INSR_ID=238 PLANKEY_ID=1164486501 field AUTO_SAMPLE_RATE_AMT",Alpine 79830 (Brewster County),MID-CENTURY INSURANCE COMPANY OF TEXAS,tx-pleasure,758
tx-2025,TX,2025,https://www.helpinsure.com/auto.html,"raw/api/autoResults_79830_pleasure.json (POST https://www.helpinsure.com/api/autoResults, body in raw/api/manifest.json); record RPTG_INSR_ID=175 PLANKEY_ID=1164079557 field AUTO_SAMPLE_RATE_AMT",Alpine 79830 (Brewster County),FARMERS PROPERTY AND CASUALTY INSURANCE COMPANY,tx-pleasure,847
tx-2025,TX,2025,https://www.helpinsure.com/auto.html,"raw/api/autoResults_79830_pleasure.json (POST https://www.helpinsure.com/api/autoResults, body in raw/api/manifest.json); record RPTG_INSR_ID=138 PLANKEY_ID=1153503333 field AUTO_SAMPLE_RATE_AMT",Alpine 79830 (Brewster County),INFINITY COUNTY MUTUAL INSURANCE COMPANY,tx-pleasure,881
tx-2025,TX,2025,https://www.helpinsure.com/auto.html,"raw/api/autoResults_79830_pleasure.json (POST https://www.helpinsure.com/api/autoResults, body in raw/api/manifest.json); record RPTG_INSR_ID=209 PLANKEY_ID=1159063389 field AUTO_SAMPLE_RATE_AMT",Alpine 79830 (Brewster County),AMERICAN FAMILY CONNECT PROPERTY AND CASUALTY INSURANCE COMPANY,tx-pleasure,1012
tx-2025,TX,2025,https://www.helpinsure.com/auto.html,"raw/api/autoResults_79830_pleasure.json (POST https://www.helpinsure.com/api/autoResults, body in raw/api/manifest.json); record RPTG_INSR_ID=123 PLANKEY_ID=1159470333 field AUTO_SAMPLE_RATE_AMT",Alpine 79830 (Brewster County),AMICA MUTUAL INSURANCE COMPANY,tx-pleasure,1090
tx-2025,TX,2025,https://www.helpinsure.com/auto.html,"raw/api/autoResults_79830_pleasure.json (POST https://www.helpinsure.com/api/autoResults, body in raw/api/manifest.json); record RPTG_INSR_ID=215 PLANKEY_ID=1149575769 field AUTO_SAMPLE_RATE_AMT",Alpine 79830 (Brewster County),"MGA INSURANCE COMPANY, INC.",tx-pleasure,1103
tx-2025,TX,2025,https://www.helpinsure.com/auto.html,"raw/api/autoResults_79830_pleasure.json (POST https://www.helpinsure.com/api/autoResults, body in raw/api/manifest.json); record RPTG_INSR_ID=161 PLANKEY_ID=1148081949 field AUTO_SAMPLE_RATE_AMT",Alpine 79830 (Brewster County),AMICA PROPERTY AND CASUALTY INSURANCE COMPANY,tx-pleasure,1226
tx-2025,TX,2025,https://www.helpinsure.com/auto.html,"raw/api/autoResults_79830_pleasure.json (POST https://www.helpinsure.com/api/autoResults, body in raw/api/manifest.json); record RPTG_INSR_ID=205 PLANKEY_ID=1148895189 field AUTO_SAMPLE_RATE_AMT",Alpine 79830 (Brewster County),DAIRYLAND COUNTY MUTUAL INSURANCE COMPANY OF TEXAS,tx-pleasure,1236
tx-2025,TX,2025,https://www.helpinsure.com/auto.html,"raw/api/autoResults_79830_pleasure.json (POST https://www.helpinsure.com/api/autoResults, body in raw/api/manifest.json); record RPTG_INSR_ID=173 PLANKEY_ID=1151876205 field AUTO_SAMPLE_RATE_AMT",Alpine 79830 (Brewster County),ECONOMY FIRE & CASUALTY COMPANY,tx-pleasure,1471
tx-2025,TX,2025,https://www.helpinsure.com/auto.html,"raw/api/autoResults_79830_pleasure.json (POST https://www.helpinsure.com/api/autoResults, body in raw/api/manifest.json); record RPTG_INSR_ID=155 PLANKEY_ID=1162861317 field AUTO_SAMPLE_RATE_AMT",Alpine 79830 (Brewster County),LIBERTY COUNTY MUTUAL INSURANCE COMPANY / MGA: Safeco General Agency (Safeco),tx-pleasure,1472
tx-2025,TX,2025,https://www.helpinsure.com/auto.html,"raw/api/autoResults_79830_pleasure.json (POST https://www.helpinsure.com/api/autoResults, body in raw/api/manifest.json); record RPTG_INSR_ID=142 PLANKEY_ID=1151261253 field AUTO_SAMPLE_RATE_AMT",Alpine 79830 (Brewster County),"COLONIAL COUNTY MUTUAL INSURANCE COMPANY / MGA: Titan Insurance Services, Inc.",tx-pleasure,1474
tx-2025,TX,2025,https://www.helpinsure.com/auto.html,"raw/api/autoResults_79830_pleasure.json (POST https://www.helpinsure.com/api/autoResults, body in raw/api/manifest.json); record RPTG_INSR_ID=45 PLANKEY_ID=1159877277 field AUTO_SAMPLE_RATE_AMT",Alpine 79830 (Brewster County),"SENTINEL INSURANCE COMPANY, LTD.",tx-pleasure,1502
tx-2025,TX,2025,https://www.helpinsure.com/auto.html,"raw/api/autoResults_79830_pleasure.json (POST https://www.helpinsure.com/api/autoResults, body in raw/api/manifest.json); record RPTG_INSR_ID=33 PLANKEY_ID=1158249501 field AUTO_SAMPLE_RATE_AMT",Alpine 79830 (Brewster County),FARMERS LLOYDS INSURANCE COMPANY OF TEXAS,tx-pleasure,2009
tx-2025,TX,2025,https://www.helpinsure.com/auto.html,"raw/api/autoResults_79830_pleasure.json (POST https://www.helpinsure.com/api/autoResults, body in raw/api/manifest.json); record RPTG_INSR_ID=219 PLANKEY_ID=1153777617 field AUTO_SAMPLE_RATE_AMT",Alpine 79830 (Brewster County),AMERICAN ACCESS CASUALTY COMPANY,tx-pleasure,2212
tx-2025,TX,2025,https://www.helpinsure.com/auto.html,"raw/api/autoResults_79830_pleasure.json (POST https://www.helpinsure.com/api/autoResults, body in raw/api/manifest.json); record RPTG_INSR_ID=212 PLANKEY_ID=1158656445 field AUTO_SAMPLE_RATE_AMT",Alpine 79830 (Brewster County),ENCOMPASS INDEPENDENT INSURANCE COMPANY,tx-pleasure,2864
tx-2025,TX,2025,https://www.helpinsure.com/auto.html,"raw/api/autoResults_79830_speeding.json (POST https://www.helpinsure.com/api/autoResults, body in raw/api/manifest.json); record RPTG_INSR_ID=21 PLANKEY_ID=1152283157 field AUTO_SAMPLE_RATE_AMT",Alpine 79830 (Brewster County),FARMERS TEXAS COUNTY MUTUAL INSURANCE COMPANY,tx-speeding,238
tx-2025,TX,2025,https://www.helpinsure.com/auto.html,"raw/api/autoResults_79830_speeding.json (POST https://www.helpinsure.com/api/autoResults, body in raw/api/manifest.json); record RPTG_INSR_ID=41 PLANKEY_ID=1163267621 field AUTO_SAMPLE_RATE_AMT",Alpine 79830 (Brewster County),PROGRESSIVE COUNTY MUTUAL INSURANCE COMPANY,tx-speeding,398
tx-2025,TX,2025,https://www.helpinsure.com/auto.html,"raw/api/autoResults_79830_speeding.json (POST https://www.helpinsure.com/api/autoResults, body in raw/api/manifest.json); record RPTG_INSR_ID=56 PLANKEY_ID=1157028677 field AUTO_SAMPLE_RATE_AMT",Alpine 79830 (Brewster County),UNITED SERVICES AUTOMOBILE ASSOCIATION,tx-speeding,431
tx-2025,TX,2025,https://www.helpinsure.com/auto.html,"raw/api/autoResults_79830_speeding.json (POST https://www.helpinsure.com/api/autoResults, body in raw/api/manifest.json); record RPTG_INSR_ID=283 PLANKEY_ID=1161505061 field AUTO_SAMPLE_RATE_AMT",Alpine 79830 (Brewster County),GEICO TEXAS COUNTY MUTUAL INSURANCE COMPANY / MGA: Voyager Corporation,tx-speeding,438
tx-2025,TX,2025,https://www.helpinsure.com/auto.html,"raw/api/autoResults_79830_speeding.json (POST https://www.helpinsure.com/api/autoResults, body in raw/api/manifest.json); record RPTG_INSR_ID=282 PLANKEY_ID=1160284229 field AUTO_SAMPLE_RATE_AMT",Alpine 79830 (Brewster County),GEICO TEXAS COUNTY MUTUAL INSURANCE COMPANY / MGA: Horizon Corporation,tx-speeding,448
tx-2025,TX,2025,https://www.helpinsure.com/auto.html,"raw/api/autoResults_79830_speeding.json (POST https://www.helpinsure.com/api/autoResults, body in raw/api/manifest.json); record RPTG_INSR_ID=50 PLANKEY_ID=1149843437 field AUTO_SAMPLE_RATE_AMT",Alpine 79830 (Brewster County),STATE FARM MUTUAL AUTOMOBILE INSURANCE COMPANY,tx-speeding,459
tx-2025,TX,2025,https://www.helpinsure.com/auto.html,"raw/api/autoResults_79830_speeding.json (POST https://www.helpinsure.com/api/autoResults, body in raw/api/manifest.json); record RPTG_INSR_ID=119 PLANKEY_ID=1157435621 field AUTO_SAMPLE_RATE_AMT",Alpine 79830 (Brewster County),USAA CASUALTY INSURANCE COMPANY,tx-speeding,463
tx-2025,TX,2025,https://www.helpinsure.com/auto.html,"raw/api/autoResults_79830_speeding.json (POST https://www.helpinsure.com/api/autoResults, body in raw/api/manifest.json); record RPTG_INSR_ID=281 PLANKEY_ID=1161098117 field AUTO_SAMPLE_RATE_AMT",Alpine 79830 (Brewster County),GEICO TEXAS COUNTY MUTUAL INSURANCE COMPANY / MGA: Perspective Corporation,tx-speeding,477
tx-2025,TX,2025,https://www.helpinsure.com/auto.html,"raw/api/autoResults_79830_speeding.json (POST https://www.helpinsure.com/api/autoResults, body in raw/api/manifest.json); record RPTG_INSR_ID=6 PLANKEY_ID=1165029101 field AUTO_SAMPLE_RATE_AMT",Alpine 79830 (Brewster County),ALLSTATE FIRE AND CASUALTY INSURANCE COMPANY,tx-speeding,491
tx-2025,TX,2025,https://www.helpinsure.com/auto.html,"raw/api/autoResults_79830_speeding.json (POST https://www.helpinsure.com/api/autoResults, body in raw/api/manifest.json); record RPTG_INSR_ID=118 PLANKEY_ID=1157842565 field AUTO_SAMPLE_RATE_AMT",Alpine 79830 (Brewster County),USAA GENERAL INDEMNITY COMPANY,tx-speeding,528
tx-2025,TX,2025,https://www.helpinsure.com/auto.html,"raw/api/autoResults_79830_speeding.json (POST https://www.helpinsure.com/api/autoResults, body in raw/api/manifest.json); record RPTG_INSR_ID=112 PLANKEY_ID=1156216085 field AUTO_SAMPLE_RATE_AMT",Alpine 79830 (Brewster County),GARRISON PROPERTY AND CASUALTY INSURANCE COMPANY,tx-speeding,539
tx-2025,TX,2025,https://www.helpinsure.com/auto.html,"raw/api/autoResults_79830_speeding.json (POST https://www.helpinsure.com/api/autoResults, body in raw/api/manifest.json); record RPTG_INSR_ID=102 PLANKEY_ID=1163673269 field AUTO_SAMPLE_RATE_AMT",Alpine 79830 (Brewster County),PROGRESSIVE COUNTY MUTUAL INSURANCE COMPANY / MGA: PROGRESSIVE COUNTY MUTUAL - DIRECT RATES,tx-speeding,543
tx-2025,TX,2025,https://www.helpinsure.com/auto.html,"raw/api/autoResults_79830_speeding.json (POST https://www.helpinsure.com/api/autoResults, body in raw/api/manifest.json); record RPTG_INSR_ID=5 PLANKEY_ID=1153096397 field AUTO_SAMPLE_RATE_AMT",Alpine 79830 (Brewster County),ALLSTATE COUNTY MUTUAL INSURANCE COMPANY,tx-speeding,675
tx-2025,TX,2025,https://www.helpinsure.com/auto.html,"raw/api/autoResults_79830_speeding.json (POST https://www.helpinsure.com/api/autoResults, body in raw/api/manifest.json); record RPTG_INSR_ID=104 PLANKEY_ID=1164760793 field AUTO_SAMPLE_RATE_AMT",Alpine 79830 (Brewster County),TEXAS AUTOMOBILE INSURANCE PLAN ASSOCIATION,tx-speeding,726
tx-2025,TX,2025,https://www.helpinsure.com/auto.html,"raw/api/autoResults_79830_speeding.json (POST https://www.helpinsure.com/api/autoResults, body in raw/api/manifest.json); record RPTG_INSR_ID=140 PLANKEY_ID=1152690101 field AUTO_SAMPLE_RATE_AMT",Alpine 79830 (Brewster County),FOREMOST COUNTY MUTUAL INSURANCE COMPANY,tx-speeding,733
tx-2025,TX,2025,https://www.helpinsure.com/auto.html,"raw/api/autoResults_79830_speeding.json (POST https://www.helpinsure.com/api/autoResults, body in raw/api/manifest.json); record RPTG_INSR_ID=246 PLANKEY_ID=1162454381 field AUTO_SAMPLE_RATE_AMT",Alpine 79830 (Brewster County),GEICO TEXAS COUNTY MUTUAL INSURANCE COMPANY / MGA: Endeavor Corporation,tx-speeding,735
tx-2025,TX,2025,https://www.helpinsure.com/auto.html,"raw/api/autoResults_79830_speeding.json (POST https://www.helpinsure.com/api/autoResults, body in raw/api/manifest.json); record RPTG_INSR_ID=48 PLANKEY_ID=1150249085 field AUTO_SAMPLE_RATE_AMT",Alpine 79830 (Brewster County),STATE FARM COUNTY MUTUAL INSURANCE COMPANY OF TEXAS,tx-speeding,799
tx-2025,TX,2025,https://www.helpinsure.com/auto.html,"raw/api/autoResults_79830_speeding.json (POST https://www.helpinsure.com/api/autoResults, body in raw/api/manifest.json); record RPTG_INSR_ID=175 PLANKEY_ID=1164079565 field AUTO_SAMPLE_RATE_AMT",Alpine 79830 (Brewster County),FARMERS PROPERTY AND CASUALTY INSURANCE COMPANY,tx-speeding,847
tx-2025,TX,2025,https://www.helpinsure.com/auto.html,"raw/api/autoResults_79830_speeding.json (POST https://www.helpinsure.com/api/autoResults, body in raw/api/manifest.json); record RPTG_INSR_ID=32 PLANKEY_ID=1150655381 field AUTO_SAMPLE_RATE_AMT",Alpine 79830 (Brewster County),MERCURY COUNTY MUTUAL INSURANCE COMPANY,tx-speeding,886
tx-2025,TX,2025,https://www.helpinsure.com/auto.html,"raw/api/autoResults_79830_speeding.json (POST https://www.helpinsure.com/api/autoResults, body in raw/api/manifest.json); record RPTG_INSR_ID=238 PLANKEY_ID=1164486509 field AUTO_SAMPLE_RATE_AMT",Alpine 79830 (Brewster County),MID-CENTURY INSURANCE COMPANY OF TEXAS,tx-speeding,897
tx-2025,TX,2025,https://www.helpinsure.com/auto.html,"raw/api/autoResults_79830_speeding.json (POST https://www.helpinsure.com/api/autoResults, body in raw/api/manifest.json); record RPTG_INSR_ID=16 PLANKEY_ID=1151469269 field AUTO_SAMPLE_RATE_AMT",Alpine 79830 (Brewster County),CONSUMERS COUNTY MUTUAL INSURANCE COMPANY / MGA: Travelers Quantum Auto 2.0 Program,tx-speeding,911
tx-2025,TX,2025,https://www.helpinsure.com/auto.html,"raw/api/autoResults_79830_speeding.json (POST https://www.helpinsure.com/api/autoResults, body in raw/api/manifest.json); record RPTG_INSR_ID=124 PLANKEY_ID=1165436045 field AUTO_SAMPLE_RATE_AMT",Alpine 79830 (Brewster County),CONSUMERS COUNTY MUTUAL INSURANCE COMPANY,tx-speeding,911
tx-2025,TX,2025,https://www.helpinsure.com/auto.html,"raw/api/autoResults_79830_speeding.json (POST https://www.helpinsure.com/api/autoResults, body in raw/api/manifest.json); record RPTG_INSR_ID=209 PLANKEY_ID=1159063397 field AUTO_SAMPLE_RATE_AMT",Alpine 79830 (Brewster County),AMERICAN FAMILY CONNECT PROPERTY AND CASUALTY INSURANCE COMPANY,tx-speeding,1096
tx-2025,TX,2025,https://www.helpinsure.com/auto.html,"raw/api/autoResults_79830_speeding.json (POST https://www.helpinsure.com/api/autoResults, body in raw/api/manifest.json); record RPTG_INSR_ID=1 PLANKEY_ID=1148488901 field AUTO_SAMPLE_RATE_AMT",Alpine 79830 (Brewster County),AUTO CLUB COUNTY MUTUAL INSURANCE COMPANY,tx-speeding,1101
tx-2025,TX,2025,https://www.helpinsure.com/auto.html,"raw/api/autoResults_79830_speeding.json (POST https://www.helpinsure.com/api/autoResults, body in raw/api/manifest.json); record RPTG_INSR_ID=215 PLANKEY_ID=1149575777 field AUTO_SAMPLE_RATE_AMT",Alpine 79830 (Brewster County),"MGA INSURANCE COMPANY, INC.",tx-speeding,1103
tx-2025,TX,2025,https://www.helpinsure.com/auto.html,"raw/api/autoResults_79830_speeding.json (POST https://www.helpinsure.com/api/autoResults, body in raw/api/manifest.json); record RPTG_INSR_ID=123 PLANKEY_ID=1159470341 field AUTO_SAMPLE_RATE_AMT",Alpine 79830 (Brewster County),AMICA MUTUAL INSURANCE COMPANY,tx-speeding,1139
tx-2025,TX,2025,https://www.helpinsure.com/auto.html,"raw/api/autoResults_79830_speeding.json (POST https://www.helpinsure.com/api/autoResults, body in raw/api/manifest.json); record RPTG_INSR_ID=138 PLANKEY_ID=1153503341 field AUTO_SAMPLE_RATE_AMT",Alpine 79830 (Brewster County),INFINITY COUNTY MUTUAL INSURANCE COMPANY,tx-speeding,1141
tx-2025,TX,2025,https://www.helpinsure.com/auto.html,"raw/api/autoResults_79830_speeding.json (POST https://www.helpinsure.com/api/autoResults, body in raw/api/manifest.json); record RPTG_INSR_ID=161 PLANKEY_ID=1148081957 field AUTO_SAMPLE_RATE_AMT",Alpine 79830 (Brewster County),AMICA PROPERTY AND CASUALTY INSURANCE COMPANY,tx-speeding,1250
tx-2025,TX,2025,https://www.helpinsure.com/auto.html,"raw/api/autoResults_79830_speeding.json (POST https://www.helpinsure.com/api/autoResults, body in raw/api/manifest.json); record RPTG_INSR_ID=173 PLANKEY_ID=1151876213 field AUTO_SAMPLE_RATE_AMT",Alpine 79830 (Brewster County),ECONOMY FIRE & CASUALTY COMPANY,tx-speeding,1471
tx-2025,TX,2025,https://www.helpinsure.com/auto.html,"raw/api/autoResults_79830_speeding.json (POST https://www.helpinsure.com/api/autoResults, body in raw/api/manifest.json); record RPTG_INSR_ID=205 PLANKEY_ID=1148895197 field AUTO_SAMPLE_RATE_AMT",Alpine 79830 (Brewster County),DAIRYLAND COUNTY MUTUAL INSURANCE COMPANY OF TEXAS,tx-speeding,1673
tx-2025,TX,2025,https://www.helpinsure.com/auto.html,"raw/api/autoResults_79830_speeding.json (POST https://www.helpinsure.com/api/autoResults, body in raw/api/manifest.json); record RPTG_INSR_ID=45 PLANKEY_ID=1159877285 field AUTO_SAMPLE_RATE_AMT",Alpine 79830 (Brewster County),"SENTINEL INSURANCE COMPANY, LTD.",tx-speeding,1844
tx-2025,TX,2025,https://www.helpinsure.com/auto.html,"raw/api/autoResults_79830_speeding.json (POST https://www.helpinsure.com/api/autoResults, body in raw/api/manifest.json); record RPTG_INSR_ID=142 PLANKEY_ID=1151261909 field AUTO_SAMPLE_RATE_AMT",Alpine 79830 (Brewster County),"COLONIAL COUNTY MUTUAL INSURANCE COMPANY / MGA: Titan Insurance Services, Inc.",tx-speeding,1942
tx-2025,TX,2025,https://www.helpinsure.com/auto.html,"raw/api/autoResults_79830_speeding.json (POST https://www.helpinsure.com/api/autoResults, body in raw/api/manifest.json); record RPTG_INSR_ID=33 PLANKEY_ID=1158249509 field AUTO_SAMPLE_RATE_AMT",Alpine 79830 (Brewster County),FARMERS LLOYDS INSURANCE COMPANY OF TEXAS,tx-speeding,1980
tx-2025,TX,2025,https://www.helpinsure.com/auto.html,"raw/api/autoResults_79830_speeding.json (POST https://www.helpinsure.com/api/autoResults, body in raw/api/manifest.json); record RPTG_INSR_ID=155 PLANKEY_ID=1162861325 field AUTO_SAMPLE_RATE_AMT",Alpine 79830 (Brewster County),LIBERTY COUNTY MUTUAL INSURANCE COMPANY / MGA: Safeco General Agency (Safeco),tx-speeding,2075
tx-2025,TX,2025,https://www.helpinsure.com/auto.html,"raw/api/autoResults_79830_speeding.json (POST https://www.helpinsure.com/api/autoResults, body in raw/api/manifest.json); record RPTG_INSR_ID=219 PLANKEY_ID=1153777625 field AUTO_SAMPLE_RATE_AMT",Alpine 79830 (Brewster County),AMERICAN ACCESS CASUALTY COMPANY,tx-speeding,2212
tx-2025,TX,2025,https://www.helpinsure.com/auto.html,"raw/api/autoResults_79830_speeding.json (POST https://www.helpinsure.com/api/autoResults, body in raw/api/manifest.json); record RPTG_INSR_ID=212 PLANKEY_ID=1158656453 field AUTO_SAMPLE_RATE_AMT",Alpine 79830 (Brewster County),ENCOMPASS INDEPENDENT INSURANCE COMPANY,tx-speeding,2864
tx-2025,TX,2025,https://www.helpinsure.com/auto.html,"raw/api/autoResults_79830_truck.json (POST https://www.helpinsure.com/api/autoResults, body in raw/api/manifest.json); record RPTG_INSR_ID=21 PLANKEY_ID=1152486630 field AUTO_SAMPLE_RATE_AMT",Alpine 79830 (Brewster County),FARMERS TEXAS COUNTY MUTUAL INSURANCE COMPANY,tx-truck,216
tx-2025,TX,2025,https://www.helpinsure.com/auto.html,"raw/api/autoResults_79830_truck.json (POST https://www.helpinsure.com/api/autoResults, body in raw/api/manifest.json); record RPTG_INSR_ID=283 PLANKEY_ID=1161708534 field AUTO_SAMPLE_RATE_AMT",Alpine 79830 (Brewster County),GEICO TEXAS COUNTY MUTUAL INSURANCE COMPANY / MGA: Voyager Corporation,tx-truck,275
tx-2025,TX,2025,https://www.helpinsure.com/auto.html,"raw/api/autoResults_79830_truck.json (POST https://www.helpinsure.com/api/autoResults, body in raw/api/manifest.json); record RPTG_INSR_ID=282 PLANKEY_ID=1160487702 field AUTO_SAMPLE_RATE_AMT",Alpine 79830 (Brewster County),GEICO TEXAS COUNTY MUTUAL INSURANCE COMPANY / MGA: Horizon Corporation,tx-truck,279
tx-2025,TX,2025,https://www.helpinsure.com/auto.html,"raw/api/autoResults_79830_truck.json (POST https://www.helpinsure.com/api/autoResults, body in raw/api/manifest.json); record RPTG_INSR_ID=281 PLANKEY_ID=1161301590 field AUTO_SAMPLE_RATE_AMT",Alpine 79830 (Brewster County),GEICO TEXAS COUNTY MUTUAL INSURANCE COMPANY / MGA: Perspective Corporation,tx-truck,292
tx-2025,TX,2025,https://www.helpinsure.com/auto.html,"raw/api/autoResults_79830_truck.json (POST https://www.helpinsure.com/api/autoResults, body in raw/api/manifest.json); record RPTG_INSR_ID=41 PLANKEY_ID=1163470446 field AUTO_SAMPLE_RATE_AMT",Alpine 79830 (Brewster County),PROGRESSIVE COUNTY MUTUAL INSURANCE COMPANY,tx-truck,377
tx-2025,TX,2025,https://www.helpinsure.com/auto.html,"raw/api/autoResults_79830_truck.json (POST https://www.helpinsure.com/api/autoResults, body in raw/api/manifest.json); record RPTG_INSR_ID=56 PLANKEY_ID=1157232150 field AUTO_SAMPLE_RATE_AMT",Alpine 79830 (Brewster County),UNITED SERVICES AUTOMOBILE ASSOCIATION,tx-truck,388
tx-2025,TX,2025,https://www.helpinsure.com/auto.html,"raw/api/autoResults_79830_truck.json (POST https://www.helpinsure.com/api/autoResults, body in raw/api/manifest.json); record RPTG_INSR_ID=119 PLANKEY_ID=1157639094 field AUTO_SAMPLE_RATE_AMT",Alpine 79830 (Brewster County),USAA CASUALTY INSURANCE COMPANY,tx-truck,416
tx-2025,TX,2025,https://www.helpinsure.com/auto.html,"raw/api/autoResults_79830_truck.json (POST https://www.helpinsure.com/api/autoResults, body in raw/api/manifest.json); record RPTG_INSR_ID=6 PLANKEY_ID=1165232574 field AUTO_SAMPLE_RATE_AMT",Alpine 79830 (Brewster County),ALLSTATE FIRE AND CASUALTY INSURANCE COMPANY,tx-truck,432
tx-2025,TX,2025,https://www.helpinsure.com/auto.html,"raw/api/autoResults_79830_truck.json (POST https://www.helpinsure.com/api/autoResults, body in raw/api/manifest.json); record RPTG_INSR_ID=50 PLANKEY_ID=1150046262 field AUTO_SAMPLE_RATE_AMT",Alpine 79830 (Brewster County),STATE FARM MUTUAL AUTOMOBILE INSURANCE COMPANY,tx-truck,469
tx-2025,TX,2025,https://www.helpinsure.com/auto.html,"raw/api/autoResults_79830_truck.json (POST https://www.helpinsure.com/api/autoResults, body in raw/api/manifest.json); record RPTG_INSR_ID=118 PLANKEY_ID=1158046038 field AUTO_SAMPLE_RATE_AMT",Alpine 79830 (Brewster County),USAA GENERAL INDEMNITY COMPANY,tx-truck,474
tx-2025,TX,2025,https://www.helpinsure.com/auto.html,"raw/api/autoResults_79830_truck.json (POST https://www.helpinsure.com/api/autoResults, body in raw/api/manifest.json); record RPTG_INSR_ID=112 PLANKEY_ID=1156419558 field AUTO_SAMPLE_RATE_AMT",Alpine 79830 (Brewster County),GARRISON PROPERTY AND CASUALTY INSURANCE COMPANY,tx-truck,483
tx-2025,TX,2025,https://www.helpinsure.com/auto.html,"raw/api/autoResults_79830_truck.json (POST https://www.helpinsure.com/api/autoResults, body in raw/api/manifest.json); record RPTG_INSR_ID=102 PLANKEY_ID=1163876094 field AUTO_SAMPLE_RATE_AMT",Alpine 79830 (Brewster County),PROGRESSIVE COUNTY MUTUAL INSURANCE COMPANY / MGA: PROGRESSIVE COUNTY MUTUAL - DIRECT RATES,tx-truck,535
tx-2025,TX,2025,https://www.helpinsure.com/auto.html,"raw/api/autoResults_79830_truck.json (POST https://www.helpinsure.com/api/autoResults, body in raw/api/manifest.json); record RPTG_INSR_ID=246 PLANKEY_ID=1162657854 field AUTO_SAMPLE_RATE_AMT",Alpine 79830 (Brewster County),GEICO TEXAS COUNTY MUTUAL INSURANCE COMPANY / MGA: Endeavor Corporation,tx-truck,552
tx-2025,TX,2025,https://www.helpinsure.com/auto.html,"raw/api/autoResults_79830_truck.json (POST https://www.helpinsure.com/api/autoResults, body in raw/api/manifest.json); record RPTG_INSR_ID=138 PLANKEY_ID=1153706814 field AUTO_SAMPLE_RATE_AMT",Alpine 79830 (Brewster County),INFINITY COUNTY MUTUAL INSURANCE COMPANY,tx-truck,602
tx-2025,TX,2025,https://www.helpinsure.com/auto.html,"raw/api/autoResults_79830_truck.json (POST https://www.helpinsure.com/api/autoResults, body in raw/api/manifest.json); record RPTG_INSR_ID=104 PLANKEY_ID=1164828618 field AUTO_SAMPLE_RATE_AMT",Alpine 79830 (Brewster County),TEXAS AUTOMOBILE INSURANCE PLAN ASSOCIATION,tx-truck,632
tx-2025,TX,2025,https://www.helpinsure.com/auto.html,"raw/api/autoResults_79830_truck.json (POST https://www.helpinsure.com/api/autoResults, body in raw/api/manifest.json); record RPTG_INSR_ID=32 PLANKEY_ID=1150858854 field AUTO_SAMPLE_RATE_AMT",Alpine 79830 (Brewster County),MERCURY COUNTY MUTUAL INSURANCE COMPANY,tx-truck,639
tx-2025,TX,2025,https://www.helpinsure.com/auto.html,"raw/api/autoResults_79830_truck.json (POST https://www.helpinsure.com/api/autoResults, body in raw/api/manifest.json); record RPTG_INSR_ID=48 PLANKEY_ID=1150451910 field AUTO_SAMPLE_RATE_AMT",Alpine 79830 (Brewster County),STATE FARM COUNTY MUTUAL INSURANCE COMPANY OF TEXAS,tx-truck,646
tx-2025,TX,2025,https://www.helpinsure.com/auto.html,"raw/api/autoResults_79830_truck.json (POST https://www.helpinsure.com/api/autoResults, body in raw/api/manifest.json); record RPTG_INSR_ID=140 PLANKEY_ID=1152892926 field AUTO_SAMPLE_RATE_AMT",Alpine 79830 (Brewster County),FOREMOST COUNTY MUTUAL INSURANCE COMPANY,tx-truck,661
tx-2025,TX,2025,https://www.helpinsure.com/auto.html,"raw/api/autoResults_79830_truck.json (POST https://www.helpinsure.com/api/autoResults, body in raw/api/manifest.json); record RPTG_INSR_ID=1 PLANKEY_ID=1148692374 field AUTO_SAMPLE_RATE_AMT",Alpine 79830 (Brewster County),AUTO CLUB COUNTY MUTUAL INSURANCE COMPANY,tx-truck,813
tx-2025,TX,2025,https://www.helpinsure.com/auto.html,"raw/api/autoResults_79830_truck.json (POST https://www.helpinsure.com/api/autoResults, body in raw/api/manifest.json); record RPTG_INSR_ID=175 PLANKEY_ID=1164283038 field AUTO_SAMPLE_RATE_AMT",Alpine 79830 (Brewster County),FARMERS PROPERTY AND CASUALTY INSURANCE COMPANY,tx-truck,859
tx-2025,TX,2025,https://www.helpinsure.com/auto.html,"raw/api/autoResults_79830_truck.json (POST https://www.helpinsure.com/api/autoResults, body in raw/api/manifest.json); record RPTG_INSR_ID=16 PLANKEY_ID=1151672742 field AUTO_SAMPLE_RATE_AMT",Alpine 79830 (Brewster County),CONSUMERS COUNTY MUTUAL INSURANCE COMPANY / MGA: Travelers Quantum Auto 2.0 Program,tx-truck,885
tx-2025,TX,2025,https://www.helpinsure.com/auto.html,"raw/api/autoResults_79830_truck.json (POST https://www.helpinsure.com/api/autoResults, body in raw/api/manifest.json); record RPTG_INSR_ID=124 PLANKEY_ID=1165639518 field AUTO_SAMPLE_RATE_AMT",Alpine 79830 (Brewster County),CONSUMERS COUNTY MUTUAL INSURANCE COMPANY,tx-truck,885
tx-2025,TX,2025,https://www.helpinsure.com/auto.html,"raw/api/autoResults_79830_truck.json (POST https://www.helpinsure.com/api/autoResults, body in raw/api/manifest.json); record RPTG_INSR_ID=238 PLANKEY_ID=1164689982 field AUTO_SAMPLE_RATE_AMT",Alpine 79830 (Brewster County),MID-CENTURY INSURANCE COMPANY OF TEXAS,tx-truck,906
tx-2025,TX,2025,https://www.helpinsure.com/auto.html,"raw/api/autoResults_79830_truck.json (POST https://www.helpinsure.com/api/autoResults, body in raw/api/manifest.json); record RPTG_INSR_ID=215 PLANKEY_ID=1149643602 field AUTO_SAMPLE_RATE_AMT",Alpine 79830 (Brewster County),"MGA INSURANCE COMPANY, INC.",tx-truck,958
tx-2025,TX,2025,https://www.helpinsure.com/auto.html,"raw/api/autoResults_79830_truck.json (POST https://www.helpinsure.com/api/autoResults, body in raw/api/manifest.json); record RPTG_INSR_ID=209 PLANKEY_ID=1159266870 field AUTO_SAMPLE_RATE_AMT",Alpine 79830 (Brewster County),AMERICAN FAMILY CONNECT PROPERTY AND CASUALTY INSURANCE COMPANY,tx-truck,1012
tx-2025,TX,2025,https://www.helpinsure.com/auto.html,"raw/api/autoResults_79830_truck.json (POST https://www.helpinsure.com/api/autoResults, body in raw/api/manifest.json); record RPTG_INSR_ID=123 PLANKEY_ID=1159673814 field AUTO_SAMPLE_RATE_AMT",Alpine 79830 (Brewster County),AMICA MUTUAL INSURANCE COMPANY,tx-truck,1156
tx-2025,TX,2025,https://www.helpinsure.com/auto.html,"raw/api/autoResults_79830_truck.json (POST https://www.helpinsure.com/api/autoResults, body in raw/api/manifest.json); record RPTG_INSR_ID=205 PLANKEY_ID=1149098022 field AUTO_SAMPLE_RATE_AMT",Alpine 79830 (Brewster County),DAIRYLAND COUNTY MUTUAL INSURANCE COMPANY OF TEXAS,tx-truck,1191
tx-2025,TX,2025,https://www.helpinsure.com/auto.html,"raw/api/autoResults_79830_truck.json (POST https://www.helpinsure.com/api/autoResults, body in raw/api/manifest.json); record RPTG_INSR_ID=161 PLANKEY_ID=1148285430 field AUTO_SAMPLE_RATE_AMT",Alpine 79830 (Brewster County),AMICA PROPERTY AND CASUALTY INSURANCE COMPANY,tx-truck,1267
tx-2025,TX,2025,https://www.helpinsure.com/auto.html,"raw/api/autoResults_79830_truck.json (POST https://www.helpinsure.com/api/autoResults, body in raw/api/manifest.json); record RPTG_INSR_ID=5 PLANKEY_ID=1153299870 field AUTO_SAMPLE_RATE_AMT",Alpine 79830 (Brewster County),ALLSTATE COUNTY MUTUAL INSURANCE COMPANY,tx-truck,1306
tx-2025,TX,2025,https://www.helpinsure.com/auto.html,"raw/api/autoResults_79830_truck.json (POST https://www.helpinsure.com/api/autoResults, body in raw/api/manifest.json); record RPTG_INSR_ID=173 PLANKEY_ID=1152079686 field AUTO_SAMPLE_RATE_AMT",Alpine 79830 (Brewster County),ECONOMY FIRE & CASUALTY COMPANY,tx-truck,1455
tx-2025,TX,2025,https://www.helpinsure.com/auto.html,"raw/api/autoResults_79830_truck.json (POST https://www.helpinsure.com/api/autoResults, body in raw/api/manifest.json); record RPTG_INSR_ID=155 PLANKEY_ID=1163064798 field AUTO_SAMPLE_RATE_AMT",Alpine 79830 (Brewster County),LIBERTY COUNTY MUTUAL INSURANCE COMPANY / MGA: Safeco General Agency (Safeco),tx-truck,1472
tx-2025,TX,2025,https://www.helpinsure.com/auto.html,"raw/api/autoResults_79830_truck.json (POST https://www.helpinsure.com/api/autoResults, body in raw/api/manifest.json); record RPTG_INSR_ID=45 PLANKEY_ID=1160080758 field AUTO_SAMPLE_RATE_AMT",Alpine 79830 (Brewster County),"SENTINEL INSURANCE COMPANY, LTD.",tx-truck,1792
tx-2025,TX,2025,https://www.helpinsure.com/auto.html,"raw/api/autoResults_79830_truck.json (POST https://www.helpinsure.com/api/autoResults, body in raw/api/manifest.json); record RPTG_INSR_ID=33 PLANKEY_ID=1158452982 field AUTO_SAMPLE_RATE_AMT",Alpine 79830 (Brewster County),FARMERS LLOYDS INSURANCE COMPANY OF TEXAS,tx-truck,1960
tx-2025,TX,2025,https://www.helpinsure.com/auto.html,"raw/api/autoResults_79830_truck.json (POST https://www.helpinsure.com/api/autoResults, body in raw/api/manifest.json); record RPTG_INSR_ID=219 PLANKEY_ID=1153845450 field AUTO_SAMPLE_RATE_AMT",Alpine 79830 (Brewster County),AMERICAN ACCESS CASUALTY COMPANY,tx-truck,2525
tx-2025,TX,2025,https://www.helpinsure.com/auto.html,"raw/api/autoResults_79830_truck.json (POST https://www.helpinsure.com/api/autoResults, body in raw/api/manifest.json); record RPTG_INSR_ID=212 PLANKEY_ID=1158859926 field AUTO_SAMPLE_RATE_AMT",Alpine 79830 (Brewster County),ENCOMPASS INDEPENDENT INSURANCE COMPANY,tx-truck,3063
